date,reservoir_id,storage_m3,stage_m,quality_status,source,synthetic_demo
2000-01-01,R1,1999403.23,91.9994,synthetic_demo,synthetic reservoir response,True
2000-01-02,R1,1998817.11,91.9988,synthetic_demo,synthetic reservoir response,True
2000-01-03,R1,1998736.42,91.9987,synthetic_demo,synthetic reservoir response,True
2000-01-04,R1,1998549.42,91.9985,synthetic_demo,synthetic reservoir response,True
2000-01-05,R1,1998215.65,91.9982,synthetic_demo,synthetic reservoir response,True
2000-01-06,R1,1998019.13,91.998,synthetic_demo,synthetic reservoir response,True
2000-01-07,R1,1997799.71,91.9978,synthetic_demo,synthetic reservoir response,True
2000-01-08,R1,1997592.94,91.9976,synthetic_demo,synthetic reservoir response,True
2000-01-09,R1,1997249.98,91.9972,synthetic_demo,synthetic reservoir response,True
2000-01-10,R1,1996989.72,91.997,synthetic_demo,synthetic reservoir response,True
2000-01-11,R1,1996722.4,91.9967,synthetic_demo,synthetic reservoir response,True
2000-01-12,R1,1996384.05,91.9964,synthetic_demo,synthetic reservoir response,True
2000-01-13,R1,1995976.52,91.996,synthetic_demo,synthetic reservoir response,True
2000-01-14,R1,1995589.51,91.9956,synthetic_demo,synthetic reservoir response,True
2000-01-15,R1,1995130.97,91.9951,synthetic_demo,synthetic reservoir response,True
2000-01-16,R1,1995218.49,91.9952,synthetic_demo,synthetic reservoir response,True
2000-01-17,R1,1995240.34,91.9952,synthetic_demo,synthetic reservoir response,True
2000-01-18,R1,1995338.82,91.9953,synthetic_demo,synthetic reservoir response,True
2000-01-19,R1,1995413.21,91.9954,synthetic_demo,synthetic reservoir response,True
2000-01-20,R1,1995478.2,91.9955,synthetic_demo,synthetic reservoir response,True
2000-01-21,R1,1995504.63,91.9955,synthetic_demo,synthetic reservoir response,True
2000-01-22,R1,1995354.82,91.9954,synthetic_demo,synthetic reservoir response,True
2000-01-23,R1,1995292.36,91.9953,synthetic_demo,synthetic reservoir response,True
2000-01-24,R1,1995163.52,91.9952,synthetic_demo,synthetic reservoir response,True
2000-01-25,R1,1995122.54,91.9951,synthetic_demo,synthetic reservoir response,True
2000-01-26,R1,1995083.19,91.9951,synthetic_demo,synthetic reservoir response,True
2000-01-27,R1,1995045.2,91.995,synthetic_demo,synthetic reservoir response,True
2000-01-28,R1,1994994.87,91.995,synthetic_demo,synthetic reservoir response,True
2000-01-29,R1,1994936.79,91.9949,synthetic_demo,synthetic reservoir response,True
2000-01-30,R1,1994850.4,91.9949,synthetic_demo,synthetic reservoir response,True
2000-01-31,R1,1994774.17,91.9948,synthetic_demo,synthetic reservoir response,True
2000-02-01,R1,1994647.09,91.9946,synthetic_demo,synthetic reservoir response,True
2000-02-02,R1,1994565.52,91.9946,synthetic_demo,synthetic reservoir response,True
2000-02-03,R1,1994352.52,91.9944,synthetic_demo,synthetic reservoir response,True
2000-02-04,R1,1994217.18,91.9942,synthetic_demo,synthetic reservoir response,True
2000-02-05,R1,1994053.08,91.9941,synthetic_demo,synthetic reservoir response,True
2000-02-06,R1,1993904.93,91.9939,synthetic_demo,synthetic reservoir response,True
2000-02-07,R1,1993788.15,91.9938,synthetic_demo,synthetic reservoir response,True
2000-02-08,R1,1993615.94,91.9936,synthetic_demo,synthetic reservoir response,True
2000-02-09,R1,1993415.01,91.9934,synthetic_demo,synthetic reservoir response,True
2000-02-10,R1,1993180.45,91.9932,synthetic_demo,synthetic reservoir response,True
2000-02-11,R1,1993124.17,91.9931,synthetic_demo,synthetic reservoir response,True
2000-02-12,R1,1992908.51,91.9929,synthetic_demo,synthetic reservoir response,True
2000-02-13,R1,1992786.91,91.9928,synthetic_demo,synthetic reservoir response,True
2000-02-14,R1,1992643.41,91.9926,synthetic_demo,synthetic reservoir response,True
2000-02-15,R1,1992505.7,91.9925,synthetic_demo,synthetic reservoir response,True
2000-02-16,R1,1992320.24,91.9923,synthetic_demo,synthetic reservoir response,True
2000-02-17,R1,1992228.38,91.9922,synthetic_demo,synthetic reservoir response,True
2000-02-18,R1,1992081.45,91.9921,synthetic_demo,synthetic reservoir response,True
2000-02-19,R1,1991858.39,91.9919,synthetic_demo,synthetic reservoir response,True
2000-02-20,R1,1991673.17,91.9917,synthetic_demo,synthetic reservoir response,True
2000-02-21,R1,1991466.99,91.9915,synthetic_demo,synthetic reservoir response,True
2000-02-22,R1,1991211.52,91.9912,synthetic_demo,synthetic reservoir response,True
2000-02-23,R1,1991065.84,91.9911,synthetic_demo,synthetic reservoir response,True
2000-02-24,R1,1990995.34,91.991,synthetic_demo,synthetic reservoir response,True
2000-02-25,R1,1990781.79,91.9908,synthetic_demo,synthetic reservoir response,True
2000-02-26,R1,1990590.32,91.9906,synthetic_demo,synthetic reservoir response,True
2000-02-27,R1,1990447.85,91.9904,synthetic_demo,synthetic reservoir response,True
2000-02-28,R1,1990267.9,91.9903,synthetic_demo,synthetic reservoir response,True
2000-02-29,R1,1990146.26,91.9901,synthetic_demo,synthetic reservoir response,True
2000-03-01,R1,1989908.8,91.9899,synthetic_demo,synthetic reservoir response,True
2000-03-02,R1,1989674.41,91.9897,synthetic_demo,synthetic reservoir response,True
2000-03-03,R1,1989589.11,91.9896,synthetic_demo,synthetic reservoir response,True
2000-03-04,R1,1989408.32,91.9894,synthetic_demo,synthetic reservoir response,True
2000-03-05,R1,1989284.67,91.9893,synthetic_demo,synthetic reservoir response,True
2000-03-06,R1,1989173.08,91.9892,synthetic_demo,synthetic reservoir response,True
2000-03-07,R1,1988956.46,91.989,synthetic_demo,synthetic reservoir response,True
2000-03-08,R1,1988751.22,91.9888,synthetic_demo,synthetic reservoir response,True
2000-03-09,R1,1988617.02,91.9886,synthetic_demo,synthetic reservoir response,True
2000-03-10,R1,1988483.43,91.9885,synthetic_demo,synthetic reservoir response,True
2000-03-11,R1,1988307.69,91.9883,synthetic_demo,synthetic reservoir response,True
2000-03-12,R1,1988215.22,91.9882,synthetic_demo,synthetic reservoir response,True
2000-03-13,R1,1987986.71,91.988,synthetic_demo,synthetic reservoir response,True
2000-03-14,R1,1987848.87,91.9878,synthetic_demo,synthetic reservoir response,True
2000-03-15,R1,1987648.3,91.9876,synthetic_demo,synthetic reservoir response,True
2000-03-16,R1,1987372.96,91.9874,synthetic_demo,synthetic reservoir response,True
2000-03-17,R1,1987240.74,91.9872,synthetic_demo,synthetic reservoir response,True
2000-03-18,R1,1987056.61,91.9871,synthetic_demo,synthetic reservoir response,True
2000-03-19,R1,1986964.75,91.987,synthetic_demo,synthetic reservoir response,True
2000-03-20,R1,1986754.32,91.9868,synthetic_demo,synthetic reservoir response,True
2000-03-21,R1,1986643.55,91.9866,synthetic_demo,synthetic reservoir response,True
2000-03-22,R1,1986455.05,91.9865,synthetic_demo,synthetic reservoir response,True
2000-03-23,R1,1986251.61,91.9863,synthetic_demo,synthetic reservoir response,True
2000-03-24,R1,1986156.17,91.9862,synthetic_demo,synthetic reservoir response,True
2000-03-25,R1,1986036.75,91.986,synthetic_demo,synthetic reservoir response,True
2000-03-26,R1,1985930.1,91.9859,synthetic_demo,synthetic reservoir response,True
2000-03-27,R1,1985802.84,91.9858,synthetic_demo,synthetic reservoir response,True
2000-03-28,R1,1985702.59,91.9857,synthetic_demo,synthetic reservoir response,True
2000-03-29,R1,1985705.78,91.9857,synthetic_demo,synthetic reservoir response,True
2000-03-30,R1,1985648.45,91.9856,synthetic_demo,synthetic reservoir response,True
2000-03-31,R1,1985490.5,91.9855,synthetic_demo,synthetic reservoir response,True
2000-04-01,R1,1985410.7,91.9854,synthetic_demo,synthetic reservoir response,True
2000-04-02,R1,1985300.97,91.9853,synthetic_demo,synthetic reservoir response,True
2000-04-03,R1,1985222.41,91.9852,synthetic_demo,synthetic reservoir response,True
2000-04-04,R1,1985057.86,91.9851,synthetic_demo,synthetic reservoir response,True
2000-04-05,R1,1984938.49,91.9849,synthetic_demo,synthetic reservoir response,True
2000-04-06,R1,1984854.9,91.9849,synthetic_demo,synthetic reservoir response,True
2000-04-07,R1,1984710.91,91.9847,synthetic_demo,synthetic reservoir response,True
2000-04-08,R1,1984717.29,91.9847,synthetic_demo,synthetic reservoir response,True
2000-04-09,R1,1984581.07,91.9846,synthetic_demo,synthetic reservoir response,True
2000-04-10,R1,1984430.11,91.9844,synthetic_demo,synthetic reservoir response,True
2000-04-11,R1,1984279.05,91.9843,synthetic_demo,synthetic reservoir response,True
2000-04-12,R1,1984117.18,91.9841,synthetic_demo,synthetic reservoir response,True
2000-04-13,R1,1984008.25,91.984,synthetic_demo,synthetic reservoir response,True
2000-04-14,R1,1983836.96,91.9838,synthetic_demo,synthetic reservoir response,True
2000-04-15,R1,1983635.39,91.9836,synthetic_demo,synthetic reservoir response,True
2000-04-16,R1,1983433.01,91.9834,synthetic_demo,synthetic reservoir response,True
2000-04-17,R1,1983305.12,91.9833,synthetic_demo,synthetic reservoir response,True
2000-04-18,R1,1983075.36,91.9831,synthetic_demo,synthetic reservoir response,True
2000-04-19,R1,1983119.05,91.9831,synthetic_demo,synthetic reservoir response,True
2000-04-20,R1,1983246.01,91.9832,synthetic_demo,synthetic reservoir response,True
2000-04-21,R1,1983359.54,91.9834,synthetic_demo,synthetic reservoir response,True
2000-04-22,R1,1983469.76,91.9835,synthetic_demo,synthetic reservoir response,True
2000-04-23,R1,1983587.74,91.9836,synthetic_demo,synthetic reservoir response,True
2000-04-24,R1,1983706.95,91.9837,synthetic_demo,synthetic reservoir response,True
2000-04-25,R1,1983851.51,91.9839,synthetic_demo,synthetic reservoir response,True
2000-04-26,R1,1983949.92,91.9839,synthetic_demo,synthetic reservoir response,True
2000-04-27,R1,1984153.63,91.9842,synthetic_demo,synthetic reservoir response,True
2000-04-28,R1,1984416.16,91.9844,synthetic_demo,synthetic reservoir response,True
2000-04-29,R1,1984504.75,91.9845,synthetic_demo,synthetic reservoir response,True
2000-04-30,R1,1984606.68,91.9846,synthetic_demo,synthetic reservoir response,True
2000-05-01,R1,1984750.49,91.9848,synthetic_demo,synthetic reservoir response,True
2000-05-02,R1,1984948.24,91.9849,synthetic_demo,synthetic reservoir response,True
2000-05-03,R1,1985134.13,91.9851,synthetic_demo,synthetic reservoir response,True
2000-05-04,R1,1985231.23,91.9852,synthetic_demo,synthetic reservoir response,True
2000-05-05,R1,1985341.86,91.9853,synthetic_demo,synthetic reservoir response,True
2000-05-06,R1,1985595.68,91.9856,synthetic_demo,synthetic reservoir response,True
2000-05-07,R1,1985840.4,91.9858,synthetic_demo,synthetic reservoir response,True
2000-05-08,R1,1986069.68,91.9861,synthetic_demo,synthetic reservoir response,True
2000-05-09,R1,1986318.97,91.9863,synthetic_demo,synthetic reservoir response,True
2000-05-10,R1,1986647.31,91.9866,synthetic_demo,synthetic reservoir response,True
2000-05-11,R1,1986924.98,91.9869,synthetic_demo,synthetic reservoir response,True
2000-05-12,R1,1987103.38,91.9871,synthetic_demo,synthetic reservoir response,True
2000-05-13,R1,1987301.17,91.9873,synthetic_demo,synthetic reservoir response,True
2000-05-14,R1,1987489.49,91.9875,synthetic_demo,synthetic reservoir response,True
2000-05-15,R1,1987661.1,91.9877,synthetic_demo,synthetic reservoir response,True
2000-05-16,R1,1987928.93,91.9879,synthetic_demo,synthetic reservoir response,True
2000-05-17,R1,1988164.33,91.9882,synthetic_demo,synthetic reservoir response,True
2000-05-18,R1,1988468.52,91.9885,synthetic_demo,synthetic reservoir response,True
2000-05-19,R1,1988682.33,91.9887,synthetic_demo,synthetic reservoir response,True
2000-05-20,R1,1988937.0,91.9889,synthetic_demo,synthetic reservoir response,True
2000-05-21,R1,1989254.42,91.9893,synthetic_demo,synthetic reservoir response,True
2000-05-22,R1,1989487.54,91.9895,synthetic_demo,synthetic reservoir response,True
2000-05-23,R1,1989785.85,91.9898,synthetic_demo,synthetic reservoir response,True
2000-05-24,R1,1989972.26,91.99,synthetic_demo,synthetic reservoir response,True
2000-05-25,R1,1990195.05,91.9902,synthetic_demo,synthetic reservoir response,True
2000-05-26,R1,1990323.43,91.9903,synthetic_demo,synthetic reservoir response,True
2000-05-27,R1,1990520.78,91.9905,synthetic_demo,synthetic reservoir response,True
2000-05-28,R1,1990767.23,91.9908,synthetic_demo,synthetic reservoir response,True
2000-05-29,R1,1991081.87,91.9911,synthetic_demo,synthetic reservoir response,True
2000-05-30,R1,1991383.92,91.9914,synthetic_demo,synthetic reservoir response,True
2000-05-31,R1,1991663.85,91.9917,synthetic_demo,synthetic reservoir response,True
2000-06-01,R1,1991886.17,91.9919,synthetic_demo,synthetic reservoir response,True
2000-06-02,R1,1992087.58,91.9921,synthetic_demo,synthetic reservoir response,True
2000-06-03,R1,1992010.85,91.992,synthetic_demo,synthetic reservoir response,True
2000-06-04,R1,1991988.6,91.992,synthetic_demo,synthetic reservoir response,True
2000-06-05,R1,1991960.76,91.992,synthetic_demo,synthetic reservoir response,True
2000-06-06,R1,1992082.6,91.9921,synthetic_demo,synthetic reservoir response,True
2000-06-07,R1,1992160.82,91.9922,synthetic_demo,synthetic reservoir response,True
2000-06-08,R1,1992333.19,91.9923,synthetic_demo,synthetic reservoir response,True
2000-06-09,R1,1992481.93,91.9925,synthetic_demo,synthetic reservoir response,True
2000-06-10,R1,1992616.92,91.9926,synthetic_demo,synthetic reservoir response,True
2000-06-11,R1,1992731.65,91.9927,synthetic_demo,synthetic reservoir response,True
2000-06-12,R1,1992830.07,91.9928,synthetic_demo,synthetic reservoir response,True
2000-06-13,R1,1992871.14,91.9929,synthetic_demo,synthetic reservoir response,True
2000-06-14,R1,1992973.8,91.993,synthetic_demo,synthetic reservoir response,True
2000-06-15,R1,1993163.02,91.9932,synthetic_demo,synthetic reservoir response,True
2000-06-16,R1,1993472.98,91.9935,synthetic_demo,synthetic reservoir response,True
2000-06-17,R1,1993687.85,91.9937,synthetic_demo,synthetic reservoir response,True
2000-06-18,R1,1993978.32,91.994,synthetic_demo,synthetic reservoir response,True
2000-06-19,R1,1994214.37,91.9942,synthetic_demo,synthetic reservoir response,True
2000-06-20,R1,1994324.47,91.9943,synthetic_demo,synthetic reservoir response,True
2000-06-21,R1,1994791.38,91.9948,synthetic_demo,synthetic reservoir response,True
2000-06-22,R1,1995188.45,91.9952,synthetic_demo,synthetic reservoir response,True
2000-06-23,R1,1995594.74,91.9956,synthetic_demo,synthetic reservoir response,True
2000-06-24,R1,1996009.27,91.996,synthetic_demo,synthetic reservoir response,True
2000-06-25,R1,1996500.74,91.9965,synthetic_demo,synthetic reservoir response,True
2000-06-26,R1,1997032.92,91.997,synthetic_demo,synthetic reservoir response,True
2000-06-27,R1,1997527.97,91.9975,synthetic_demo,synthetic reservoir response,True
2000-06-28,R1,1998075.55,91.9981,synthetic_demo,synthetic reservoir response,True
2000-06-29,R1,1998628.57,91.9986,synthetic_demo,synthetic reservoir response,True
2000-06-30,R1,1999295.6,91.9993,synthetic_demo,synthetic reservoir response,True
2000-07-01,R1,1999960.11,92.0,synthetic_demo,synthetic reservoir response,True
2000-07-02,R1,2000644.47,92.0006,synthetic_demo,synthetic reservoir response,True
2000-07-03,R1,2001246.39,92.0012,synthetic_demo,synthetic reservoir response,True
2000-07-04,R1,2001888.13,92.0019,synthetic_demo,synthetic reservoir response,True
2000-07-05,R1,2002555.83,92.0026,synthetic_demo,synthetic reservoir response,True
2000-07-06,R1,2003276.02,92.0033,synthetic_demo,synthetic reservoir response,True
2000-07-07,R1,2004020.08,92.004,synthetic_demo,synthetic reservoir response,True
2000-07-08,R1,2004647.73,92.0046,synthetic_demo,synthetic reservoir response,True
2000-07-09,R1,2005433.17,92.0054,synthetic_demo,synthetic reservoir response,True
2000-07-10,R1,2006279.5,92.0063,synthetic_demo,synthetic reservoir response,True
2000-07-11,R1,2007095.33,92.0071,synthetic_demo,synthetic reservoir response,True
2000-07-12,R1,2007886.19,92.0079,synthetic_demo,synthetic reservoir response,True
2000-07-13,R1,2008911.52,92.0089,synthetic_demo,synthetic reservoir response,True
2000-07-14,R1,2009968.23,92.01,synthetic_demo,synthetic reservoir response,True
2000-07-15,R1,2010932.49,92.0109,synthetic_demo,synthetic reservoir response,True
2000-07-16,R1,2012086.7,92.0121,synthetic_demo,synthetic reservoir response,True
2000-07-17,R1,2013275.03,92.0133,synthetic_demo,synthetic reservoir response,True
2000-07-18,R1,2014458.4,92.0145,synthetic_demo,synthetic reservoir response,True
2000-07-19,R1,2015779.05,92.0158,synthetic_demo,synthetic reservoir response,True
2000-07-20,R1,2017209.06,92.0172,synthetic_demo,synthetic reservoir response,True
2000-07-21,R1,2018626.7,92.0186,synthetic_demo,synthetic reservoir response,True
2000-07-22,R1,2019974.77,92.02,synthetic_demo,synthetic reservoir response,True
2000-07-23,R1,2021374.15,92.0214,synthetic_demo,synthetic reservoir response,True
2000-07-24,R1,2022730.5,92.0227,synthetic_demo,synthetic reservoir response,True
2000-07-25,R1,2024099.95,92.0241,synthetic_demo,synthetic reservoir response,True
2000-07-26,R1,2025367.29,92.0254,synthetic_demo,synthetic reservoir response,True
2000-07-27,R1,2026700.91,92.0267,synthetic_demo,synthetic reservoir response,True
2000-07-28,R1,2028083.59,92.0281,synthetic_demo,synthetic reservoir response,True
2000-07-29,R1,2029523.73,92.0295,synthetic_demo,synthetic reservoir response,True
2000-07-30,R1,2030948.21,92.0309,synthetic_demo,synthetic reservoir response,True
2000-07-31,R1,2032219.36,92.0322,synthetic_demo,synthetic reservoir response,True
2000-08-01,R1,2033618.23,92.0336,synthetic_demo,synthetic reservoir response,True
2000-08-02,R1,2035032.75,92.035,synthetic_demo,synthetic reservoir response,True
2000-08-03,R1,2036411.02,92.0364,synthetic_demo,synthetic reservoir response,True
2000-08-04,R1,2037843.39,92.0378,synthetic_demo,synthetic reservoir response,True
2000-08-05,R1,2039211.7,92.0392,synthetic_demo,synthetic reservoir response,True
2000-08-06,R1,2040569.78,92.0406,synthetic_demo,synthetic reservoir response,True
2000-08-07,R1,2042072.61,92.0421,synthetic_demo,synthetic reservoir response,True
2000-08-08,R1,2043619.17,92.0436,synthetic_demo,synthetic reservoir response,True
2000-08-09,R1,2045135.71,92.0451,synthetic_demo,synthetic reservoir response,True
2000-08-10,R1,2046638.75,92.0466,synthetic_demo,synthetic reservoir response,True
2000-08-11,R1,2048124.62,92.0481,synthetic_demo,synthetic reservoir response,True
2000-08-12,R1,2049679.89,92.0497,synthetic_demo,synthetic reservoir response,True
2000-08-13,R1,2051175.65,92.0512,synthetic_demo,synthetic reservoir response,True
2000-08-14,R1,2052590.95,92.0526,synthetic_demo,synthetic reservoir response,True
2000-08-15,R1,2053977.41,92.054,synthetic_demo,synthetic reservoir response,True
2000-08-16,R1,2055362.54,92.0554,synthetic_demo,synthetic reservoir response,True
2000-08-17,R1,2056654.33,92.0567,synthetic_demo,synthetic reservoir response,True
2000-08-18,R1,2058043.25,92.058,synthetic_demo,synthetic reservoir response,True
2000-08-19,R1,2059450.26,92.0595,synthetic_demo,synthetic reservoir response,True
2000-08-20,R1,2060902.56,92.0609,synthetic_demo,synthetic reservoir response,True
2000-08-21,R1,2062268.81,92.0623,synthetic_demo,synthetic reservoir response,True
2000-08-22,R1,2063613.99,92.0636,synthetic_demo,synthetic reservoir response,True
2000-08-23,R1,2064786.96,92.0648,synthetic_demo,synthetic reservoir response,True
2000-08-24,R1,2066087.24,92.0661,synthetic_demo,synthetic reservoir response,True
2000-08-25,R1,2067469.85,92.0675,synthetic_demo,synthetic reservoir response,True
2000-08-26,R1,2068887.97,92.0689,synthetic_demo,synthetic reservoir response,True
2000-08-27,R1,2070154.59,92.0702,synthetic_demo,synthetic reservoir response,True
2000-08-28,R1,2071354.95,92.0714,synthetic_demo,synthetic reservoir response,True
2000-08-29,R1,2072537.75,92.0725,synthetic_demo,synthetic reservoir response,True
2000-08-30,R1,2073666.73,92.0737,synthetic_demo,synthetic reservoir response,True
2000-08-31,R1,2074839.63,92.0748,synthetic_demo,synthetic reservoir response,True
2000-09-01,R1,2075919.97,92.0759,synthetic_demo,synthetic reservoir response,True
2000-09-02,R1,2077055.03,92.0771,synthetic_demo,synthetic reservoir response,True
2000-09-03,R1,2078048.71,92.078,synthetic_demo,synthetic reservoir response,True
2000-09-04,R1,2079060.2,92.0791,synthetic_demo,synthetic reservoir response,True
2000-09-05,R1,2080066.43,92.0801,synthetic_demo,synthetic reservoir response,True
2000-09-06,R1,2081137.87,92.0811,synthetic_demo,synthetic reservoir response,True
2000-09-07,R1,2082082.98,92.0821,synthetic_demo,synthetic reservoir response,True
2000-09-08,R1,2083042.53,92.083,synthetic_demo,synthetic reservoir response,True
2000-09-09,R1,2084244.7,92.0842,synthetic_demo,synthetic reservoir response,True
2000-09-10,R1,2085461.01,92.0855,synthetic_demo,synthetic reservoir response,True
2000-09-11,R1,2086667.45,92.0867,synthetic_demo,synthetic reservoir response,True
2000-09-12,R1,2087781.37,92.0878,synthetic_demo,synthetic reservoir response,True
2000-09-13,R1,2089040.27,92.089,synthetic_demo,synthetic reservoir response,True
2000-09-14,R1,2090275.69,92.0903,synthetic_demo,synthetic reservoir response,True
2000-09-15,R1,2091411.57,92.0914,synthetic_demo,synthetic reservoir response,True
2000-09-16,R1,2092623.51,92.0926,synthetic_demo,synthetic reservoir response,True
2000-09-17,R1,2093772.31,92.0938,synthetic_demo,synthetic reservoir response,True
2000-09-18,R1,2094897.34,92.0949,synthetic_demo,synthetic reservoir response,True
2000-09-19,R1,2096021.73,92.096,synthetic_demo,synthetic reservoir response,True
2000-09-20,R1,2097080.12,92.0971,synthetic_demo,synthetic reservoir response,True
2000-09-21,R1,2098270.85,92.0983,synthetic_demo,synthetic reservoir response,True
2000-09-22,R1,2099314.6,92.0993,synthetic_demo,synthetic reservoir response,True
2000-09-23,R1,2100429.5,92.1004,synthetic_demo,synthetic reservoir response,True
2000-09-24,R1,2101568.2,92.1016,synthetic_demo,synthetic reservoir response,True
2000-09-25,R1,2102739.81,92.1027,synthetic_demo,synthetic reservoir response,True
2000-09-26,R1,2103922.92,92.1039,synthetic_demo,synthetic reservoir response,True
2000-09-27,R1,2105002.36,92.105,synthetic_demo,synthetic reservoir response,True
2000-09-28,R1,2106114.33,92.1061,synthetic_demo,synthetic reservoir response,True
2000-09-29,R1,2107298.66,92.1073,synthetic_demo,synthetic reservoir response,True
2000-09-30,R1,2108570.2,92.1086,synthetic_demo,synthetic reservoir response,True
2000-10-01,R1,2109905.8,92.1099,synthetic_demo,synthetic reservoir response,True
2000-10-02,R1,2111144.9,92.1111,synthetic_demo,synthetic reservoir response,True
2000-10-03,R1,2112447.44,92.1124,synthetic_demo,synthetic reservoir response,True
2000-10-04,R1,2113745.88,92.1137,synthetic_demo,synthetic reservoir response,True
2000-10-05,R1,2114981.73,92.115,synthetic_demo,synthetic reservoir response,True
2000-10-06,R1,2116227.73,92.1162,synthetic_demo,synthetic reservoir response,True
2000-10-07,R1,2117509.86,92.1175,synthetic_demo,synthetic reservoir response,True
2000-10-08,R1,2118896.13,92.1189,synthetic_demo,synthetic reservoir response,True
2000-10-09,R1,2120108.73,92.1201,synthetic_demo,synthetic reservoir response,True
2000-10-10,R1,2121250.86,92.1213,synthetic_demo,synthetic reservoir response,True
2000-10-11,R1,2122756.05,92.1228,synthetic_demo,synthetic reservoir response,True
2000-10-12,R1,2124309.82,92.1243,synthetic_demo,synthetic reservoir response,True
2000-10-13,R1,2125919.31,92.1259,synthetic_demo,synthetic reservoir response,True
2000-10-14,R1,2127491.44,92.1275,synthetic_demo,synthetic reservoir response,True
2000-10-15,R1,2129145.86,92.1291,synthetic_demo,synthetic reservoir response,True
2000-10-16,R1,2130761.64,92.1308,synthetic_demo,synthetic reservoir response,True
2000-10-17,R1,2132301.45,92.1323,synthetic_demo,synthetic reservoir response,True
2000-10-18,R1,2133891.06,92.1339,synthetic_demo,synthetic reservoir response,True
2000-10-19,R1,2135527.69,92.1355,synthetic_demo,synthetic reservoir response,True
2000-10-20,R1,2137171.88,92.1372,synthetic_demo,synthetic reservoir response,True
2000-10-21,R1,2138835.0,92.1388,synthetic_demo,synthetic reservoir response,True
2000-10-22,R1,2140545.28,92.1405,synthetic_demo,synthetic reservoir response,True
2000-10-23,R1,2142229.69,92.1422,synthetic_demo,synthetic reservoir response,True
2000-10-24,R1,2143857.82,92.1439,synthetic_demo,synthetic reservoir response,True
2000-10-25,R1,2145472.97,92.1455,synthetic_demo,synthetic reservoir response,True
2000-10-26,R1,2147095.55,92.1471,synthetic_demo,synthetic reservoir response,True
2000-10-27,R1,2148884.08,92.1489,synthetic_demo,synthetic reservoir response,True
2000-10-28,R1,2150634.66,92.1506,synthetic_demo,synthetic reservoir response,True
2000-10-29,R1,2152329.12,92.1523,synthetic_demo,synthetic reservoir response,True
2000-10-30,R1,2154052.44,92.1541,synthetic_demo,synthetic reservoir response,True
2000-10-31,R1,2155754.9,92.1558,synthetic_demo,synthetic reservoir response,True
2000-11-01,R1,2157493.22,92.1575,synthetic_demo,synthetic reservoir response,True
2000-11-02,R1,2159143.65,92.1591,synthetic_demo,synthetic reservoir response,True
2000-11-03,R1,2160859.43,92.1609,synthetic_demo,synthetic reservoir response,True
2000-11-04,R1,2162631.04,92.1626,synthetic_demo,synthetic reservoir response,True
2000-11-05,R1,2164387.59,92.1644,synthetic_demo,synthetic reservoir response,True
2000-11-06,R1,2166127.64,92.1661,synthetic_demo,synthetic reservoir response,True
2000-11-07,R1,2167906.67,92.1679,synthetic_demo,synthetic reservoir response,True
2000-11-08,R1,2169692.95,92.1697,synthetic_demo,synthetic reservoir response,True
2000-11-09,R1,2171458.27,92.1715,synthetic_demo,synthetic reservoir response,True
2000-11-10,R1,2173218.22,92.1732,synthetic_demo,synthetic reservoir response,True
2000-11-11,R1,2174915.47,92.1749,synthetic_demo,synthetic reservoir response,True
2000-11-12,R1,2176702.61,92.1767,synthetic_demo,synthetic reservoir response,True
2000-11-13,R1,2178359.04,92.1784,synthetic_demo,synthetic reservoir response,True
2000-11-14,R1,2179923.63,92.1799,synthetic_demo,synthetic reservoir response,True
2000-11-15,R1,2181552.93,92.1816,synthetic_demo,synthetic reservoir response,True
2000-11-16,R1,2183320.82,92.1833,synthetic_demo,synthetic reservoir response,True
2000-11-17,R1,2185375.22,92.1854,synthetic_demo,synthetic reservoir response,True
2000-11-18,R1,2187515.05,92.1875,synthetic_demo,synthetic reservoir response,True
2000-11-19,R1,2189584.83,92.1896,synthetic_demo,synthetic reservoir response,True
2000-11-20,R1,2191743.79,92.1917,synthetic_demo,synthetic reservoir response,True
2000-11-21,R1,2193880.73,92.1939,synthetic_demo,synthetic reservoir response,True
2000-11-22,R1,2196078.88,92.1961,synthetic_demo,synthetic reservoir response,True
2000-11-23,R1,2198195.79,92.1982,synthetic_demo,synthetic reservoir response,True
2000-11-24,R1,2200319.86,92.2003,synthetic_demo,synthetic reservoir response,True
2000-11-25,R1,2202186.7,92.2022,synthetic_demo,synthetic reservoir response,True
2000-11-26,R1,2204133.77,92.2041,synthetic_demo,synthetic reservoir response,True
2000-11-27,R1,2206032.61,92.206,synthetic_demo,synthetic reservoir response,True
2000-11-28,R1,2207929.45,92.2079,synthetic_demo,synthetic reservoir response,True
2000-11-29,R1,2209758.15,92.2098,synthetic_demo,synthetic reservoir response,True
2000-11-30,R1,2211595.6,92.2116,synthetic_demo,synthetic reservoir response,True
2000-12-01,R1,2213334.25,92.2133,synthetic_demo,synthetic reservoir response,True
2000-12-02,R1,2215185.39,92.2152,synthetic_demo,synthetic reservoir response,True
2000-12-03,R1,2216909.14,92.2169,synthetic_demo,synthetic reservoir response,True
2000-12-04,R1,2218606.49,92.2186,synthetic_demo,synthetic reservoir response,True
2000-12-05,R1,2220294.0,92.2203,synthetic_demo,synthetic reservoir response,True
2000-12-06,R1,2221949.62,92.2219,synthetic_demo,synthetic reservoir response,True
2000-12-07,R1,2223603.86,92.2236,synthetic_demo,synthetic reservoir response,True
2000-12-08,R1,2225283.48,92.2253,synthetic_demo,synthetic reservoir response,True
2000-12-09,R1,2227019.43,92.227,synthetic_demo,synthetic reservoir response,True
2000-12-10,R1,2228737.25,92.2287,synthetic_demo,synthetic reservoir response,True
2000-12-11,R1,2230426.21,92.2304,synthetic_demo,synthetic reservoir response,True
2000-12-12,R1,2232097.51,92.2321,synthetic_demo,synthetic reservoir response,True
2000-12-13,R1,2233700.61,92.2337,synthetic_demo,synthetic reservoir response,True
2000-12-14,R1,2235198.6,92.2352,synthetic_demo,synthetic reservoir response,True
2000-12-15,R1,2236817.24,92.2368,synthetic_demo,synthetic reservoir response,True
2000-12-16,R1,2238499.19,92.2385,synthetic_demo,synthetic reservoir response,True
2000-12-17,R1,2240111.11,92.2401,synthetic_demo,synthetic reservoir response,True
2000-12-18,R1,2241679.64,92.2417,synthetic_demo,synthetic reservoir response,True
2000-12-19,R1,2243265.38,92.2433,synthetic_demo,synthetic reservoir response,True
2000-12-20,R1,2244843.07,92.2448,synthetic_demo,synthetic reservoir response,True
2000-12-21,R1,2246432.93,92.2464,synthetic_demo,synthetic reservoir response,True
2000-12-22,R1,2248035.71,92.248,synthetic_demo,synthetic reservoir response,True
2000-12-23,R1,2249584.23,92.2496,synthetic_demo,synthetic reservoir response,True
2000-12-24,R1,2251158.73,92.2512,synthetic_demo,synthetic reservoir response,True
2000-12-25,R1,2252736.93,92.2527,synthetic_demo,synthetic reservoir response,True
2000-12-26,R1,2254327.65,92.2543,synthetic_demo,synthetic reservoir response,True
2000-12-27,R1,2255924.9,92.2559,synthetic_demo,synthetic reservoir response,True
2000-12-28,R1,2257455.26,92.2575,synthetic_demo,synthetic reservoir response,True
2000-12-29,R1,2259216.95,92.2592,synthetic_demo,synthetic reservoir response,True
2000-12-30,R1,2261002.4,92.261,synthetic_demo,synthetic reservoir response,True
2000-12-31,R1,2262712.96,92.2627,synthetic_demo,synthetic reservoir response,True
2001-01-01,R1,2264306.42,92.2643,synthetic_demo,synthetic reservoir response,True
2001-01-02,R1,2265762.85,92.2658,synthetic_demo,synthetic reservoir response,True
2001-01-03,R1,2267214.02,92.2672,synthetic_demo,synthetic reservoir response,True
2001-01-04,R1,2268624.29,92.2686,synthetic_demo,synthetic reservoir response,True
2001-01-05,R1,2269984.39,92.27,synthetic_demo,synthetic reservoir response,True
2001-01-06,R1,2271459.79,92.2715,synthetic_demo,synthetic reservoir response,True
2001-01-07,R1,2272900.38,92.2729,synthetic_demo,synthetic reservoir response,True
2001-01-08,R1,2274327.37,92.2743,synthetic_demo,synthetic reservoir response,True
2001-01-09,R1,2275689.49,92.2757,synthetic_demo,synthetic reservoir response,True
2001-01-10,R1,2277101.1,92.2771,synthetic_demo,synthetic reservoir response,True
2001-01-11,R1,2278429.92,92.2784,synthetic_demo,synthetic reservoir response,True
2001-01-12,R1,2279784.83,92.2798,synthetic_demo,synthetic reservoir response,True
2001-01-13,R1,2280987.61,92.281,synthetic_demo,synthetic reservoir response,True
2001-01-14,R1,2282202.07,92.2822,synthetic_demo,synthetic reservoir response,True
2001-01-15,R1,2283404.18,92.2834,synthetic_demo,synthetic reservoir response,True
2001-01-16,R1,2284636.06,92.2846,synthetic_demo,synthetic reservoir response,True
2001-01-17,R1,2285734.73,92.2857,synthetic_demo,synthetic reservoir response,True
2001-01-18,R1,2286933.1,92.2869,synthetic_demo,synthetic reservoir response,True
2001-01-19,R1,2288116.13,92.2881,synthetic_demo,synthetic reservoir response,True
2001-01-20,R1,2289316.89,92.2893,synthetic_demo,synthetic reservoir response,True
2001-01-21,R1,2290497.01,92.2905,synthetic_demo,synthetic reservoir response,True
2001-01-22,R1,2291652.52,92.2917,synthetic_demo,synthetic reservoir response,True
2001-01-23,R1,2292785.39,92.2928,synthetic_demo,synthetic reservoir response,True
2001-01-24,R1,2293875.7,92.2939,synthetic_demo,synthetic reservoir response,True
2001-01-25,R1,2294939.12,92.2949,synthetic_demo,synthetic reservoir response,True
2001-01-26,R1,2295998.94,92.296,synthetic_demo,synthetic reservoir response,True
2001-01-27,R1,2296996.24,92.297,synthetic_demo,synthetic reservoir response,True
2001-01-28,R1,2297989.03,92.298,synthetic_demo,synthetic reservoir response,True
2001-01-29,R1,2299021.37,92.299,synthetic_demo,synthetic reservoir response,True
2001-01-30,R1,2300064.71,92.3001,synthetic_demo,synthetic reservoir response,True
2001-01-31,R1,2301053.06,92.3011,synthetic_demo,synthetic reservoir response,True
2001-02-01,R1,2301934.84,92.3019,synthetic_demo,synthetic reservoir response,True
2001-02-02,R1,2302906.97,92.3029,synthetic_demo,synthetic reservoir response,True
2001-02-03,R1,2303769.8,92.3038,synthetic_demo,synthetic reservoir response,True
2001-02-04,R1,2304576.48,92.3046,synthetic_demo,synthetic reservoir response,True
2001-02-05,R1,2305374.37,92.3054,synthetic_demo,synthetic reservoir response,True
2001-02-06,R1,2306229.5,92.3062,synthetic_demo,synthetic reservoir response,True
2001-02-07,R1,2307042.97,92.307,synthetic_demo,synthetic reservoir response,True
2001-02-08,R1,2307745.12,92.3077,synthetic_demo,synthetic reservoir response,True
2001-02-09,R1,2308461.42,92.3085,synthetic_demo,synthetic reservoir response,True
2001-02-10,R1,2309209.08,92.3092,synthetic_demo,synthetic reservoir response,True
2001-02-11,R1,2309991.98,92.31,synthetic_demo,synthetic reservoir response,True
2001-02-12,R1,2310683.26,92.3107,synthetic_demo,synthetic reservoir response,True
2001-02-13,R1,2311308.92,92.3113,synthetic_demo,synthetic reservoir response,True
2001-02-14,R1,2311859.26,92.3119,synthetic_demo,synthetic reservoir response,True
2001-02-15,R1,2312521.07,92.3125,synthetic_demo,synthetic reservoir response,True
2001-02-16,R1,2313104.25,92.3131,synthetic_demo,synthetic reservoir response,True
2001-02-17,R1,2313663.8,92.3137,synthetic_demo,synthetic reservoir response,True
2001-02-18,R1,2314236.81,92.3142,synthetic_demo,synthetic reservoir response,True
2001-02-19,R1,2314894.57,92.3149,synthetic_demo,synthetic reservoir response,True
2001-02-20,R1,2315456.61,92.3155,synthetic_demo,synthetic reservoir response,True
2001-02-21,R1,2315949.51,92.3159,synthetic_demo,synthetic reservoir response,True
2001-02-22,R1,2316477.84,92.3165,synthetic_demo,synthetic reservoir response,True
2001-02-23,R1,2317021.58,92.317,synthetic_demo,synthetic reservoir response,True
2001-02-24,R1,2317575.45,92.3176,synthetic_demo,synthetic reservoir response,True
2001-02-25,R1,2318096.43,92.3181,synthetic_demo,synthetic reservoir response,True
2001-02-26,R1,2318576.13,92.3186,synthetic_demo,synthetic reservoir response,True
2001-02-27,R1,2319063.67,92.3191,synthetic_demo,synthetic reservoir response,True
2001-02-28,R1,2319413.79,92.3194,synthetic_demo,synthetic reservoir response,True
2001-03-01,R1,2319895.1,92.3199,synthetic_demo,synthetic reservoir response,True
2001-03-02,R1,2320368.72,92.3204,synthetic_demo,synthetic reservoir response,True
2001-03-03,R1,2320787.55,92.3208,synthetic_demo,synthetic reservoir response,True
2001-03-04,R1,2321146.49,92.3211,synthetic_demo,synthetic reservoir response,True
2001-03-05,R1,2321566.55,92.3216,synthetic_demo,synthetic reservoir response,True
2001-03-06,R1,2322060.25,92.3221,synthetic_demo,synthetic reservoir response,True
2001-03-07,R1,2322594.37,92.3226,synthetic_demo,synthetic reservoir response,True
2001-03-08,R1,2322998.72,92.323,synthetic_demo,synthetic reservoir response,True
2001-03-09,R1,2323346.81,92.3233,synthetic_demo,synthetic reservoir response,True
2001-03-10,R1,2323812.7,92.3238,synthetic_demo,synthetic reservoir response,True
2001-03-11,R1,2324312.91,92.3243,synthetic_demo,synthetic reservoir response,True
2001-03-12,R1,2324692.28,92.3247,synthetic_demo,synthetic reservoir response,True
2001-03-13,R1,2325107.66,92.3251,synthetic_demo,synthetic reservoir response,True
2001-03-14,R1,2325524.21,92.3255,synthetic_demo,synthetic reservoir response,True
2001-03-15,R1,2325940.35,92.3259,synthetic_demo,synthetic reservoir response,True
2001-03-16,R1,2326314.48,92.3263,synthetic_demo,synthetic reservoir response,True
2001-03-17,R1,2326696.96,92.3267,synthetic_demo,synthetic reservoir response,True
2001-03-18,R1,2327121.24,92.3271,synthetic_demo,synthetic reservoir response,True
2001-03-19,R1,2327536.34,92.3275,synthetic_demo,synthetic reservoir response,True
2001-03-20,R1,2327895.46,92.3279,synthetic_demo,synthetic reservoir response,True
2001-03-21,R1,2328314.53,92.3283,synthetic_demo,synthetic reservoir response,True
2001-03-22,R1,2328753.54,92.3288,synthetic_demo,synthetic reservoir response,True
2001-03-23,R1,2329119.51,92.3291,synthetic_demo,synthetic reservoir response,True
2001-03-24,R1,2329564.91,92.3296,synthetic_demo,synthetic reservoir response,True
2001-03-25,R1,2329924.24,92.3299,synthetic_demo,synthetic reservoir response,True
2001-03-26,R1,2330297.98,92.3303,synthetic_demo,synthetic reservoir response,True
2001-03-27,R1,2330707.31,92.3307,synthetic_demo,synthetic reservoir response,True
2001-03-28,R1,2331109.39,92.3311,synthetic_demo,synthetic reservoir response,True
2001-03-29,R1,2331385.05,92.3314,synthetic_demo,synthetic reservoir response,True
2001-03-30,R1,2331678.26,92.3317,synthetic_demo,synthetic reservoir response,True
2001-03-31,R1,2332058.51,92.3321,synthetic_demo,synthetic reservoir response,True
2001-04-01,R1,2332384.01,92.3324,synthetic_demo,synthetic reservoir response,True
2001-04-02,R1,2332758.48,92.3328,synthetic_demo,synthetic reservoir response,True
2001-04-03,R1,2333104.58,92.3331,synthetic_demo,synthetic reservoir response,True
2001-04-04,R1,2333495.05,92.3335,synthetic_demo,synthetic reservoir response,True
2001-04-05,R1,2333850.14,92.3339,synthetic_demo,synthetic reservoir response,True
2001-04-06,R1,2334137.57,92.3341,synthetic_demo,synthetic reservoir response,True
2001-04-07,R1,2334507.18,92.3345,synthetic_demo,synthetic reservoir response,True
2001-04-08,R1,2334841.86,92.3348,synthetic_demo,synthetic reservoir response,True
2001-04-09,R1,2335315.93,92.3353,synthetic_demo,synthetic reservoir response,True
2001-04-10,R1,2335772.97,92.3358,synthetic_demo,synthetic reservoir response,True
2001-04-11,R1,2336215.71,92.3362,synthetic_demo,synthetic reservoir response,True
2001-04-12,R1,2336653.43,92.3367,synthetic_demo,synthetic reservoir response,True
2001-04-13,R1,2337018.69,92.337,synthetic_demo,synthetic reservoir response,True
2001-04-14,R1,2337322.45,92.3373,synthetic_demo,synthetic reservoir response,True
2001-04-15,R1,2337757.76,92.3378,synthetic_demo,synthetic reservoir response,True
2001-04-16,R1,2338013.85,92.338,synthetic_demo,synthetic reservoir response,True
2001-04-17,R1,2338356.98,92.3384,synthetic_demo,synthetic reservoir response,True
2001-04-18,R1,2338742.08,92.3387,synthetic_demo,synthetic reservoir response,True
2001-04-19,R1,2339187.19,92.3392,synthetic_demo,synthetic reservoir response,True
2001-04-20,R1,2339592.63,92.3396,synthetic_demo,synthetic reservoir response,True
2001-04-21,R1,2339959.35,92.34,synthetic_demo,synthetic reservoir response,True
2001-04-22,R1,2340310.23,92.3403,synthetic_demo,synthetic reservoir response,True
2001-04-23,R1,2340950.93,92.341,synthetic_demo,synthetic reservoir response,True
2001-04-24,R1,2341555.47,92.3416,synthetic_demo,synthetic reservoir response,True
2001-04-25,R1,2342065.82,92.3421,synthetic_demo,synthetic reservoir response,True
2001-04-26,R1,2342597.7,92.3426,synthetic_demo,synthetic reservoir response,True
2001-04-27,R1,2343277.01,92.3433,synthetic_demo,synthetic reservoir response,True
2001-04-28,R1,2343874.76,92.3439,synthetic_demo,synthetic reservoir response,True
2001-04-29,R1,2344497.62,92.3445,synthetic_demo,synthetic reservoir response,True
2001-04-30,R1,2345112.01,92.3451,synthetic_demo,synthetic reservoir response,True
2001-05-01,R1,2345803.0,92.3458,synthetic_demo,synthetic reservoir response,True
2001-05-02,R1,2346385.21,92.3464,synthetic_demo,synthetic reservoir response,True
2001-05-03,R1,2347232.08,92.3472,synthetic_demo,synthetic reservoir response,True
2001-05-04,R1,2347981.31,92.348,synthetic_demo,synthetic reservoir response,True
2001-05-05,R1,2348802.06,92.3488,synthetic_demo,synthetic reservoir response,True
2001-05-06,R1,2349605.09,92.3496,synthetic_demo,synthetic reservoir response,True
2001-05-07,R1,2350378.6,92.3504,synthetic_demo,synthetic reservoir response,True
2001-05-08,R1,2351103.3,92.3511,synthetic_demo,synthetic reservoir response,True
2001-05-09,R1,2351743.15,92.3517,synthetic_demo,synthetic reservoir response,True
2001-05-10,R1,2352475.07,92.3525,synthetic_demo,synthetic reservoir response,True
2001-05-11,R1,2353231.34,92.3532,synthetic_demo,synthetic reservoir response,True
2001-05-12,R1,2353941.33,92.3539,synthetic_demo,synthetic reservoir response,True
2001-05-13,R1,2354671.15,92.3547,synthetic_demo,synthetic reservoir response,True
2001-05-14,R1,2355422.21,92.3554,synthetic_demo,synthetic reservoir response,True
2001-05-15,R1,2356080.84,92.3561,synthetic_demo,synthetic reservoir response,True
2001-05-16,R1,2356731.93,92.3567,synthetic_demo,synthetic reservoir response,True
2001-05-17,R1,2357343.76,92.3573,synthetic_demo,synthetic reservoir response,True
2001-05-18,R1,2357919.29,92.3579,synthetic_demo,synthetic reservoir response,True
2001-05-19,R1,2358446.86,92.3584,synthetic_demo,synthetic reservoir response,True
2001-05-20,R1,2359025.08,92.359,synthetic_demo,synthetic reservoir response,True
2001-05-21,R1,2359633.46,92.3596,synthetic_demo,synthetic reservoir response,True
2001-05-22,R1,2360133.76,92.3601,synthetic_demo,synthetic reservoir response,True
2001-05-23,R1,2360645.81,92.3606,synthetic_demo,synthetic reservoir response,True
2001-05-24,R1,2361056.22,92.3611,synthetic_demo,synthetic reservoir response,True
2001-05-25,R1,2361492.24,92.3615,synthetic_demo,synthetic reservoir response,True
2001-05-26,R1,2361898.51,92.3619,synthetic_demo,synthetic reservoir response,True
2001-05-27,R1,2362317.15,92.3623,synthetic_demo,synthetic reservoir response,True
2001-05-28,R1,2362831.88,92.3628,synthetic_demo,synthetic reservoir response,True
2001-05-29,R1,2363304.14,92.3633,synthetic_demo,synthetic reservoir response,True
2001-05-30,R1,2363743.5,92.3637,synthetic_demo,synthetic reservoir response,True
2001-05-31,R1,2364308.62,92.3643,synthetic_demo,synthetic reservoir response,True
2001-06-01,R1,2364883.57,92.3649,synthetic_demo,synthetic reservoir response,True
2001-06-02,R1,2365376.81,92.3654,synthetic_demo,synthetic reservoir response,True
2001-06-03,R1,2365849.36,92.3658,synthetic_demo,synthetic reservoir response,True
2001-06-04,R1,2366435.69,92.3664,synthetic_demo,synthetic reservoir response,True
2001-06-05,R1,2366992.15,92.367,synthetic_demo,synthetic reservoir response,True
2001-06-06,R1,2367505.35,92.3675,synthetic_demo,synthetic reservoir response,True
2001-06-07,R1,2367863.47,92.3679,synthetic_demo,synthetic reservoir response,True
2001-06-08,R1,2368222.62,92.3682,synthetic_demo,synthetic reservoir response,True
2001-06-09,R1,2368571.97,92.3686,synthetic_demo,synthetic reservoir response,True
2001-06-10,R1,2368922.87,92.3689,synthetic_demo,synthetic reservoir response,True
2001-06-11,R1,2369243.69,92.3692,synthetic_demo,synthetic reservoir response,True
2001-06-12,R1,2369532.71,92.3695,synthetic_demo,synthetic reservoir response,True
2001-06-13,R1,2369851.07,92.3699,synthetic_demo,synthetic reservoir response,True
2001-06-14,R1,2370174.43,92.3702,synthetic_demo,synthetic reservoir response,True
2001-06-15,R1,2370508.98,92.3705,synthetic_demo,synthetic reservoir response,True
2001-06-16,R1,2370721.34,92.3707,synthetic_demo,synthetic reservoir response,True
2001-06-17,R1,2370841.63,92.3708,synthetic_demo,synthetic reservoir response,True
2001-06-18,R1,2370945.78,92.3709,synthetic_demo,synthetic reservoir response,True
2001-06-19,R1,2371030.87,92.371,synthetic_demo,synthetic reservoir response,True
2001-06-20,R1,2371092.38,92.3711,synthetic_demo,synthetic reservoir response,True
2001-06-21,R1,2371280.36,92.3713,synthetic_demo,synthetic reservoir response,True
2001-06-22,R1,2371395.84,92.3714,synthetic_demo,synthetic reservoir response,True
2001-06-23,R1,2371479.35,92.3715,synthetic_demo,synthetic reservoir response,True
2001-06-24,R1,2371556.91,92.3716,synthetic_demo,synthetic reservoir response,True
2001-06-25,R1,2371787.46,92.3718,synthetic_demo,synthetic reservoir response,True
2001-06-26,R1,2372020.78,92.372,synthetic_demo,synthetic reservoir response,True
2001-06-27,R1,2372150.45,92.3722,synthetic_demo,synthetic reservoir response,True
2001-06-28,R1,2372315.74,92.3723,synthetic_demo,synthetic reservoir response,True
2001-06-29,R1,2372454.01,92.3725,synthetic_demo,synthetic reservoir response,True
2001-06-30,R1,2372533.6,92.3725,synthetic_demo,synthetic reservoir response,True
2001-07-01,R1,2372610.87,92.3726,synthetic_demo,synthetic reservoir response,True
2001-07-02,R1,2372810.39,92.3728,synthetic_demo,synthetic reservoir response,True
2001-07-03,R1,2372981.84,92.373,synthetic_demo,synthetic reservoir response,True
2001-07-04,R1,2373138.16,92.3731,synthetic_demo,synthetic reservoir response,True
2001-07-05,R1,2373460.07,92.3735,synthetic_demo,synthetic reservoir response,True
2001-07-06,R1,2373689.48,92.3737,synthetic_demo,synthetic reservoir response,True
2001-07-07,R1,2373887.96,92.3739,synthetic_demo,synthetic reservoir response,True
2001-07-08,R1,2374096.94,92.3741,synthetic_demo,synthetic reservoir response,True
2001-07-09,R1,2374282.29,92.3743,synthetic_demo,synthetic reservoir response,True
2001-07-10,R1,2374530.77,92.3745,synthetic_demo,synthetic reservoir response,True
2001-07-11,R1,2374730.87,92.3747,synthetic_demo,synthetic reservoir response,True
2001-07-12,R1,2375005.35,92.375,synthetic_demo,synthetic reservoir response,True
2001-07-13,R1,2375207.87,92.3752,synthetic_demo,synthetic reservoir response,True
2001-07-14,R1,2375455.89,92.3755,synthetic_demo,synthetic reservoir response,True
2001-07-15,R1,2375562.34,92.3756,synthetic_demo,synthetic reservoir response,True
2001-07-16,R1,2375679.55,92.3757,synthetic_demo,synthetic reservoir response,True
2001-07-17,R1,2375829.9,92.3758,synthetic_demo,synthetic reservoir response,True
2001-07-18,R1,2375959.59,92.376,synthetic_demo,synthetic reservoir response,True
2001-07-19,R1,2376147.04,92.3761,synthetic_demo,synthetic reservoir response,True
2001-07-20,R1,2376307.24,92.3763,synthetic_demo,synthetic reservoir response,True
2001-07-21,R1,2376420.96,92.3764,synthetic_demo,synthetic reservoir response,True
2001-07-22,R1,2376480.12,92.3765,synthetic_demo,synthetic reservoir response,True
2001-07-23,R1,2376554.39,92.3766,synthetic_demo,synthetic reservoir response,True
2001-07-24,R1,2376835.3,92.3768,synthetic_demo,synthetic reservoir response,True
2001-07-25,R1,2377095.06,92.3771,synthetic_demo,synthetic reservoir response,True
2001-07-26,R1,2377381.98,92.3774,synthetic_demo,synthetic reservoir response,True
2001-07-27,R1,2377713.08,92.3777,synthetic_demo,synthetic reservoir response,True
2001-07-28,R1,2377942.13,92.3779,synthetic_demo,synthetic reservoir response,True
2001-07-29,R1,2378163.22,92.3782,synthetic_demo,synthetic reservoir response,True
2001-07-30,R1,2378523.59,92.3785,synthetic_demo,synthetic reservoir response,True
2001-07-31,R1,2378767.57,92.3788,synthetic_demo,synthetic reservoir response,True
2001-08-01,R1,2379299.76,92.3793,synthetic_demo,synthetic reservoir response,True
2001-08-02,R1,2379839.96,92.3798,synthetic_demo,synthetic reservoir response,True
2001-08-03,R1,2380495.2,92.3805,synthetic_demo,synthetic reservoir response,True
2001-08-04,R1,2380966.71,92.381,synthetic_demo,synthetic reservoir response,True
2001-08-05,R1,2381611.7,92.3816,synthetic_demo,synthetic reservoir response,True
2001-08-06,R1,2382260.28,92.3823,synthetic_demo,synthetic reservoir response,True
2001-08-07,R1,2382840.74,92.3828,synthetic_demo,synthetic reservoir response,True
2001-08-08,R1,2383479.05,92.3835,synthetic_demo,synthetic reservoir response,True
2001-08-09,R1,2383980.18,92.384,synthetic_demo,synthetic reservoir response,True
2001-08-10,R1,2384479.04,92.3845,synthetic_demo,synthetic reservoir response,True
2001-08-11,R1,2385217.39,92.3852,synthetic_demo,synthetic reservoir response,True
2001-08-12,R1,2386119.08,92.3861,synthetic_demo,synthetic reservoir response,True
2001-08-13,R1,2386997.58,92.387,synthetic_demo,synthetic reservoir response,True
2001-08-14,R1,2388016.97,92.388,synthetic_demo,synthetic reservoir response,True
2001-08-15,R1,2389124.52,92.3891,synthetic_demo,synthetic reservoir response,True
2001-08-16,R1,2390149.48,92.3901,synthetic_demo,synthetic reservoir response,True
2001-08-17,R1,2391219.59,92.3912,synthetic_demo,synthetic reservoir response,True
2001-08-18,R1,2392434.52,92.3924,synthetic_demo,synthetic reservoir response,True
2001-08-19,R1,2393670.97,92.3937,synthetic_demo,synthetic reservoir response,True
2001-08-20,R1,2395048.12,92.395,synthetic_demo,synthetic reservoir response,True
2001-08-21,R1,2396336.29,92.3963,synthetic_demo,synthetic reservoir response,True
2001-08-22,R1,2397710.91,92.3977,synthetic_demo,synthetic reservoir response,True
2001-08-23,R1,2399139.74,92.3991,synthetic_demo,synthetic reservoir response,True
2001-08-24,R1,2400544.89,92.4005,synthetic_demo,synthetic reservoir response,True
2001-08-25,R1,2402015.58,92.402,synthetic_demo,synthetic reservoir response,True
2001-08-26,R1,2403500.81,92.4035,synthetic_demo,synthetic reservoir response,True
2001-08-27,R1,2404989.56,92.405,synthetic_demo,synthetic reservoir response,True
2001-08-28,R1,2406432.66,92.4064,synthetic_demo,synthetic reservoir response,True
2001-08-29,R1,2407979.52,92.408,synthetic_demo,synthetic reservoir response,True
2001-08-30,R1,2409482.61,92.4095,synthetic_demo,synthetic reservoir response,True
2001-08-31,R1,2411011.08,92.411,synthetic_demo,synthetic reservoir response,True
2001-09-01,R1,2412670.72,92.4127,synthetic_demo,synthetic reservoir response,True
2001-09-02,R1,2414378.09,92.4144,synthetic_demo,synthetic reservoir response,True
2001-09-03,R1,2415978.29,92.416,synthetic_demo,synthetic reservoir response,True
2001-09-04,R1,2417658.92,92.4177,synthetic_demo,synthetic reservoir response,True
2001-09-05,R1,2419367.99,92.4194,synthetic_demo,synthetic reservoir response,True
2001-09-06,R1,2421050.78,92.4211,synthetic_demo,synthetic reservoir response,True
2001-09-07,R1,2422868.17,92.4229,synthetic_demo,synthetic reservoir response,True
2001-09-08,R1,2424640.02,92.4246,synthetic_demo,synthetic reservoir response,True
2001-09-09,R1,2426379.92,92.4264,synthetic_demo,synthetic reservoir response,True
2001-09-10,R1,2428197.42,92.4282,synthetic_demo,synthetic reservoir response,True
2001-09-11,R1,2429914.8,92.4299,synthetic_demo,synthetic reservoir response,True
2001-09-12,R1,2431719.61,92.4317,synthetic_demo,synthetic reservoir response,True
2001-09-13,R1,2433438.67,92.4334,synthetic_demo,synthetic reservoir response,True
2001-09-14,R1,2435261.69,92.4353,synthetic_demo,synthetic reservoir response,True
2001-09-15,R1,2437012.34,92.437,synthetic_demo,synthetic reservoir response,True
2001-09-16,R1,2438759.17,92.4388,synthetic_demo,synthetic reservoir response,True
2001-09-17,R1,2440587.53,92.4406,synthetic_demo,synthetic reservoir response,True
2001-09-18,R1,2442387.31,92.4424,synthetic_demo,synthetic reservoir response,True
2001-09-19,R1,2444141.2,92.4441,synthetic_demo,synthetic reservoir response,True
2001-09-20,R1,2445865.97,92.4459,synthetic_demo,synthetic reservoir response,True
2001-09-21,R1,2447570.29,92.4476,synthetic_demo,synthetic reservoir response,True
2001-09-22,R1,2449655.41,92.4497,synthetic_demo,synthetic reservoir response,True
2001-09-23,R1,2451729.29,92.4517,synthetic_demo,synthetic reservoir response,True
2001-09-24,R1,2453815.09,92.4538,synthetic_demo,synthetic reservoir response,True
2001-09-25,R1,2455874.66,92.4559,synthetic_demo,synthetic reservoir response,True
2001-09-26,R1,2457885.36,92.4579,synthetic_demo,synthetic reservoir response,True
2001-09-27,R1,2460068.08,92.4601,synthetic_demo,synthetic reservoir response,True
2001-09-28,R1,2462047.78,92.462,synthetic_demo,synthetic reservoir response,True
2001-09-29,R1,2464084.89,92.4641,synthetic_demo,synthetic reservoir response,True
2001-09-30,R1,2466079.82,92.4661,synthetic_demo,synthetic reservoir response,True
2001-10-01,R1,2468064.71,92.4681,synthetic_demo,synthetic reservoir response,True
2001-10-02,R1,2469997.09,92.47,synthetic_demo,synthetic reservoir response,True
2001-10-03,R1,2471957.3,92.472,synthetic_demo,synthetic reservoir response,True
2001-10-04,R1,2473902.86,92.4739,synthetic_demo,synthetic reservoir response,True
2001-10-05,R1,2475795.69,92.4758,synthetic_demo,synthetic reservoir response,True
2001-10-06,R1,2477571.21,92.4776,synthetic_demo,synthetic reservoir response,True
2001-10-07,R1,2479509.46,92.4795,synthetic_demo,synthetic reservoir response,True
2001-10-08,R1,2481479.43,92.4815,synthetic_demo,synthetic reservoir response,True
2001-10-09,R1,2483483.79,92.4835,synthetic_demo,synthetic reservoir response,True
2001-10-10,R1,2485459.45,92.4855,synthetic_demo,synthetic reservoir response,True
2001-10-11,R1,2487440.96,92.4874,synthetic_demo,synthetic reservoir response,True
2001-10-12,R1,2489473.16,92.4895,synthetic_demo,synthetic reservoir response,True
2001-10-13,R1,2491485.95,92.4915,synthetic_demo,synthetic reservoir response,True
2001-10-14,R1,2493510.77,92.4935,synthetic_demo,synthetic reservoir response,True
2001-10-15,R1,2495508.31,92.4955,synthetic_demo,synthetic reservoir response,True
2001-10-16,R1,2497533.98,92.4975,synthetic_demo,synthetic reservoir response,True
2001-10-17,R1,2499595.28,92.4996,synthetic_demo,synthetic reservoir response,True
2001-10-18,R1,2501757.32,92.5018,synthetic_demo,synthetic reservoir response,True
2001-10-19,R1,2504128.11,92.5041,synthetic_demo,synthetic reservoir response,True
2001-10-20,R1,2506545.63,92.5065,synthetic_demo,synthetic reservoir response,True
2001-10-21,R1,2509062.9,92.5091,synthetic_demo,synthetic reservoir response,True
2001-10-22,R1,2511550.72,92.5116,synthetic_demo,synthetic reservoir response,True
2001-10-23,R1,2514042.68,92.514,synthetic_demo,synthetic reservoir response,True
2001-10-24,R1,2516430.81,92.5164,synthetic_demo,synthetic reservoir response,True
2001-10-25,R1,2518961.23,92.519,synthetic_demo,synthetic reservoir response,True
2001-10-26,R1,2521534.87,92.5215,synthetic_demo,synthetic reservoir response,True
2001-10-27,R1,2524106.62,92.5241,synthetic_demo,synthetic reservoir response,True
2001-10-28,R1,2526761.19,92.5268,synthetic_demo,synthetic reservoir response,True
2001-10-29,R1,2529436.55,92.5294,synthetic_demo,synthetic reservoir response,True
2001-10-30,R1,2531954.59,92.532,synthetic_demo,synthetic reservoir response,True
2001-10-31,R1,2534497.75,92.5345,synthetic_demo,synthetic reservoir response,True
2001-11-01,R1,2537026.3,92.537,synthetic_demo,synthetic reservoir response,True
2001-11-02,R1,2539641.28,92.5396,synthetic_demo,synthetic reservoir response,True
2001-11-03,R1,2542228.52,92.5422,synthetic_demo,synthetic reservoir response,True
2001-11-04,R1,2544879.17,92.5449,synthetic_demo,synthetic reservoir response,True
2001-11-05,R1,2547445.87,92.5474,synthetic_demo,synthetic reservoir response,True
2001-11-06,R1,2549970.7,92.55,synthetic_demo,synthetic reservoir response,True
2001-11-07,R1,2552597.11,92.5526,synthetic_demo,synthetic reservoir response,True
2001-11-08,R1,2555232.13,92.5552,synthetic_demo,synthetic reservoir response,True
2001-11-09,R1,2557717.83,92.5577,synthetic_demo,synthetic reservoir response,True
2001-11-10,R1,2560191.35,92.5602,synthetic_demo,synthetic reservoir response,True
2001-11-11,R1,2562564.19,92.5626,synthetic_demo,synthetic reservoir response,True
2001-11-12,R1,2564867.65,92.5649,synthetic_demo,synthetic reservoir response,True
2001-11-13,R1,2567185.2,92.5672,synthetic_demo,synthetic reservoir response,True
2001-11-14,R1,2569790.67,92.5698,synthetic_demo,synthetic reservoir response,True
2001-11-15,R1,2572341.92,92.5723,synthetic_demo,synthetic reservoir response,True
2001-11-16,R1,2574908.23,92.5749,synthetic_demo,synthetic reservoir response,True
2001-11-17,R1,2577493.81,92.5775,synthetic_demo,synthetic reservoir response,True
2001-11-18,R1,2580293.5,92.5803,synthetic_demo,synthetic reservoir response,True
2001-11-19,R1,2583045.03,92.583,synthetic_demo,synthetic reservoir response,True
2001-11-20,R1,2585802.14,92.5858,synthetic_demo,synthetic reservoir response,True
2001-11-21,R1,2588548.31,92.5885,synthetic_demo,synthetic reservoir response,True
2001-11-22,R1,2591277.05,92.5913,synthetic_demo,synthetic reservoir response,True
2001-11-23,R1,2594033.07,92.594,synthetic_demo,synthetic reservoir response,True
2001-11-24,R1,2596707.0,92.5967,synthetic_demo,synthetic reservoir response,True
2001-11-25,R1,2599302.35,92.5993,synthetic_demo,synthetic reservoir response,True
2001-11-26,R1,2602057.96,92.6021,synthetic_demo,synthetic reservoir response,True
2001-11-27,R1,2604831.32,92.6048,synthetic_demo,synthetic reservoir response,True
2001-11-28,R1,2607623.88,92.6076,synthetic_demo,synthetic reservoir response,True
2001-11-29,R1,2610328.62,92.6103,synthetic_demo,synthetic reservoir response,True
2001-11-30,R1,2613017.96,92.613,synthetic_demo,synthetic reservoir response,True
2001-12-01,R1,2615764.12,92.6158,synthetic_demo,synthetic reservoir response,True
2001-12-02,R1,2618426.08,92.6184,synthetic_demo,synthetic reservoir response,True
2001-12-03,R1,2620840.39,92.6208,synthetic_demo,synthetic reservoir response,True
2001-12-04,R1,2623158.8,92.6232,synthetic_demo,synthetic reservoir response,True
2001-12-05,R1,2625485.79,92.6255,synthetic_demo,synthetic reservoir response,True
2001-12-06,R1,2627933.09,92.6279,synthetic_demo,synthetic reservoir response,True
2001-12-07,R1,2630346.51,92.6303,synthetic_demo,synthetic reservoir response,True
2001-12-08,R1,2632838.04,92.6328,synthetic_demo,synthetic reservoir response,True
2001-12-09,R1,2635186.81,92.6352,synthetic_demo,synthetic reservoir response,True
2001-12-10,R1,2637711.44,92.6377,synthetic_demo,synthetic reservoir response,True
2001-12-11,R1,2640271.32,92.6403,synthetic_demo,synthetic reservoir response,True
2001-12-12,R1,2642874.88,92.6429,synthetic_demo,synthetic reservoir response,True
2001-12-13,R1,2645454.46,92.6455,synthetic_demo,synthetic reservoir response,True
2001-12-14,R1,2648015.7,92.648,synthetic_demo,synthetic reservoir response,True
2001-12-15,R1,2650619.41,92.6506,synthetic_demo,synthetic reservoir response,True
2001-12-16,R1,2653234.27,92.6532,synthetic_demo,synthetic reservoir response,True
2001-12-17,R1,2655792.97,92.6558,synthetic_demo,synthetic reservoir response,True
2001-12-18,R1,2658386.21,92.6584,synthetic_demo,synthetic reservoir response,True
2001-12-19,R1,2660860.29,92.6609,synthetic_demo,synthetic reservoir response,True
2001-12-20,R1,2663431.11,92.6634,synthetic_demo,synthetic reservoir response,True
2001-12-21,R1,2665949.14,92.6659,synthetic_demo,synthetic reservoir response,True
2001-12-22,R1,2668411.42,92.6684,synthetic_demo,synthetic reservoir response,True
2001-12-23,R1,2670881.71,92.6709,synthetic_demo,synthetic reservoir response,True
2001-12-24,R1,2673294.12,92.6733,synthetic_demo,synthetic reservoir response,True
2001-12-25,R1,2675713.27,92.6757,synthetic_demo,synthetic reservoir response,True
2001-12-26,R1,2678340.62,92.6783,synthetic_demo,synthetic reservoir response,True
2001-12-27,R1,2680821.01,92.6808,synthetic_demo,synthetic reservoir response,True
2001-12-28,R1,2683331.67,92.6833,synthetic_demo,synthetic reservoir response,True
2001-12-29,R1,2685698.69,92.6857,synthetic_demo,synthetic reservoir response,True
2001-12-30,R1,2688061.03,92.6881,synthetic_demo,synthetic reservoir response,True
2001-12-31,R1,2690387.39,92.6904,synthetic_demo,synthetic reservoir response,True
2002-01-01,R1,2692816.12,92.6928,synthetic_demo,synthetic reservoir response,True
2002-01-02,R1,2694956.75,92.695,synthetic_demo,synthetic reservoir response,True
2002-01-03,R1,2697066.54,92.6971,synthetic_demo,synthetic reservoir response,True
2002-01-04,R1,2699224.3,92.6992,synthetic_demo,synthetic reservoir response,True
2002-01-05,R1,2701463.87,92.7015,synthetic_demo,synthetic reservoir response,True
2002-01-06,R1,2703599.21,92.7036,synthetic_demo,synthetic reservoir response,True
2002-01-07,R1,2705749.16,92.7057,synthetic_demo,synthetic reservoir response,True
2002-01-08,R1,2707887.34,92.7079,synthetic_demo,synthetic reservoir response,True
2002-01-09,R1,2709884.93,92.7099,synthetic_demo,synthetic reservoir response,True
2002-01-10,R1,2711974.12,92.712,synthetic_demo,synthetic reservoir response,True
2002-01-11,R1,2713970.1,92.714,synthetic_demo,synthetic reservoir response,True
2002-01-12,R1,2715953.57,92.716,synthetic_demo,synthetic reservoir response,True
2002-01-13,R1,2717886.19,92.7179,synthetic_demo,synthetic reservoir response,True
2002-01-14,R1,2719889.67,92.7199,synthetic_demo,synthetic reservoir response,True
2002-01-15,R1,2721935.02,92.7219,synthetic_demo,synthetic reservoir response,True
2002-01-16,R1,2723966.87,92.724,synthetic_demo,synthetic reservoir response,True
2002-01-17,R1,2726016.45,92.726,synthetic_demo,synthetic reservoir response,True
2002-01-18,R1,2727938.08,92.7279,synthetic_demo,synthetic reservoir response,True
2002-01-19,R1,2729867.54,92.7299,synthetic_demo,synthetic reservoir response,True
2002-01-20,R1,2731715.58,92.7317,synthetic_demo,synthetic reservoir response,True
2002-01-21,R1,2733564.4,92.7336,synthetic_demo,synthetic reservoir response,True
2002-01-22,R1,2735352.54,92.7354,synthetic_demo,synthetic reservoir response,True
2002-01-23,R1,2737161.94,92.7372,synthetic_demo,synthetic reservoir response,True
2002-01-24,R1,2738888.06,92.7389,synthetic_demo,synthetic reservoir response,True
2002-01-25,R1,2740508.99,92.7405,synthetic_demo,synthetic reservoir response,True
2002-01-26,R1,2742081.98,92.7421,synthetic_demo,synthetic reservoir response,True
2002-01-27,R1,2743652.81,92.7437,synthetic_demo,synthetic reservoir response,True
2002-01-28,R1,2745176.64,92.7452,synthetic_demo,synthetic reservoir response,True
2002-01-29,R1,2746731.46,92.7467,synthetic_demo,synthetic reservoir response,True
2002-01-30,R1,2748203.59,92.7482,synthetic_demo,synthetic reservoir response,True
2002-01-31,R1,2749707.2,92.7497,synthetic_demo,synthetic reservoir response,True
2002-02-01,R1,2751157.22,92.7512,synthetic_demo,synthetic reservoir response,True
2002-02-02,R1,2752617.07,92.7526,synthetic_demo,synthetic reservoir response,True
2002-02-03,R1,2754031.92,92.754,synthetic_demo,synthetic reservoir response,True
2002-02-04,R1,2755424.83,92.7554,synthetic_demo,synthetic reservoir response,True
2002-02-05,R1,2756787.37,92.7568,synthetic_demo,synthetic reservoir response,True
2002-02-06,R1,2758214.48,92.7582,synthetic_demo,synthetic reservoir response,True
2002-02-07,R1,2759606.61,92.7596,synthetic_demo,synthetic reservoir response,True
2002-02-08,R1,2760951.36,92.761,synthetic_demo,synthetic reservoir response,True
2002-02-09,R1,2762297.02,92.7623,synthetic_demo,synthetic reservoir response,True
2002-02-10,R1,2763582.6,92.7636,synthetic_demo,synthetic reservoir response,True
2002-02-11,R1,2764838.31,92.7648,synthetic_demo,synthetic reservoir response,True
2002-02-12,R1,2766224.03,92.7662,synthetic_demo,synthetic reservoir response,True
2002-02-13,R1,2767518.06,92.7675,synthetic_demo,synthetic reservoir response,True
2002-02-14,R1,2768736.12,92.7687,synthetic_demo,synthetic reservoir response,True
2002-02-15,R1,2770025.11,92.77,synthetic_demo,synthetic reservoir response,True
2002-02-16,R1,2771235.11,92.7712,synthetic_demo,synthetic reservoir response,True
2002-02-17,R1,2772461.72,92.7725,synthetic_demo,synthetic reservoir response,True
2002-02-18,R1,2773917.13,92.7739,synthetic_demo,synthetic reservoir response,True
2002-02-19,R1,2775418.37,92.7754,synthetic_demo,synthetic reservoir response,True
2002-02-20,R1,2776898.22,92.7769,synthetic_demo,synthetic reservoir response,True
2002-02-21,R1,2778388.72,92.7784,synthetic_demo,synthetic reservoir response,True
2002-02-22,R1,2779920.24,92.7799,synthetic_demo,synthetic reservoir response,True
2002-02-23,R1,2781436.83,92.7814,synthetic_demo,synthetic reservoir response,True
2002-02-24,R1,2782827.8,92.7828,synthetic_demo,synthetic reservoir response,True
2002-02-25,R1,2784259.38,92.7843,synthetic_demo,synthetic reservoir response,True
2002-02-26,R1,2785714.32,92.7857,synthetic_demo,synthetic reservoir response,True
2002-02-27,R1,2787182.59,92.7872,synthetic_demo,synthetic reservoir response,True
2002-02-28,R1,2788590.03,92.7886,synthetic_demo,synthetic reservoir response,True
2002-03-01,R1,2789946.4,92.7899,synthetic_demo,synthetic reservoir response,True
2002-03-02,R1,2791362.83,92.7914,synthetic_demo,synthetic reservoir response,True
2002-03-03,R1,2792848.44,92.7928,synthetic_demo,synthetic reservoir response,True
2002-03-04,R1,2794233.83,92.7942,synthetic_demo,synthetic reservoir response,True
2002-03-05,R1,2795536.97,92.7955,synthetic_demo,synthetic reservoir response,True
2002-03-06,R1,2796844.23,92.7968,synthetic_demo,synthetic reservoir response,True
2002-03-07,R1,2798222.64,92.7982,synthetic_demo,synthetic reservoir response,True
2002-03-08,R1,2799558.39,92.7996,synthetic_demo,synthetic reservoir response,True
2002-03-09,R1,2800996.4,92.801,synthetic_demo,synthetic reservoir response,True
2002-03-10,R1,2802366.72,92.8024,synthetic_demo,synthetic reservoir response,True
2002-03-11,R1,2803777.03,92.8038,synthetic_demo,synthetic reservoir response,True
2002-03-12,R1,2805219.24,92.8052,synthetic_demo,synthetic reservoir response,True
2002-03-13,R1,2806575.4,92.8066,synthetic_demo,synthetic reservoir response,True
2002-03-14,R1,2807990.18,92.808,synthetic_demo,synthetic reservoir response,True
2002-03-15,R1,2809318.0,92.8093,synthetic_demo,synthetic reservoir response,True
2002-03-16,R1,2810615.0,92.8106,synthetic_demo,synthetic reservoir response,True
2002-03-17,R1,2811987.41,92.812,synthetic_demo,synthetic reservoir response,True
2002-03-18,R1,2813259.86,92.8133,synthetic_demo,synthetic reservoir response,True
2002-03-19,R1,2814686.48,92.8147,synthetic_demo,synthetic reservoir response,True
2002-03-20,R1,2815929.77,92.8159,synthetic_demo,synthetic reservoir response,True
2002-03-21,R1,2817191.02,92.8172,synthetic_demo,synthetic reservoir response,True
2002-03-22,R1,2818438.22,92.8184,synthetic_demo,synthetic reservoir response,True
2002-03-23,R1,2819623.81,92.8196,synthetic_demo,synthetic reservoir response,True
2002-03-24,R1,2820824.81,92.8208,synthetic_demo,synthetic reservoir response,True
2002-03-25,R1,2821957.88,92.822,synthetic_demo,synthetic reservoir response,True
2002-03-26,R1,2822925.92,92.8229,synthetic_demo,synthetic reservoir response,True
2002-03-27,R1,2824038.2,92.824,synthetic_demo,synthetic reservoir response,True
2002-03-28,R1,2825130.6,92.8251,synthetic_demo,synthetic reservoir response,True
2002-03-29,R1,2826270.15,92.8263,synthetic_demo,synthetic reservoir response,True
2002-03-30,R1,2827379.63,92.8274,synthetic_demo,synthetic reservoir response,True
2002-03-31,R1,2828472.13,92.8285,synthetic_demo,synthetic reservoir response,True
2002-04-01,R1,2829454.58,92.8295,synthetic_demo,synthetic reservoir response,True
2002-04-02,R1,2830546.45,92.8305,synthetic_demo,synthetic reservoir response,True
2002-04-03,R1,2831576.46,92.8316,synthetic_demo,synthetic reservoir response,True
2002-04-04,R1,2832477.64,92.8325,synthetic_demo,synthetic reservoir response,True
2002-04-05,R1,2833255.87,92.8333,synthetic_demo,synthetic reservoir response,True
2002-04-06,R1,2834015.96,92.834,synthetic_demo,synthetic reservoir response,True
2002-04-07,R1,2834907.26,92.8349,synthetic_demo,synthetic reservoir response,True
2002-04-08,R1,2835717.93,92.8357,synthetic_demo,synthetic reservoir response,True
2002-04-09,R1,2836493.73,92.8365,synthetic_demo,synthetic reservoir response,True
2002-04-10,R1,2837201.54,92.8372,synthetic_demo,synthetic reservoir response,True
2002-04-11,R1,2837958.76,92.838,synthetic_demo,synthetic reservoir response,True
2002-04-12,R1,2838745.71,92.8387,synthetic_demo,synthetic reservoir response,True
2002-04-13,R1,2839580.26,92.8396,synthetic_demo,synthetic reservoir response,True
2002-04-14,R1,2840231.28,92.8402,synthetic_demo,synthetic reservoir response,True
2002-04-15,R1,2840905.96,92.8409,synthetic_demo,synthetic reservoir response,True
2002-04-16,R1,2841544.84,92.8415,synthetic_demo,synthetic reservoir response,True
2002-04-17,R1,2842114.5,92.8421,synthetic_demo,synthetic reservoir response,True
2002-04-18,R1,2842705.84,92.8427,synthetic_demo,synthetic reservoir response,True
2002-04-19,R1,2843159.63,92.8432,synthetic_demo,synthetic reservoir response,True
2002-04-20,R1,2843764.09,92.8438,synthetic_demo,synthetic reservoir response,True
2002-04-21,R1,2844300.58,92.8443,synthetic_demo,synthetic reservoir response,True
2002-04-22,R1,2844732.36,92.8447,synthetic_demo,synthetic reservoir response,True
2002-04-23,R1,2845153.92,92.8452,synthetic_demo,synthetic reservoir response,True
2002-04-24,R1,2845544.0,92.8455,synthetic_demo,synthetic reservoir response,True
2002-04-25,R1,2845918.35,92.8459,synthetic_demo,synthetic reservoir response,True
2002-04-26,R1,2846325.75,92.8463,synthetic_demo,synthetic reservoir response,True
2002-04-27,R1,2846676.85,92.8467,synthetic_demo,synthetic reservoir response,True
2002-04-28,R1,2847066.48,92.8471,synthetic_demo,synthetic reservoir response,True
2002-04-29,R1,2847387.98,92.8474,synthetic_demo,synthetic reservoir response,True
2002-04-30,R1,2847719.1,92.8477,synthetic_demo,synthetic reservoir response,True
2002-05-01,R1,2847984.98,92.848,synthetic_demo,synthetic reservoir response,True
2002-05-02,R1,2848228.23,92.8482,synthetic_demo,synthetic reservoir response,True
2002-05-03,R1,2848548.57,92.8485,synthetic_demo,synthetic reservoir response,True
2002-05-04,R1,2848841.58,92.8488,synthetic_demo,synthetic reservoir response,True
2002-05-05,R1,2849019.31,92.849,synthetic_demo,synthetic reservoir response,True
2002-05-06,R1,2849165.86,92.8492,synthetic_demo,synthetic reservoir response,True
2002-05-07,R1,2849390.53,92.8494,synthetic_demo,synthetic reservoir response,True
2002-05-08,R1,2849701.68,92.8497,synthetic_demo,synthetic reservoir response,True
2002-05-09,R1,2849929.01,92.8499,synthetic_demo,synthetic reservoir response,True
2002-05-10,R1,2850135.41,92.8501,synthetic_demo,synthetic reservoir response,True
2002-05-11,R1,2850317.49,92.8503,synthetic_demo,synthetic reservoir response,True
2002-05-12,R1,2850538.89,92.8505,synthetic_demo,synthetic reservoir response,True
2002-05-13,R1,2850619.42,92.8506,synthetic_demo,synthetic reservoir response,True
2002-05-14,R1,2850756.62,92.8508,synthetic_demo,synthetic reservoir response,True
2002-05-15,R1,2850924.25,92.8509,synthetic_demo,synthetic reservoir response,True
2002-05-16,R1,2850986.1,92.851,synthetic_demo,synthetic reservoir response,True
2002-05-17,R1,2851006.93,92.851,synthetic_demo,synthetic reservoir response,True
2002-05-18,R1,2851057.45,92.8511,synthetic_demo,synthetic reservoir response,True
2002-05-19,R1,2851111.11,92.8511,synthetic_demo,synthetic reservoir response,True
2002-05-20,R1,2851125.31,92.8511,synthetic_demo,synthetic reservoir response,True
2002-05-21,R1,2851160.09,92.8512,synthetic_demo,synthetic reservoir response,True
2002-05-22,R1,2851233.54,92.8512,synthetic_demo,synthetic reservoir response,True
2002-05-23,R1,2851238.96,92.8512,synthetic_demo,synthetic reservoir response,True
2002-05-24,R1,2851210.2,92.8512,synthetic_demo,synthetic reservoir response,True
2002-05-25,R1,2851264.3,92.8513,synthetic_demo,synthetic reservoir response,True
2002-05-26,R1,2851300.24,92.8513,synthetic_demo,synthetic reservoir response,True
2002-05-27,R1,2851341.35,92.8513,synthetic_demo,synthetic reservoir response,True
2002-05-28,R1,2851381.72,92.8514,synthetic_demo,synthetic reservoir response,True
2002-05-29,R1,2851371.94,92.8514,synthetic_demo,synthetic reservoir response,True
2002-05-30,R1,2851407.73,92.8514,synthetic_demo,synthetic reservoir response,True
2002-05-31,R1,2851359.65,92.8514,synthetic_demo,synthetic reservoir response,True
2002-06-01,R1,2851427.2,92.8514,synthetic_demo,synthetic reservoir response,True
2002-06-02,R1,2851482.01,92.8515,synthetic_demo,synthetic reservoir response,True
2002-06-03,R1,2851458.28,92.8515,synthetic_demo,synthetic reservoir response,True
2002-06-04,R1,2851463.08,92.8515,synthetic_demo,synthetic reservoir response,True
2002-06-05,R1,2851435.52,92.8514,synthetic_demo,synthetic reservoir response,True
2002-06-06,R1,2851386.25,92.8514,synthetic_demo,synthetic reservoir response,True
2002-06-07,R1,2851267.45,92.8513,synthetic_demo,synthetic reservoir response,True
2002-06-08,R1,2851169.49,92.8512,synthetic_demo,synthetic reservoir response,True
2002-06-09,R1,2851081.31,92.8511,synthetic_demo,synthetic reservoir response,True
2002-06-10,R1,2850947.34,92.8509,synthetic_demo,synthetic reservoir response,True
2002-06-11,R1,2850713.04,92.8507,synthetic_demo,synthetic reservoir response,True
2002-06-12,R1,2850526.66,92.8505,synthetic_demo,synthetic reservoir response,True
2002-06-13,R1,2850260.65,92.8503,synthetic_demo,synthetic reservoir response,True
2002-06-14,R1,2850074.71,92.8501,synthetic_demo,synthetic reservoir response,True
2002-06-15,R1,2849872.88,92.8499,synthetic_demo,synthetic reservoir response,True
2002-06-16,R1,2849726.77,92.8497,synthetic_demo,synthetic reservoir response,True
2002-06-17,R1,2849594.92,92.8496,synthetic_demo,synthetic reservoir response,True
2002-06-18,R1,2849439.72,92.8494,synthetic_demo,synthetic reservoir response,True
2002-06-19,R1,2849252.55,92.8493,synthetic_demo,synthetic reservoir response,True
2002-06-20,R1,2849026.58,92.849,synthetic_demo,synthetic reservoir response,True
2002-06-21,R1,2848885.66,92.8489,synthetic_demo,synthetic reservoir response,True
2002-06-22,R1,2848683.24,92.8487,synthetic_demo,synthetic reservoir response,True
2002-06-23,R1,2848528.39,92.8485,synthetic_demo,synthetic reservoir response,True
2002-06-24,R1,2848283.83,92.8483,synthetic_demo,synthetic reservoir response,True
2002-06-25,R1,2848086.11,92.8481,synthetic_demo,synthetic reservoir response,True
2002-06-26,R1,2847962.29,92.848,synthetic_demo,synthetic reservoir response,True
2002-06-27,R1,2847732.78,92.8477,synthetic_demo,synthetic reservoir response,True
2002-06-28,R1,2847516.27,92.8475,synthetic_demo,synthetic reservoir response,True
2002-06-29,R1,2847314.44,92.8473,synthetic_demo,synthetic reservoir response,True
2002-06-30,R1,2847175.71,92.8472,synthetic_demo,synthetic reservoir response,True
2002-07-01,R1,2847010.87,92.847,synthetic_demo,synthetic reservoir response,True
2002-07-02,R1,2846949.24,92.8469,synthetic_demo,synthetic reservoir response,True
2002-07-03,R1,2846853.08,92.8469,synthetic_demo,synthetic reservoir response,True
2002-07-04,R1,2846706.96,92.8467,synthetic_demo,synthetic reservoir response,True
2002-07-05,R1,2846532.47,92.8465,synthetic_demo,synthetic reservoir response,True
2002-07-06,R1,2846544.7,92.8465,synthetic_demo,synthetic reservoir response,True
2002-07-07,R1,2846492.81,92.8465,synthetic_demo,synthetic reservoir response,True
2002-07-08,R1,2846512.33,92.8465,synthetic_demo,synthetic reservoir response,True
2002-07-09,R1,2846480.2,92.8465,synthetic_demo,synthetic reservoir response,True
2002-07-10,R1,2846470.39,92.8465,synthetic_demo,synthetic reservoir response,True
2002-07-11,R1,2846445.69,92.8464,synthetic_demo,synthetic reservoir response,True
2002-07-12,R1,2846563.32,92.8466,synthetic_demo,synthetic reservoir response,True
2002-07-13,R1,2846616.8,92.8466,synthetic_demo,synthetic reservoir response,True
2002-07-14,R1,2846553.74,92.8466,synthetic_demo,synthetic reservoir response,True
2002-07-15,R1,2846567.89,92.8466,synthetic_demo,synthetic reservoir response,True
2002-07-16,R1,2846666.02,92.8467,synthetic_demo,synthetic reservoir response,True
2002-07-17,R1,2846780.91,92.8468,synthetic_demo,synthetic reservoir response,True
2002-07-18,R1,2846929.03,92.8469,synthetic_demo,synthetic reservoir response,True
2002-07-19,R1,2847047.16,92.847,synthetic_demo,synthetic reservoir response,True
2002-07-20,R1,2847147.24,92.8471,synthetic_demo,synthetic reservoir response,True
2002-07-21,R1,2847261.63,92.8473,synthetic_demo,synthetic reservoir response,True
2002-07-22,R1,2847339.59,92.8473,synthetic_demo,synthetic reservoir response,True
2002-07-23,R1,2847479.32,92.8475,synthetic_demo,synthetic reservoir response,True
2002-07-24,R1,2847619.67,92.8476,synthetic_demo,synthetic reservoir response,True
2002-07-25,R1,2847860.66,92.8479,synthetic_demo,synthetic reservoir response,True
2002-07-26,R1,2847997.97,92.848,synthetic_demo,synthetic reservoir response,True
2002-07-27,R1,2848272.32,92.8483,synthetic_demo,synthetic reservoir response,True
2002-07-28,R1,2848559.23,92.8486,synthetic_demo,synthetic reservoir response,True
2002-07-29,R1,2848771.73,92.8488,synthetic_demo,synthetic reservoir response,True
2002-07-30,R1,2849065.18,92.8491,synthetic_demo,synthetic reservoir response,True
2002-07-31,R1,2849349.22,92.8493,synthetic_demo,synthetic reservoir response,True
2002-08-01,R1,2849530.15,92.8495,synthetic_demo,synthetic reservoir response,True
2002-08-02,R1,2849772.8,92.8498,synthetic_demo,synthetic reservoir response,True
2002-08-03,R1,2850072.39,92.8501,synthetic_demo,synthetic reservoir response,True
2002-08-04,R1,2850380.47,92.8504,synthetic_demo,synthetic reservoir response,True
2002-08-05,R1,2850692.81,92.8507,synthetic_demo,synthetic reservoir response,True
2002-08-06,R1,2850998.8,92.851,synthetic_demo,synthetic reservoir response,True
2002-08-07,R1,2851236.95,92.8512,synthetic_demo,synthetic reservoir response,True
2002-08-08,R1,2851552.55,92.8516,synthetic_demo,synthetic reservoir response,True
2002-08-09,R1,2851883.64,92.8519,synthetic_demo,synthetic reservoir response,True
2002-08-10,R1,2852256.68,92.8523,synthetic_demo,synthetic reservoir response,True
2002-08-11,R1,2852595.96,92.8526,synthetic_demo,synthetic reservoir response,True
2002-08-12,R1,2852910.65,92.8529,synthetic_demo,synthetic reservoir response,True
2002-08-13,R1,2853206.13,92.8532,synthetic_demo,synthetic reservoir response,True
2002-08-14,R1,2853506.04,92.8535,synthetic_demo,synthetic reservoir response,True
2002-08-15,R1,2853854.65,92.8539,synthetic_demo,synthetic reservoir response,True
2002-08-16,R1,2854186.87,92.8542,synthetic_demo,synthetic reservoir response,True
2002-08-17,R1,2854428.64,92.8544,synthetic_demo,synthetic reservoir response,True
2002-08-18,R1,2854718.59,92.8547,synthetic_demo,synthetic reservoir response,True
2002-08-19,R1,2854940.36,92.8549,synthetic_demo,synthetic reservoir response,True
2002-08-20,R1,2855070.36,92.8551,synthetic_demo,synthetic reservoir response,True
2002-08-21,R1,2855201.62,92.8552,synthetic_demo,synthetic reservoir response,True
2002-08-22,R1,2855376.35,92.8554,synthetic_demo,synthetic reservoir response,True
2002-08-23,R1,2855605.37,92.8556,synthetic_demo,synthetic reservoir response,True
2002-08-24,R1,2855811.96,92.8558,synthetic_demo,synthetic reservoir response,True
2002-08-25,R1,2855993.89,92.856,synthetic_demo,synthetic reservoir response,True
2002-08-26,R1,2856201.26,92.8562,synthetic_demo,synthetic reservoir response,True
2002-08-27,R1,2856409.86,92.8564,synthetic_demo,synthetic reservoir response,True
2002-08-28,R1,2856674.18,92.8567,synthetic_demo,synthetic reservoir response,True
2002-08-29,R1,2856929.27,92.8569,synthetic_demo,synthetic reservoir response,True
2002-08-30,R1,2857133.36,92.8571,synthetic_demo,synthetic reservoir response,True
2002-08-31,R1,2857441.16,92.8574,synthetic_demo,synthetic reservoir response,True
2002-09-01,R1,2857763.59,92.8578,synthetic_demo,synthetic reservoir response,True
2002-09-02,R1,2858038.84,92.858,synthetic_demo,synthetic reservoir response,True
2002-09-03,R1,2858383.57,92.8584,synthetic_demo,synthetic reservoir response,True
2002-09-04,R1,2858626.24,92.8586,synthetic_demo,synthetic reservoir response,True
2002-09-05,R1,2859003.52,92.859,synthetic_demo,synthetic reservoir response,True
2002-09-06,R1,2859301.27,92.8593,synthetic_demo,synthetic reservoir response,True
2002-09-07,R1,2859624.91,92.8596,synthetic_demo,synthetic reservoir response,True
2002-09-08,R1,2859858.23,92.8599,synthetic_demo,synthetic reservoir response,True
2002-09-09,R1,2860212.02,92.8602,synthetic_demo,synthetic reservoir response,True
2002-09-10,R1,2860540.31,92.8605,synthetic_demo,synthetic reservoir response,True
2002-09-11,R1,2860962.34,92.861,synthetic_demo,synthetic reservoir response,True
2002-09-12,R1,2861264.57,92.8613,synthetic_demo,synthetic reservoir response,True
2002-09-13,R1,2861632.74,92.8616,synthetic_demo,synthetic reservoir response,True
2002-09-14,R1,2862050.73,92.8621,synthetic_demo,synthetic reservoir response,True
2002-09-15,R1,2862375.87,92.8624,synthetic_demo,synthetic reservoir response,True
2002-09-16,R1,2862866.14,92.8629,synthetic_demo,synthetic reservoir response,True
2002-09-17,R1,2863205.67,92.8632,synthetic_demo,synthetic reservoir response,True
2002-09-18,R1,2863562.87,92.8636,synthetic_demo,synthetic reservoir response,True
2002-09-19,R1,2863962.01,92.864,synthetic_demo,synthetic reservoir response,True
2002-09-20,R1,2864296.81,92.8643,synthetic_demo,synthetic reservoir response,True
2002-09-21,R1,2864690.59,92.8647,synthetic_demo,synthetic reservoir response,True
2002-09-22,R1,2865092.15,92.8651,synthetic_demo,synthetic reservoir response,True
2002-09-23,R1,2865508.58,92.8655,synthetic_demo,synthetic reservoir response,True
2002-09-24,R1,2865918.79,92.8659,synthetic_demo,synthetic reservoir response,True
2002-09-25,R1,2866279.81,92.8663,synthetic_demo,synthetic reservoir response,True
2002-09-26,R1,2866728.63,92.8667,synthetic_demo,synthetic reservoir response,True
2002-09-27,R1,2867147.28,92.8671,synthetic_demo,synthetic reservoir response,True
2002-09-28,R1,2867558.84,92.8676,synthetic_demo,synthetic reservoir response,True
2002-09-29,R1,2867978.06,92.868,synthetic_demo,synthetic reservoir response,True
2002-09-30,R1,2868434.71,92.8684,synthetic_demo,synthetic reservoir response,True
2002-10-01,R1,2868836.31,92.8688,synthetic_demo,synthetic reservoir response,True
2002-10-02,R1,2869170.7,92.8692,synthetic_demo,synthetic reservoir response,True
2002-10-03,R1,2869488.0,92.8695,synthetic_demo,synthetic reservoir response,True
2002-10-04,R1,2869831.63,92.8698,synthetic_demo,synthetic reservoir response,True
2002-10-05,R1,2870244.31,92.8702,synthetic_demo,synthetic reservoir response,True
2002-10-06,R1,2870659.35,92.8707,synthetic_demo,synthetic reservoir response,True
2002-10-07,R1,2871135.03,92.8711,synthetic_demo,synthetic reservoir response,True
2002-10-08,R1,2871691.86,92.8717,synthetic_demo,synthetic reservoir response,True
2002-10-09,R1,2872310.72,92.8723,synthetic_demo,synthetic reservoir response,True
2002-10-10,R1,2873000.15,92.873,synthetic_demo,synthetic reservoir response,True
2002-10-11,R1,2873598.69,92.8736,synthetic_demo,synthetic reservoir response,True
2002-10-12,R1,2874284.32,92.8743,synthetic_demo,synthetic reservoir response,True
2002-10-13,R1,2874866.79,92.8749,synthetic_demo,synthetic reservoir response,True
2002-10-14,R1,2875484.45,92.8755,synthetic_demo,synthetic reservoir response,True
2002-10-15,R1,2876022.97,92.876,synthetic_demo,synthetic reservoir response,True
2002-10-16,R1,2876629.04,92.8766,synthetic_demo,synthetic reservoir response,True
2002-10-17,R1,2877206.93,92.8772,synthetic_demo,synthetic reservoir response,True
2002-10-18,R1,2877876.86,92.8779,synthetic_demo,synthetic reservoir response,True
2002-10-19,R1,2878531.08,92.8785,synthetic_demo,synthetic reservoir response,True
2002-10-20,R1,2879173.56,92.8792,synthetic_demo,synthetic reservoir response,True
2002-10-21,R1,2879820.51,92.8798,synthetic_demo,synthetic reservoir response,True
2002-10-22,R1,2880501.32,92.8805,synthetic_demo,synthetic reservoir response,True
2002-10-23,R1,2881235.13,92.8812,synthetic_demo,synthetic reservoir response,True
2002-10-24,R1,2881885.72,92.8819,synthetic_demo,synthetic reservoir response,True
2002-10-25,R1,2882542.67,92.8825,synthetic_demo,synthetic reservoir response,True
2002-10-26,R1,2883145.43,92.8831,synthetic_demo,synthetic reservoir response,True
2002-10-27,R1,2883718.44,92.8837,synthetic_demo,synthetic reservoir response,True
2002-10-28,R1,2884314.77,92.8843,synthetic_demo,synthetic reservoir response,True
2002-10-29,R1,2884921.19,92.8849,synthetic_demo,synthetic reservoir response,True
2002-10-30,R1,2885513.2,92.8855,synthetic_demo,synthetic reservoir response,True
2002-10-31,R1,2886166.79,92.8862,synthetic_demo,synthetic reservoir response,True
2002-11-01,R1,2886776.4,92.8868,synthetic_demo,synthetic reservoir response,True
2002-11-02,R1,2887448.49,92.8874,synthetic_demo,synthetic reservoir response,True
2002-11-03,R1,2888109.61,92.8881,synthetic_demo,synthetic reservoir response,True
2002-11-04,R1,2888808.67,92.8888,synthetic_demo,synthetic reservoir response,True
2002-11-05,R1,2889515.47,92.8895,synthetic_demo,synthetic reservoir response,True
2002-11-06,R1,2890213.95,92.8902,synthetic_demo,synthetic reservoir response,True
2002-11-07,R1,2890941.62,92.8909,synthetic_demo,synthetic reservoir response,True
2002-11-08,R1,2891665.05,92.8917,synthetic_demo,synthetic reservoir response,True
2002-11-09,R1,2892420.33,92.8924,synthetic_demo,synthetic reservoir response,True
2002-11-10,R1,2893099.89,92.8931,synthetic_demo,synthetic reservoir response,True
2002-11-11,R1,2893887.65,92.8939,synthetic_demo,synthetic reservoir response,True
2002-11-12,R1,2894573.4,92.8946,synthetic_demo,synthetic reservoir response,True
2002-11-13,R1,2895458.25,92.8955,synthetic_demo,synthetic reservoir response,True
2002-11-14,R1,2896348.88,92.8963,synthetic_demo,synthetic reservoir response,True
2002-11-15,R1,2897267.4,92.8973,synthetic_demo,synthetic reservoir response,True
2002-11-16,R1,2898129.37,92.8981,synthetic_demo,synthetic reservoir response,True
2002-11-17,R1,2898964.18,92.899,synthetic_demo,synthetic reservoir response,True
2002-11-18,R1,2899773.26,92.8998,synthetic_demo,synthetic reservoir response,True
2002-11-19,R1,2900679.83,92.9007,synthetic_demo,synthetic reservoir response,True
2002-11-20,R1,2901493.07,92.9015,synthetic_demo,synthetic reservoir response,True
2002-11-21,R1,2902243.74,92.9022,synthetic_demo,synthetic reservoir response,True
2002-11-22,R1,2902966.57,92.903,synthetic_demo,synthetic reservoir response,True
2002-11-23,R1,2903681.77,92.9037,synthetic_demo,synthetic reservoir response,True
2002-11-24,R1,2904421.02,92.9044,synthetic_demo,synthetic reservoir response,True
2002-11-25,R1,2905196.45,92.9052,synthetic_demo,synthetic reservoir response,True
2002-11-26,R1,2905999.04,92.906,synthetic_demo,synthetic reservoir response,True
2002-11-27,R1,2906689.33,92.9067,synthetic_demo,synthetic reservoir response,True
2002-11-28,R1,2907365.7,92.9074,synthetic_demo,synthetic reservoir response,True
2002-11-29,R1,2908081.89,92.9081,synthetic_demo,synthetic reservoir response,True
2002-11-30,R1,2908664.71,92.9087,synthetic_demo,synthetic reservoir response,True
2002-12-01,R1,2909315.97,92.9093,synthetic_demo,synthetic reservoir response,True
2002-12-02,R1,2909958.77,92.91,synthetic_demo,synthetic reservoir response,True
2002-12-03,R1,2910680.73,92.9107,synthetic_demo,synthetic reservoir response,True
2002-12-04,R1,2911389.57,92.9114,synthetic_demo,synthetic reservoir response,True
2002-12-05,R1,2912144.39,92.9121,synthetic_demo,synthetic reservoir response,True
2002-12-06,R1,2912754.55,92.9128,synthetic_demo,synthetic reservoir response,True
2002-12-07,R1,2913452.9,92.9135,synthetic_demo,synthetic reservoir response,True
2002-12-08,R1,2914112.79,92.9141,synthetic_demo,synthetic reservoir response,True
2002-12-09,R1,2914724.59,92.9147,synthetic_demo,synthetic reservoir response,True
2002-12-10,R1,2915382.18,92.9154,synthetic_demo,synthetic reservoir response,True
2002-12-11,R1,2916003.79,92.916,synthetic_demo,synthetic reservoir response,True
2002-12-12,R1,2916775.96,92.9168,synthetic_demo,synthetic reservoir response,True
2002-12-13,R1,2917371.18,92.9174,synthetic_demo,synthetic reservoir response,True
2002-12-14,R1,2917915.86,92.9179,synthetic_demo,synthetic reservoir response,True
2002-12-15,R1,2918508.2,92.9185,synthetic_demo,synthetic reservoir response,True
2002-12-16,R1,2919108.05,92.9191,synthetic_demo,synthetic reservoir response,True
2002-12-17,R1,2919737.96,92.9197,synthetic_demo,synthetic reservoir response,True
2002-12-18,R1,2920238.58,92.9202,synthetic_demo,synthetic reservoir response,True
2002-12-19,R1,2920784.04,92.9208,synthetic_demo,synthetic reservoir response,True
2002-12-20,R1,2921377.82,92.9214,synthetic_demo,synthetic reservoir response,True
2002-12-21,R1,2921918.18,92.9219,synthetic_demo,synthetic reservoir response,True
2002-12-22,R1,2922485.64,92.9225,synthetic_demo,synthetic reservoir response,True
2002-12-23,R1,2923043.68,92.923,synthetic_demo,synthetic reservoir response,True
2002-12-24,R1,2923562.41,92.9236,synthetic_demo,synthetic reservoir response,True
2002-12-25,R1,2924220.1,92.9242,synthetic_demo,synthetic reservoir response,True
2002-12-26,R1,2924722.77,92.9247,synthetic_demo,synthetic reservoir response,True
2002-12-27,R1,2925342.21,92.9253,synthetic_demo,synthetic reservoir response,True
2002-12-28,R1,2925925.77,92.9259,synthetic_demo,synthetic reservoir response,True
2002-12-29,R1,2926520.19,92.9265,synthetic_demo,synthetic reservoir response,True
2002-12-30,R1,2927213.27,92.9272,synthetic_demo,synthetic reservoir response,True
2002-12-31,R1,2927763.57,92.9278,synthetic_demo,synthetic reservoir response,True
2003-01-01,R1,2928437.0,92.9284,synthetic_demo,synthetic reservoir response,True
2003-01-02,R1,2928993.17,92.929,synthetic_demo,synthetic reservoir response,True
2003-01-03,R1,2929510.25,92.9295,synthetic_demo,synthetic reservoir response,True
2003-01-04,R1,2930037.53,92.93,synthetic_demo,synthetic reservoir response,True
2003-01-05,R1,2930491.45,92.9305,synthetic_demo,synthetic reservoir response,True
2003-01-06,R1,2930992.13,92.931,synthetic_demo,synthetic reservoir response,True
2003-01-07,R1,2931470.0,92.9315,synthetic_demo,synthetic reservoir response,True
2003-01-08,R1,2931985.59,92.932,synthetic_demo,synthetic reservoir response,True
2003-01-09,R1,2932397.1,92.9324,synthetic_demo,synthetic reservoir response,True
2003-01-10,R1,2932920.97,92.9329,synthetic_demo,synthetic reservoir response,True
2003-01-11,R1,2933427.82,92.9334,synthetic_demo,synthetic reservoir response,True
2003-01-12,R1,2933902.51,92.9339,synthetic_demo,synthetic reservoir response,True
2003-01-13,R1,2934417.81,92.9344,synthetic_demo,synthetic reservoir response,True
2003-01-14,R1,2934985.98,92.935,synthetic_demo,synthetic reservoir response,True
2003-01-15,R1,2935483.26,92.9355,synthetic_demo,synthetic reservoir response,True
2003-01-16,R1,2936030.28,92.936,synthetic_demo,synthetic reservoir response,True
2003-01-17,R1,2936441.07,92.9364,synthetic_demo,synthetic reservoir response,True
2003-01-18,R1,2936906.38,92.9369,synthetic_demo,synthetic reservoir response,True
2003-01-19,R1,2937381.25,92.9374,synthetic_demo,synthetic reservoir response,True
2003-01-20,R1,2937988.2,92.938,synthetic_demo,synthetic reservoir response,True
2003-01-21,R1,2938479.42,92.9385,synthetic_demo,synthetic reservoir response,True
2003-01-22,R1,2938889.07,92.9389,synthetic_demo,synthetic reservoir response,True
2003-01-23,R1,2939292.25,92.9393,synthetic_demo,synthetic reservoir response,True
2003-01-24,R1,2939715.0,92.9397,synthetic_demo,synthetic reservoir response,True
2003-01-25,R1,2940257.62,92.9403,synthetic_demo,synthetic reservoir response,True
2003-01-26,R1,2940687.79,92.9407,synthetic_demo,synthetic reservoir response,True
2003-01-27,R1,2941192.8,92.9412,synthetic_demo,synthetic reservoir response,True
2003-01-28,R1,2941676.62,92.9417,synthetic_demo,synthetic reservoir response,True
2003-01-29,R1,2942060.75,92.9421,synthetic_demo,synthetic reservoir response,True
2003-01-30,R1,2942453.03,92.9425,synthetic_demo,synthetic reservoir response,True
2003-01-31,R1,2942959.94,92.943,synthetic_demo,synthetic reservoir response,True
2003-02-01,R1,2943446.89,92.9434,synthetic_demo,synthetic reservoir response,True
2003-02-02,R1,2943883.89,92.9439,synthetic_demo,synthetic reservoir response,True
2003-02-03,R1,2944379.95,92.9444,synthetic_demo,synthetic reservoir response,True
2003-02-04,R1,2944881.35,92.9449,synthetic_demo,synthetic reservoir response,True
2003-02-05,R1,2945345.95,92.9453,synthetic_demo,synthetic reservoir response,True
2003-02-06,R1,2945743.18,92.9457,synthetic_demo,synthetic reservoir response,True
2003-02-07,R1,2946244.83,92.9462,synthetic_demo,synthetic reservoir response,True
2003-02-08,R1,2946678.82,92.9467,synthetic_demo,synthetic reservoir response,True
2003-02-09,R1,2947096.53,92.9471,synthetic_demo,synthetic reservoir response,True
2003-02-10,R1,2947456.01,92.9475,synthetic_demo,synthetic reservoir response,True
2003-02-11,R1,2947699.06,92.9477,synthetic_demo,synthetic reservoir response,True
2003-02-12,R1,2947981.39,92.948,synthetic_demo,synthetic reservoir response,True
2003-02-13,R1,2948275.33,92.9483,synthetic_demo,synthetic reservoir response,True
2003-02-14,R1,2948499.07,92.9485,synthetic_demo,synthetic reservoir response,True
2003-02-15,R1,2948731.4,92.9487,synthetic_demo,synthetic reservoir response,True
2003-02-16,R1,2948951.79,92.949,synthetic_demo,synthetic reservoir response,True
2003-02-17,R1,2949180.81,92.9492,synthetic_demo,synthetic reservoir response,True
2003-02-18,R1,2949397.94,92.9494,synthetic_demo,synthetic reservoir response,True
2003-02-19,R1,2949614.57,92.9496,synthetic_demo,synthetic reservoir response,True
2003-02-20,R1,2949875.56,92.9499,synthetic_demo,synthetic reservoir response,True
2003-02-21,R1,2950080.55,92.9501,synthetic_demo,synthetic reservoir response,True
2003-02-22,R1,2950357.1,92.9504,synthetic_demo,synthetic reservoir response,True
2003-02-23,R1,2950592.99,92.9506,synthetic_demo,synthetic reservoir response,True
2003-02-24,R1,2950839.67,92.9508,synthetic_demo,synthetic reservoir response,True
2003-02-25,R1,2951057.1,92.9511,synthetic_demo,synthetic reservoir response,True
2003-02-26,R1,2951254.83,92.9513,synthetic_demo,synthetic reservoir response,True
2003-02-27,R1,2951421.23,92.9514,synthetic_demo,synthetic reservoir response,True
2003-02-28,R1,2951550.36,92.9516,synthetic_demo,synthetic reservoir response,True
2003-03-01,R1,2951650.59,92.9517,synthetic_demo,synthetic reservoir response,True
2003-03-02,R1,2951847.1,92.9518,synthetic_demo,synthetic reservoir response,True
2003-03-03,R1,2952049.85,92.952,synthetic_demo,synthetic reservoir response,True
2003-03-04,R1,2952158.32,92.9522,synthetic_demo,synthetic reservoir response,True
2003-03-05,R1,2952273.31,92.9523,synthetic_demo,synthetic reservoir response,True
2003-03-06,R1,2952370.84,92.9524,synthetic_demo,synthetic reservoir response,True
2003-03-07,R1,2952529.43,92.9525,synthetic_demo,synthetic reservoir response,True
2003-03-08,R1,2952675.51,92.9527,synthetic_demo,synthetic reservoir response,True
2003-03-09,R1,2952723.05,92.9527,synthetic_demo,synthetic reservoir response,True
2003-03-10,R1,2952771.48,92.9528,synthetic_demo,synthetic reservoir response,True
2003-03-11,R1,2952848.61,92.9528,synthetic_demo,synthetic reservoir response,True
2003-03-12,R1,2952851.48,92.9529,synthetic_demo,synthetic reservoir response,True
2003-03-13,R1,2952951.18,92.953,synthetic_demo,synthetic reservoir response,True
2003-03-14,R1,2952959.09,92.953,synthetic_demo,synthetic reservoir response,True
2003-03-15,R1,2952912.67,92.9529,synthetic_demo,synthetic reservoir response,True
2003-03-16,R1,2952953.38,92.953,synthetic_demo,synthetic reservoir response,True
2003-03-17,R1,2952970.55,92.953,synthetic_demo,synthetic reservoir response,True
2003-03-18,R1,2953035.6,92.953,synthetic_demo,synthetic reservoir response,True
2003-03-19,R1,2953092.36,92.9531,synthetic_demo,synthetic reservoir response,True
2003-03-20,R1,2953127.02,92.9531,synthetic_demo,synthetic reservoir response,True
2003-03-21,R1,2953117.08,92.9531,synthetic_demo,synthetic reservoir response,True
2003-03-22,R1,2953005.03,92.953,synthetic_demo,synthetic reservoir response,True
2003-03-23,R1,2953047.09,92.953,synthetic_demo,synthetic reservoir response,True
2003-03-24,R1,2953013.93,92.953,synthetic_demo,synthetic reservoir response,True
2003-03-25,R1,2953054.43,92.9531,synthetic_demo,synthetic reservoir response,True
2003-03-26,R1,2953024.49,92.953,synthetic_demo,synthetic reservoir response,True
2003-03-27,R1,2953009.19,92.953,synthetic_demo,synthetic reservoir response,True
2003-03-28,R1,2953010.83,92.953,synthetic_demo,synthetic reservoir response,True
2003-03-29,R1,2952995.42,92.953,synthetic_demo,synthetic reservoir response,True
2003-03-30,R1,2952966.35,92.953,synthetic_demo,synthetic reservoir response,True
2003-03-31,R1,2952938.46,92.9529,synthetic_demo,synthetic reservoir response,True
2003-04-01,R1,2952901.58,92.9529,synthetic_demo,synthetic reservoir response,True
2003-04-02,R1,2952833.14,92.9528,synthetic_demo,synthetic reservoir response,True
2003-04-03,R1,2952753.94,92.9528,synthetic_demo,synthetic reservoir response,True
2003-04-04,R1,2952620.65,92.9526,synthetic_demo,synthetic reservoir response,True
2003-04-05,R1,2952543.41,92.9525,synthetic_demo,synthetic reservoir response,True
2003-04-06,R1,2952374.57,92.9524,synthetic_demo,synthetic reservoir response,True
2003-04-07,R1,2952254.38,92.9523,synthetic_demo,synthetic reservoir response,True
2003-04-08,R1,2952157.28,92.9522,synthetic_demo,synthetic reservoir response,True
2003-04-09,R1,2951990.75,92.952,synthetic_demo,synthetic reservoir response,True
2003-04-10,R1,2951939.23,92.9519,synthetic_demo,synthetic reservoir response,True
2003-04-11,R1,2951864.56,92.9519,synthetic_demo,synthetic reservoir response,True
2003-04-12,R1,2951806.29,92.9518,synthetic_demo,synthetic reservoir response,True
2003-04-13,R1,2951742.13,92.9517,synthetic_demo,synthetic reservoir response,True
2003-04-14,R1,2951730.1,92.9517,synthetic_demo,synthetic reservoir response,True
2003-04-15,R1,2951686.85,92.9517,synthetic_demo,synthetic reservoir response,True
2003-04-16,R1,2951669.2,92.9517,synthetic_demo,synthetic reservoir response,True
2003-04-17,R1,2951604.3,92.9516,synthetic_demo,synthetic reservoir response,True
2003-04-18,R1,2951539.65,92.9515,synthetic_demo,synthetic reservoir response,True
2003-04-19,R1,2951427.77,92.9514,synthetic_demo,synthetic reservoir response,True
2003-04-20,R1,2951304.03,92.9513,synthetic_demo,synthetic reservoir response,True
2003-04-21,R1,2951229.08,92.9512,synthetic_demo,synthetic reservoir response,True
2003-04-22,R1,2951202.57,92.9512,synthetic_demo,synthetic reservoir response,True
2003-04-23,R1,2951160.88,92.9512,synthetic_demo,synthetic reservoir response,True
2003-04-24,R1,2951180.72,92.9512,synthetic_demo,synthetic reservoir response,True
2003-04-25,R1,2951166.29,92.9512,synthetic_demo,synthetic reservoir response,True
2003-04-26,R1,2951159.47,92.9512,synthetic_demo,synthetic reservoir response,True
2003-04-27,R1,2951202.99,92.9512,synthetic_demo,synthetic reservoir response,True
2003-04-28,R1,2951103.73,92.9511,synthetic_demo,synthetic reservoir response,True
2003-04-29,R1,2950991.42,92.951,synthetic_demo,synthetic reservoir response,True
2003-04-30,R1,2951000.28,92.951,synthetic_demo,synthetic reservoir response,True
2003-05-01,R1,2950993.47,92.951,synthetic_demo,synthetic reservoir response,True
2003-05-02,R1,2950931.4,92.9509,synthetic_demo,synthetic reservoir response,True
2003-05-03,R1,2950833.85,92.9508,synthetic_demo,synthetic reservoir response,True
2003-05-04,R1,2950677.43,92.9507,synthetic_demo,synthetic reservoir response,True
2003-05-05,R1,2950590.46,92.9506,synthetic_demo,synthetic reservoir response,True
2003-05-06,R1,2950560.08,92.9506,synthetic_demo,synthetic reservoir response,True
2003-05-07,R1,2950461.05,92.9505,synthetic_demo,synthetic reservoir response,True
2003-05-08,R1,2950402.04,92.9504,synthetic_demo,synthetic reservoir response,True
2003-05-09,R1,2950345.87,92.9503,synthetic_demo,synthetic reservoir response,True
2003-05-10,R1,2950262.16,92.9503,synthetic_demo,synthetic reservoir response,True
2003-05-11,R1,2950168.79,92.9502,synthetic_demo,synthetic reservoir response,True
2003-05-12,R1,2950070.48,92.9501,synthetic_demo,synthetic reservoir response,True
2003-05-13,R1,2949970.8,92.95,synthetic_demo,synthetic reservoir response,True
2003-05-14,R1,2949914.94,92.9499,synthetic_demo,synthetic reservoir response,True
2003-05-15,R1,2949838.49,92.9498,synthetic_demo,synthetic reservoir response,True
2003-05-16,R1,2949718.25,92.9497,synthetic_demo,synthetic reservoir response,True
2003-05-17,R1,2949544.54,92.9495,synthetic_demo,synthetic reservoir response,True
2003-05-18,R1,2949416.04,92.9494,synthetic_demo,synthetic reservoir response,True
2003-05-19,R1,2949250.18,92.9493,synthetic_demo,synthetic reservoir response,True
2003-05-20,R1,2949126.17,92.9491,synthetic_demo,synthetic reservoir response,True
2003-05-21,R1,2949087.54,92.9491,synthetic_demo,synthetic reservoir response,True
2003-05-22,R1,2948872.44,92.9489,synthetic_demo,synthetic reservoir response,True
2003-05-23,R1,2948681.72,92.9487,synthetic_demo,synthetic reservoir response,True
2003-05-24,R1,2948529.8,92.9485,synthetic_demo,synthetic reservoir response,True
2003-05-25,R1,2948331.39,92.9483,synthetic_demo,synthetic reservoir response,True
2003-05-26,R1,2948144.48,92.9481,synthetic_demo,synthetic reservoir response,True
2003-05-27,R1,2947965.3,92.948,synthetic_demo,synthetic reservoir response,True
2003-05-28,R1,2947757.2,92.9478,synthetic_demo,synthetic reservoir response,True
2003-05-29,R1,2947636.55,92.9476,synthetic_demo,synthetic reservoir response,True
2003-05-30,R1,2947422.5,92.9474,synthetic_demo,synthetic reservoir response,True
2003-05-31,R1,2947250.17,92.9473,synthetic_demo,synthetic reservoir response,True
2003-06-01,R1,2946986.14,92.947,synthetic_demo,synthetic reservoir response,True
2003-06-02,R1,2946828.58,92.9468,synthetic_demo,synthetic reservoir response,True
2003-06-03,R1,2946595.43,92.9466,synthetic_demo,synthetic reservoir response,True
2003-06-04,R1,2946371.45,92.9464,synthetic_demo,synthetic reservoir response,True
2003-06-05,R1,2946169.05,92.9462,synthetic_demo,synthetic reservoir response,True
2003-06-06,R1,2945864.25,92.9459,synthetic_demo,synthetic reservoir response,True
2003-06-07,R1,2945667.82,92.9457,synthetic_demo,synthetic reservoir response,True
2003-06-08,R1,2945492.65,92.9455,synthetic_demo,synthetic reservoir response,True
2003-06-09,R1,2945251.56,92.9453,synthetic_demo,synthetic reservoir response,True
2003-06-10,R1,2945012.56,92.945,synthetic_demo,synthetic reservoir response,True
2003-06-11,R1,2944695.01,92.9447,synthetic_demo,synthetic reservoir response,True
2003-06-12,R1,2944432.91,92.9444,synthetic_demo,synthetic reservoir response,True
2003-06-13,R1,2944171.44,92.9442,synthetic_demo,synthetic reservoir response,True
2003-06-14,R1,2943932.51,92.9439,synthetic_demo,synthetic reservoir response,True
2003-06-15,R1,2943631.95,92.9436,synthetic_demo,synthetic reservoir response,True
2003-06-16,R1,2943289.57,92.9433,synthetic_demo,synthetic reservoir response,True
2003-06-17,R1,2942990.92,92.943,synthetic_demo,synthetic reservoir response,True
2003-06-18,R1,2942760.28,92.9428,synthetic_demo,synthetic reservoir response,True
2003-06-19,R1,2942452.02,92.9425,synthetic_demo,synthetic reservoir response,True
2003-06-20,R1,2942193.88,92.9422,synthetic_demo,synthetic reservoir response,True
2003-06-21,R1,2941876.54,92.9419,synthetic_demo,synthetic reservoir response,True
2003-06-22,R1,2941581.42,92.9416,synthetic_demo,synthetic reservoir response,True
2003-06-23,R1,2941261.55,92.9413,synthetic_demo,synthetic reservoir response,True
2003-06-24,R1,2941013.81,92.941,synthetic_demo,synthetic reservoir response,True
2003-06-25,R1,2940761.21,92.9408,synthetic_demo,synthetic reservoir response,True
2003-06-26,R1,2940486.57,92.9405,synthetic_demo,synthetic reservoir response,True
2003-06-27,R1,2940202.48,92.9402,synthetic_demo,synthetic reservoir response,True
2003-06-28,R1,2939859.57,92.9399,synthetic_demo,synthetic reservoir response,True
2003-06-29,R1,2939532.98,92.9395,synthetic_demo,synthetic reservoir response,True
2003-06-30,R1,2939300.02,92.9393,synthetic_demo,synthetic reservoir response,True
2003-07-01,R1,2939087.78,92.9391,synthetic_demo,synthetic reservoir response,True
2003-07-02,R1,2938829.31,92.9388,synthetic_demo,synthetic reservoir response,True
2003-07-03,R1,2938708.25,92.9387,synthetic_demo,synthetic reservoir response,True
2003-07-04,R1,2938640.61,92.9386,synthetic_demo,synthetic reservoir response,True
2003-07-05,R1,2938534.58,92.9385,synthetic_demo,synthetic reservoir response,True
2003-07-06,R1,2938379.82,92.9384,synthetic_demo,synthetic reservoir response,True
2003-07-07,R1,2938278.95,92.9383,synthetic_demo,synthetic reservoir response,True
2003-07-08,R1,2938195.5,92.9382,synthetic_demo,synthetic reservoir response,True
2003-07-09,R1,2938159.75,92.9382,synthetic_demo,synthetic reservoir response,True
2003-07-10,R1,2938051.43,92.9381,synthetic_demo,synthetic reservoir response,True
2003-07-11,R1,2938070.32,92.9381,synthetic_demo,synthetic reservoir response,True
2003-07-12,R1,2938051.88,92.9381,synthetic_demo,synthetic reservoir response,True
2003-07-13,R1,2937892.23,92.9379,synthetic_demo,synthetic reservoir response,True
2003-07-14,R1,2937745.84,92.9377,synthetic_demo,synthetic reservoir response,True
2003-07-15,R1,2937587.82,92.9376,synthetic_demo,synthetic reservoir response,True
2003-07-16,R1,2937468.96,92.9375,synthetic_demo,synthetic reservoir response,True
2003-07-17,R1,2937479.69,92.9375,synthetic_demo,synthetic reservoir response,True
2003-07-18,R1,2937489.83,92.9375,synthetic_demo,synthetic reservoir response,True
2003-07-19,R1,2937549.99,92.9375,synthetic_demo,synthetic reservoir response,True
2003-07-20,R1,2937613.11,92.9376,synthetic_demo,synthetic reservoir response,True
2003-07-21,R1,2937656.81,92.9377,synthetic_demo,synthetic reservoir response,True
2003-07-22,R1,2937713.77,92.9377,synthetic_demo,synthetic reservoir response,True
2003-07-23,R1,2937871.37,92.9379,synthetic_demo,synthetic reservoir response,True
2003-07-24,R1,2937879.44,92.9379,synthetic_demo,synthetic reservoir response,True
2003-07-25,R1,2937955.34,92.938,synthetic_demo,synthetic reservoir response,True
2003-07-26,R1,2937959.54,92.938,synthetic_demo,synthetic reservoir response,True
2003-07-27,R1,2938048.34,92.938,synthetic_demo,synthetic reservoir response,True
2003-07-28,R1,2938085.93,92.9381,synthetic_demo,synthetic reservoir response,True
2003-07-29,R1,2938093.04,92.9381,synthetic_demo,synthetic reservoir response,True
2003-07-30,R1,2938106.61,92.9381,synthetic_demo,synthetic reservoir response,True
2003-07-31,R1,2938172.41,92.9382,synthetic_demo,synthetic reservoir response,True
2003-08-01,R1,2938278.6,92.9383,synthetic_demo,synthetic reservoir response,True
2003-08-02,R1,2938445.91,92.9384,synthetic_demo,synthetic reservoir response,True
2003-08-03,R1,2938623.21,92.9386,synthetic_demo,synthetic reservoir response,True
2003-08-04,R1,2938767.8,92.9388,synthetic_demo,synthetic reservoir response,True
2003-08-05,R1,2938912.88,92.9389,synthetic_demo,synthetic reservoir response,True
2003-08-06,R1,2939055.32,92.9391,synthetic_demo,synthetic reservoir response,True
2003-08-07,R1,2939405.2,92.9394,synthetic_demo,synthetic reservoir response,True
2003-08-08,R1,2939728.61,92.9397,synthetic_demo,synthetic reservoir response,True
2003-08-09,R1,2939983.86,92.94,synthetic_demo,synthetic reservoir response,True
2003-08-10,R1,2940277.74,92.9403,synthetic_demo,synthetic reservoir response,True
2003-08-11,R1,2940543.96,92.9405,synthetic_demo,synthetic reservoir response,True
2003-08-12,R1,2940853.9,92.9409,synthetic_demo,synthetic reservoir response,True
2003-08-13,R1,2941196.5,92.9412,synthetic_demo,synthetic reservoir response,True
2003-08-14,R1,2941555.79,92.9416,synthetic_demo,synthetic reservoir response,True
2003-08-15,R1,2941932.31,92.9419,synthetic_demo,synthetic reservoir response,True
2003-08-16,R1,2942189.54,92.9422,synthetic_demo,synthetic reservoir response,True
2003-08-17,R1,2942432.46,92.9424,synthetic_demo,synthetic reservoir response,True
2003-08-18,R1,2942662.96,92.9427,synthetic_demo,synthetic reservoir response,True
2003-08-19,R1,2942911.58,92.9429,synthetic_demo,synthetic reservoir response,True
2003-08-20,R1,2943386.46,92.9434,synthetic_demo,synthetic reservoir response,True
2003-08-21,R1,2943836.73,92.9438,synthetic_demo,synthetic reservoir response,True
2003-08-22,R1,2944254.57,92.9443,synthetic_demo,synthetic reservoir response,True
2003-08-23,R1,2944656.4,92.9447,synthetic_demo,synthetic reservoir response,True
2003-08-24,R1,2945149.52,92.9451,synthetic_demo,synthetic reservoir response,True
2003-08-25,R1,2945610.57,92.9456,synthetic_demo,synthetic reservoir response,True
2003-08-26,R1,2946122.58,92.9461,synthetic_demo,synthetic reservoir response,True
2003-08-27,R1,2946641.33,92.9466,synthetic_demo,synthetic reservoir response,True
2003-08-28,R1,2947265.4,92.9473,synthetic_demo,synthetic reservoir response,True
2003-08-29,R1,2947871.02,92.9479,synthetic_demo,synthetic reservoir response,True
2003-08-30,R1,2948434.27,92.9484,synthetic_demo,synthetic reservoir response,True
2003-08-31,R1,2949012.48,92.949,synthetic_demo,synthetic reservoir response,True
2003-09-01,R1,2949546.81,92.9495,synthetic_demo,synthetic reservoir response,True
2003-09-02,R1,2950050.35,92.9501,synthetic_demo,synthetic reservoir response,True
2003-09-03,R1,2950565.91,92.9506,synthetic_demo,synthetic reservoir response,True
2003-09-04,R1,2951003.11,92.951,synthetic_demo,synthetic reservoir response,True
2003-09-05,R1,2951576.66,92.9516,synthetic_demo,synthetic reservoir response,True
2003-09-06,R1,2952243.39,92.9522,synthetic_demo,synthetic reservoir response,True
2003-09-07,R1,2952848.19,92.9528,synthetic_demo,synthetic reservoir response,True
2003-09-08,R1,2953427.12,92.9534,synthetic_demo,synthetic reservoir response,True
2003-09-09,R1,2954082.85,92.9541,synthetic_demo,synthetic reservoir response,True
2003-09-10,R1,2954729.75,92.9547,synthetic_demo,synthetic reservoir response,True
2003-09-11,R1,2955273.33,92.9553,synthetic_demo,synthetic reservoir response,True
2003-09-12,R1,2955774.27,92.9558,synthetic_demo,synthetic reservoir response,True
2003-09-13,R1,2956366.68,92.9564,synthetic_demo,synthetic reservoir response,True
2003-09-14,R1,2957041.87,92.957,synthetic_demo,synthetic reservoir response,True
2003-09-15,R1,2957658.86,92.9577,synthetic_demo,synthetic reservoir response,True
2003-09-16,R1,2958192.13,92.9582,synthetic_demo,synthetic reservoir response,True
2003-09-17,R1,2958849.64,92.9588,synthetic_demo,synthetic reservoir response,True
2003-09-18,R1,2959414.42,92.9594,synthetic_demo,synthetic reservoir response,True
2003-09-19,R1,2959969.7,92.96,synthetic_demo,synthetic reservoir response,True
2003-09-20,R1,2960498.21,92.9605,synthetic_demo,synthetic reservoir response,True
2003-09-21,R1,2960921.3,92.9609,synthetic_demo,synthetic reservoir response,True
2003-09-22,R1,2961505.67,92.9615,synthetic_demo,synthetic reservoir response,True
2003-09-23,R1,2961975.31,92.962,synthetic_demo,synthetic reservoir response,True
2003-09-24,R1,2962414.09,92.9624,synthetic_demo,synthetic reservoir response,True
2003-09-25,R1,2962932.74,92.9629,synthetic_demo,synthetic reservoir response,True
2003-09-26,R1,2963370.83,92.9634,synthetic_demo,synthetic reservoir response,True
2003-09-27,R1,2963809.55,92.9638,synthetic_demo,synthetic reservoir response,True
2003-09-28,R1,2964337.62,92.9643,synthetic_demo,synthetic reservoir response,True
2003-09-29,R1,2964914.59,92.9649,synthetic_demo,synthetic reservoir response,True
2003-09-30,R1,2965464.39,92.9655,synthetic_demo,synthetic reservoir response,True
2003-10-01,R1,2965932.0,92.9659,synthetic_demo,synthetic reservoir response,True
2003-10-02,R1,2966453.92,92.9665,synthetic_demo,synthetic reservoir response,True
2003-10-03,R1,2966966.73,92.967,synthetic_demo,synthetic reservoir response,True
2003-10-04,R1,2967442.81,92.9674,synthetic_demo,synthetic reservoir response,True
2003-10-05,R1,2967872.17,92.9679,synthetic_demo,synthetic reservoir response,True
2003-10-06,R1,2968366.8,92.9684,synthetic_demo,synthetic reservoir response,True
2003-10-07,R1,2968802.27,92.9688,synthetic_demo,synthetic reservoir response,True
2003-10-08,R1,2969177.76,92.9692,synthetic_demo,synthetic reservoir response,True
2003-10-09,R1,2969553.4,92.9696,synthetic_demo,synthetic reservoir response,True
2003-10-10,R1,2969970.72,92.97,synthetic_demo,synthetic reservoir response,True
2003-10-11,R1,2970448.66,92.9704,synthetic_demo,synthetic reservoir response,True
2003-10-12,R1,2970892.61,92.9709,synthetic_demo,synthetic reservoir response,True
2003-10-13,R1,2971262.63,92.9713,synthetic_demo,synthetic reservoir response,True
2003-10-14,R1,2971629.53,92.9716,synthetic_demo,synthetic reservoir response,True
2003-10-15,R1,2972002.35,92.972,synthetic_demo,synthetic reservoir response,True
2003-10-16,R1,2972401.89,92.9724,synthetic_demo,synthetic reservoir response,True
2003-10-17,R1,2972709.17,92.9727,synthetic_demo,synthetic reservoir response,True
2003-10-18,R1,2973121.72,92.9731,synthetic_demo,synthetic reservoir response,True
2003-10-19,R1,2973490.0,92.9735,synthetic_demo,synthetic reservoir response,True
2003-10-20,R1,2973817.58,92.9738,synthetic_demo,synthetic reservoir response,True
2003-10-21,R1,2974135.97,92.9741,synthetic_demo,synthetic reservoir response,True
2003-10-22,R1,2974501.2,92.9745,synthetic_demo,synthetic reservoir response,True
2003-10-23,R1,2974826.27,92.9748,synthetic_demo,synthetic reservoir response,True
2003-10-24,R1,2975227.37,92.9752,synthetic_demo,synthetic reservoir response,True
2003-10-25,R1,2975539.81,92.9755,synthetic_demo,synthetic reservoir response,True
2003-10-26,R1,2976016.44,92.976,synthetic_demo,synthetic reservoir response,True
2003-10-27,R1,2976566.85,92.9766,synthetic_demo,synthetic reservoir response,True
2003-10-28,R1,2977097.25,92.9771,synthetic_demo,synthetic reservoir response,True
2003-10-29,R1,2977830.64,92.9778,synthetic_demo,synthetic reservoir response,True
2003-10-30,R1,2978470.48,92.9785,synthetic_demo,synthetic reservoir response,True
2003-10-31,R1,2979255.28,92.9793,synthetic_demo,synthetic reservoir response,True
2003-11-01,R1,2980002.24,92.98,synthetic_demo,synthetic reservoir response,True
2003-11-02,R1,2980777.14,92.9808,synthetic_demo,synthetic reservoir response,True
2003-11-03,R1,2981594.0,92.9816,synthetic_demo,synthetic reservoir response,True
2003-11-04,R1,2982535.48,92.9825,synthetic_demo,synthetic reservoir response,True
2003-11-05,R1,2983441.75,92.9834,synthetic_demo,synthetic reservoir response,True
2003-11-06,R1,2984372.96,92.9844,synthetic_demo,synthetic reservoir response,True
2003-11-07,R1,2985307.74,92.9853,synthetic_demo,synthetic reservoir response,True
2003-11-08,R1,2986374.78,92.9864,synthetic_demo,synthetic reservoir response,True
2003-11-09,R1,2987490.36,92.9875,synthetic_demo,synthetic reservoir response,True
2003-11-10,R1,2988596.17,92.9886,synthetic_demo,synthetic reservoir response,True
2003-11-11,R1,2989786.19,92.9898,synthetic_demo,synthetic reservoir response,True
2003-11-12,R1,2990934.59,92.9909,synthetic_demo,synthetic reservoir response,True
2003-11-13,R1,2991979.71,92.992,synthetic_demo,synthetic reservoir response,True
2003-11-14,R1,2993151.08,92.9932,synthetic_demo,synthetic reservoir response,True
2003-11-15,R1,2994319.16,92.9943,synthetic_demo,synthetic reservoir response,True
2003-11-16,R1,2995553.66,92.9956,synthetic_demo,synthetic reservoir response,True
2003-11-17,R1,2996729.21,92.9967,synthetic_demo,synthetic reservoir response,True
2003-11-18,R1,2997868.56,92.9979,synthetic_demo,synthetic reservoir response,True
2003-11-19,R1,2998972.45,92.999,synthetic_demo,synthetic reservoir response,True
2003-11-20,R1,3000174.43,93.0002,synthetic_demo,synthetic reservoir response,True
2003-11-21,R1,3001360.1,93.0014,synthetic_demo,synthetic reservoir response,True
2003-11-22,R1,3002569.4,93.0026,synthetic_demo,synthetic reservoir response,True
2003-11-23,R1,3003708.83,93.0037,synthetic_demo,synthetic reservoir response,True
2003-11-24,R1,3004939.87,93.0049,synthetic_demo,synthetic reservoir response,True
2003-11-25,R1,3006035.79,93.006,synthetic_demo,synthetic reservoir response,True
2003-11-26,R1,3007256.61,93.0073,synthetic_demo,synthetic reservoir response,True
2003-11-27,R1,3008429.11,93.0084,synthetic_demo,synthetic reservoir response,True
2003-11-28,R1,3009607.33,93.0096,synthetic_demo,synthetic reservoir response,True
2003-11-29,R1,3010767.98,93.0108,synthetic_demo,synthetic reservoir response,True
2003-11-30,R1,3011960.38,93.012,synthetic_demo,synthetic reservoir response,True
2003-12-01,R1,3013172.69,93.0132,synthetic_demo,synthetic reservoir response,True
2003-12-02,R1,3014353.03,93.0144,synthetic_demo,synthetic reservoir response,True
2003-12-03,R1,3015536.26,93.0155,synthetic_demo,synthetic reservoir response,True
2003-12-04,R1,3016759.85,93.0168,synthetic_demo,synthetic reservoir response,True
2003-12-05,R1,3017920.07,93.0179,synthetic_demo,synthetic reservoir response,True
2003-12-06,R1,3019195.41,93.0192,synthetic_demo,synthetic reservoir response,True
2003-12-07,R1,3020393.94,93.0204,synthetic_demo,synthetic reservoir response,True
2003-12-08,R1,3021595.86,93.0216,synthetic_demo,synthetic reservoir response,True
2003-12-09,R1,3022809.25,93.0228,synthetic_demo,synthetic reservoir response,True
2003-12-10,R1,3024087.47,93.0241,synthetic_demo,synthetic reservoir response,True
2003-12-11,R1,3025162.64,93.0252,synthetic_demo,synthetic reservoir response,True
2003-12-12,R1,3026203.5,93.0262,synthetic_demo,synthetic reservoir response,True
2003-12-13,R1,3027264.66,93.0273,synthetic_demo,synthetic reservoir response,True
2003-12-14,R1,3028287.53,93.0283,synthetic_demo,synthetic reservoir response,True
2003-12-15,R1,3029286.46,93.0293,synthetic_demo,synthetic reservoir response,True
2003-12-16,R1,3030171.31,93.0302,synthetic_demo,synthetic reservoir response,True
2003-12-17,R1,3031099.56,93.0311,synthetic_demo,synthetic reservoir response,True
2003-12-18,R1,3032070.28,93.0321,synthetic_demo,synthetic reservoir response,True
2003-12-19,R1,3032886.15,93.0329,synthetic_demo,synthetic reservoir response,True
2003-12-20,R1,3033722.29,93.0337,synthetic_demo,synthetic reservoir response,True
2003-12-21,R1,3034663.74,93.0347,synthetic_demo,synthetic reservoir response,True
2003-12-22,R1,3035547.82,93.0355,synthetic_demo,synthetic reservoir response,True
2003-12-23,R1,3036298.01,93.0363,synthetic_demo,synthetic reservoir response,True
2003-12-24,R1,3037036.04,93.037,synthetic_demo,synthetic reservoir response,True
2003-12-25,R1,3037723.16,93.0377,synthetic_demo,synthetic reservoir response,True
2003-12-26,R1,3038420.5,93.0384,synthetic_demo,synthetic reservoir response,True
2003-12-27,R1,3039135.99,93.0391,synthetic_demo,synthetic reservoir response,True
2003-12-28,R1,3039810.99,93.0398,synthetic_demo,synthetic reservoir response,True
2003-12-29,R1,3040424.7,93.0404,synthetic_demo,synthetic reservoir response,True
2003-12-30,R1,3041081.66,93.0411,synthetic_demo,synthetic reservoir response,True
2003-12-31,R1,3041704.7,93.0417,synthetic_demo,synthetic reservoir response,True
2004-01-01,R1,3042255.02,93.0423,synthetic_demo,synthetic reservoir response,True
2004-01-02,R1,3042843.31,93.0428,synthetic_demo,synthetic reservoir response,True
2004-01-03,R1,3043372.8,93.0434,synthetic_demo,synthetic reservoir response,True
2004-01-04,R1,3043861.26,93.0439,synthetic_demo,synthetic reservoir response,True
2004-01-05,R1,3044344.59,93.0443,synthetic_demo,synthetic reservoir response,True
2004-01-06,R1,3044849.16,93.0448,synthetic_demo,synthetic reservoir response,True
2004-01-07,R1,3045521.5,93.0455,synthetic_demo,synthetic reservoir response,True
2004-01-08,R1,3046271.81,93.0463,synthetic_demo,synthetic reservoir response,True
2004-01-09,R1,3046977.42,93.047,synthetic_demo,synthetic reservoir response,True
2004-01-10,R1,3047656.35,93.0477,synthetic_demo,synthetic reservoir response,True
2004-01-11,R1,3048245.32,93.0482,synthetic_demo,synthetic reservoir response,True
2004-01-12,R1,3048878.96,93.0489,synthetic_demo,synthetic reservoir response,True
2004-01-13,R1,3049515.54,93.0495,synthetic_demo,synthetic reservoir response,True
2004-01-14,R1,3050114.84,93.0501,synthetic_demo,synthetic reservoir response,True
2004-01-15,R1,3050799.11,93.0508,synthetic_demo,synthetic reservoir response,True
2004-01-16,R1,3051473.45,93.0515,synthetic_demo,synthetic reservoir response,True
2004-01-17,R1,3052134.54,93.0521,synthetic_demo,synthetic reservoir response,True
2004-01-18,R1,3052817.82,93.0528,synthetic_demo,synthetic reservoir response,True
2004-01-19,R1,3053482.01,93.0535,synthetic_demo,synthetic reservoir response,True
2004-01-20,R1,3054090.87,93.0541,synthetic_demo,synthetic reservoir response,True
2004-01-21,R1,3054783.21,93.0548,synthetic_demo,synthetic reservoir response,True
2004-01-22,R1,3055372.57,93.0554,synthetic_demo,synthetic reservoir response,True
2004-01-23,R1,3055923.85,93.0559,synthetic_demo,synthetic reservoir response,True
2004-01-24,R1,3056565.15,93.0566,synthetic_demo,synthetic reservoir response,True
2004-01-25,R1,3057183.63,93.0572,synthetic_demo,synthetic reservoir response,True
2004-01-26,R1,3057793.88,93.0578,synthetic_demo,synthetic reservoir response,True
2004-01-27,R1,3058431.31,93.0584,synthetic_demo,synthetic reservoir response,True
2004-01-28,R1,3059004.21,93.059,synthetic_demo,synthetic reservoir response,True
2004-01-29,R1,3059631.82,93.0596,synthetic_demo,synthetic reservoir response,True
2004-01-30,R1,3060249.76,93.0602,synthetic_demo,synthetic reservoir response,True
2004-01-31,R1,3060848.61,93.0608,synthetic_demo,synthetic reservoir response,True
2004-02-01,R1,3061403.74,93.0614,synthetic_demo,synthetic reservoir response,True
2004-02-02,R1,3061974.61,93.062,synthetic_demo,synthetic reservoir response,True
2004-02-03,R1,3062400.17,93.0624,synthetic_demo,synthetic reservoir response,True
2004-02-04,R1,3062892.46,93.0629,synthetic_demo,synthetic reservoir response,True
2004-02-05,R1,3063512.34,93.0635,synthetic_demo,synthetic reservoir response,True
2004-02-06,R1,3064024.89,93.064,synthetic_demo,synthetic reservoir response,True
2004-02-07,R1,3064530.75,93.0645,synthetic_demo,synthetic reservoir response,True
2004-02-08,R1,3065028.08,93.065,synthetic_demo,synthetic reservoir response,True
2004-02-09,R1,3065480.27,93.0655,synthetic_demo,synthetic reservoir response,True
2004-02-10,R1,3065892.43,93.0659,synthetic_demo,synthetic reservoir response,True
2004-02-11,R1,3066311.81,93.0663,synthetic_demo,synthetic reservoir response,True
2004-02-12,R1,3066736.89,93.0667,synthetic_demo,synthetic reservoir response,True
2004-02-13,R1,3067195.2,93.0672,synthetic_demo,synthetic reservoir response,True
2004-02-14,R1,3067626.25,93.0676,synthetic_demo,synthetic reservoir response,True
2004-02-15,R1,3068138.52,93.0681,synthetic_demo,synthetic reservoir response,True
2004-02-16,R1,3068487.45,93.0685,synthetic_demo,synthetic reservoir response,True
2004-02-17,R1,3068804.78,93.0688,synthetic_demo,synthetic reservoir response,True
2004-02-18,R1,3069106.23,93.0691,synthetic_demo,synthetic reservoir response,True
2004-02-19,R1,3069485.58,93.0695,synthetic_demo,synthetic reservoir response,True
2004-02-20,R1,3069860.81,93.0699,synthetic_demo,synthetic reservoir response,True
2004-02-21,R1,3070173.51,93.0702,synthetic_demo,synthetic reservoir response,True
2004-02-22,R1,3070457.46,93.0705,synthetic_demo,synthetic reservoir response,True
2004-02-23,R1,3070627.4,93.0706,synthetic_demo,synthetic reservoir response,True
2004-02-24,R1,3070826.5,93.0708,synthetic_demo,synthetic reservoir response,True
2004-02-25,R1,3071064.9,93.0711,synthetic_demo,synthetic reservoir response,True
2004-02-26,R1,3071329.08,93.0713,synthetic_demo,synthetic reservoir response,True
2004-02-27,R1,3071622.85,93.0716,synthetic_demo,synthetic reservoir response,True
2004-02-28,R1,3071834.46,93.0718,synthetic_demo,synthetic reservoir response,True
2004-02-29,R1,3072052.53,93.0721,synthetic_demo,synthetic reservoir response,True
2004-03-01,R1,3072222.81,93.0722,synthetic_demo,synthetic reservoir response,True
2004-03-02,R1,3072503.59,93.0725,synthetic_demo,synthetic reservoir response,True
2004-03-03,R1,3072768.19,93.0728,synthetic_demo,synthetic reservoir response,True
2004-03-04,R1,3072973.39,93.073,synthetic_demo,synthetic reservoir response,True
2004-03-05,R1,3073150.45,93.0732,synthetic_demo,synthetic reservoir response,True
2004-03-06,R1,3073252.62,93.0733,synthetic_demo,synthetic reservoir response,True
2004-03-07,R1,3073450.29,93.0735,synthetic_demo,synthetic reservoir response,True
2004-03-08,R1,3073580.06,93.0736,synthetic_demo,synthetic reservoir response,True
2004-03-09,R1,3073772.68,93.0738,synthetic_demo,synthetic reservoir response,True
2004-03-10,R1,3074008.03,93.074,synthetic_demo,synthetic reservoir response,True
2004-03-11,R1,3074166.26,93.0742,synthetic_demo,synthetic reservoir response,True
2004-03-12,R1,3074264.36,93.0743,synthetic_demo,synthetic reservoir response,True
2004-03-13,R1,3074460.29,93.0745,synthetic_demo,synthetic reservoir response,True
2004-03-14,R1,3074616.77,93.0746,synthetic_demo,synthetic reservoir response,True
2004-03-15,R1,3074699.15,93.0747,synthetic_demo,synthetic reservoir response,True
2004-03-16,R1,3074796.22,93.0748,synthetic_demo,synthetic reservoir response,True
2004-03-17,R1,3074996.18,93.075,synthetic_demo,synthetic reservoir response,True
2004-03-18,R1,3075136.16,93.0751,synthetic_demo,synthetic reservoir response,True
2004-03-19,R1,3075263.89,93.0753,synthetic_demo,synthetic reservoir response,True
2004-03-20,R1,3075407.79,93.0754,synthetic_demo,synthetic reservoir response,True
2004-03-21,R1,3075467.79,93.0755,synthetic_demo,synthetic reservoir response,True
2004-03-22,R1,3075562.3,93.0756,synthetic_demo,synthetic reservoir response,True
2004-03-23,R1,3075687.52,93.0757,synthetic_demo,synthetic reservoir response,True
2004-03-24,R1,3075821.19,93.0758,synthetic_demo,synthetic reservoir response,True
2004-03-25,R1,3075896.97,93.0759,synthetic_demo,synthetic reservoir response,True
2004-03-26,R1,3075969.81,93.076,synthetic_demo,synthetic reservoir response,True
2004-03-27,R1,3076121.14,93.0761,synthetic_demo,synthetic reservoir response,True
2004-03-28,R1,3076198.59,93.0762,synthetic_demo,synthetic reservoir response,True
2004-03-29,R1,3076327.54,93.0763,synthetic_demo,synthetic reservoir response,True
2004-03-30,R1,3076431.47,93.0764,synthetic_demo,synthetic reservoir response,True
2004-03-31,R1,3076579.5,93.0766,synthetic_demo,synthetic reservoir response,True
2004-04-01,R1,3076664.24,93.0767,synthetic_demo,synthetic reservoir response,True
2004-04-02,R1,3076759.17,93.0768,synthetic_demo,synthetic reservoir response,True
2004-04-03,R1,3076825.36,93.0768,synthetic_demo,synthetic reservoir response,True
2004-04-04,R1,3076966.27,93.077,synthetic_demo,synthetic reservoir response,True
2004-04-05,R1,3077101.35,93.0771,synthetic_demo,synthetic reservoir response,True
2004-04-06,R1,3077228.74,93.0772,synthetic_demo,synthetic reservoir response,True
2004-04-07,R1,3077305.88,93.0773,synthetic_demo,synthetic reservoir response,True
2004-04-08,R1,3077366.16,93.0774,synthetic_demo,synthetic reservoir response,True
2004-04-09,R1,3077489.1,93.0775,synthetic_demo,synthetic reservoir response,True
2004-04-10,R1,3077617.33,93.0776,synthetic_demo,synthetic reservoir response,True
2004-04-11,R1,3077821.1,93.0778,synthetic_demo,synthetic reservoir response,True
2004-04-12,R1,3077942.2,93.0779,synthetic_demo,synthetic reservoir response,True
2004-04-13,R1,3078060.06,93.0781,synthetic_demo,synthetic reservoir response,True
2004-04-14,R1,3078148.47,93.0781,synthetic_demo,synthetic reservoir response,True
2004-04-15,R1,3078396.99,93.0784,synthetic_demo,synthetic reservoir response,True
2004-04-16,R1,3078559.72,93.0786,synthetic_demo,synthetic reservoir response,True
2004-04-17,R1,3078767.13,93.0788,synthetic_demo,synthetic reservoir response,True
2004-04-18,R1,3078979.18,93.079,synthetic_demo,synthetic reservoir response,True
2004-04-19,R1,3079177.53,93.0792,synthetic_demo,synthetic reservoir response,True
2004-04-20,R1,3079354.16,93.0794,synthetic_demo,synthetic reservoir response,True
2004-04-21,R1,3079561.4,93.0796,synthetic_demo,synthetic reservoir response,True
2004-04-22,R1,3079937.63,93.0799,synthetic_demo,synthetic reservoir response,True
2004-04-23,R1,3080237.56,93.0802,synthetic_demo,synthetic reservoir response,True
2004-04-24,R1,3080490.69,93.0805,synthetic_demo,synthetic reservoir response,True
2004-04-25,R1,3080721.78,93.0807,synthetic_demo,synthetic reservoir response,True
2004-04-26,R1,3080948.1,93.0809,synthetic_demo,synthetic reservoir response,True
2004-04-27,R1,3081275.72,93.0813,synthetic_demo,synthetic reservoir response,True
2004-04-28,R1,3081525.02,93.0815,synthetic_demo,synthetic reservoir response,True
2004-04-29,R1,3081781.3,93.0818,synthetic_demo,synthetic reservoir response,True
2004-04-30,R1,3082036.94,93.082,synthetic_demo,synthetic reservoir response,True
2004-05-01,R1,3082250.5,93.0823,synthetic_demo,synthetic reservoir response,True
2004-05-02,R1,3082358.53,93.0824,synthetic_demo,synthetic reservoir response,True
2004-05-03,R1,3082533.54,93.0825,synthetic_demo,synthetic reservoir response,True
2004-05-04,R1,3082819.77,93.0828,synthetic_demo,synthetic reservoir response,True
2004-05-05,R1,3082969.11,93.083,synthetic_demo,synthetic reservoir response,True
2004-05-06,R1,3083132.14,93.0831,synthetic_demo,synthetic reservoir response,True
2004-05-07,R1,3083326.58,93.0833,synthetic_demo,synthetic reservoir response,True
2004-05-08,R1,3083443.9,93.0834,synthetic_demo,synthetic reservoir response,True
2004-05-09,R1,3083548.01,93.0835,synthetic_demo,synthetic reservoir response,True
2004-05-10,R1,3083645.5,93.0836,synthetic_demo,synthetic reservoir response,True
2004-05-11,R1,3083804.8,93.0838,synthetic_demo,synthetic reservoir response,True
2004-05-12,R1,3083920.62,93.0839,synthetic_demo,synthetic reservoir response,True
2004-05-13,R1,3084054.94,93.0841,synthetic_demo,synthetic reservoir response,True
2004-05-14,R1,3084137.48,93.0841,synthetic_demo,synthetic reservoir response,True
2004-05-15,R1,3084228.81,93.0842,synthetic_demo,synthetic reservoir response,True
2004-05-16,R1,3084294.5,93.0843,synthetic_demo,synthetic reservoir response,True
2004-05-17,R1,3084368.51,93.0844,synthetic_demo,synthetic reservoir response,True
2004-05-18,R1,3084682.36,93.0847,synthetic_demo,synthetic reservoir response,True
2004-05-19,R1,3084937.97,93.0849,synthetic_demo,synthetic reservoir response,True
2004-05-20,R1,3085147.43,93.0851,synthetic_demo,synthetic reservoir response,True
2004-05-21,R1,3085406.6,93.0854,synthetic_demo,synthetic reservoir response,True
2004-05-22,R1,3085647.94,93.0856,synthetic_demo,synthetic reservoir response,True
2004-05-23,R1,3085812.46,93.0858,synthetic_demo,synthetic reservoir response,True
2004-05-24,R1,3086054.92,93.0861,synthetic_demo,synthetic reservoir response,True
2004-05-25,R1,3086250.25,93.0863,synthetic_demo,synthetic reservoir response,True
2004-05-26,R1,3086528.23,93.0865,synthetic_demo,synthetic reservoir response,True
2004-05-27,R1,3086696.32,93.0867,synthetic_demo,synthetic reservoir response,True
2004-05-28,R1,3086868.19,93.0869,synthetic_demo,synthetic reservoir response,True
2004-05-29,R1,3087142.25,93.0871,synthetic_demo,synthetic reservoir response,True
2004-05-30,R1,3087323.35,93.0873,synthetic_demo,synthetic reservoir response,True
2004-05-31,R1,3087593.2,93.0876,synthetic_demo,synthetic reservoir response,True
2004-06-01,R1,3087853.45,93.0879,synthetic_demo,synthetic reservoir response,True
2004-06-02,R1,3088162.6,93.0882,synthetic_demo,synthetic reservoir response,True
2004-06-03,R1,3088467.97,93.0885,synthetic_demo,synthetic reservoir response,True
2004-06-04,R1,3088797.07,93.0888,synthetic_demo,synthetic reservoir response,True
2004-06-05,R1,3089034.46,93.089,synthetic_demo,synthetic reservoir response,True
2004-06-06,R1,3089286.36,93.0893,synthetic_demo,synthetic reservoir response,True
2004-06-07,R1,3089567.47,93.0896,synthetic_demo,synthetic reservoir response,True
2004-06-08,R1,3089887.98,93.0899,synthetic_demo,synthetic reservoir response,True
2004-06-09,R1,3090320.22,93.0903,synthetic_demo,synthetic reservoir response,True
2004-06-10,R1,3090733.8,93.0907,synthetic_demo,synthetic reservoir response,True
2004-06-11,R1,3091148.21,93.0911,synthetic_demo,synthetic reservoir response,True
2004-06-12,R1,3091508.58,93.0915,synthetic_demo,synthetic reservoir response,True
2004-06-13,R1,3091812.72,93.0918,synthetic_demo,synthetic reservoir response,True
2004-06-14,R1,3092199.82,93.0922,synthetic_demo,synthetic reservoir response,True
2004-06-15,R1,3092607.8,93.0926,synthetic_demo,synthetic reservoir response,True
2004-06-16,R1,3092977.9,93.093,synthetic_demo,synthetic reservoir response,True
2004-06-17,R1,3093379.39,93.0934,synthetic_demo,synthetic reservoir response,True
2004-06-18,R1,3093710.09,93.0937,synthetic_demo,synthetic reservoir response,True
2004-06-19,R1,3094042.47,93.094,synthetic_demo,synthetic reservoir response,True
2004-06-20,R1,3094374.56,93.0944,synthetic_demo,synthetic reservoir response,True
2004-06-21,R1,3094715.94,93.0947,synthetic_demo,synthetic reservoir response,True
2004-06-22,R1,3095112.53,93.0951,synthetic_demo,synthetic reservoir response,True
2004-06-23,R1,3095549.23,93.0955,synthetic_demo,synthetic reservoir response,True
2004-06-24,R1,3095945.35,93.0959,synthetic_demo,synthetic reservoir response,True
2004-06-25,R1,3096365.33,93.0964,synthetic_demo,synthetic reservoir response,True
2004-06-26,R1,3096812.29,93.0968,synthetic_demo,synthetic reservoir response,True
2004-06-27,R1,3097220.26,93.0972,synthetic_demo,synthetic reservoir response,True
2004-06-28,R1,3097563.8,93.0976,synthetic_demo,synthetic reservoir response,True
2004-06-29,R1,3098017.56,93.098,synthetic_demo,synthetic reservoir response,True
2004-06-30,R1,3098565.43,93.0986,synthetic_demo,synthetic reservoir response,True
2004-07-01,R1,3099154.79,93.0992,synthetic_demo,synthetic reservoir response,True
2004-07-02,R1,3099664.34,93.0997,synthetic_demo,synthetic reservoir response,True
2004-07-03,R1,3100132.26,93.1001,synthetic_demo,synthetic reservoir response,True
2004-07-04,R1,3100504.95,93.1005,synthetic_demo,synthetic reservoir response,True
2004-07-05,R1,3100899.58,93.1009,synthetic_demo,synthetic reservoir response,True
2004-07-06,R1,3101281.69,93.1013,synthetic_demo,synthetic reservoir response,True
2004-07-07,R1,3101754.61,93.1018,synthetic_demo,synthetic reservoir response,True
2004-07-08,R1,3102263.06,93.1023,synthetic_demo,synthetic reservoir response,True
2004-07-09,R1,3102741.3,93.1027,synthetic_demo,synthetic reservoir response,True
2004-07-10,R1,3103157.2,93.1032,synthetic_demo,synthetic reservoir response,True
2004-07-11,R1,3103649.34,93.1036,synthetic_demo,synthetic reservoir response,True
2004-07-12,R1,3104403.86,93.1044,synthetic_demo,synthetic reservoir response,True
2004-07-13,R1,3105206.63,93.1052,synthetic_demo,synthetic reservoir response,True
2004-07-14,R1,3106062.43,93.1061,synthetic_demo,synthetic reservoir response,True
2004-07-15,R1,3106693.26,93.1067,synthetic_demo,synthetic reservoir response,True
2004-07-16,R1,3107511.29,93.1075,synthetic_demo,synthetic reservoir response,True
2004-07-17,R1,3108332.53,93.1083,synthetic_demo,synthetic reservoir response,True
2004-07-18,R1,3109200.64,93.1092,synthetic_demo,synthetic reservoir response,True
2004-07-19,R1,3110058.05,93.1101,synthetic_demo,synthetic reservoir response,True
2004-07-20,R1,3110926.65,93.1109,synthetic_demo,synthetic reservoir response,True
2004-07-21,R1,3111824.87,93.1118,synthetic_demo,synthetic reservoir response,True
2004-07-22,R1,3112702.46,93.1127,synthetic_demo,synthetic reservoir response,True
2004-07-23,R1,3113591.8,93.1136,synthetic_demo,synthetic reservoir response,True
2004-07-24,R1,3114402.48,93.1144,synthetic_demo,synthetic reservoir response,True
2004-07-25,R1,3115180.86,93.1152,synthetic_demo,synthetic reservoir response,True
2004-07-26,R1,3115951.0,93.116,synthetic_demo,synthetic reservoir response,True
2004-07-27,R1,3116838.34,93.1168,synthetic_demo,synthetic reservoir response,True
2004-07-28,R1,3117762.11,93.1178,synthetic_demo,synthetic reservoir response,True
2004-07-29,R1,3118669.56,93.1187,synthetic_demo,synthetic reservoir response,True
2004-07-30,R1,3119582.34,93.1196,synthetic_demo,synthetic reservoir response,True
2004-07-31,R1,3120646.76,93.1206,synthetic_demo,synthetic reservoir response,True
2004-08-01,R1,3121689.33,93.1217,synthetic_demo,synthetic reservoir response,True
2004-08-02,R1,3122757.53,93.1228,synthetic_demo,synthetic reservoir response,True
2004-08-03,R1,3123868.89,93.1239,synthetic_demo,synthetic reservoir response,True
2004-08-04,R1,3125196.8,93.1252,synthetic_demo,synthetic reservoir response,True
2004-08-05,R1,3126481.21,93.1265,synthetic_demo,synthetic reservoir response,True
2004-08-06,R1,3127716.44,93.1277,synthetic_demo,synthetic reservoir response,True
2004-08-07,R1,3128961.16,93.129,synthetic_demo,synthetic reservoir response,True
2004-08-08,R1,3130151.03,93.1302,synthetic_demo,synthetic reservoir response,True
2004-08-09,R1,3131424.0,93.1314,synthetic_demo,synthetic reservoir response,True
2004-08-10,R1,3132729.6,93.1327,synthetic_demo,synthetic reservoir response,True
2004-08-11,R1,3134049.54,93.134,synthetic_demo,synthetic reservoir response,True
2004-08-12,R1,3135304.67,93.1353,synthetic_demo,synthetic reservoir response,True
2004-08-13,R1,3136532.25,93.1365,synthetic_demo,synthetic reservoir response,True
2004-08-14,R1,3137680.58,93.1377,synthetic_demo,synthetic reservoir response,True
2004-08-15,R1,3138843.81,93.1388,synthetic_demo,synthetic reservoir response,True
2004-08-16,R1,3140046.63,93.14,synthetic_demo,synthetic reservoir response,True
2004-08-17,R1,3141269.37,93.1413,synthetic_demo,synthetic reservoir response,True
2004-08-18,R1,3142516.06,93.1425,synthetic_demo,synthetic reservoir response,True
2004-08-19,R1,3143775.85,93.1438,synthetic_demo,synthetic reservoir response,True
2004-08-20,R1,3144962.54,93.145,synthetic_demo,synthetic reservoir response,True
2004-08-21,R1,3146139.3,93.1461,synthetic_demo,synthetic reservoir response,True
2004-08-22,R1,3147306.64,93.1473,synthetic_demo,synthetic reservoir response,True
2004-08-23,R1,3148495.21,93.1485,synthetic_demo,synthetic reservoir response,True
2004-08-24,R1,3149626.7,93.1496,synthetic_demo,synthetic reservoir response,True
2004-08-25,R1,3150785.6,93.1508,synthetic_demo,synthetic reservoir response,True
2004-08-26,R1,3151892.35,93.1519,synthetic_demo,synthetic reservoir response,True
2004-08-27,R1,3153075.67,93.1531,synthetic_demo,synthetic reservoir response,True
2004-08-28,R1,3154195.77,93.1542,synthetic_demo,synthetic reservoir response,True
2004-08-29,R1,3155450.1,93.1555,synthetic_demo,synthetic reservoir response,True
2004-08-30,R1,3156667.42,93.1567,synthetic_demo,synthetic reservoir response,True
2004-08-31,R1,3157884.58,93.1579,synthetic_demo,synthetic reservoir response,True
2004-09-01,R1,3159156.71,93.1592,synthetic_demo,synthetic reservoir response,True
2004-09-02,R1,3160345.33,93.1603,synthetic_demo,synthetic reservoir response,True
2004-09-03,R1,3161580.49,93.1616,synthetic_demo,synthetic reservoir response,True
2004-09-04,R1,3162742.98,93.1627,synthetic_demo,synthetic reservoir response,True
2004-09-05,R1,3164011.48,93.164,synthetic_demo,synthetic reservoir response,True
2004-09-06,R1,3165286.8,93.1653,synthetic_demo,synthetic reservoir response,True
2004-09-07,R1,3166606.76,93.1666,synthetic_demo,synthetic reservoir response,True
2004-09-08,R1,3167988.59,93.168,synthetic_demo,synthetic reservoir response,True
2004-09-09,R1,3169319.79,93.1693,synthetic_demo,synthetic reservoir response,True
2004-09-10,R1,3170590.53,93.1706,synthetic_demo,synthetic reservoir response,True
2004-09-11,R1,3171921.36,93.1719,synthetic_demo,synthetic reservoir response,True
2004-09-12,R1,3173291.77,93.1733,synthetic_demo,synthetic reservoir response,True
2004-09-13,R1,3174488.7,93.1745,synthetic_demo,synthetic reservoir response,True
2004-09-14,R1,3175656.19,93.1757,synthetic_demo,synthetic reservoir response,True
2004-09-15,R1,3176877.16,93.1769,synthetic_demo,synthetic reservoir response,True
2004-09-16,R1,3178100.38,93.1781,synthetic_demo,synthetic reservoir response,True
2004-09-17,R1,3179310.76,93.1793,synthetic_demo,synthetic reservoir response,True
2004-09-18,R1,3180414.64,93.1804,synthetic_demo,synthetic reservoir response,True
2004-09-19,R1,3181682.77,93.1817,synthetic_demo,synthetic reservoir response,True
2004-09-20,R1,3182896.43,93.1829,synthetic_demo,synthetic reservoir response,True
2004-09-21,R1,3184109.38,93.1841,synthetic_demo,synthetic reservoir response,True
2004-09-22,R1,3185299.59,93.1853,synthetic_demo,synthetic reservoir response,True
2004-09-23,R1,3186480.92,93.1865,synthetic_demo,synthetic reservoir response,True
2004-09-24,R1,3187721.73,93.1877,synthetic_demo,synthetic reservoir response,True
2004-09-25,R1,3188923.47,93.1889,synthetic_demo,synthetic reservoir response,True
2004-09-26,R1,3190125.35,93.1901,synthetic_demo,synthetic reservoir response,True
2004-09-27,R1,3191307.24,93.1913,synthetic_demo,synthetic reservoir response,True
2004-09-28,R1,3192585.49,93.1926,synthetic_demo,synthetic reservoir response,True
2004-09-29,R1,3193877.92,93.1939,synthetic_demo,synthetic reservoir response,True
2004-09-30,R1,3195244.68,93.1952,synthetic_demo,synthetic reservoir response,True
2004-10-01,R1,3196675.01,93.1967,synthetic_demo,synthetic reservoir response,True
2004-10-02,R1,3198032.54,93.198,synthetic_demo,synthetic reservoir response,True
2004-10-03,R1,3199434.2,93.1994,synthetic_demo,synthetic reservoir response,True
2004-10-04,R1,3200902.02,93.2009,synthetic_demo,synthetic reservoir response,True
2004-10-05,R1,3202375.93,93.2024,synthetic_demo,synthetic reservoir response,True
2004-10-06,R1,3203845.51,93.2038,synthetic_demo,synthetic reservoir response,True
2004-10-07,R1,3205328.0,93.2053,synthetic_demo,synthetic reservoir response,True
2004-10-08,R1,3206825.89,93.2068,synthetic_demo,synthetic reservoir response,True
2004-10-09,R1,3208368.26,93.2084,synthetic_demo,synthetic reservoir response,True
2004-10-10,R1,3209898.6,93.2099,synthetic_demo,synthetic reservoir response,True
2004-10-11,R1,3211389.87,93.2114,synthetic_demo,synthetic reservoir response,True
2004-10-12,R1,3212947.47,93.2129,synthetic_demo,synthetic reservoir response,True
2004-10-13,R1,3214357.09,93.2144,synthetic_demo,synthetic reservoir response,True
2004-10-14,R1,3215742.56,93.2157,synthetic_demo,synthetic reservoir response,True
2004-10-15,R1,3217164.56,93.2172,synthetic_demo,synthetic reservoir response,True
2004-10-16,R1,3218532.38,93.2185,synthetic_demo,synthetic reservoir response,True
2004-10-17,R1,3219889.87,93.2199,synthetic_demo,synthetic reservoir response,True
2004-10-18,R1,3221339.74,93.2213,synthetic_demo,synthetic reservoir response,True
2004-10-19,R1,3222733.27,93.2227,synthetic_demo,synthetic reservoir response,True
2004-10-20,R1,3224106.92,93.2241,synthetic_demo,synthetic reservoir response,True
2004-10-21,R1,3225610.91,93.2256,synthetic_demo,synthetic reservoir response,True
2004-10-22,R1,3227087.47,93.2271,synthetic_demo,synthetic reservoir response,True
2004-10-23,R1,3228526.55,93.2285,synthetic_demo,synthetic reservoir response,True
2004-10-24,R1,3230058.91,93.2301,synthetic_demo,synthetic reservoir response,True
2004-10-25,R1,3231468.54,93.2315,synthetic_demo,synthetic reservoir response,True
2004-10-26,R1,3232958.94,93.233,synthetic_demo,synthetic reservoir response,True
2004-10-27,R1,3234443.29,93.2344,synthetic_demo,synthetic reservoir response,True
2004-10-28,R1,3236108.13,93.2361,synthetic_demo,synthetic reservoir response,True
2004-10-29,R1,3237708.44,93.2377,synthetic_demo,synthetic reservoir response,True
2004-10-30,R1,3239204.08,93.2392,synthetic_demo,synthetic reservoir response,True
2004-10-31,R1,3240832.43,93.2408,synthetic_demo,synthetic reservoir response,True
2004-11-01,R1,3242499.21,93.2425,synthetic_demo,synthetic reservoir response,True
2004-11-02,R1,3244015.24,93.244,synthetic_demo,synthetic reservoir response,True
2004-11-03,R1,3245514.62,93.2455,synthetic_demo,synthetic reservoir response,True
2004-11-04,R1,3247023.73,93.247,synthetic_demo,synthetic reservoir response,True
2004-11-05,R1,3248545.31,93.2485,synthetic_demo,synthetic reservoir response,True
2004-11-06,R1,3250027.47,93.25,synthetic_demo,synthetic reservoir response,True
2004-11-07,R1,3251515.45,93.2515,synthetic_demo,synthetic reservoir response,True
2004-11-08,R1,3253139.39,93.2531,synthetic_demo,synthetic reservoir response,True
2004-11-09,R1,3254703.06,93.2547,synthetic_demo,synthetic reservoir response,True
2004-11-10,R1,3256327.63,93.2563,synthetic_demo,synthetic reservoir response,True
2004-11-11,R1,3258036.25,93.258,synthetic_demo,synthetic reservoir response,True
2004-11-12,R1,3259635.66,93.2596,synthetic_demo,synthetic reservoir response,True
2004-11-13,R1,3261426.9,93.2614,synthetic_demo,synthetic reservoir response,True
2004-11-14,R1,3263174.18,93.2632,synthetic_demo,synthetic reservoir response,True
2004-11-15,R1,3264926.55,93.2649,synthetic_demo,synthetic reservoir response,True
2004-11-16,R1,3266654.17,93.2667,synthetic_demo,synthetic reservoir response,True
2004-11-17,R1,3268393.11,93.2684,synthetic_demo,synthetic reservoir response,True
2004-11-18,R1,3270111.58,93.2701,synthetic_demo,synthetic reservoir response,True
2004-11-19,R1,3271836.45,93.2718,synthetic_demo,synthetic reservoir response,True
2004-11-20,R1,3273562.5,93.2736,synthetic_demo,synthetic reservoir response,True
2004-11-21,R1,3275311.93,93.2753,synthetic_demo,synthetic reservoir response,True
2004-11-22,R1,3276971.46,93.277,synthetic_demo,synthetic reservoir response,True
2004-11-23,R1,3278651.59,93.2787,synthetic_demo,synthetic reservoir response,True
2004-11-24,R1,3280260.96,93.2803,synthetic_demo,synthetic reservoir response,True
2004-11-25,R1,3281866.15,93.2819,synthetic_demo,synthetic reservoir response,True
2004-11-26,R1,3283453.44,93.2835,synthetic_demo,synthetic reservoir response,True
2004-11-27,R1,3285084.92,93.2851,synthetic_demo,synthetic reservoir response,True
2004-11-28,R1,3286508.55,93.2865,synthetic_demo,synthetic reservoir response,True
2004-11-29,R1,3288009.79,93.288,synthetic_demo,synthetic reservoir response,True
2004-11-30,R1,3289479.02,93.2895,synthetic_demo,synthetic reservoir response,True
2004-12-01,R1,3290962.95,93.291,synthetic_demo,synthetic reservoir response,True
2004-12-02,R1,3292414.22,93.2924,synthetic_demo,synthetic reservoir response,True
2004-12-03,R1,3293838.76,93.2938,synthetic_demo,synthetic reservoir response,True
2004-12-04,R1,3295345.3,93.2953,synthetic_demo,synthetic reservoir response,True
2004-12-05,R1,3296634.94,93.2966,synthetic_demo,synthetic reservoir response,True
2004-12-06,R1,3297922.15,93.2979,synthetic_demo,synthetic reservoir response,True
2004-12-07,R1,3299167.12,93.2992,synthetic_demo,synthetic reservoir response,True
2004-12-08,R1,3300646.8,93.3006,synthetic_demo,synthetic reservoir response,True
2004-12-09,R1,3302100.58,93.3021,synthetic_demo,synthetic reservoir response,True
2004-12-10,R1,3303450.65,93.3035,synthetic_demo,synthetic reservoir response,True
2004-12-11,R1,3304899.03,93.3049,synthetic_demo,synthetic reservoir response,True
2004-12-12,R1,3306254.09,93.3063,synthetic_demo,synthetic reservoir response,True
2004-12-13,R1,3307607.59,93.3076,synthetic_demo,synthetic reservoir response,True
2004-12-14,R1,3309046.06,93.309,synthetic_demo,synthetic reservoir response,True
2004-12-15,R1,3310481.11,93.3105,synthetic_demo,synthetic reservoir response,True
2004-12-16,R1,3311847.77,93.3118,synthetic_demo,synthetic reservoir response,True
2004-12-17,R1,3313255.58,93.3133,synthetic_demo,synthetic reservoir response,True
2004-12-18,R1,3314642.14,93.3146,synthetic_demo,synthetic reservoir response,True
2004-12-19,R1,3316022.75,93.316,synthetic_demo,synthetic reservoir response,True
2004-12-20,R1,3317400.97,93.3174,synthetic_demo,synthetic reservoir response,True
2004-12-21,R1,3318822.49,93.3188,synthetic_demo,synthetic reservoir response,True
2004-12-22,R1,3320174.78,93.3202,synthetic_demo,synthetic reservoir response,True
2004-12-23,R1,3321488.13,93.3215,synthetic_demo,synthetic reservoir response,True
2004-12-24,R1,3322738.56,93.3227,synthetic_demo,synthetic reservoir response,True
2004-12-25,R1,3324073.85,93.3241,synthetic_demo,synthetic reservoir response,True
2004-12-26,R1,3325302.99,93.3253,synthetic_demo,synthetic reservoir response,True
2004-12-27,R1,3326504.38,93.3265,synthetic_demo,synthetic reservoir response,True
2004-12-28,R1,3327555.42,93.3276,synthetic_demo,synthetic reservoir response,True
2004-12-29,R1,3328524.97,93.3285,synthetic_demo,synthetic reservoir response,True
2004-12-30,R1,3329468.5,93.3295,synthetic_demo,synthetic reservoir response,True
2004-12-31,R1,3330537.77,93.3305,synthetic_demo,synthetic reservoir response,True
2005-01-01,R1,3331553.02,93.3316,synthetic_demo,synthetic reservoir response,True
2005-01-02,R1,3332636.1,93.3326,synthetic_demo,synthetic reservoir response,True
2005-01-03,R1,3333716.49,93.3337,synthetic_demo,synthetic reservoir response,True
2005-01-04,R1,3334686.03,93.3347,synthetic_demo,synthetic reservoir response,True
2005-01-05,R1,3335664.28,93.3357,synthetic_demo,synthetic reservoir response,True
2005-01-06,R1,3336722.45,93.3367,synthetic_demo,synthetic reservoir response,True
2005-01-07,R1,3337725.43,93.3377,synthetic_demo,synthetic reservoir response,True
2005-01-08,R1,3338683.8,93.3387,synthetic_demo,synthetic reservoir response,True
2005-01-09,R1,3339558.85,93.3396,synthetic_demo,synthetic reservoir response,True
2005-01-10,R1,3340514.91,93.3405,synthetic_demo,synthetic reservoir response,True
2005-01-11,R1,3341467.52,93.3415,synthetic_demo,synthetic reservoir response,True
2005-01-12,R1,3342429.58,93.3424,synthetic_demo,synthetic reservoir response,True
2005-01-13,R1,3343383.29,93.3434,synthetic_demo,synthetic reservoir response,True
2005-01-14,R1,3344186.76,93.3442,synthetic_demo,synthetic reservoir response,True
2005-01-15,R1,3345100.06,93.3451,synthetic_demo,synthetic reservoir response,True
2005-01-16,R1,3345944.56,93.3459,synthetic_demo,synthetic reservoir response,True
2005-01-17,R1,3346786.77,93.3468,synthetic_demo,synthetic reservoir response,True
2005-01-18,R1,3347569.1,93.3476,synthetic_demo,synthetic reservoir response,True
2005-01-19,R1,3348420.78,93.3484,synthetic_demo,synthetic reservoir response,True
2005-01-20,R1,3349164.95,93.3492,synthetic_demo,synthetic reservoir response,True
2005-01-21,R1,3349994.83,93.35,synthetic_demo,synthetic reservoir response,True
2005-01-22,R1,3350714.25,93.3507,synthetic_demo,synthetic reservoir response,True
2005-01-23,R1,3351425.62,93.3514,synthetic_demo,synthetic reservoir response,True
2005-01-24,R1,3352101.01,93.3521,synthetic_demo,synthetic reservoir response,True
2005-01-25,R1,3352852.15,93.3529,synthetic_demo,synthetic reservoir response,True
2005-01-26,R1,3353541.61,93.3535,synthetic_demo,synthetic reservoir response,True
2005-01-27,R1,3354209.36,93.3542,synthetic_demo,synthetic reservoir response,True
2005-01-28,R1,3354761.61,93.3548,synthetic_demo,synthetic reservoir response,True
2005-01-29,R1,3355351.45,93.3554,synthetic_demo,synthetic reservoir response,True
2005-01-30,R1,3355912.25,93.3559,synthetic_demo,synthetic reservoir response,True
2005-01-31,R1,3356459.6,93.3565,synthetic_demo,synthetic reservoir response,True
2005-02-01,R1,3356938.01,93.3569,synthetic_demo,synthetic reservoir response,True
2005-02-02,R1,3357453.7,93.3575,synthetic_demo,synthetic reservoir response,True
2005-02-03,R1,3357947.55,93.3579,synthetic_demo,synthetic reservoir response,True
2005-02-04,R1,3358434.96,93.3584,synthetic_demo,synthetic reservoir response,True
2005-02-05,R1,3358901.13,93.3589,synthetic_demo,synthetic reservoir response,True
2005-02-06,R1,3359329.06,93.3593,synthetic_demo,synthetic reservoir response,True
2005-02-07,R1,3359828.13,93.3598,synthetic_demo,synthetic reservoir response,True
2005-02-08,R1,3360287.37,93.3603,synthetic_demo,synthetic reservoir response,True
2005-02-09,R1,3360737.47,93.3607,synthetic_demo,synthetic reservoir response,True
2005-02-10,R1,3361181.89,93.3612,synthetic_demo,synthetic reservoir response,True
2005-02-11,R1,3361665.37,93.3617,synthetic_demo,synthetic reservoir response,True
2005-02-12,R1,3362223.28,93.3622,synthetic_demo,synthetic reservoir response,True
2005-02-13,R1,3362837.5,93.3628,synthetic_demo,synthetic reservoir response,True
2005-02-14,R1,3363509.97,93.3635,synthetic_demo,synthetic reservoir response,True
2005-02-15,R1,3364139.04,93.3641,synthetic_demo,synthetic reservoir response,True
2005-02-16,R1,3364883.04,93.3649,synthetic_demo,synthetic reservoir response,True
2005-02-17,R1,3365550.46,93.3656,synthetic_demo,synthetic reservoir response,True
2005-02-18,R1,3366218.87,93.3662,synthetic_demo,synthetic reservoir response,True
2005-02-19,R1,3366864.44,93.3669,synthetic_demo,synthetic reservoir response,True
2005-02-20,R1,3367525.44,93.3675,synthetic_demo,synthetic reservoir response,True
2005-02-21,R1,3368144.39,93.3681,synthetic_demo,synthetic reservoir response,True
2005-02-22,R1,3368690.66,93.3687,synthetic_demo,synthetic reservoir response,True
2005-02-23,R1,3369343.95,93.3693,synthetic_demo,synthetic reservoir response,True
2005-02-24,R1,3369966.97,93.37,synthetic_demo,synthetic reservoir response,True
2005-02-25,R1,3370521.69,93.3705,synthetic_demo,synthetic reservoir response,True
2005-02-26,R1,3371030.7,93.371,synthetic_demo,synthetic reservoir response,True
2005-02-27,R1,3371525.7,93.3715,synthetic_demo,synthetic reservoir response,True
2005-02-28,R1,3371891.58,93.3719,synthetic_demo,synthetic reservoir response,True
2005-03-01,R1,3372390.3,93.3724,synthetic_demo,synthetic reservoir response,True
2005-03-02,R1,3372841.87,93.3728,synthetic_demo,synthetic reservoir response,True
2005-03-03,R1,3373321.02,93.3733,synthetic_demo,synthetic reservoir response,True
2005-03-04,R1,3373721.98,93.3737,synthetic_demo,synthetic reservoir response,True
2005-03-05,R1,3374122.79,93.3741,synthetic_demo,synthetic reservoir response,True
2005-03-06,R1,3374502.22,93.3745,synthetic_demo,synthetic reservoir response,True
2005-03-07,R1,3374907.26,93.3749,synthetic_demo,synthetic reservoir response,True
2005-03-08,R1,3375342.41,93.3753,synthetic_demo,synthetic reservoir response,True
2005-03-09,R1,3375766.35,93.3758,synthetic_demo,synthetic reservoir response,True
2005-03-10,R1,3376132.09,93.3761,synthetic_demo,synthetic reservoir response,True
2005-03-11,R1,3376538.85,93.3765,synthetic_demo,synthetic reservoir response,True
2005-03-12,R1,3377003.24,93.377,synthetic_demo,synthetic reservoir response,True
2005-03-13,R1,3377495.23,93.3775,synthetic_demo,synthetic reservoir response,True
2005-03-14,R1,3377919.78,93.3779,synthetic_demo,synthetic reservoir response,True
2005-03-15,R1,3378377.09,93.3784,synthetic_demo,synthetic reservoir response,True
2005-03-16,R1,3378787.89,93.3788,synthetic_demo,synthetic reservoir response,True
2005-03-17,R1,3379118.4,93.3791,synthetic_demo,synthetic reservoir response,True
2005-03-18,R1,3379517.55,93.3795,synthetic_demo,synthetic reservoir response,True
2005-03-19,R1,3379802.93,93.3798,synthetic_demo,synthetic reservoir response,True
2005-03-20,R1,3380137.22,93.3801,synthetic_demo,synthetic reservoir response,True
2005-03-21,R1,3380396.49,93.3804,synthetic_demo,synthetic reservoir response,True
2005-03-22,R1,3380748.04,93.3807,synthetic_demo,synthetic reservoir response,True
2005-03-23,R1,3380985.64,93.381,synthetic_demo,synthetic reservoir response,True
2005-03-24,R1,3381329.81,93.3813,synthetic_demo,synthetic reservoir response,True
2005-03-25,R1,3381639.46,93.3816,synthetic_demo,synthetic reservoir response,True
2005-03-26,R1,3382016.58,93.382,synthetic_demo,synthetic reservoir response,True
2005-03-27,R1,3382544.27,93.3825,synthetic_demo,synthetic reservoir response,True
2005-03-28,R1,3382973.76,93.383,synthetic_demo,synthetic reservoir response,True
2005-03-29,R1,3383247.15,93.3832,synthetic_demo,synthetic reservoir response,True
2005-03-30,R1,3383525.41,93.3835,synthetic_demo,synthetic reservoir response,True
2005-03-31,R1,3383767.78,93.3838,synthetic_demo,synthetic reservoir response,True
2005-04-01,R1,3383982.31,93.384,synthetic_demo,synthetic reservoir response,True
2005-04-02,R1,3384153.93,93.3842,synthetic_demo,synthetic reservoir response,True
2005-04-03,R1,3384335.99,93.3843,synthetic_demo,synthetic reservoir response,True
2005-04-04,R1,3384536.89,93.3845,synthetic_demo,synthetic reservoir response,True
2005-04-05,R1,3384755.33,93.3848,synthetic_demo,synthetic reservoir response,True
2005-04-06,R1,3385171.87,93.3852,synthetic_demo,synthetic reservoir response,True
2005-04-07,R1,3385528.86,93.3855,synthetic_demo,synthetic reservoir response,True
2005-04-08,R1,3385886.51,93.3859,synthetic_demo,synthetic reservoir response,True
2005-04-09,R1,3386253.19,93.3863,synthetic_demo,synthetic reservoir response,True
2005-04-10,R1,3386673.06,93.3867,synthetic_demo,synthetic reservoir response,True
2005-04-11,R1,3387079.81,93.3871,synthetic_demo,synthetic reservoir response,True
2005-04-12,R1,3387475.68,93.3875,synthetic_demo,synthetic reservoir response,True
2005-04-13,R1,3387787.53,93.3878,synthetic_demo,synthetic reservoir response,True
2005-04-14,R1,3388174.6,93.3882,synthetic_demo,synthetic reservoir response,True
2005-04-15,R1,3388551.73,93.3886,synthetic_demo,synthetic reservoir response,True
2005-04-16,R1,3388850.0,93.3889,synthetic_demo,synthetic reservoir response,True
2005-04-17,R1,3389154.29,93.3892,synthetic_demo,synthetic reservoir response,True
2005-04-18,R1,3389534.26,93.3895,synthetic_demo,synthetic reservoir response,True
2005-04-19,R1,3389792.7,93.3898,synthetic_demo,synthetic reservoir response,True
2005-04-20,R1,3390021.01,93.39,synthetic_demo,synthetic reservoir response,True
2005-04-21,R1,3390315.74,93.3903,synthetic_demo,synthetic reservoir response,True
2005-04-22,R1,3390598.1,93.3906,synthetic_demo,synthetic reservoir response,True
2005-04-23,R1,3391096.25,93.3911,synthetic_demo,synthetic reservoir response,True
2005-04-24,R1,3391626.94,93.3916,synthetic_demo,synthetic reservoir response,True
2005-04-25,R1,3392016.75,93.392,synthetic_demo,synthetic reservoir response,True
2005-04-26,R1,3392491.28,93.3925,synthetic_demo,synthetic reservoir response,True
2005-04-27,R1,3392966.72,93.393,synthetic_demo,synthetic reservoir response,True
2005-04-28,R1,3393373.73,93.3934,synthetic_demo,synthetic reservoir response,True
2005-04-29,R1,3393878.71,93.3939,synthetic_demo,synthetic reservoir response,True
2005-04-30,R1,3394323.79,93.3943,synthetic_demo,synthetic reservoir response,True
2005-05-01,R1,3394827.59,93.3948,synthetic_demo,synthetic reservoir response,True
2005-05-02,R1,3395347.02,93.3953,synthetic_demo,synthetic reservoir response,True
2005-05-03,R1,3395778.75,93.3958,synthetic_demo,synthetic reservoir response,True
2005-05-04,R1,3396268.82,93.3963,synthetic_demo,synthetic reservoir response,True
2005-05-05,R1,3396753.33,93.3968,synthetic_demo,synthetic reservoir response,True
2005-05-06,R1,3397353.87,93.3974,synthetic_demo,synthetic reservoir response,True
2005-05-07,R1,3397813.96,93.3978,synthetic_demo,synthetic reservoir response,True
2005-05-08,R1,3398183.74,93.3982,synthetic_demo,synthetic reservoir response,True
2005-05-09,R1,3398563.48,93.3986,synthetic_demo,synthetic reservoir response,True
2005-05-10,R1,3398979.74,93.399,synthetic_demo,synthetic reservoir response,True
2005-05-11,R1,3399296.28,93.3993,synthetic_demo,synthetic reservoir response,True
2005-05-12,R1,3399593.3,93.3996,synthetic_demo,synthetic reservoir response,True
2005-05-13,R1,3399846.03,93.3998,synthetic_demo,synthetic reservoir response,True
2005-05-14,R1,3400111.26,93.4001,synthetic_demo,synthetic reservoir response,True
2005-05-15,R1,3400292.44,93.4003,synthetic_demo,synthetic reservoir response,True
2005-05-16,R1,3400598.48,93.4006,synthetic_demo,synthetic reservoir response,True
2005-05-17,R1,3400865.84,93.4009,synthetic_demo,synthetic reservoir response,True
2005-05-18,R1,3401091.4,93.4011,synthetic_demo,synthetic reservoir response,True
2005-05-19,R1,3401424.5,93.4014,synthetic_demo,synthetic reservoir response,True
2005-05-20,R1,3401664.55,93.4017,synthetic_demo,synthetic reservoir response,True
2005-05-21,R1,3401794.52,93.4018,synthetic_demo,synthetic reservoir response,True
2005-05-22,R1,3401866.1,93.4019,synthetic_demo,synthetic reservoir response,True
2005-05-23,R1,3401937.27,93.4019,synthetic_demo,synthetic reservoir response,True
2005-05-24,R1,3401997.14,93.402,synthetic_demo,synthetic reservoir response,True
2005-05-25,R1,3402061.94,93.4021,synthetic_demo,synthetic reservoir response,True
2005-05-26,R1,3402266.78,93.4023,synthetic_demo,synthetic reservoir response,True
2005-05-27,R1,3402252.47,93.4023,synthetic_demo,synthetic reservoir response,True
2005-05-28,R1,3402396.14,93.4024,synthetic_demo,synthetic reservoir response,True
2005-05-29,R1,3402465.26,93.4025,synthetic_demo,synthetic reservoir response,True
2005-05-30,R1,3402537.66,93.4025,synthetic_demo,synthetic reservoir response,True
2005-05-31,R1,3402574.28,93.4026,synthetic_demo,synthetic reservoir response,True
2005-06-01,R1,3402666.1,93.4027,synthetic_demo,synthetic reservoir response,True
2005-06-02,R1,3402685.15,93.4027,synthetic_demo,synthetic reservoir response,True
2005-06-03,R1,3402868.34,93.4029,synthetic_demo,synthetic reservoir response,True
2005-06-04,R1,3403003.31,93.403,synthetic_demo,synthetic reservoir response,True
2005-06-05,R1,3403061.61,93.4031,synthetic_demo,synthetic reservoir response,True
2005-06-06,R1,3403279.08,93.4033,synthetic_demo,synthetic reservoir response,True
2005-06-07,R1,3403258.21,93.4033,synthetic_demo,synthetic reservoir response,True
2005-06-08,R1,3403348.63,93.4033,synthetic_demo,synthetic reservoir response,True
2005-06-09,R1,3403434.24,93.4034,synthetic_demo,synthetic reservoir response,True
2005-06-10,R1,3403485.21,93.4035,synthetic_demo,synthetic reservoir response,True
2005-06-11,R1,3403528.07,93.4035,synthetic_demo,synthetic reservoir response,True
2005-06-12,R1,3403668.63,93.4037,synthetic_demo,synthetic reservoir response,True
2005-06-13,R1,3403771.27,93.4038,synthetic_demo,synthetic reservoir response,True
2005-06-14,R1,3403871.13,93.4039,synthetic_demo,synthetic reservoir response,True
2005-06-15,R1,3403925.83,93.4039,synthetic_demo,synthetic reservoir response,True
2005-06-16,R1,3404016.79,93.404,synthetic_demo,synthetic reservoir response,True
2005-06-17,R1,3404082.13,93.4041,synthetic_demo,synthetic reservoir response,True
2005-06-18,R1,3404327.68,93.4043,synthetic_demo,synthetic reservoir response,True
2005-06-19,R1,3404676.96,93.4047,synthetic_demo,synthetic reservoir response,True
2005-06-20,R1,3404945.27,93.4049,synthetic_demo,synthetic reservoir response,True
2005-06-21,R1,3405248.96,93.4052,synthetic_demo,synthetic reservoir response,True
2005-06-22,R1,3405545.2,93.4055,synthetic_demo,synthetic reservoir response,True
2005-06-23,R1,3405832.38,93.4058,synthetic_demo,synthetic reservoir response,True
2005-06-24,R1,3406107.58,93.4061,synthetic_demo,synthetic reservoir response,True
2005-06-25,R1,3406363.68,93.4064,synthetic_demo,synthetic reservoir response,True
2005-06-26,R1,3406697.8,93.4067,synthetic_demo,synthetic reservoir response,True
2005-06-27,R1,3407147.32,93.4071,synthetic_demo,synthetic reservoir response,True
2005-06-28,R1,3407593.23,93.4076,synthetic_demo,synthetic reservoir response,True
2005-06-29,R1,3408052.73,93.4081,synthetic_demo,synthetic reservoir response,True
2005-06-30,R1,3408462.78,93.4085,synthetic_demo,synthetic reservoir response,True
2005-07-01,R1,3408864.96,93.4089,synthetic_demo,synthetic reservoir response,True
2005-07-02,R1,3409240.58,93.4092,synthetic_demo,synthetic reservoir response,True
2005-07-03,R1,3409697.6,93.4097,synthetic_demo,synthetic reservoir response,True
2005-07-04,R1,3410098.07,93.4101,synthetic_demo,synthetic reservoir response,True
2005-07-05,R1,3410519.89,93.4105,synthetic_demo,synthetic reservoir response,True
2005-07-06,R1,3411090.78,93.4111,synthetic_demo,synthetic reservoir response,True
2005-07-07,R1,3411566.07,93.4116,synthetic_demo,synthetic reservoir response,True
2005-07-08,R1,3412328.17,93.4123,synthetic_demo,synthetic reservoir response,True
2005-07-09,R1,3413038.26,93.413,synthetic_demo,synthetic reservoir response,True
2005-07-10,R1,3413739.52,93.4137,synthetic_demo,synthetic reservoir response,True
2005-07-11,R1,3414507.16,93.4145,synthetic_demo,synthetic reservoir response,True
2005-07-12,R1,3415349.8,93.4153,synthetic_demo,synthetic reservoir response,True
2005-07-13,R1,3416125.05,93.4161,synthetic_demo,synthetic reservoir response,True
2005-07-14,R1,3417132.39,93.4171,synthetic_demo,synthetic reservoir response,True
2005-07-15,R1,3418439.0,93.4184,synthetic_demo,synthetic reservoir response,True
2005-07-16,R1,3419882.89,93.4199,synthetic_demo,synthetic reservoir response,True
2005-07-17,R1,3421268.02,93.4213,synthetic_demo,synthetic reservoir response,True
2005-07-18,R1,3422597.49,93.4226,synthetic_demo,synthetic reservoir response,True
2005-07-19,R1,3423957.16,93.424,synthetic_demo,synthetic reservoir response,True
2005-07-20,R1,3425305.05,93.4253,synthetic_demo,synthetic reservoir response,True
2005-07-21,R1,3426557.36,93.4266,synthetic_demo,synthetic reservoir response,True
2005-07-22,R1,3427852.85,93.4279,synthetic_demo,synthetic reservoir response,True
2005-07-23,R1,3429111.3,93.4291,synthetic_demo,synthetic reservoir response,True
2005-07-24,R1,3430393.79,93.4304,synthetic_demo,synthetic reservoir response,True
2005-07-25,R1,3431704.39,93.4317,synthetic_demo,synthetic reservoir response,True
2005-07-26,R1,3432991.23,93.433,synthetic_demo,synthetic reservoir response,True
2005-07-27,R1,3434133.25,93.4341,synthetic_demo,synthetic reservoir response,True
2005-07-28,R1,3435389.35,93.4354,synthetic_demo,synthetic reservoir response,True
2005-07-29,R1,3436836.85,93.4368,synthetic_demo,synthetic reservoir response,True
2005-07-30,R1,3438249.14,93.4382,synthetic_demo,synthetic reservoir response,True
2005-07-31,R1,3439763.76,93.4398,synthetic_demo,synthetic reservoir response,True
2005-08-01,R1,3441213.86,93.4412,synthetic_demo,synthetic reservoir response,True
2005-08-02,R1,3442642.36,93.4426,synthetic_demo,synthetic reservoir response,True
2005-08-03,R1,3444053.73,93.4441,synthetic_demo,synthetic reservoir response,True
2005-08-04,R1,3445537.67,93.4455,synthetic_demo,synthetic reservoir response,True
2005-08-05,R1,3447125.52,93.4471,synthetic_demo,synthetic reservoir response,True
2005-08-06,R1,3448612.64,93.4486,synthetic_demo,synthetic reservoir response,True
2005-08-07,R1,3450120.3,93.4501,synthetic_demo,synthetic reservoir response,True
2005-08-08,R1,3451702.6,93.4517,synthetic_demo,synthetic reservoir response,True
2005-08-09,R1,3453398.73,93.4534,synthetic_demo,synthetic reservoir response,True
2005-08-10,R1,3454985.42,93.455,synthetic_demo,synthetic reservoir response,True
2005-08-11,R1,3456758.05,93.4568,synthetic_demo,synthetic reservoir response,True
2005-08-12,R1,3458524.65,93.4585,synthetic_demo,synthetic reservoir response,True
2005-08-13,R1,3460335.36,93.4603,synthetic_demo,synthetic reservoir response,True
2005-08-14,R1,3462043.73,93.462,synthetic_demo,synthetic reservoir response,True
2005-08-15,R1,3463723.4,93.4637,synthetic_demo,synthetic reservoir response,True
2005-08-16,R1,3465499.02,93.4655,synthetic_demo,synthetic reservoir response,True
2005-08-17,R1,3467364.84,93.4674,synthetic_demo,synthetic reservoir response,True
2005-08-18,R1,3469180.52,93.4692,synthetic_demo,synthetic reservoir response,True
2005-08-19,R1,3470985.48,93.471,synthetic_demo,synthetic reservoir response,True
2005-08-20,R1,3472748.02,93.4727,synthetic_demo,synthetic reservoir response,True
2005-08-21,R1,3474515.47,93.4745,synthetic_demo,synthetic reservoir response,True
2005-08-22,R1,3476174.03,93.4762,synthetic_demo,synthetic reservoir response,True
2005-08-23,R1,3477863.51,93.4779,synthetic_demo,synthetic reservoir response,True
2005-08-24,R1,3479471.02,93.4795,synthetic_demo,synthetic reservoir response,True
2005-08-25,R1,3481068.8,93.4811,synthetic_demo,synthetic reservoir response,True
2005-08-26,R1,3482712.87,93.4827,synthetic_demo,synthetic reservoir response,True
2005-08-27,R1,3484342.55,93.4843,synthetic_demo,synthetic reservoir response,True
2005-08-28,R1,3485912.94,93.4859,synthetic_demo,synthetic reservoir response,True
2005-08-29,R1,3487337.21,93.4873,synthetic_demo,synthetic reservoir response,True
2005-08-30,R1,3488748.72,93.4887,synthetic_demo,synthetic reservoir response,True
2005-08-31,R1,3490220.1,93.4902,synthetic_demo,synthetic reservoir response,True
2005-09-01,R1,3491641.79,93.4916,synthetic_demo,synthetic reservoir response,True
2005-09-02,R1,3493056.29,93.4931,synthetic_demo,synthetic reservoir response,True
2005-09-03,R1,3494484.66,93.4945,synthetic_demo,synthetic reservoir response,True
2005-09-04,R1,3495967.75,93.496,synthetic_demo,synthetic reservoir response,True
2005-09-05,R1,3497388.65,93.4974,synthetic_demo,synthetic reservoir response,True
2005-09-06,R1,3498800.48,93.4988,synthetic_demo,synthetic reservoir response,True
2005-09-07,R1,3500217.75,93.5002,synthetic_demo,synthetic reservoir response,True
2005-09-08,R1,3501562.47,93.5016,synthetic_demo,synthetic reservoir response,True
2005-09-09,R1,3503158.21,93.5032,synthetic_demo,synthetic reservoir response,True
2005-09-10,R1,3504721.79,93.5047,synthetic_demo,synthetic reservoir response,True
2005-09-11,R1,3506131.99,93.5061,synthetic_demo,synthetic reservoir response,True
2005-09-12,R1,3507518.38,93.5075,synthetic_demo,synthetic reservoir response,True
2005-09-13,R1,3508936.19,93.5089,synthetic_demo,synthetic reservoir response,True
2005-09-14,R1,3510364.32,93.5104,synthetic_demo,synthetic reservoir response,True
2005-09-15,R1,3511810.88,93.5118,synthetic_demo,synthetic reservoir response,True
2005-09-16,R1,3513293.44,93.5133,synthetic_demo,synthetic reservoir response,True
2005-09-17,R1,3514712.65,93.5147,synthetic_demo,synthetic reservoir response,True
2005-09-18,R1,3516038.32,93.516,synthetic_demo,synthetic reservoir response,True
2005-09-19,R1,3517376.05,93.5174,synthetic_demo,synthetic reservoir response,True
2005-09-20,R1,3518773.98,93.5188,synthetic_demo,synthetic reservoir response,True
2005-09-21,R1,3520255.98,93.5203,synthetic_demo,synthetic reservoir response,True
2005-09-22,R1,3521759.59,93.5218,synthetic_demo,synthetic reservoir response,True
2005-09-23,R1,3523284.29,93.5233,synthetic_demo,synthetic reservoir response,True
2005-09-24,R1,3524893.15,93.5249,synthetic_demo,synthetic reservoir response,True
2005-09-25,R1,3526326.82,93.5263,synthetic_demo,synthetic reservoir response,True
2005-09-26,R1,3527930.85,93.5279,synthetic_demo,synthetic reservoir response,True
2005-09-27,R1,3529634.65,93.5296,synthetic_demo,synthetic reservoir response,True
2005-09-28,R1,3531189.73,93.5312,synthetic_demo,synthetic reservoir response,True
2005-09-29,R1,3532749.02,93.5327,synthetic_demo,synthetic reservoir response,True
2005-09-30,R1,3534314.21,93.5343,synthetic_demo,synthetic reservoir response,True
2005-10-01,R1,3536064.57,93.5361,synthetic_demo,synthetic reservoir response,True
2005-10-02,R1,3537860.13,93.5379,synthetic_demo,synthetic reservoir response,True
2005-10-03,R1,3539539.16,93.5395,synthetic_demo,synthetic reservoir response,True
2005-10-04,R1,3541207.29,93.5412,synthetic_demo,synthetic reservoir response,True
2005-10-05,R1,3543043.75,93.543,synthetic_demo,synthetic reservoir response,True
2005-10-06,R1,3544969.88,93.545,synthetic_demo,synthetic reservoir response,True
2005-10-07,R1,3546829.58,93.5468,synthetic_demo,synthetic reservoir response,True
2005-10-08,R1,3548703.77,93.5487,synthetic_demo,synthetic reservoir response,True
2005-10-09,R1,3550562.14,93.5506,synthetic_demo,synthetic reservoir response,True
2005-10-10,R1,3552489.75,93.5525,synthetic_demo,synthetic reservoir response,True
2005-10-11,R1,3554589.28,93.5546,synthetic_demo,synthetic reservoir response,True
2005-10-12,R1,3556578.68,93.5566,synthetic_demo,synthetic reservoir response,True
2005-10-13,R1,3558543.11,93.5585,synthetic_demo,synthetic reservoir response,True
2005-10-14,R1,3560468.8,93.5605,synthetic_demo,synthetic reservoir response,True
2005-10-15,R1,3562466.97,93.5625,synthetic_demo,synthetic reservoir response,True
2005-10-16,R1,3564497.4,93.5645,synthetic_demo,synthetic reservoir response,True
2005-10-17,R1,3566539.68,93.5665,synthetic_demo,synthetic reservoir response,True
2005-10-18,R1,3568520.13,93.5685,synthetic_demo,synthetic reservoir response,True
2005-10-19,R1,3570474.77,93.5705,synthetic_demo,synthetic reservoir response,True
2005-10-20,R1,3572438.62,93.5724,synthetic_demo,synthetic reservoir response,True
2005-10-21,R1,3574370.66,93.5744,synthetic_demo,synthetic reservoir response,True
2005-10-22,R1,3576342.59,93.5763,synthetic_demo,synthetic reservoir response,True
2005-10-23,R1,3578327.01,93.5783,synthetic_demo,synthetic reservoir response,True
2005-10-24,R1,3580355.03,93.5804,synthetic_demo,synthetic reservoir response,True
2005-10-25,R1,3582377.09,93.5824,synthetic_demo,synthetic reservoir response,True
2005-10-26,R1,3584569.21,93.5846,synthetic_demo,synthetic reservoir response,True
2005-10-27,R1,3586863.32,93.5869,synthetic_demo,synthetic reservoir response,True
2005-10-28,R1,3589129.7,93.5891,synthetic_demo,synthetic reservoir response,True
2005-10-29,R1,3591295.89,93.5913,synthetic_demo,synthetic reservoir response,True
2005-10-30,R1,3593510.88,93.5935,synthetic_demo,synthetic reservoir response,True
2005-10-31,R1,3595797.28,93.5958,synthetic_demo,synthetic reservoir response,True
2005-11-01,R1,3598105.85,93.5981,synthetic_demo,synthetic reservoir response,True
2005-11-02,R1,3600479.68,93.6005,synthetic_demo,synthetic reservoir response,True
2005-11-03,R1,3603042.81,93.603,synthetic_demo,synthetic reservoir response,True
2005-11-04,R1,3605594.52,93.6056,synthetic_demo,synthetic reservoir response,True
2005-11-05,R1,3608012.57,93.608,synthetic_demo,synthetic reservoir response,True
2005-11-06,R1,3610470.67,93.6105,synthetic_demo,synthetic reservoir response,True
2005-11-07,R1,3612860.06,93.6129,synthetic_demo,synthetic reservoir response,True
2005-11-08,R1,3615354.44,93.6154,synthetic_demo,synthetic reservoir response,True
2005-11-09,R1,3617784.8,93.6178,synthetic_demo,synthetic reservoir response,True
2005-11-10,R1,3620130.11,93.6201,synthetic_demo,synthetic reservoir response,True
2005-11-11,R1,3622474.24,93.6225,synthetic_demo,synthetic reservoir response,True
2005-11-12,R1,3624773.74,93.6248,synthetic_demo,synthetic reservoir response,True
2005-11-13,R1,3627178.03,93.6272,synthetic_demo,synthetic reservoir response,True
2005-11-14,R1,3629631.71,93.6296,synthetic_demo,synthetic reservoir response,True
2005-11-15,R1,3632004.19,93.632,synthetic_demo,synthetic reservoir response,True
2005-11-16,R1,3634436.89,93.6344,synthetic_demo,synthetic reservoir response,True
2005-11-17,R1,3636706.17,93.6367,synthetic_demo,synthetic reservoir response,True
2005-11-18,R1,3638975.28,93.639,synthetic_demo,synthetic reservoir response,True
2005-11-19,R1,3641247.4,93.6412,synthetic_demo,synthetic reservoir response,True
2005-11-20,R1,3643492.58,93.6435,synthetic_demo,synthetic reservoir response,True
2005-11-21,R1,3645760.8,93.6458,synthetic_demo,synthetic reservoir response,True
2005-11-22,R1,3647964.11,93.648,synthetic_demo,synthetic reservoir response,True
2005-11-23,R1,3650243.86,93.6502,synthetic_demo,synthetic reservoir response,True
2005-11-24,R1,3652520.59,93.6525,synthetic_demo,synthetic reservoir response,True
2005-11-25,R1,3654636.25,93.6546,synthetic_demo,synthetic reservoir response,True
2005-11-26,R1,3656786.93,93.6568,synthetic_demo,synthetic reservoir response,True
2005-11-27,R1,3658957.82,93.659,synthetic_demo,synthetic reservoir response,True
2005-11-28,R1,3661276.55,93.6613,synthetic_demo,synthetic reservoir response,True
2005-11-29,R1,3663689.19,93.6637,synthetic_demo,synthetic reservoir response,True
2005-11-30,R1,3666039.57,93.666,synthetic_demo,synthetic reservoir response,True
2005-12-01,R1,3668480.39,93.6685,synthetic_demo,synthetic reservoir response,True
2005-12-02,R1,3670875.48,93.6709,synthetic_demo,synthetic reservoir response,True
2005-12-03,R1,3673268.95,93.6733,synthetic_demo,synthetic reservoir response,True
2005-12-04,R1,3675800.6,93.6758,synthetic_demo,synthetic reservoir response,True
2005-12-05,R1,3678264.78,93.6783,synthetic_demo,synthetic reservoir response,True
2005-12-06,R1,3680955.88,93.681,synthetic_demo,synthetic reservoir response,True
2005-12-07,R1,3683865.37,93.6839,synthetic_demo,synthetic reservoir response,True
2005-12-08,R1,3686609.72,93.6866,synthetic_demo,synthetic reservoir response,True
2005-12-09,R1,3689255.78,93.6893,synthetic_demo,synthetic reservoir response,True
2005-12-10,R1,3691894.36,93.6919,synthetic_demo,synthetic reservoir response,True
2005-12-11,R1,3694521.23,93.6945,synthetic_demo,synthetic reservoir response,True
2005-12-12,R1,3697120.04,93.6971,synthetic_demo,synthetic reservoir response,True
2005-12-13,R1,3699674.07,93.6997,synthetic_demo,synthetic reservoir response,True
2005-12-14,R1,3702269.0,93.7023,synthetic_demo,synthetic reservoir response,True
2005-12-15,R1,3704704.29,93.7047,synthetic_demo,synthetic reservoir response,True
2005-12-16,R1,3707168.7,93.7072,synthetic_demo,synthetic reservoir response,True
2005-12-17,R1,3709872.73,93.7099,synthetic_demo,synthetic reservoir response,True
2005-12-18,R1,3712501.92,93.7125,synthetic_demo,synthetic reservoir response,True
2005-12-19,R1,3715121.63,93.7151,synthetic_demo,synthetic reservoir response,True
2005-12-20,R1,3717719.5,93.7177,synthetic_demo,synthetic reservoir response,True
2005-12-21,R1,3720291.53,93.7203,synthetic_demo,synthetic reservoir response,True
2005-12-22,R1,3722910.93,93.7229,synthetic_demo,synthetic reservoir response,True
2005-12-23,R1,3725378.95,93.7254,synthetic_demo,synthetic reservoir response,True
2005-12-24,R1,3727864.24,93.7279,synthetic_demo,synthetic reservoir response,True
2005-12-25,R1,3730330.95,93.7303,synthetic_demo,synthetic reservoir response,True
2005-12-26,R1,3732794.75,93.7328,synthetic_demo,synthetic reservoir response,True
2005-12-27,R1,3735180.25,93.7352,synthetic_demo,synthetic reservoir response,True
2005-12-28,R1,3737675.15,93.7377,synthetic_demo,synthetic reservoir response,True
2005-12-29,R1,3740036.05,93.74,synthetic_demo,synthetic reservoir response,True
2005-12-30,R1,3742484.63,93.7425,synthetic_demo,synthetic reservoir response,True
2005-12-31,R1,3744783.84,93.7448,synthetic_demo,synthetic reservoir response,True
2006-01-01,R1,3747190.43,93.7472,synthetic_demo,synthetic reservoir response,True
2006-01-02,R1,3749456.16,93.7495,synthetic_demo,synthetic reservoir response,True
2006-01-03,R1,3751748.26,93.7517,synthetic_demo,synthetic reservoir response,True
2006-01-04,R1,3753990.51,93.754,synthetic_demo,synthetic reservoir response,True
2006-01-05,R1,3756275.49,93.7563,synthetic_demo,synthetic reservoir response,True
2006-01-06,R1,3758514.5,93.7585,synthetic_demo,synthetic reservoir response,True
2006-01-07,R1,3760744.76,93.7607,synthetic_demo,synthetic reservoir response,True
2006-01-08,R1,3762970.1,93.763,synthetic_demo,synthetic reservoir response,True
2006-01-09,R1,3765159.46,93.7652,synthetic_demo,synthetic reservoir response,True
2006-01-10,R1,3767292.79,93.7673,synthetic_demo,synthetic reservoir response,True
2006-01-11,R1,3769259.72,93.7693,synthetic_demo,synthetic reservoir response,True
2006-01-12,R1,3771114.45,93.7711,synthetic_demo,synthetic reservoir response,True
2006-01-13,R1,3772881.8,93.7729,synthetic_demo,synthetic reservoir response,True
2006-01-14,R1,3774689.23,93.7747,synthetic_demo,synthetic reservoir response,True
2006-01-15,R1,3776561.88,93.7766,synthetic_demo,synthetic reservoir response,True
2006-01-16,R1,3778422.76,93.7784,synthetic_demo,synthetic reservoir response,True
2006-01-17,R1,3780184.25,93.7802,synthetic_demo,synthetic reservoir response,True
2006-01-18,R1,3781854.18,93.7819,synthetic_demo,synthetic reservoir response,True
2006-01-19,R1,3783560.16,93.7836,synthetic_demo,synthetic reservoir response,True
2006-01-20,R1,3785118.4,93.7851,synthetic_demo,synthetic reservoir response,True
2006-01-21,R1,3786585.0,93.7866,synthetic_demo,synthetic reservoir response,True
2006-01-22,R1,3788036.54,93.788,synthetic_demo,synthetic reservoir response,True
2006-01-23,R1,3789554.53,93.7896,synthetic_demo,synthetic reservoir response,True
2006-01-24,R1,3791040.25,93.791,synthetic_demo,synthetic reservoir response,True
2006-01-25,R1,3792456.54,93.7925,synthetic_demo,synthetic reservoir response,True
2006-01-26,R1,3793850.47,93.7939,synthetic_demo,synthetic reservoir response,True
2006-01-27,R1,3795179.16,93.7952,synthetic_demo,synthetic reservoir response,True
2006-01-28,R1,3796466.45,93.7965,synthetic_demo,synthetic reservoir response,True
2006-01-29,R1,3797741.56,93.7977,synthetic_demo,synthetic reservoir response,True
2006-01-30,R1,3799040.52,93.799,synthetic_demo,synthetic reservoir response,True
2006-01-31,R1,3800173.89,93.8002,synthetic_demo,synthetic reservoir response,True
2006-02-01,R1,3801314.7,93.8013,synthetic_demo,synthetic reservoir response,True
2006-02-02,R1,3802392.86,93.8024,synthetic_demo,synthetic reservoir response,True
2006-02-03,R1,3803484.5,93.8035,synthetic_demo,synthetic reservoir response,True
2006-02-04,R1,3804705.74,93.8047,synthetic_demo,synthetic reservoir response,True
2006-02-05,R1,3805908.55,93.8059,synthetic_demo,synthetic reservoir response,True
2006-02-06,R1,3807105.92,93.8071,synthetic_demo,synthetic reservoir response,True
2006-02-07,R1,3808157.69,93.8082,synthetic_demo,synthetic reservoir response,True
2006-02-08,R1,3809257.06,93.8093,synthetic_demo,synthetic reservoir response,True
2006-02-09,R1,3810317.09,93.8103,synthetic_demo,synthetic reservoir response,True
2006-02-10,R1,3811347.08,93.8113,synthetic_demo,synthetic reservoir response,True
2006-02-11,R1,3812373.69,93.8124,synthetic_demo,synthetic reservoir response,True
2006-02-12,R1,3813375.98,93.8134,synthetic_demo,synthetic reservoir response,True
2006-02-13,R1,3814371.73,93.8144,synthetic_demo,synthetic reservoir response,True
2006-02-14,R1,3815394.81,93.8154,synthetic_demo,synthetic reservoir response,True
2006-02-15,R1,3816494.75,93.8165,synthetic_demo,synthetic reservoir response,True
2006-02-16,R1,3817505.07,93.8175,synthetic_demo,synthetic reservoir response,True
2006-02-17,R1,3818421.34,93.8184,synthetic_demo,synthetic reservoir response,True
2006-02-18,R1,3819519.68,93.8195,synthetic_demo,synthetic reservoir response,True
2006-02-19,R1,3820600.66,93.8206,synthetic_demo,synthetic reservoir response,True
2006-02-20,R1,3821671.18,93.8217,synthetic_demo,synthetic reservoir response,True
2006-02-21,R1,3822669.97,93.8227,synthetic_demo,synthetic reservoir response,True
2006-02-22,R1,3823683.01,93.8237,synthetic_demo,synthetic reservoir response,True
2006-02-23,R1,3824678.39,93.8247,synthetic_demo,synthetic reservoir response,True
2006-02-24,R1,3825633.56,93.8256,synthetic_demo,synthetic reservoir response,True
2006-02-25,R1,3826667.7,93.8267,synthetic_demo,synthetic reservoir response,True
2006-02-26,R1,3827662.58,93.8277,synthetic_demo,synthetic reservoir response,True
2006-02-27,R1,3828718.8,93.8287,synthetic_demo,synthetic reservoir response,True
2006-02-28,R1,3829731.1,93.8297,synthetic_demo,synthetic reservoir response,True
2006-03-01,R1,3830636.19,93.8306,synthetic_demo,synthetic reservoir response,True
2006-03-02,R1,3831834.68,93.8318,synthetic_demo,synthetic reservoir response,True
2006-03-03,R1,3833008.75,93.833,synthetic_demo,synthetic reservoir response,True
2006-03-04,R1,3834201.88,93.8342,synthetic_demo,synthetic reservoir response,True
2006-03-05,R1,3835447.09,93.8354,synthetic_demo,synthetic reservoir response,True
2006-03-06,R1,3836650.05,93.8367,synthetic_demo,synthetic reservoir response,True
2006-03-07,R1,3837918.86,93.8379,synthetic_demo,synthetic reservoir response,True
2006-03-08,R1,3839055.64,93.8391,synthetic_demo,synthetic reservoir response,True
2006-03-09,R1,3840282.59,93.8403,synthetic_demo,synthetic reservoir response,True
2006-03-10,R1,3841468.01,93.8415,synthetic_demo,synthetic reservoir response,True
2006-03-11,R1,3842563.62,93.8426,synthetic_demo,synthetic reservoir response,True
2006-03-12,R1,3843650.13,93.8437,synthetic_demo,synthetic reservoir response,True
2006-03-13,R1,3844743.65,93.8447,synthetic_demo,synthetic reservoir response,True
2006-03-14,R1,3845925.86,93.8459,synthetic_demo,synthetic reservoir response,True
2006-03-15,R1,3847022.89,93.847,synthetic_demo,synthetic reservoir response,True
2006-03-16,R1,3848042.12,93.848,synthetic_demo,synthetic reservoir response,True
2006-03-17,R1,3849124.81,93.8491,synthetic_demo,synthetic reservoir response,True
2006-03-18,R1,3850205.3,93.8502,synthetic_demo,synthetic reservoir response,True
2006-03-19,R1,3851270.63,93.8513,synthetic_demo,synthetic reservoir response,True
2006-03-20,R1,3852306.57,93.8523,synthetic_demo,synthetic reservoir response,True
2006-03-21,R1,3853363.83,93.8534,synthetic_demo,synthetic reservoir response,True
2006-03-22,R1,3854289.08,93.8543,synthetic_demo,synthetic reservoir response,True
2006-03-23,R1,3855300.09,93.8553,synthetic_demo,synthetic reservoir response,True
2006-03-24,R1,3856197.87,93.8562,synthetic_demo,synthetic reservoir response,True
2006-03-25,R1,3857071.57,93.8571,synthetic_demo,synthetic reservoir response,True
2006-03-26,R1,3857925.61,93.8579,synthetic_demo,synthetic reservoir response,True
2006-03-27,R1,3858818.77,93.8588,synthetic_demo,synthetic reservoir response,True
2006-03-28,R1,3859663.59,93.8597,synthetic_demo,synthetic reservoir response,True
2006-03-29,R1,3860500.85,93.8605,synthetic_demo,synthetic reservoir response,True
2006-03-30,R1,3861252.64,93.8613,synthetic_demo,synthetic reservoir response,True
2006-03-31,R1,3862033.4,93.862,synthetic_demo,synthetic reservoir response,True
2006-04-01,R1,3862721.93,93.8627,synthetic_demo,synthetic reservoir response,True
2006-04-02,R1,3863479.83,93.8635,synthetic_demo,synthetic reservoir response,True
2006-04-03,R1,3864226.65,93.8642,synthetic_demo,synthetic reservoir response,True
2006-04-04,R1,3864927.82,93.8649,synthetic_demo,synthetic reservoir response,True
2006-04-05,R1,3865634.96,93.8656,synthetic_demo,synthetic reservoir response,True
2006-04-06,R1,3866342.9,93.8663,synthetic_demo,synthetic reservoir response,True
2006-04-07,R1,3867075.83,93.8671,synthetic_demo,synthetic reservoir response,True
2006-04-08,R1,3867774.13,93.8678,synthetic_demo,synthetic reservoir response,True
2006-04-09,R1,3868431.26,93.8684,synthetic_demo,synthetic reservoir response,True
2006-04-10,R1,3869128.0,93.8691,synthetic_demo,synthetic reservoir response,True
2006-04-11,R1,3869747.51,93.8697,synthetic_demo,synthetic reservoir response,True
2006-04-12,R1,3870344.82,93.8703,synthetic_demo,synthetic reservoir response,True
2006-04-13,R1,3870984.17,93.871,synthetic_demo,synthetic reservoir response,True
2006-04-14,R1,3871536.62,93.8715,synthetic_demo,synthetic reservoir response,True
2006-04-15,R1,3872189.37,93.8722,synthetic_demo,synthetic reservoir response,True
2006-04-16,R1,3872715.33,93.8727,synthetic_demo,synthetic reservoir response,True
2006-04-17,R1,3873279.26,93.8733,synthetic_demo,synthetic reservoir response,True
2006-04-18,R1,3873779.22,93.8738,synthetic_demo,synthetic reservoir response,True
2006-04-19,R1,3874216.31,93.8742,synthetic_demo,synthetic reservoir response,True
2006-04-20,R1,3874705.89,93.8747,synthetic_demo,synthetic reservoir response,True
2006-04-21,R1,3875161.29,93.8752,synthetic_demo,synthetic reservoir response,True
2006-04-22,R1,3875576.14,93.8756,synthetic_demo,synthetic reservoir response,True
2006-04-23,R1,3876048.98,93.876,synthetic_demo,synthetic reservoir response,True
2006-04-24,R1,3876414.33,93.8764,synthetic_demo,synthetic reservoir response,True
2006-04-25,R1,3876747.95,93.8767,synthetic_demo,synthetic reservoir response,True
2006-04-26,R1,3877100.42,93.8771,synthetic_demo,synthetic reservoir response,True
2006-04-27,R1,3877404.98,93.8774,synthetic_demo,synthetic reservoir response,True
2006-04-28,R1,3877782.26,93.8778,synthetic_demo,synthetic reservoir response,True
2006-04-29,R1,3878127.68,93.8781,synthetic_demo,synthetic reservoir response,True
2006-04-30,R1,3878541.78,93.8785,synthetic_demo,synthetic reservoir response,True
2006-05-01,R1,3878987.6,93.879,synthetic_demo,synthetic reservoir response,True
2006-05-02,R1,3879298.21,93.8793,synthetic_demo,synthetic reservoir response,True
2006-05-03,R1,3879636.55,93.8796,synthetic_demo,synthetic reservoir response,True
2006-05-04,R1,3879951.4,93.88,synthetic_demo,synthetic reservoir response,True
2006-05-05,R1,3880212.94,93.8802,synthetic_demo,synthetic reservoir response,True
2006-05-06,R1,3880527.66,93.8805,synthetic_demo,synthetic reservoir response,True
2006-05-07,R1,3880771.09,93.8808,synthetic_demo,synthetic reservoir response,True
2006-05-08,R1,3881098.35,93.8811,synthetic_demo,synthetic reservoir response,True
2006-05-09,R1,3881395.84,93.8814,synthetic_demo,synthetic reservoir response,True
2006-05-10,R1,3881699.42,93.8817,synthetic_demo,synthetic reservoir response,True
2006-05-11,R1,3882017.82,93.882,synthetic_demo,synthetic reservoir response,True
2006-05-12,R1,3882285.05,93.8823,synthetic_demo,synthetic reservoir response,True
2006-05-13,R1,3882521.18,93.8825,synthetic_demo,synthetic reservoir response,True
2006-05-14,R1,3882645.23,93.8826,synthetic_demo,synthetic reservoir response,True
2006-05-15,R1,3882834.72,93.8828,synthetic_demo,synthetic reservoir response,True
2006-05-16,R1,3883080.64,93.8831,synthetic_demo,synthetic reservoir response,True
2006-05-17,R1,3883358.22,93.8834,synthetic_demo,synthetic reservoir response,True
2006-05-18,R1,3883514.64,93.8835,synthetic_demo,synthetic reservoir response,True
2006-05-19,R1,3883752.47,93.8838,synthetic_demo,synthetic reservoir response,True
2006-05-20,R1,3884003.02,93.884,synthetic_demo,synthetic reservoir response,True
2006-05-21,R1,3884105.44,93.8841,synthetic_demo,synthetic reservoir response,True
2006-05-22,R1,3884265.98,93.8843,synthetic_demo,synthetic reservoir response,True
2006-05-23,R1,3884482.2,93.8845,synthetic_demo,synthetic reservoir response,True
2006-05-24,R1,3884773.94,93.8848,synthetic_demo,synthetic reservoir response,True
2006-05-25,R1,3885104.51,93.8851,synthetic_demo,synthetic reservoir response,True
2006-05-26,R1,3885431.96,93.8854,synthetic_demo,synthetic reservoir response,True
2006-05-27,R1,3885715.89,93.8857,synthetic_demo,synthetic reservoir response,True
2006-05-28,R1,3885921.04,93.8859,synthetic_demo,synthetic reservoir response,True
2006-05-29,R1,3886156.94,93.8862,synthetic_demo,synthetic reservoir response,True
2006-05-30,R1,3886427.4,93.8864,synthetic_demo,synthetic reservoir response,True
2006-05-31,R1,3886723.56,93.8867,synthetic_demo,synthetic reservoir response,True
2006-06-01,R1,3886976.57,93.887,synthetic_demo,synthetic reservoir response,True
2006-06-02,R1,3887150.49,93.8872,synthetic_demo,synthetic reservoir response,True
2006-06-03,R1,3887392.49,93.8874,synthetic_demo,synthetic reservoir response,True
2006-06-04,R1,3887460.96,93.8875,synthetic_demo,synthetic reservoir response,True
2006-06-05,R1,3887556.87,93.8876,synthetic_demo,synthetic reservoir response,True
2006-06-06,R1,3887662.14,93.8877,synthetic_demo,synthetic reservoir response,True
2006-06-07,R1,3887730.31,93.8877,synthetic_demo,synthetic reservoir response,True
2006-06-08,R1,3887799.21,93.8878,synthetic_demo,synthetic reservoir response,True
2006-06-09,R1,3887865.8,93.8879,synthetic_demo,synthetic reservoir response,True
2006-06-10,R1,3887982.12,93.888,synthetic_demo,synthetic reservoir response,True
2006-06-11,R1,3888055.91,93.8881,synthetic_demo,synthetic reservoir response,True
2006-06-12,R1,3887998.1,93.888,synthetic_demo,synthetic reservoir response,True
2006-06-13,R1,3888097.22,93.8881,synthetic_demo,synthetic reservoir response,True
2006-06-14,R1,3888253.16,93.8883,synthetic_demo,synthetic reservoir response,True
2006-06-15,R1,3888346.44,93.8883,synthetic_demo,synthetic reservoir response,True
2006-06-16,R1,3888462.9,93.8885,synthetic_demo,synthetic reservoir response,True
2006-06-17,R1,3888730.21,93.8887,synthetic_demo,synthetic reservoir response,True
2006-06-18,R1,3888875.94,93.8889,synthetic_demo,synthetic reservoir response,True
2006-06-19,R1,3889009.87,93.889,synthetic_demo,synthetic reservoir response,True
2006-06-20,R1,3889203.2,93.8892,synthetic_demo,synthetic reservoir response,True
2006-06-21,R1,3889362.41,93.8894,synthetic_demo,synthetic reservoir response,True
2006-06-22,R1,3889582.28,93.8896,synthetic_demo,synthetic reservoir response,True
2006-06-23,R1,3889878.43,93.8899,synthetic_demo,synthetic reservoir response,True
2006-06-24,R1,3890074.29,93.8901,synthetic_demo,synthetic reservoir response,True
2006-06-25,R1,3890237.5,93.8902,synthetic_demo,synthetic reservoir response,True
2006-06-26,R1,3890461.95,93.8905,synthetic_demo,synthetic reservoir response,True
2006-06-27,R1,3890695.68,93.8907,synthetic_demo,synthetic reservoir response,True
2006-06-28,R1,3890937.04,93.8909,synthetic_demo,synthetic reservoir response,True
2006-06-29,R1,3891436.08,93.8914,synthetic_demo,synthetic reservoir response,True
2006-06-30,R1,3891813.41,93.8918,synthetic_demo,synthetic reservoir response,True
2006-07-01,R1,3892364.97,93.8924,synthetic_demo,synthetic reservoir response,True
2006-07-02,R1,3892874.41,93.8929,synthetic_demo,synthetic reservoir response,True
2006-07-03,R1,3893350.74,93.8934,synthetic_demo,synthetic reservoir response,True
2006-07-04,R1,3893831.86,93.8938,synthetic_demo,synthetic reservoir response,True
2006-07-05,R1,3894302.51,93.8943,synthetic_demo,synthetic reservoir response,True
2006-07-06,R1,3894809.32,93.8948,synthetic_demo,synthetic reservoir response,True
2006-07-07,R1,3895316.51,93.8953,synthetic_demo,synthetic reservoir response,True
2006-07-08,R1,3895776.93,93.8958,synthetic_demo,synthetic reservoir response,True
2006-07-09,R1,3896223.98,93.8962,synthetic_demo,synthetic reservoir response,True
2006-07-10,R1,3896585.97,93.8966,synthetic_demo,synthetic reservoir response,True
2006-07-11,R1,3897063.07,93.8971,synthetic_demo,synthetic reservoir response,True
2006-07-12,R1,3897509.45,93.8975,synthetic_demo,synthetic reservoir response,True
2006-07-13,R1,3897945.32,93.8979,synthetic_demo,synthetic reservoir response,True
2006-07-14,R1,3898482.29,93.8985,synthetic_demo,synthetic reservoir response,True
2006-07-15,R1,3899008.31,93.899,synthetic_demo,synthetic reservoir response,True
2006-07-16,R1,3899586.24,93.8996,synthetic_demo,synthetic reservoir response,True
2006-07-17,R1,3900427.89,93.9004,synthetic_demo,synthetic reservoir response,True
2006-07-18,R1,3901310.52,93.9013,synthetic_demo,synthetic reservoir response,True
2006-07-19,R1,3902147.76,93.9021,synthetic_demo,synthetic reservoir response,True
2006-07-20,R1,3902981.14,93.903,synthetic_demo,synthetic reservoir response,True
2006-07-21,R1,3903741.91,93.9037,synthetic_demo,synthetic reservoir response,True
2006-07-22,R1,3904556.05,93.9046,synthetic_demo,synthetic reservoir response,True
2006-07-23,R1,3905449.79,93.9054,synthetic_demo,synthetic reservoir response,True
2006-07-24,R1,3906225.46,93.9062,synthetic_demo,synthetic reservoir response,True
2006-07-25,R1,3907101.48,93.9071,synthetic_demo,synthetic reservoir response,True
2006-07-26,R1,3907929.21,93.9079,synthetic_demo,synthetic reservoir response,True
2006-07-27,R1,3908848.45,93.9088,synthetic_demo,synthetic reservoir response,True
2006-07-28,R1,3909716.97,93.9097,synthetic_demo,synthetic reservoir response,True
2006-07-29,R1,3910637.74,93.9106,synthetic_demo,synthetic reservoir response,True
2006-07-30,R1,3911704.45,93.9117,synthetic_demo,synthetic reservoir response,True
2006-07-31,R1,3912804.54,93.9128,synthetic_demo,synthetic reservoir response,True
2006-08-01,R1,3913745.23,93.9137,synthetic_demo,synthetic reservoir response,True
2006-08-02,R1,3914618.75,93.9146,synthetic_demo,synthetic reservoir response,True
2006-08-03,R1,3915509.96,93.9155,synthetic_demo,synthetic reservoir response,True
2006-08-04,R1,3916415.7,93.9164,synthetic_demo,synthetic reservoir response,True
2006-08-05,R1,3917414.56,93.9174,synthetic_demo,synthetic reservoir response,True
2006-08-06,R1,3918399.72,93.9184,synthetic_demo,synthetic reservoir response,True
2006-08-07,R1,3919443.23,93.9194,synthetic_demo,synthetic reservoir response,True
2006-08-08,R1,3920522.39,93.9205,synthetic_demo,synthetic reservoir response,True
2006-08-09,R1,3921481.32,93.9215,synthetic_demo,synthetic reservoir response,True
2006-08-10,R1,3922517.92,93.9225,synthetic_demo,synthetic reservoir response,True
2006-08-11,R1,3923590.87,93.9236,synthetic_demo,synthetic reservoir response,True
2006-08-12,R1,3924598.71,93.9246,synthetic_demo,synthetic reservoir response,True
2006-08-13,R1,3925521.09,93.9255,synthetic_demo,synthetic reservoir response,True
2006-08-14,R1,3926473.54,93.9265,synthetic_demo,synthetic reservoir response,True
2006-08-15,R1,3927332.94,93.9273,synthetic_demo,synthetic reservoir response,True
2006-08-16,R1,3928110.12,93.9281,synthetic_demo,synthetic reservoir response,True
2006-08-17,R1,3928911.75,93.9289,synthetic_demo,synthetic reservoir response,True
2006-08-18,R1,3929881.76,93.9299,synthetic_demo,synthetic reservoir response,True
2006-08-19,R1,3930857.23,93.9309,synthetic_demo,synthetic reservoir response,True
2006-08-20,R1,3931896.88,93.9319,synthetic_demo,synthetic reservoir response,True
2006-08-21,R1,3932937.41,93.9329,synthetic_demo,synthetic reservoir response,True
2006-08-22,R1,3933986.64,93.934,synthetic_demo,synthetic reservoir response,True
2006-08-23,R1,3935098.79,93.9351,synthetic_demo,synthetic reservoir response,True
2006-08-24,R1,3936161.78,93.9362,synthetic_demo,synthetic reservoir response,True
2006-08-25,R1,3937223.63,93.9372,synthetic_demo,synthetic reservoir response,True
2006-08-26,R1,3938312.71,93.9383,synthetic_demo,synthetic reservoir response,True
2006-08-27,R1,3939374.33,93.9394,synthetic_demo,synthetic reservoir response,True
2006-08-28,R1,3940408.9,93.9404,synthetic_demo,synthetic reservoir response,True
2006-08-29,R1,3941406.45,93.9414,synthetic_demo,synthetic reservoir response,True
2006-08-30,R1,3942600.27,93.9426,synthetic_demo,synthetic reservoir response,True
2006-08-31,R1,3943747.3,93.9437,synthetic_demo,synthetic reservoir response,True
2006-09-01,R1,3944768.39,93.9448,synthetic_demo,synthetic reservoir response,True
2006-09-02,R1,3945853.35,93.9459,synthetic_demo,synthetic reservoir response,True
2006-09-03,R1,3946911.56,93.9469,synthetic_demo,synthetic reservoir response,True
2006-09-04,R1,3947940.97,93.9479,synthetic_demo,synthetic reservoir response,True
2006-09-05,R1,3948973.71,93.949,synthetic_demo,synthetic reservoir response,True
2006-09-06,R1,3950032.86,93.95,synthetic_demo,synthetic reservoir response,True
2006-09-07,R1,3951083.93,93.9511,synthetic_demo,synthetic reservoir response,True
2006-09-08,R1,3952208.46,93.9522,synthetic_demo,synthetic reservoir response,True
2006-09-09,R1,3953338.54,93.9533,synthetic_demo,synthetic reservoir response,True
2006-09-10,R1,3954410.07,93.9544,synthetic_demo,synthetic reservoir response,True
2006-09-11,R1,3955505.49,93.9555,synthetic_demo,synthetic reservoir response,True
2006-09-12,R1,3956496.52,93.9565,synthetic_demo,synthetic reservoir response,True
2006-09-13,R1,3957421.06,93.9574,synthetic_demo,synthetic reservoir response,True
2006-09-14,R1,3958445.64,93.9584,synthetic_demo,synthetic reservoir response,True
2006-09-15,R1,3959532.57,93.9595,synthetic_demo,synthetic reservoir response,True
2006-09-16,R1,3960467.5,93.9605,synthetic_demo,synthetic reservoir response,True
2006-09-17,R1,3961501.62,93.9615,synthetic_demo,synthetic reservoir response,True
2006-09-18,R1,3962476.7,93.9625,synthetic_demo,synthetic reservoir response,True
2006-09-19,R1,3963496.14,93.9635,synthetic_demo,synthetic reservoir response,True
2006-09-20,R1,3964424.27,93.9644,synthetic_demo,synthetic reservoir response,True
2006-09-21,R1,3965319.53,93.9653,synthetic_demo,synthetic reservoir response,True
2006-09-22,R1,3966222.98,93.9662,synthetic_demo,synthetic reservoir response,True
2006-09-23,R1,3967137.05,93.9671,synthetic_demo,synthetic reservoir response,True
2006-09-24,R1,3968180.34,93.9682,synthetic_demo,synthetic reservoir response,True
2006-09-25,R1,3969137.02,93.9691,synthetic_demo,synthetic reservoir response,True
2006-09-26,R1,3969961.84,93.97,synthetic_demo,synthetic reservoir response,True
2006-09-27,R1,3970930.37,93.9709,synthetic_demo,synthetic reservoir response,True
2006-09-28,R1,3971908.6,93.9719,synthetic_demo,synthetic reservoir response,True
2006-09-29,R1,3972849.79,93.9728,synthetic_demo,synthetic reservoir response,True
2006-09-30,R1,3973771.65,93.9738,synthetic_demo,synthetic reservoir response,True
2006-10-01,R1,3974660.83,93.9747,synthetic_demo,synthetic reservoir response,True
2006-10-02,R1,3975504.37,93.9755,synthetic_demo,synthetic reservoir response,True
2006-10-03,R1,3976344.83,93.9763,synthetic_demo,synthetic reservoir response,True
2006-10-04,R1,3977169.86,93.9772,synthetic_demo,synthetic reservoir response,True
2006-10-05,R1,3977935.75,93.9779,synthetic_demo,synthetic reservoir response,True
2006-10-06,R1,3978812.88,93.9788,synthetic_demo,synthetic reservoir response,True
2006-10-07,R1,3979772.45,93.9798,synthetic_demo,synthetic reservoir response,True
2006-10-08,R1,3980710.32,93.9807,synthetic_demo,synthetic reservoir response,True
2006-10-09,R1,3981732.07,93.9817,synthetic_demo,synthetic reservoir response,True
2006-10-10,R1,3982731.14,93.9827,synthetic_demo,synthetic reservoir response,True
2006-10-11,R1,3983782.0,93.9838,synthetic_demo,synthetic reservoir response,True
2006-10-12,R1,3984761.34,93.9848,synthetic_demo,synthetic reservoir response,True
2006-10-13,R1,3985661.17,93.9857,synthetic_demo,synthetic reservoir response,True
2006-10-14,R1,3986473.2,93.9865,synthetic_demo,synthetic reservoir response,True
2006-10-15,R1,3987339.81,93.9873,synthetic_demo,synthetic reservoir response,True
2006-10-16,R1,3988325.3,93.9883,synthetic_demo,synthetic reservoir response,True
2006-10-17,R1,3989187.36,93.9892,synthetic_demo,synthetic reservoir response,True
2006-10-18,R1,3990091.95,93.9901,synthetic_demo,synthetic reservoir response,True
2006-10-19,R1,3990984.92,93.991,synthetic_demo,synthetic reservoir response,True
2006-10-20,R1,3991865.43,93.9919,synthetic_demo,synthetic reservoir response,True
2006-10-21,R1,3992742.49,93.9927,synthetic_demo,synthetic reservoir response,True
2006-10-22,R1,3993643.61,93.9936,synthetic_demo,synthetic reservoir response,True
2006-10-23,R1,3994578.81,93.9946,synthetic_demo,synthetic reservoir response,True
2006-10-24,R1,3995464.64,93.9955,synthetic_demo,synthetic reservoir response,True
2006-10-25,R1,3996393.44,93.9964,synthetic_demo,synthetic reservoir response,True
2006-10-26,R1,3997248.45,93.9972,synthetic_demo,synthetic reservoir response,True
2006-10-27,R1,3998104.29,93.9981,synthetic_demo,synthetic reservoir response,True
2006-10-28,R1,3998919.38,93.9989,synthetic_demo,synthetic reservoir response,True
2006-10-29,R1,3999830.45,93.9998,synthetic_demo,synthetic reservoir response,True
2006-10-30,R1,4000000.0,94.0,synthetic_demo,synthetic reservoir response,True
2006-10-31,R1,4000000.0,94.0,synthetic_demo,synthetic reservoir response,True
2006-11-01,R1,4000000.0,94.0,synthetic_demo,synthetic reservoir response,True
2006-11-02,R1,4000000.0,94.0,synthetic_demo,synthetic reservoir response,True
2006-11-03,R1,4000000.0,94.0,synthetic_demo,synthetic reservoir response,True
2006-11-04,R1,4000000.0,94.0,synthetic_demo,synthetic reservoir response,True
2006-11-05,R1,4000000.0,94.0,synthetic_demo,synthetic reservoir response,True
2006-11-06,R1,4000000.0,94.0,synthetic_demo,synthetic reservoir response,True
2006-11-07,R1,4000000.0,94.0,synthetic_demo,synthetic reservoir response,True
2006-11-08,R1,4000000.0,94.0,synthetic_demo,synthetic reservoir response,True
2006-11-09,R1,4000000.0,94.0,synthetic_demo,synthetic reservoir response,True
2006-11-10,R1,4000000.0,94.0,synthetic_demo,synthetic reservoir response,True
2006-11-11,R1,4000000.0,94.0,synthetic_demo,synthetic reservoir response,True
2006-11-12,R1,4000000.0,94.0,synthetic_demo,synthetic reservoir response,True
2006-11-13,R1,4000000.0,94.0,synthetic_demo,synthetic reservoir response,True
2006-11-14,R1,4000000.0,94.0,synthetic_demo,synthetic reservoir response,True
2006-11-15,R1,4000000.0,94.0,synthetic_demo,synthetic reservoir response,True
2006-11-16,R1,4000000.0,94.0,synthetic_demo,synthetic reservoir response,True
2006-11-17,R1,4000000.0,94.0,synthetic_demo,synthetic reservoir response,True
2006-11-18,R1,4000000.0,94.0,synthetic_demo,synthetic reservoir response,True
2006-11-19,R1,4000000.0,94.0,synthetic_demo,synthetic reservoir response,True
2006-11-20,R1,4000000.0,94.0,synthetic_demo,synthetic reservoir response,True
2006-11-21,R1,4000000.0,94.0,synthetic_demo,synthetic reservoir response,True
2006-11-22,R1,4000000.0,94.0,synthetic_demo,synthetic reservoir response,True
2006-11-23,R1,4000000.0,94.0,synthetic_demo,synthetic reservoir response,True
2006-11-24,R1,4000000.0,94.0,synthetic_demo,synthetic reservoir response,True
2006-11-25,R1,4000000.0,94.0,synthetic_demo,synthetic reservoir response,True
2006-11-26,R1,4000000.0,94.0,synthetic_demo,synthetic reservoir response,True
2006-11-27,R1,4000000.0,94.0,synthetic_demo,synthetic reservoir response,True
2006-11-28,R1,4000000.0,94.0,synthetic_demo,synthetic reservoir response,True
2006-11-29,R1,4000000.0,94.0,synthetic_demo,synthetic reservoir response,True
2006-11-30,R1,4000000.0,94.0,synthetic_demo,synthetic reservoir response,True
2006-12-01,R1,4000000.0,94.0,synthetic_demo,synthetic reservoir response,True
2006-12-02,R1,4000000.0,94.0,synthetic_demo,synthetic reservoir response,True
2006-12-03,R1,4000000.0,94.0,synthetic_demo,synthetic reservoir response,True
2006-12-04,R1,4000000.0,94.0,synthetic_demo,synthetic reservoir response,True
2006-12-05,R1,4000000.0,94.0,synthetic_demo,synthetic reservoir response,True
2006-12-06,R1,4000000.0,94.0,synthetic_demo,synthetic reservoir response,True
2006-12-07,R1,4000000.0,94.0,synthetic_demo,synthetic reservoir response,True
2006-12-08,R1,4000000.0,94.0,synthetic_demo,synthetic reservoir response,True
2006-12-09,R1,4000000.0,94.0,synthetic_demo,synthetic reservoir response,True
2006-12-10,R1,4000000.0,94.0,synthetic_demo,synthetic reservoir response,True
2006-12-11,R1,4000000.0,94.0,synthetic_demo,synthetic reservoir response,True
2006-12-12,R1,4000000.0,94.0,synthetic_demo,synthetic reservoir response,True
2006-12-13,R1,4000000.0,94.0,synthetic_demo,synthetic reservoir response,True
2006-12-14,R1,4000000.0,94.0,synthetic_demo,synthetic reservoir response,True
2006-12-15,R1,4000000.0,94.0,synthetic_demo,synthetic reservoir response,True
2006-12-16,R1,4000000.0,94.0,synthetic_demo,synthetic reservoir response,True
2006-12-17,R1,4000000.0,94.0,synthetic_demo,synthetic reservoir response,True
2006-12-18,R1,4000000.0,94.0,synthetic_demo,synthetic reservoir response,True
2006-12-19,R1,4000000.0,94.0,synthetic_demo,synthetic reservoir response,True
2006-12-20,R1,4000000.0,94.0,synthetic_demo,synthetic reservoir response,True
2006-12-21,R1,4000000.0,94.0,synthetic_demo,synthetic reservoir response,True
2006-12-22,R1,4000000.0,94.0,synthetic_demo,synthetic reservoir response,True
2006-12-23,R1,4000000.0,94.0,synthetic_demo,synthetic reservoir response,True
2006-12-24,R1,4000000.0,94.0,synthetic_demo,synthetic reservoir response,True
2006-12-25,R1,4000000.0,94.0,synthetic_demo,synthetic reservoir response,True
2006-12-26,R1,4000000.0,94.0,synthetic_demo,synthetic reservoir response,True
2006-12-27,R1,4000000.0,94.0,synthetic_demo,synthetic reservoir response,True
2006-12-28,R1,4000000.0,94.0,synthetic_demo,synthetic reservoir response,True
2006-12-29,R1,4000000.0,94.0,synthetic_demo,synthetic reservoir response,True
2006-12-30,R1,4000000.0,94.0,synthetic_demo,synthetic reservoir response,True
2006-12-31,R1,4000000.0,94.0,synthetic_demo,synthetic reservoir response,True
2007-01-01,R1,4000000.0,94.0,synthetic_demo,synthetic reservoir response,True
2007-01-02,R1,4000000.0,94.0,synthetic_demo,synthetic reservoir response,True
2007-01-03,R1,4000000.0,94.0,synthetic_demo,synthetic reservoir response,True
2007-01-04,R1,4000000.0,94.0,synthetic_demo,synthetic reservoir response,True
2007-01-05,R1,4000000.0,94.0,synthetic_demo,synthetic reservoir response,True
2007-01-06,R1,4000000.0,94.0,synthetic_demo,synthetic reservoir response,True
2007-01-07,R1,4000000.0,94.0,synthetic_demo,synthetic reservoir response,True
2007-01-08,R1,4000000.0,94.0,synthetic_demo,synthetic reservoir response,True
2007-01-09,R1,4000000.0,94.0,synthetic_demo,synthetic reservoir response,True
2007-01-10,R1,4000000.0,94.0,synthetic_demo,synthetic reservoir response,True
2007-01-11,R1,4000000.0,94.0,synthetic_demo,synthetic reservoir response,True
2007-01-12,R1,4000000.0,94.0,synthetic_demo,synthetic reservoir response,True
2007-01-13,R1,4000000.0,94.0,synthetic_demo,synthetic reservoir response,True
2007-01-14,R1,4000000.0,94.0,synthetic_demo,synthetic reservoir response,True
2007-01-15,R1,4000000.0,94.0,synthetic_demo,synthetic reservoir response,True
2007-01-16,R1,4000000.0,94.0,synthetic_demo,synthetic reservoir response,True
2007-01-17,R1,4000000.0,94.0,synthetic_demo,synthetic reservoir response,True
2007-01-18,R1,4000000.0,94.0,synthetic_demo,synthetic reservoir response,True
2007-01-19,R1,4000000.0,94.0,synthetic_demo,synthetic reservoir response,True
2007-01-20,R1,4000000.0,94.0,synthetic_demo,synthetic reservoir response,True
2007-01-21,R1,4000000.0,94.0,synthetic_demo,synthetic reservoir response,True
2007-01-22,R1,4000000.0,94.0,synthetic_demo,synthetic reservoir response,True
2007-01-23,R1,4000000.0,94.0,synthetic_demo,synthetic reservoir response,True
2007-01-24,R1,4000000.0,94.0,synthetic_demo,synthetic reservoir response,True
2007-01-25,R1,4000000.0,94.0,synthetic_demo,synthetic reservoir response,True
2007-01-26,R1,4000000.0,94.0,synthetic_demo,synthetic reservoir response,True
2007-01-27,R1,4000000.0,94.0,synthetic_demo,synthetic reservoir response,True
2007-01-28,R1,4000000.0,94.0,synthetic_demo,synthetic reservoir response,True
2007-01-29,R1,4000000.0,94.0,synthetic_demo,synthetic reservoir response,True
2007-01-30,R1,4000000.0,94.0,synthetic_demo,synthetic reservoir response,True
2007-01-31,R1,4000000.0,94.0,synthetic_demo,synthetic reservoir response,True
2007-02-01,R1,4000000.0,94.0,synthetic_demo,synthetic reservoir response,True
2007-02-02,R1,4000000.0,94.0,synthetic_demo,synthetic reservoir response,True
2007-02-03,R1,4000000.0,94.0,synthetic_demo,synthetic reservoir response,True
2007-02-04,R1,4000000.0,94.0,synthetic_demo,synthetic reservoir response,True
2007-02-05,R1,4000000.0,94.0,synthetic_demo,synthetic reservoir response,True
2007-02-06,R1,4000000.0,94.0,synthetic_demo,synthetic reservoir response,True
2007-02-07,R1,4000000.0,94.0,synthetic_demo,synthetic reservoir response,True
2007-02-08,R1,4000000.0,94.0,synthetic_demo,synthetic reservoir response,True
2007-02-09,R1,4000000.0,94.0,synthetic_demo,synthetic reservoir response,True
2007-02-10,R1,4000000.0,94.0,synthetic_demo,synthetic reservoir response,True
2007-02-11,R1,4000000.0,94.0,synthetic_demo,synthetic reservoir response,True
2007-02-12,R1,4000000.0,94.0,synthetic_demo,synthetic reservoir response,True
2007-02-13,R1,4000000.0,94.0,synthetic_demo,synthetic reservoir response,True
2007-02-14,R1,4000000.0,94.0,synthetic_demo,synthetic reservoir response,True
2007-02-15,R1,4000000.0,94.0,synthetic_demo,synthetic reservoir response,True
2007-02-16,R1,4000000.0,94.0,synthetic_demo,synthetic reservoir response,True
2007-02-17,R1,4000000.0,94.0,synthetic_demo,synthetic reservoir response,True
2007-02-18,R1,4000000.0,94.0,synthetic_demo,synthetic reservoir response,True
2007-02-19,R1,4000000.0,94.0,synthetic_demo,synthetic reservoir response,True
2007-02-20,R1,4000000.0,94.0,synthetic_demo,synthetic reservoir response,True
2007-02-21,R1,4000000.0,94.0,synthetic_demo,synthetic reservoir response,True
2007-02-22,R1,4000000.0,94.0,synthetic_demo,synthetic reservoir response,True
2007-02-23,R1,4000000.0,94.0,synthetic_demo,synthetic reservoir response,True
2007-02-24,R1,4000000.0,94.0,synthetic_demo,synthetic reservoir response,True
2007-02-25,R1,4000000.0,94.0,synthetic_demo,synthetic reservoir response,True
2007-02-26,R1,4000000.0,94.0,synthetic_demo,synthetic reservoir response,True
2007-02-27,R1,4000000.0,94.0,synthetic_demo,synthetic reservoir response,True
2007-02-28,R1,4000000.0,94.0,synthetic_demo,synthetic reservoir response,True
2007-03-01,R1,4000000.0,94.0,synthetic_demo,synthetic reservoir response,True
2007-03-02,R1,4000000.0,94.0,synthetic_demo,synthetic reservoir response,True
2007-03-03,R1,4000000.0,94.0,synthetic_demo,synthetic reservoir response,True
2007-03-04,R1,4000000.0,94.0,synthetic_demo,synthetic reservoir response,True
2007-03-05,R1,4000000.0,94.0,synthetic_demo,synthetic reservoir response,True
2007-03-06,R1,4000000.0,94.0,synthetic_demo,synthetic reservoir response,True
2007-03-07,R1,4000000.0,94.0,synthetic_demo,synthetic reservoir response,True
2007-03-08,R1,4000000.0,94.0,synthetic_demo,synthetic reservoir response,True
2007-03-09,R1,4000000.0,94.0,synthetic_demo,synthetic reservoir response,True
2007-03-10,R1,4000000.0,94.0,synthetic_demo,synthetic reservoir response,True
2007-03-11,R1,4000000.0,94.0,synthetic_demo,synthetic reservoir response,True
2007-03-12,R1,4000000.0,94.0,synthetic_demo,synthetic reservoir response,True
2007-03-13,R1,4000000.0,94.0,synthetic_demo,synthetic reservoir response,True
2007-03-14,R1,4000000.0,94.0,synthetic_demo,synthetic reservoir response,True
2007-03-15,R1,4000000.0,94.0,synthetic_demo,synthetic reservoir response,True
2007-03-16,R1,4000000.0,94.0,synthetic_demo,synthetic reservoir response,True
2007-03-17,R1,4000000.0,94.0,synthetic_demo,synthetic reservoir response,True
2007-03-18,R1,4000000.0,94.0,synthetic_demo,synthetic reservoir response,True
2007-03-19,R1,4000000.0,94.0,synthetic_demo,synthetic reservoir response,True
2007-03-20,R1,4000000.0,94.0,synthetic_demo,synthetic reservoir response,True
2007-03-21,R1,4000000.0,94.0,synthetic_demo,synthetic reservoir response,True
2007-03-22,R1,4000000.0,94.0,synthetic_demo,synthetic reservoir response,True
2007-03-23,R1,4000000.0,94.0,synthetic_demo,synthetic reservoir response,True
2007-03-24,R1,4000000.0,94.0,synthetic_demo,synthetic reservoir response,True
2007-03-25,R1,4000000.0,94.0,synthetic_demo,synthetic reservoir response,True
2007-03-26,R1,4000000.0,94.0,synthetic_demo,synthetic reservoir response,True
2007-03-27,R1,4000000.0,94.0,synthetic_demo,synthetic reservoir response,True
2007-03-28,R1,4000000.0,94.0,synthetic_demo,synthetic reservoir response,True
2007-03-29,R1,4000000.0,94.0,synthetic_demo,synthetic reservoir response,True
2007-03-30,R1,4000000.0,94.0,synthetic_demo,synthetic reservoir response,True
2007-03-31,R1,4000000.0,94.0,synthetic_demo,synthetic reservoir response,True
2007-04-01,R1,4000000.0,94.0,synthetic_demo,synthetic reservoir response,True
2007-04-02,R1,4000000.0,94.0,synthetic_demo,synthetic reservoir response,True
2007-04-03,R1,4000000.0,94.0,synthetic_demo,synthetic reservoir response,True
2007-04-04,R1,4000000.0,94.0,synthetic_demo,synthetic reservoir response,True
2007-04-05,R1,4000000.0,94.0,synthetic_demo,synthetic reservoir response,True
2007-04-06,R1,4000000.0,94.0,synthetic_demo,synthetic reservoir response,True
2007-04-07,R1,4000000.0,94.0,synthetic_demo,synthetic reservoir response,True
2007-04-08,R1,4000000.0,94.0,synthetic_demo,synthetic reservoir response,True
2007-04-09,R1,4000000.0,94.0,synthetic_demo,synthetic reservoir response,True
2007-04-10,R1,4000000.0,94.0,synthetic_demo,synthetic reservoir response,True
2007-04-11,R1,4000000.0,94.0,synthetic_demo,synthetic reservoir response,True
2007-04-12,R1,4000000.0,94.0,synthetic_demo,synthetic reservoir response,True
2007-04-13,R1,4000000.0,94.0,synthetic_demo,synthetic reservoir response,True
2007-04-14,R1,4000000.0,94.0,synthetic_demo,synthetic reservoir response,True
2007-04-15,R1,4000000.0,94.0,synthetic_demo,synthetic reservoir response,True
2007-04-16,R1,4000000.0,94.0,synthetic_demo,synthetic reservoir response,True
2007-04-17,R1,4000000.0,94.0,synthetic_demo,synthetic reservoir response,True
2007-04-18,R1,4000000.0,94.0,synthetic_demo,synthetic reservoir response,True
2007-04-19,R1,4000000.0,94.0,synthetic_demo,synthetic reservoir response,True
2007-04-20,R1,4000000.0,94.0,synthetic_demo,synthetic reservoir response,True
2007-04-21,R1,4000000.0,94.0,synthetic_demo,synthetic reservoir response,True
2007-04-22,R1,4000000.0,94.0,synthetic_demo,synthetic reservoir response,True
2007-04-23,R1,4000000.0,94.0,synthetic_demo,synthetic reservoir response,True
2007-04-24,R1,4000000.0,94.0,synthetic_demo,synthetic reservoir response,True
2007-04-25,R1,4000000.0,94.0,synthetic_demo,synthetic reservoir response,True
2007-04-26,R1,4000000.0,94.0,synthetic_demo,synthetic reservoir response,True
2007-04-27,R1,4000000.0,94.0,synthetic_demo,synthetic reservoir response,True
2007-04-28,R1,4000000.0,94.0,synthetic_demo,synthetic reservoir response,True
2007-04-29,R1,4000000.0,94.0,synthetic_demo,synthetic reservoir response,True
2007-04-30,R1,4000000.0,94.0,synthetic_demo,synthetic reservoir response,True
2007-05-01,R1,4000000.0,94.0,synthetic_demo,synthetic reservoir response,True
2007-05-02,R1,4000000.0,94.0,synthetic_demo,synthetic reservoir response,True
2007-05-03,R1,4000000.0,94.0,synthetic_demo,synthetic reservoir response,True
2007-05-04,R1,4000000.0,94.0,synthetic_demo,synthetic reservoir response,True
2007-05-05,R1,4000000.0,94.0,synthetic_demo,synthetic reservoir response,True
2007-05-06,R1,4000000.0,94.0,synthetic_demo,synthetic reservoir response,True
2007-05-07,R1,4000000.0,94.0,synthetic_demo,synthetic reservoir response,True
2007-05-08,R1,4000000.0,94.0,synthetic_demo,synthetic reservoir response,True
2007-05-09,R1,4000000.0,94.0,synthetic_demo,synthetic reservoir response,True
2007-05-10,R1,4000000.0,94.0,synthetic_demo,synthetic reservoir response,True
2007-05-11,R1,4000000.0,94.0,synthetic_demo,synthetic reservoir response,True
2007-05-12,R1,4000000.0,94.0,synthetic_demo,synthetic reservoir response,True
2007-05-13,R1,4000000.0,94.0,synthetic_demo,synthetic reservoir response,True
2007-05-14,R1,4000000.0,94.0,synthetic_demo,synthetic reservoir response,True
2007-05-15,R1,4000000.0,94.0,synthetic_demo,synthetic reservoir response,True
2007-05-16,R1,4000000.0,94.0,synthetic_demo,synthetic reservoir response,True
2007-05-17,R1,4000000.0,94.0,synthetic_demo,synthetic reservoir response,True
2007-05-18,R1,4000000.0,94.0,synthetic_demo,synthetic reservoir response,True
2007-05-19,R1,4000000.0,94.0,synthetic_demo,synthetic reservoir response,True
2007-05-20,R1,4000000.0,94.0,synthetic_demo,synthetic reservoir response,True
2007-05-21,R1,4000000.0,94.0,synthetic_demo,synthetic reservoir response,True
2007-05-22,R1,4000000.0,94.0,synthetic_demo,synthetic reservoir response,True
2007-05-23,R1,4000000.0,94.0,synthetic_demo,synthetic reservoir response,True
2007-05-24,R1,4000000.0,94.0,synthetic_demo,synthetic reservoir response,True
2007-05-25,R1,4000000.0,94.0,synthetic_demo,synthetic reservoir response,True
2007-05-26,R1,4000000.0,94.0,synthetic_demo,synthetic reservoir response,True
2007-05-27,R1,4000000.0,94.0,synthetic_demo,synthetic reservoir response,True
2007-05-28,R1,4000000.0,94.0,synthetic_demo,synthetic reservoir response,True
2007-05-29,R1,4000000.0,94.0,synthetic_demo,synthetic reservoir response,True
2007-05-30,R1,4000000.0,94.0,synthetic_demo,synthetic reservoir response,True
2007-05-31,R1,4000000.0,94.0,synthetic_demo,synthetic reservoir response,True
2007-06-01,R1,4000000.0,94.0,synthetic_demo,synthetic reservoir response,True
2007-06-02,R1,4000000.0,94.0,synthetic_demo,synthetic reservoir response,True
2007-06-03,R1,4000000.0,94.0,synthetic_demo,synthetic reservoir response,True
2007-06-04,R1,4000000.0,94.0,synthetic_demo,synthetic reservoir response,True
2007-06-05,R1,4000000.0,94.0,synthetic_demo,synthetic reservoir response,True
2007-06-06,R1,4000000.0,94.0,synthetic_demo,synthetic reservoir response,True
2007-06-07,R1,4000000.0,94.0,synthetic_demo,synthetic reservoir response,True
2007-06-08,R1,4000000.0,94.0,synthetic_demo,synthetic reservoir response,True
2007-06-09,R1,4000000.0,94.0,synthetic_demo,synthetic reservoir response,True
2007-06-10,R1,4000000.0,94.0,synthetic_demo,synthetic reservoir response,True
2007-06-11,R1,4000000.0,94.0,synthetic_demo,synthetic reservoir response,True
2007-06-12,R1,4000000.0,94.0,synthetic_demo,synthetic reservoir response,True
2007-06-13,R1,4000000.0,94.0,synthetic_demo,synthetic reservoir response,True
2007-06-14,R1,4000000.0,94.0,synthetic_demo,synthetic reservoir response,True
2007-06-15,R1,4000000.0,94.0,synthetic_demo,synthetic reservoir response,True
2007-06-16,R1,4000000.0,94.0,synthetic_demo,synthetic reservoir response,True
2007-06-17,R1,4000000.0,94.0,synthetic_demo,synthetic reservoir response,True
2007-06-18,R1,4000000.0,94.0,synthetic_demo,synthetic reservoir response,True
2007-06-19,R1,4000000.0,94.0,synthetic_demo,synthetic reservoir response,True
2007-06-20,R1,4000000.0,94.0,synthetic_demo,synthetic reservoir response,True
2007-06-21,R1,4000000.0,94.0,synthetic_demo,synthetic reservoir response,True
2007-06-22,R1,4000000.0,94.0,synthetic_demo,synthetic reservoir response,True
2007-06-23,R1,4000000.0,94.0,synthetic_demo,synthetic reservoir response,True
2007-06-24,R1,4000000.0,94.0,synthetic_demo,synthetic reservoir response,True
2007-06-25,R1,4000000.0,94.0,synthetic_demo,synthetic reservoir response,True
2007-06-26,R1,4000000.0,94.0,synthetic_demo,synthetic reservoir response,True
2007-06-27,R1,4000000.0,94.0,synthetic_demo,synthetic reservoir response,True
2007-06-28,R1,4000000.0,94.0,synthetic_demo,synthetic reservoir response,True
2007-06-29,R1,4000000.0,94.0,synthetic_demo,synthetic reservoir response,True
2007-06-30,R1,4000000.0,94.0,synthetic_demo,synthetic reservoir response,True
2007-07-01,R1,4000000.0,94.0,synthetic_demo,synthetic reservoir response,True
2007-07-02,R1,4000000.0,94.0,synthetic_demo,synthetic reservoir response,True
2007-07-03,R1,4000000.0,94.0,synthetic_demo,synthetic reservoir response,True
2007-07-04,R1,4000000.0,94.0,synthetic_demo,synthetic reservoir response,True
2007-07-05,R1,4000000.0,94.0,synthetic_demo,synthetic reservoir response,True
2007-07-06,R1,4000000.0,94.0,synthetic_demo,synthetic reservoir response,True
2007-07-07,R1,4000000.0,94.0,synthetic_demo,synthetic reservoir response,True
2007-07-08,R1,4000000.0,94.0,synthetic_demo,synthetic reservoir response,True
2007-07-09,R1,4000000.0,94.0,synthetic_demo,synthetic reservoir response,True
2007-07-10,R1,4000000.0,94.0,synthetic_demo,synthetic reservoir response,True
2007-07-11,R1,4000000.0,94.0,synthetic_demo,synthetic reservoir response,True
2007-07-12,R1,4000000.0,94.0,synthetic_demo,synthetic reservoir response,True
2007-07-13,R1,4000000.0,94.0,synthetic_demo,synthetic reservoir response,True
2007-07-14,R1,4000000.0,94.0,synthetic_demo,synthetic reservoir response,True
2007-07-15,R1,4000000.0,94.0,synthetic_demo,synthetic reservoir response,True
2007-07-16,R1,4000000.0,94.0,synthetic_demo,synthetic reservoir response,True
2007-07-17,R1,4000000.0,94.0,synthetic_demo,synthetic reservoir response,True
2007-07-18,R1,4000000.0,94.0,synthetic_demo,synthetic reservoir response,True
2007-07-19,R1,4000000.0,94.0,synthetic_demo,synthetic reservoir response,True
2007-07-20,R1,4000000.0,94.0,synthetic_demo,synthetic reservoir response,True
2007-07-21,R1,4000000.0,94.0,synthetic_demo,synthetic reservoir response,True
2007-07-22,R1,4000000.0,94.0,synthetic_demo,synthetic reservoir response,True
2007-07-23,R1,4000000.0,94.0,synthetic_demo,synthetic reservoir response,True
2007-07-24,R1,4000000.0,94.0,synthetic_demo,synthetic reservoir response,True
2007-07-25,R1,4000000.0,94.0,synthetic_demo,synthetic reservoir response,True
2007-07-26,R1,4000000.0,94.0,synthetic_demo,synthetic reservoir response,True
2007-07-27,R1,4000000.0,94.0,synthetic_demo,synthetic reservoir response,True
2007-07-28,R1,4000000.0,94.0,synthetic_demo,synthetic reservoir response,True
2007-07-29,R1,4000000.0,94.0,synthetic_demo,synthetic reservoir response,True
2007-07-30,R1,4000000.0,94.0,synthetic_demo,synthetic reservoir response,True
2007-07-31,R1,4000000.0,94.0,synthetic_demo,synthetic reservoir response,True
2007-08-01,R1,4000000.0,94.0,synthetic_demo,synthetic reservoir response,True
2007-08-02,R1,4000000.0,94.0,synthetic_demo,synthetic reservoir response,True
2007-08-03,R1,4000000.0,94.0,synthetic_demo,synthetic reservoir response,True
2007-08-04,R1,4000000.0,94.0,synthetic_demo,synthetic reservoir response,True
2007-08-05,R1,4000000.0,94.0,synthetic_demo,synthetic reservoir response,True
2007-08-06,R1,4000000.0,94.0,synthetic_demo,synthetic reservoir response,True
2007-08-07,R1,4000000.0,94.0,synthetic_demo,synthetic reservoir response,True
2007-08-08,R1,4000000.0,94.0,synthetic_demo,synthetic reservoir response,True
2007-08-09,R1,4000000.0,94.0,synthetic_demo,synthetic reservoir response,True
2007-08-10,R1,4000000.0,94.0,synthetic_demo,synthetic reservoir response,True
2007-08-11,R1,4000000.0,94.0,synthetic_demo,synthetic reservoir response,True
2007-08-12,R1,4000000.0,94.0,synthetic_demo,synthetic reservoir response,True
2007-08-13,R1,4000000.0,94.0,synthetic_demo,synthetic reservoir response,True
2007-08-14,R1,4000000.0,94.0,synthetic_demo,synthetic reservoir response,True
2007-08-15,R1,4000000.0,94.0,synthetic_demo,synthetic reservoir response,True
2007-08-16,R1,4000000.0,94.0,synthetic_demo,synthetic reservoir response,True
2007-08-17,R1,4000000.0,94.0,synthetic_demo,synthetic reservoir response,True
2007-08-18,R1,4000000.0,94.0,synthetic_demo,synthetic reservoir response,True
2007-08-19,R1,4000000.0,94.0,synthetic_demo,synthetic reservoir response,True
2007-08-20,R1,4000000.0,94.0,synthetic_demo,synthetic reservoir response,True
2007-08-21,R1,4000000.0,94.0,synthetic_demo,synthetic reservoir response,True
2007-08-22,R1,4000000.0,94.0,synthetic_demo,synthetic reservoir response,True
2007-08-23,R1,4000000.0,94.0,synthetic_demo,synthetic reservoir response,True
2007-08-24,R1,4000000.0,94.0,synthetic_demo,synthetic reservoir response,True
2007-08-25,R1,4000000.0,94.0,synthetic_demo,synthetic reservoir response,True
2007-08-26,R1,4000000.0,94.0,synthetic_demo,synthetic reservoir response,True
2007-08-27,R1,4000000.0,94.0,synthetic_demo,synthetic reservoir response,True
2007-08-28,R1,4000000.0,94.0,synthetic_demo,synthetic reservoir response,True
2007-08-29,R1,4000000.0,94.0,synthetic_demo,synthetic reservoir response,True
2007-08-30,R1,4000000.0,94.0,synthetic_demo,synthetic reservoir response,True
2007-08-31,R1,4000000.0,94.0,synthetic_demo,synthetic reservoir response,True
2007-09-01,R1,4000000.0,94.0,synthetic_demo,synthetic reservoir response,True
2007-09-02,R1,4000000.0,94.0,synthetic_demo,synthetic reservoir response,True
2007-09-03,R1,4000000.0,94.0,synthetic_demo,synthetic reservoir response,True
2007-09-04,R1,4000000.0,94.0,synthetic_demo,synthetic reservoir response,True
2007-09-05,R1,4000000.0,94.0,synthetic_demo,synthetic reservoir response,True
2007-09-06,R1,4000000.0,94.0,synthetic_demo,synthetic reservoir response,True
2007-09-07,R1,4000000.0,94.0,synthetic_demo,synthetic reservoir response,True
2007-09-08,R1,4000000.0,94.0,synthetic_demo,synthetic reservoir response,True
2007-09-09,R1,4000000.0,94.0,synthetic_demo,synthetic reservoir response,True
2007-09-10,R1,4000000.0,94.0,synthetic_demo,synthetic reservoir response,True
2007-09-11,R1,4000000.0,94.0,synthetic_demo,synthetic reservoir response,True
2007-09-12,R1,4000000.0,94.0,synthetic_demo,synthetic reservoir response,True
2007-09-13,R1,4000000.0,94.0,synthetic_demo,synthetic reservoir response,True
2007-09-14,R1,4000000.0,94.0,synthetic_demo,synthetic reservoir response,True
2007-09-15,R1,4000000.0,94.0,synthetic_demo,synthetic reservoir response,True
2007-09-16,R1,4000000.0,94.0,synthetic_demo,synthetic reservoir response,True
2007-09-17,R1,4000000.0,94.0,synthetic_demo,synthetic reservoir response,True
2007-09-18,R1,4000000.0,94.0,synthetic_demo,synthetic reservoir response,True
2007-09-19,R1,4000000.0,94.0,synthetic_demo,synthetic reservoir response,True
2007-09-20,R1,4000000.0,94.0,synthetic_demo,synthetic reservoir response,True
2007-09-21,R1,4000000.0,94.0,synthetic_demo,synthetic reservoir response,True
2007-09-22,R1,4000000.0,94.0,synthetic_demo,synthetic reservoir response,True
2007-09-23,R1,4000000.0,94.0,synthetic_demo,synthetic reservoir response,True
2007-09-24,R1,4000000.0,94.0,synthetic_demo,synthetic reservoir response,True
2007-09-25,R1,4000000.0,94.0,synthetic_demo,synthetic reservoir response,True
2007-09-26,R1,4000000.0,94.0,synthetic_demo,synthetic reservoir response,True
2007-09-27,R1,4000000.0,94.0,synthetic_demo,synthetic reservoir response,True
2007-09-28,R1,4000000.0,94.0,synthetic_demo,synthetic reservoir response,True
2007-09-29,R1,4000000.0,94.0,synthetic_demo,synthetic reservoir response,True
2007-09-30,R1,4000000.0,94.0,synthetic_demo,synthetic reservoir response,True
2007-10-01,R1,4000000.0,94.0,synthetic_demo,synthetic reservoir response,True
2007-10-02,R1,4000000.0,94.0,synthetic_demo,synthetic reservoir response,True
2007-10-03,R1,4000000.0,94.0,synthetic_demo,synthetic reservoir response,True
2007-10-04,R1,4000000.0,94.0,synthetic_demo,synthetic reservoir response,True
2007-10-05,R1,4000000.0,94.0,synthetic_demo,synthetic reservoir response,True
2007-10-06,R1,4000000.0,94.0,synthetic_demo,synthetic reservoir response,True
2007-10-07,R1,4000000.0,94.0,synthetic_demo,synthetic reservoir response,True
2007-10-08,R1,4000000.0,94.0,synthetic_demo,synthetic reservoir response,True
2007-10-09,R1,4000000.0,94.0,synthetic_demo,synthetic reservoir response,True
2007-10-10,R1,4000000.0,94.0,synthetic_demo,synthetic reservoir response,True
2007-10-11,R1,4000000.0,94.0,synthetic_demo,synthetic reservoir response,True
2007-10-12,R1,4000000.0,94.0,synthetic_demo,synthetic reservoir response,True
2007-10-13,R1,4000000.0,94.0,synthetic_demo,synthetic reservoir response,True
2007-10-14,R1,4000000.0,94.0,synthetic_demo,synthetic reservoir response,True
2007-10-15,R1,4000000.0,94.0,synthetic_demo,synthetic reservoir response,True
2007-10-16,R1,4000000.0,94.0,synthetic_demo,synthetic reservoir response,True
2007-10-17,R1,4000000.0,94.0,synthetic_demo,synthetic reservoir response,True
2007-10-18,R1,4000000.0,94.0,synthetic_demo,synthetic reservoir response,True
2007-10-19,R1,4000000.0,94.0,synthetic_demo,synthetic reservoir response,True
2007-10-20,R1,4000000.0,94.0,synthetic_demo,synthetic reservoir response,True
2007-10-21,R1,4000000.0,94.0,synthetic_demo,synthetic reservoir response,True
2007-10-22,R1,4000000.0,94.0,synthetic_demo,synthetic reservoir response,True
2007-10-23,R1,4000000.0,94.0,synthetic_demo,synthetic reservoir response,True
2007-10-24,R1,4000000.0,94.0,synthetic_demo,synthetic reservoir response,True
2007-10-25,R1,4000000.0,94.0,synthetic_demo,synthetic reservoir response,True
2007-10-26,R1,4000000.0,94.0,synthetic_demo,synthetic reservoir response,True
2007-10-27,R1,4000000.0,94.0,synthetic_demo,synthetic reservoir response,True
2007-10-28,R1,4000000.0,94.0,synthetic_demo,synthetic reservoir response,True
2007-10-29,R1,4000000.0,94.0,synthetic_demo,synthetic reservoir response,True
2007-10-30,R1,4000000.0,94.0,synthetic_demo,synthetic reservoir response,True
2007-10-31,R1,4000000.0,94.0,synthetic_demo,synthetic reservoir response,True
2007-11-01,R1,4000000.0,94.0,synthetic_demo,synthetic reservoir response,True
2007-11-02,R1,4000000.0,94.0,synthetic_demo,synthetic reservoir response,True
2007-11-03,R1,4000000.0,94.0,synthetic_demo,synthetic reservoir response,True
2007-11-04,R1,4000000.0,94.0,synthetic_demo,synthetic reservoir response,True
2007-11-05,R1,4000000.0,94.0,synthetic_demo,synthetic reservoir response,True
2007-11-06,R1,4000000.0,94.0,synthetic_demo,synthetic reservoir response,True
2007-11-07,R1,4000000.0,94.0,synthetic_demo,synthetic reservoir response,True
2007-11-08,R1,4000000.0,94.0,synthetic_demo,synthetic reservoir response,True
2007-11-09,R1,4000000.0,94.0,synthetic_demo,synthetic reservoir response,True
2007-11-10,R1,4000000.0,94.0,synthetic_demo,synthetic reservoir response,True
2007-11-11,R1,4000000.0,94.0,synthetic_demo,synthetic reservoir response,True
2007-11-12,R1,4000000.0,94.0,synthetic_demo,synthetic reservoir response,True
2007-11-13,R1,4000000.0,94.0,synthetic_demo,synthetic reservoir response,True
2007-11-14,R1,4000000.0,94.0,synthetic_demo,synthetic reservoir response,True
2007-11-15,R1,4000000.0,94.0,synthetic_demo,synthetic reservoir response,True
2007-11-16,R1,4000000.0,94.0,synthetic_demo,synthetic reservoir response,True
2007-11-17,R1,4000000.0,94.0,synthetic_demo,synthetic reservoir response,True
2007-11-18,R1,4000000.0,94.0,synthetic_demo,synthetic reservoir response,True
2007-11-19,R1,4000000.0,94.0,synthetic_demo,synthetic reservoir response,True
2007-11-20,R1,4000000.0,94.0,synthetic_demo,synthetic reservoir response,True
2007-11-21,R1,4000000.0,94.0,synthetic_demo,synthetic reservoir response,True
2007-11-22,R1,4000000.0,94.0,synthetic_demo,synthetic reservoir response,True
2007-11-23,R1,4000000.0,94.0,synthetic_demo,synthetic reservoir response,True
2007-11-24,R1,4000000.0,94.0,synthetic_demo,synthetic reservoir response,True
2007-11-25,R1,4000000.0,94.0,synthetic_demo,synthetic reservoir response,True
2007-11-26,R1,4000000.0,94.0,synthetic_demo,synthetic reservoir response,True
2007-11-27,R1,4000000.0,94.0,synthetic_demo,synthetic reservoir response,True
2007-11-28,R1,4000000.0,94.0,synthetic_demo,synthetic reservoir response,True
2007-11-29,R1,4000000.0,94.0,synthetic_demo,synthetic reservoir response,True
2007-11-30,R1,4000000.0,94.0,synthetic_demo,synthetic reservoir response,True
2007-12-01,R1,4000000.0,94.0,synthetic_demo,synthetic reservoir response,True
2007-12-02,R1,4000000.0,94.0,synthetic_demo,synthetic reservoir response,True
2007-12-03,R1,4000000.0,94.0,synthetic_demo,synthetic reservoir response,True
2007-12-04,R1,4000000.0,94.0,synthetic_demo,synthetic reservoir response,True
2007-12-05,R1,4000000.0,94.0,synthetic_demo,synthetic reservoir response,True
2007-12-06,R1,4000000.0,94.0,synthetic_demo,synthetic reservoir response,True
2007-12-07,R1,4000000.0,94.0,synthetic_demo,synthetic reservoir response,True
2007-12-08,R1,4000000.0,94.0,synthetic_demo,synthetic reservoir response,True
2007-12-09,R1,4000000.0,94.0,synthetic_demo,synthetic reservoir response,True
2007-12-10,R1,4000000.0,94.0,synthetic_demo,synthetic reservoir response,True
2007-12-11,R1,4000000.0,94.0,synthetic_demo,synthetic reservoir response,True
2007-12-12,R1,4000000.0,94.0,synthetic_demo,synthetic reservoir response,True
2007-12-13,R1,4000000.0,94.0,synthetic_demo,synthetic reservoir response,True
2007-12-14,R1,4000000.0,94.0,synthetic_demo,synthetic reservoir response,True
2007-12-15,R1,4000000.0,94.0,synthetic_demo,synthetic reservoir response,True
2007-12-16,R1,4000000.0,94.0,synthetic_demo,synthetic reservoir response,True
2007-12-17,R1,4000000.0,94.0,synthetic_demo,synthetic reservoir response,True
2007-12-18,R1,4000000.0,94.0,synthetic_demo,synthetic reservoir response,True
2007-12-19,R1,4000000.0,94.0,synthetic_demo,synthetic reservoir response,True
2007-12-20,R1,4000000.0,94.0,synthetic_demo,synthetic reservoir response,True
2007-12-21,R1,4000000.0,94.0,synthetic_demo,synthetic reservoir response,True
2007-12-22,R1,4000000.0,94.0,synthetic_demo,synthetic reservoir response,True
2007-12-23,R1,4000000.0,94.0,synthetic_demo,synthetic reservoir response,True
2007-12-24,R1,4000000.0,94.0,synthetic_demo,synthetic reservoir response,True
2007-12-25,R1,4000000.0,94.0,synthetic_demo,synthetic reservoir response,True
2007-12-26,R1,4000000.0,94.0,synthetic_demo,synthetic reservoir response,True
2007-12-27,R1,4000000.0,94.0,synthetic_demo,synthetic reservoir response,True
2007-12-28,R1,4000000.0,94.0,synthetic_demo,synthetic reservoir response,True
2007-12-29,R1,4000000.0,94.0,synthetic_demo,synthetic reservoir response,True
2007-12-30,R1,4000000.0,94.0,synthetic_demo,synthetic reservoir response,True
2007-12-31,R1,4000000.0,94.0,synthetic_demo,synthetic reservoir response,True
2008-01-01,R1,4000000.0,94.0,synthetic_demo,synthetic reservoir response,True
2008-01-02,R1,4000000.0,94.0,synthetic_demo,synthetic reservoir response,True
2008-01-03,R1,4000000.0,94.0,synthetic_demo,synthetic reservoir response,True
2008-01-04,R1,4000000.0,94.0,synthetic_demo,synthetic reservoir response,True
2008-01-05,R1,4000000.0,94.0,synthetic_demo,synthetic reservoir response,True
2008-01-06,R1,4000000.0,94.0,synthetic_demo,synthetic reservoir response,True
2008-01-07,R1,4000000.0,94.0,synthetic_demo,synthetic reservoir response,True
2008-01-08,R1,4000000.0,94.0,synthetic_demo,synthetic reservoir response,True
2008-01-09,R1,4000000.0,94.0,synthetic_demo,synthetic reservoir response,True
2008-01-10,R1,4000000.0,94.0,synthetic_demo,synthetic reservoir response,True
2008-01-11,R1,4000000.0,94.0,synthetic_demo,synthetic reservoir response,True
2008-01-12,R1,4000000.0,94.0,synthetic_demo,synthetic reservoir response,True
2008-01-13,R1,4000000.0,94.0,synthetic_demo,synthetic reservoir response,True
2008-01-14,R1,4000000.0,94.0,synthetic_demo,synthetic reservoir response,True
2008-01-15,R1,4000000.0,94.0,synthetic_demo,synthetic reservoir response,True
2008-01-16,R1,4000000.0,94.0,synthetic_demo,synthetic reservoir response,True
2008-01-17,R1,4000000.0,94.0,synthetic_demo,synthetic reservoir response,True
2008-01-18,R1,4000000.0,94.0,synthetic_demo,synthetic reservoir response,True
2008-01-19,R1,4000000.0,94.0,synthetic_demo,synthetic reservoir response,True
2008-01-20,R1,4000000.0,94.0,synthetic_demo,synthetic reservoir response,True
2008-01-21,R1,4000000.0,94.0,synthetic_demo,synthetic reservoir response,True
2008-01-22,R1,4000000.0,94.0,synthetic_demo,synthetic reservoir response,True
2008-01-23,R1,4000000.0,94.0,synthetic_demo,synthetic reservoir response,True
2008-01-24,R1,4000000.0,94.0,synthetic_demo,synthetic reservoir response,True
2008-01-25,R1,4000000.0,94.0,synthetic_demo,synthetic reservoir response,True
2008-01-26,R1,4000000.0,94.0,synthetic_demo,synthetic reservoir response,True
2008-01-27,R1,4000000.0,94.0,synthetic_demo,synthetic reservoir response,True
2008-01-28,R1,4000000.0,94.0,synthetic_demo,synthetic reservoir response,True
2008-01-29,R1,4000000.0,94.0,synthetic_demo,synthetic reservoir response,True
2008-01-30,R1,4000000.0,94.0,synthetic_demo,synthetic reservoir response,True
2008-01-31,R1,4000000.0,94.0,synthetic_demo,synthetic reservoir response,True
2008-02-01,R1,4000000.0,94.0,synthetic_demo,synthetic reservoir response,True
2008-02-02,R1,4000000.0,94.0,synthetic_demo,synthetic reservoir response,True
2008-02-03,R1,4000000.0,94.0,synthetic_demo,synthetic reservoir response,True
2008-02-04,R1,4000000.0,94.0,synthetic_demo,synthetic reservoir response,True
2008-02-05,R1,4000000.0,94.0,synthetic_demo,synthetic reservoir response,True
2008-02-06,R1,4000000.0,94.0,synthetic_demo,synthetic reservoir response,True
2008-02-07,R1,4000000.0,94.0,synthetic_demo,synthetic reservoir response,True
2008-02-08,R1,4000000.0,94.0,synthetic_demo,synthetic reservoir response,True
2008-02-09,R1,4000000.0,94.0,synthetic_demo,synthetic reservoir response,True
2008-02-10,R1,4000000.0,94.0,synthetic_demo,synthetic reservoir response,True
2008-02-11,R1,4000000.0,94.0,synthetic_demo,synthetic reservoir response,True
2008-02-12,R1,4000000.0,94.0,synthetic_demo,synthetic reservoir response,True
2008-02-13,R1,4000000.0,94.0,synthetic_demo,synthetic reservoir response,True
2008-02-14,R1,4000000.0,94.0,synthetic_demo,synthetic reservoir response,True
2008-02-15,R1,4000000.0,94.0,synthetic_demo,synthetic reservoir response,True
2008-02-16,R1,4000000.0,94.0,synthetic_demo,synthetic reservoir response,True
2008-02-17,R1,4000000.0,94.0,synthetic_demo,synthetic reservoir response,True
2008-02-18,R1,4000000.0,94.0,synthetic_demo,synthetic reservoir response,True
2008-02-19,R1,4000000.0,94.0,synthetic_demo,synthetic reservoir response,True
2008-02-20,R1,4000000.0,94.0,synthetic_demo,synthetic reservoir response,True
2008-02-21,R1,4000000.0,94.0,synthetic_demo,synthetic reservoir response,True
2008-02-22,R1,4000000.0,94.0,synthetic_demo,synthetic reservoir response,True
2008-02-23,R1,4000000.0,94.0,synthetic_demo,synthetic reservoir response,True
2008-02-24,R1,4000000.0,94.0,synthetic_demo,synthetic reservoir response,True
2008-02-25,R1,4000000.0,94.0,synthetic_demo,synthetic reservoir response,True
2008-02-26,R1,4000000.0,94.0,synthetic_demo,synthetic reservoir response,True
2008-02-27,R1,4000000.0,94.0,synthetic_demo,synthetic reservoir response,True
2008-02-28,R1,4000000.0,94.0,synthetic_demo,synthetic reservoir response,True
2008-02-29,R1,4000000.0,94.0,synthetic_demo,synthetic reservoir response,True
2008-03-01,R1,4000000.0,94.0,synthetic_demo,synthetic reservoir response,True
2008-03-02,R1,4000000.0,94.0,synthetic_demo,synthetic reservoir response,True
2008-03-03,R1,4000000.0,94.0,synthetic_demo,synthetic reservoir response,True
2008-03-04,R1,4000000.0,94.0,synthetic_demo,synthetic reservoir response,True
2008-03-05,R1,4000000.0,94.0,synthetic_demo,synthetic reservoir response,True
2008-03-06,R1,4000000.0,94.0,synthetic_demo,synthetic reservoir response,True
2008-03-07,R1,4000000.0,94.0,synthetic_demo,synthetic reservoir response,True
2008-03-08,R1,4000000.0,94.0,synthetic_demo,synthetic reservoir response,True
2008-03-09,R1,4000000.0,94.0,synthetic_demo,synthetic reservoir response,True
2008-03-10,R1,4000000.0,94.0,synthetic_demo,synthetic reservoir response,True
2008-03-11,R1,4000000.0,94.0,synthetic_demo,synthetic reservoir response,True
2008-03-12,R1,4000000.0,94.0,synthetic_demo,synthetic reservoir response,True
2008-03-13,R1,4000000.0,94.0,synthetic_demo,synthetic reservoir response,True
2008-03-14,R1,4000000.0,94.0,synthetic_demo,synthetic reservoir response,True
2008-03-15,R1,4000000.0,94.0,synthetic_demo,synthetic reservoir response,True
2008-03-16,R1,4000000.0,94.0,synthetic_demo,synthetic reservoir response,True
2008-03-17,R1,4000000.0,94.0,synthetic_demo,synthetic reservoir response,True
2008-03-18,R1,4000000.0,94.0,synthetic_demo,synthetic reservoir response,True
2008-03-19,R1,4000000.0,94.0,synthetic_demo,synthetic reservoir response,True
2008-03-20,R1,4000000.0,94.0,synthetic_demo,synthetic reservoir response,True
2008-03-21,R1,4000000.0,94.0,synthetic_demo,synthetic reservoir response,True
2008-03-22,R1,4000000.0,94.0,synthetic_demo,synthetic reservoir response,True
2008-03-23,R1,4000000.0,94.0,synthetic_demo,synthetic reservoir response,True
2008-03-24,R1,4000000.0,94.0,synthetic_demo,synthetic reservoir response,True
2008-03-25,R1,4000000.0,94.0,synthetic_demo,synthetic reservoir response,True
2008-03-26,R1,4000000.0,94.0,synthetic_demo,synthetic reservoir response,True
2008-03-27,R1,4000000.0,94.0,synthetic_demo,synthetic reservoir response,True
2008-03-28,R1,4000000.0,94.0,synthetic_demo,synthetic reservoir response,True
2008-03-29,R1,4000000.0,94.0,synthetic_demo,synthetic reservoir response,True
2008-03-30,R1,4000000.0,94.0,synthetic_demo,synthetic reservoir response,True
2008-03-31,R1,4000000.0,94.0,synthetic_demo,synthetic reservoir response,True
2008-04-01,R1,4000000.0,94.0,synthetic_demo,synthetic reservoir response,True
2008-04-02,R1,4000000.0,94.0,synthetic_demo,synthetic reservoir response,True
2008-04-03,R1,4000000.0,94.0,synthetic_demo,synthetic reservoir response,True
2008-04-04,R1,4000000.0,94.0,synthetic_demo,synthetic reservoir response,True
2008-04-05,R1,4000000.0,94.0,synthetic_demo,synthetic reservoir response,True
2008-04-06,R1,4000000.0,94.0,synthetic_demo,synthetic reservoir response,True
2008-04-07,R1,4000000.0,94.0,synthetic_demo,synthetic reservoir response,True
2008-04-08,R1,4000000.0,94.0,synthetic_demo,synthetic reservoir response,True
2008-04-09,R1,4000000.0,94.0,synthetic_demo,synthetic reservoir response,True
2008-04-10,R1,4000000.0,94.0,synthetic_demo,synthetic reservoir response,True
2008-04-11,R1,4000000.0,94.0,synthetic_demo,synthetic reservoir response,True
2008-04-12,R1,4000000.0,94.0,synthetic_demo,synthetic reservoir response,True
2008-04-13,R1,4000000.0,94.0,synthetic_demo,synthetic reservoir response,True
2008-04-14,R1,4000000.0,94.0,synthetic_demo,synthetic reservoir response,True
2008-04-15,R1,4000000.0,94.0,synthetic_demo,synthetic reservoir response,True
2008-04-16,R1,4000000.0,94.0,synthetic_demo,synthetic reservoir response,True
2008-04-17,R1,4000000.0,94.0,synthetic_demo,synthetic reservoir response,True
2008-04-18,R1,4000000.0,94.0,synthetic_demo,synthetic reservoir response,True
2008-04-19,R1,4000000.0,94.0,synthetic_demo,synthetic reservoir response,True
2008-04-20,R1,4000000.0,94.0,synthetic_demo,synthetic reservoir response,True
2008-04-21,R1,4000000.0,94.0,synthetic_demo,synthetic reservoir response,True
2008-04-22,R1,4000000.0,94.0,synthetic_demo,synthetic reservoir response,True
2008-04-23,R1,4000000.0,94.0,synthetic_demo,synthetic reservoir response,True
2008-04-24,R1,4000000.0,94.0,synthetic_demo,synthetic reservoir response,True
2008-04-25,R1,4000000.0,94.0,synthetic_demo,synthetic reservoir response,True
2008-04-26,R1,4000000.0,94.0,synthetic_demo,synthetic reservoir response,True
2008-04-27,R1,4000000.0,94.0,synthetic_demo,synthetic reservoir response,True
2008-04-28,R1,4000000.0,94.0,synthetic_demo,synthetic reservoir response,True
2008-04-29,R1,4000000.0,94.0,synthetic_demo,synthetic reservoir response,True
2008-04-30,R1,4000000.0,94.0,synthetic_demo,synthetic reservoir response,True
2008-05-01,R1,4000000.0,94.0,synthetic_demo,synthetic reservoir response,True
2008-05-02,R1,4000000.0,94.0,synthetic_demo,synthetic reservoir response,True
2008-05-03,R1,4000000.0,94.0,synthetic_demo,synthetic reservoir response,True
2008-05-04,R1,4000000.0,94.0,synthetic_demo,synthetic reservoir response,True
2008-05-05,R1,4000000.0,94.0,synthetic_demo,synthetic reservoir response,True
2008-05-06,R1,4000000.0,94.0,synthetic_demo,synthetic reservoir response,True
2008-05-07,R1,4000000.0,94.0,synthetic_demo,synthetic reservoir response,True
2008-05-08,R1,4000000.0,94.0,synthetic_demo,synthetic reservoir response,True
2008-05-09,R1,4000000.0,94.0,synthetic_demo,synthetic reservoir response,True
2008-05-10,R1,4000000.0,94.0,synthetic_demo,synthetic reservoir response,True
2008-05-11,R1,4000000.0,94.0,synthetic_demo,synthetic reservoir response,True
2008-05-12,R1,4000000.0,94.0,synthetic_demo,synthetic reservoir response,True
2008-05-13,R1,4000000.0,94.0,synthetic_demo,synthetic reservoir response,True
2008-05-14,R1,4000000.0,94.0,synthetic_demo,synthetic reservoir response,True
2008-05-15,R1,4000000.0,94.0,synthetic_demo,synthetic reservoir response,True
2008-05-16,R1,4000000.0,94.0,synthetic_demo,synthetic reservoir response,True
2008-05-17,R1,4000000.0,94.0,synthetic_demo,synthetic reservoir response,True
2008-05-18,R1,4000000.0,94.0,synthetic_demo,synthetic reservoir response,True
2008-05-19,R1,4000000.0,94.0,synthetic_demo,synthetic reservoir response,True
2008-05-20,R1,4000000.0,94.0,synthetic_demo,synthetic reservoir response,True
2008-05-21,R1,4000000.0,94.0,synthetic_demo,synthetic reservoir response,True
2008-05-22,R1,4000000.0,94.0,synthetic_demo,synthetic reservoir response,True
2008-05-23,R1,4000000.0,94.0,synthetic_demo,synthetic reservoir response,True
2008-05-24,R1,4000000.0,94.0,synthetic_demo,synthetic reservoir response,True
2008-05-25,R1,4000000.0,94.0,synthetic_demo,synthetic reservoir response,True
2008-05-26,R1,4000000.0,94.0,synthetic_demo,synthetic reservoir response,True
2008-05-27,R1,4000000.0,94.0,synthetic_demo,synthetic reservoir response,True
2008-05-28,R1,4000000.0,94.0,synthetic_demo,synthetic reservoir response,True
2008-05-29,R1,4000000.0,94.0,synthetic_demo,synthetic reservoir response,True
2008-05-30,R1,4000000.0,94.0,synthetic_demo,synthetic reservoir response,True
2008-05-31,R1,4000000.0,94.0,synthetic_demo,synthetic reservoir response,True
2008-06-01,R1,4000000.0,94.0,synthetic_demo,synthetic reservoir response,True
2008-06-02,R1,4000000.0,94.0,synthetic_demo,synthetic reservoir response,True
2008-06-03,R1,4000000.0,94.0,synthetic_demo,synthetic reservoir response,True
2008-06-04,R1,4000000.0,94.0,synthetic_demo,synthetic reservoir response,True
2008-06-05,R1,4000000.0,94.0,synthetic_demo,synthetic reservoir response,True
2008-06-06,R1,4000000.0,94.0,synthetic_demo,synthetic reservoir response,True
2008-06-07,R1,4000000.0,94.0,synthetic_demo,synthetic reservoir response,True
2008-06-08,R1,4000000.0,94.0,synthetic_demo,synthetic reservoir response,True
2008-06-09,R1,4000000.0,94.0,synthetic_demo,synthetic reservoir response,True
2008-06-10,R1,4000000.0,94.0,synthetic_demo,synthetic reservoir response,True
2008-06-11,R1,4000000.0,94.0,synthetic_demo,synthetic reservoir response,True
2008-06-12,R1,4000000.0,94.0,synthetic_demo,synthetic reservoir response,True
2008-06-13,R1,4000000.0,94.0,synthetic_demo,synthetic reservoir response,True
2008-06-14,R1,4000000.0,94.0,synthetic_demo,synthetic reservoir response,True
2008-06-15,R1,4000000.0,94.0,synthetic_demo,synthetic reservoir response,True
2008-06-16,R1,4000000.0,94.0,synthetic_demo,synthetic reservoir response,True
2008-06-17,R1,4000000.0,94.0,synthetic_demo,synthetic reservoir response,True
2008-06-18,R1,4000000.0,94.0,synthetic_demo,synthetic reservoir response,True
2008-06-19,R1,4000000.0,94.0,synthetic_demo,synthetic reservoir response,True
2008-06-20,R1,4000000.0,94.0,synthetic_demo,synthetic reservoir response,True
2008-06-21,R1,4000000.0,94.0,synthetic_demo,synthetic reservoir response,True
2008-06-22,R1,4000000.0,94.0,synthetic_demo,synthetic reservoir response,True
2008-06-23,R1,4000000.0,94.0,synthetic_demo,synthetic reservoir response,True
2008-06-24,R1,4000000.0,94.0,synthetic_demo,synthetic reservoir response,True
2008-06-25,R1,4000000.0,94.0,synthetic_demo,synthetic reservoir response,True
2008-06-26,R1,4000000.0,94.0,synthetic_demo,synthetic reservoir response,True
2008-06-27,R1,4000000.0,94.0,synthetic_demo,synthetic reservoir response,True
2008-06-28,R1,4000000.0,94.0,synthetic_demo,synthetic reservoir response,True
2008-06-29,R1,4000000.0,94.0,synthetic_demo,synthetic reservoir response,True
2008-06-30,R1,4000000.0,94.0,synthetic_demo,synthetic reservoir response,True
2008-07-01,R1,4000000.0,94.0,synthetic_demo,synthetic reservoir response,True
2008-07-02,R1,4000000.0,94.0,synthetic_demo,synthetic reservoir response,True
2008-07-03,R1,4000000.0,94.0,synthetic_demo,synthetic reservoir response,True
2008-07-04,R1,4000000.0,94.0,synthetic_demo,synthetic reservoir response,True
2008-07-05,R1,4000000.0,94.0,synthetic_demo,synthetic reservoir response,True
2008-07-06,R1,4000000.0,94.0,synthetic_demo,synthetic reservoir response,True
2008-07-07,R1,4000000.0,94.0,synthetic_demo,synthetic reservoir response,True
2008-07-08,R1,4000000.0,94.0,synthetic_demo,synthetic reservoir response,True
2008-07-09,R1,4000000.0,94.0,synthetic_demo,synthetic reservoir response,True
2008-07-10,R1,4000000.0,94.0,synthetic_demo,synthetic reservoir response,True
2008-07-11,R1,4000000.0,94.0,synthetic_demo,synthetic reservoir response,True
2008-07-12,R1,4000000.0,94.0,synthetic_demo,synthetic reservoir response,True
2008-07-13,R1,4000000.0,94.0,synthetic_demo,synthetic reservoir response,True
2008-07-14,R1,4000000.0,94.0,synthetic_demo,synthetic reservoir response,True
2008-07-15,R1,4000000.0,94.0,synthetic_demo,synthetic reservoir response,True
2008-07-16,R1,4000000.0,94.0,synthetic_demo,synthetic reservoir response,True
2008-07-17,R1,4000000.0,94.0,synthetic_demo,synthetic reservoir response,True
2008-07-18,R1,4000000.0,94.0,synthetic_demo,synthetic reservoir response,True
2008-07-19,R1,4000000.0,94.0,synthetic_demo,synthetic reservoir response,True
2008-07-20,R1,4000000.0,94.0,synthetic_demo,synthetic reservoir response,True
2008-07-21,R1,4000000.0,94.0,synthetic_demo,synthetic reservoir response,True
2008-07-22,R1,4000000.0,94.0,synthetic_demo,synthetic reservoir response,True
2008-07-23,R1,4000000.0,94.0,synthetic_demo,synthetic reservoir response,True
2008-07-24,R1,4000000.0,94.0,synthetic_demo,synthetic reservoir response,True
2008-07-25,R1,4000000.0,94.0,synthetic_demo,synthetic reservoir response,True
2008-07-26,R1,4000000.0,94.0,synthetic_demo,synthetic reservoir response,True
2008-07-27,R1,4000000.0,94.0,synthetic_demo,synthetic reservoir response,True
2008-07-28,R1,4000000.0,94.0,synthetic_demo,synthetic reservoir response,True
2008-07-29,R1,4000000.0,94.0,synthetic_demo,synthetic reservoir response,True
2008-07-30,R1,4000000.0,94.0,synthetic_demo,synthetic reservoir response,True
2008-07-31,R1,4000000.0,94.0,synthetic_demo,synthetic reservoir response,True
2008-08-01,R1,4000000.0,94.0,synthetic_demo,synthetic reservoir response,True
2008-08-02,R1,4000000.0,94.0,synthetic_demo,synthetic reservoir response,True
2008-08-03,R1,4000000.0,94.0,synthetic_demo,synthetic reservoir response,True
2008-08-04,R1,4000000.0,94.0,synthetic_demo,synthetic reservoir response,True
2008-08-05,R1,4000000.0,94.0,synthetic_demo,synthetic reservoir response,True
2008-08-06,R1,4000000.0,94.0,synthetic_demo,synthetic reservoir response,True
2008-08-07,R1,4000000.0,94.0,synthetic_demo,synthetic reservoir response,True
2008-08-08,R1,4000000.0,94.0,synthetic_demo,synthetic reservoir response,True
2008-08-09,R1,4000000.0,94.0,synthetic_demo,synthetic reservoir response,True
2008-08-10,R1,4000000.0,94.0,synthetic_demo,synthetic reservoir response,True
2008-08-11,R1,4000000.0,94.0,synthetic_demo,synthetic reservoir response,True
2008-08-12,R1,4000000.0,94.0,synthetic_demo,synthetic reservoir response,True
2008-08-13,R1,4000000.0,94.0,synthetic_demo,synthetic reservoir response,True
2008-08-14,R1,4000000.0,94.0,synthetic_demo,synthetic reservoir response,True
2008-08-15,R1,4000000.0,94.0,synthetic_demo,synthetic reservoir response,True
2008-08-16,R1,4000000.0,94.0,synthetic_demo,synthetic reservoir response,True
2008-08-17,R1,4000000.0,94.0,synthetic_demo,synthetic reservoir response,True
2008-08-18,R1,4000000.0,94.0,synthetic_demo,synthetic reservoir response,True
2008-08-19,R1,4000000.0,94.0,synthetic_demo,synthetic reservoir response,True
2008-08-20,R1,4000000.0,94.0,synthetic_demo,synthetic reservoir response,True
2008-08-21,R1,4000000.0,94.0,synthetic_demo,synthetic reservoir response,True
2008-08-22,R1,4000000.0,94.0,synthetic_demo,synthetic reservoir response,True
2008-08-23,R1,4000000.0,94.0,synthetic_demo,synthetic reservoir response,True
2008-08-24,R1,4000000.0,94.0,synthetic_demo,synthetic reservoir response,True
2008-08-25,R1,4000000.0,94.0,synthetic_demo,synthetic reservoir response,True
2008-08-26,R1,4000000.0,94.0,synthetic_demo,synthetic reservoir response,True
2008-08-27,R1,4000000.0,94.0,synthetic_demo,synthetic reservoir response,True
2008-08-28,R1,4000000.0,94.0,synthetic_demo,synthetic reservoir response,True
2008-08-29,R1,4000000.0,94.0,synthetic_demo,synthetic reservoir response,True
2008-08-30,R1,4000000.0,94.0,synthetic_demo,synthetic reservoir response,True
2008-08-31,R1,4000000.0,94.0,synthetic_demo,synthetic reservoir response,True
2008-09-01,R1,4000000.0,94.0,synthetic_demo,synthetic reservoir response,True
2008-09-02,R1,4000000.0,94.0,synthetic_demo,synthetic reservoir response,True
2008-09-03,R1,4000000.0,94.0,synthetic_demo,synthetic reservoir response,True
2008-09-04,R1,4000000.0,94.0,synthetic_demo,synthetic reservoir response,True
2008-09-05,R1,4000000.0,94.0,synthetic_demo,synthetic reservoir response,True
2008-09-06,R1,4000000.0,94.0,synthetic_demo,synthetic reservoir response,True
2008-09-07,R1,4000000.0,94.0,synthetic_demo,synthetic reservoir response,True
2008-09-08,R1,4000000.0,94.0,synthetic_demo,synthetic reservoir response,True
2008-09-09,R1,4000000.0,94.0,synthetic_demo,synthetic reservoir response,True
2008-09-10,R1,4000000.0,94.0,synthetic_demo,synthetic reservoir response,True
2008-09-11,R1,4000000.0,94.0,synthetic_demo,synthetic reservoir response,True
2008-09-12,R1,4000000.0,94.0,synthetic_demo,synthetic reservoir response,True
2008-09-13,R1,4000000.0,94.0,synthetic_demo,synthetic reservoir response,True
2008-09-14,R1,4000000.0,94.0,synthetic_demo,synthetic reservoir response,True
2008-09-15,R1,4000000.0,94.0,synthetic_demo,synthetic reservoir response,True
2008-09-16,R1,4000000.0,94.0,synthetic_demo,synthetic reservoir response,True
2008-09-17,R1,4000000.0,94.0,synthetic_demo,synthetic reservoir response,True
2008-09-18,R1,4000000.0,94.0,synthetic_demo,synthetic reservoir response,True
2008-09-19,R1,4000000.0,94.0,synthetic_demo,synthetic reservoir response,True
2008-09-20,R1,4000000.0,94.0,synthetic_demo,synthetic reservoir response,True
2008-09-21,R1,4000000.0,94.0,synthetic_demo,synthetic reservoir response,True
2008-09-22,R1,4000000.0,94.0,synthetic_demo,synthetic reservoir response,True
2008-09-23,R1,4000000.0,94.0,synthetic_demo,synthetic reservoir response,True
2008-09-24,R1,4000000.0,94.0,synthetic_demo,synthetic reservoir response,True
2008-09-25,R1,4000000.0,94.0,synthetic_demo,synthetic reservoir response,True
2008-09-26,R1,4000000.0,94.0,synthetic_demo,synthetic reservoir response,True
2008-09-27,R1,4000000.0,94.0,synthetic_demo,synthetic reservoir response,True
2008-09-28,R1,4000000.0,94.0,synthetic_demo,synthetic reservoir response,True
2008-09-29,R1,4000000.0,94.0,synthetic_demo,synthetic reservoir response,True
2008-09-30,R1,4000000.0,94.0,synthetic_demo,synthetic reservoir response,True
2008-10-01,R1,4000000.0,94.0,synthetic_demo,synthetic reservoir response,True
2008-10-02,R1,4000000.0,94.0,synthetic_demo,synthetic reservoir response,True
2008-10-03,R1,4000000.0,94.0,synthetic_demo,synthetic reservoir response,True
2008-10-04,R1,4000000.0,94.0,synthetic_demo,synthetic reservoir response,True
2008-10-05,R1,4000000.0,94.0,synthetic_demo,synthetic reservoir response,True
2008-10-06,R1,4000000.0,94.0,synthetic_demo,synthetic reservoir response,True
2008-10-07,R1,4000000.0,94.0,synthetic_demo,synthetic reservoir response,True
2008-10-08,R1,4000000.0,94.0,synthetic_demo,synthetic reservoir response,True
2008-10-09,R1,4000000.0,94.0,synthetic_demo,synthetic reservoir response,True
2008-10-10,R1,4000000.0,94.0,synthetic_demo,synthetic reservoir response,True
2008-10-11,R1,4000000.0,94.0,synthetic_demo,synthetic reservoir response,True
2008-10-12,R1,4000000.0,94.0,synthetic_demo,synthetic reservoir response,True
2008-10-13,R1,4000000.0,94.0,synthetic_demo,synthetic reservoir response,True
2008-10-14,R1,4000000.0,94.0,synthetic_demo,synthetic reservoir response,True
2008-10-15,R1,4000000.0,94.0,synthetic_demo,synthetic reservoir response,True
2008-10-16,R1,4000000.0,94.0,synthetic_demo,synthetic reservoir response,True
2008-10-17,R1,4000000.0,94.0,synthetic_demo,synthetic reservoir response,True
2008-10-18,R1,4000000.0,94.0,synthetic_demo,synthetic reservoir response,True
2008-10-19,R1,4000000.0,94.0,synthetic_demo,synthetic reservoir response,True
2008-10-20,R1,4000000.0,94.0,synthetic_demo,synthetic reservoir response,True
2008-10-21,R1,4000000.0,94.0,synthetic_demo,synthetic reservoir response,True
2008-10-22,R1,4000000.0,94.0,synthetic_demo,synthetic reservoir response,True
2008-10-23,R1,4000000.0,94.0,synthetic_demo,synthetic reservoir response,True
2008-10-24,R1,4000000.0,94.0,synthetic_demo,synthetic reservoir response,True
2008-10-25,R1,4000000.0,94.0,synthetic_demo,synthetic reservoir response,True
2008-10-26,R1,4000000.0,94.0,synthetic_demo,synthetic reservoir response,True
2008-10-27,R1,4000000.0,94.0,synthetic_demo,synthetic reservoir response,True
2008-10-28,R1,4000000.0,94.0,synthetic_demo,synthetic reservoir response,True
2008-10-29,R1,4000000.0,94.0,synthetic_demo,synthetic reservoir response,True
2008-10-30,R1,4000000.0,94.0,synthetic_demo,synthetic reservoir response,True
2008-10-31,R1,4000000.0,94.0,synthetic_demo,synthetic reservoir response,True
2008-11-01,R1,4000000.0,94.0,synthetic_demo,synthetic reservoir response,True
2008-11-02,R1,4000000.0,94.0,synthetic_demo,synthetic reservoir response,True
2008-11-03,R1,4000000.0,94.0,synthetic_demo,synthetic reservoir response,True
2008-11-04,R1,4000000.0,94.0,synthetic_demo,synthetic reservoir response,True
2008-11-05,R1,4000000.0,94.0,synthetic_demo,synthetic reservoir response,True
2008-11-06,R1,4000000.0,94.0,synthetic_demo,synthetic reservoir response,True
2008-11-07,R1,4000000.0,94.0,synthetic_demo,synthetic reservoir response,True
2008-11-08,R1,4000000.0,94.0,synthetic_demo,synthetic reservoir response,True
2008-11-09,R1,4000000.0,94.0,synthetic_demo,synthetic reservoir response,True
2008-11-10,R1,4000000.0,94.0,synthetic_demo,synthetic reservoir response,True
2008-11-11,R1,4000000.0,94.0,synthetic_demo,synthetic reservoir response,True
2008-11-12,R1,4000000.0,94.0,synthetic_demo,synthetic reservoir response,True
2008-11-13,R1,4000000.0,94.0,synthetic_demo,synthetic reservoir response,True
2008-11-14,R1,4000000.0,94.0,synthetic_demo,synthetic reservoir response,True
2008-11-15,R1,4000000.0,94.0,synthetic_demo,synthetic reservoir response,True
2008-11-16,R1,4000000.0,94.0,synthetic_demo,synthetic reservoir response,True
2008-11-17,R1,4000000.0,94.0,synthetic_demo,synthetic reservoir response,True
2008-11-18,R1,4000000.0,94.0,synthetic_demo,synthetic reservoir response,True
2008-11-19,R1,4000000.0,94.0,synthetic_demo,synthetic reservoir response,True
2008-11-20,R1,4000000.0,94.0,synthetic_demo,synthetic reservoir response,True
2008-11-21,R1,4000000.0,94.0,synthetic_demo,synthetic reservoir response,True
2008-11-22,R1,4000000.0,94.0,synthetic_demo,synthetic reservoir response,True
2008-11-23,R1,4000000.0,94.0,synthetic_demo,synthetic reservoir response,True
2008-11-24,R1,4000000.0,94.0,synthetic_demo,synthetic reservoir response,True
2008-11-25,R1,4000000.0,94.0,synthetic_demo,synthetic reservoir response,True
2008-11-26,R1,4000000.0,94.0,synthetic_demo,synthetic reservoir response,True
2008-11-27,R1,4000000.0,94.0,synthetic_demo,synthetic reservoir response,True
2008-11-28,R1,4000000.0,94.0,synthetic_demo,synthetic reservoir response,True
2008-11-29,R1,4000000.0,94.0,synthetic_demo,synthetic reservoir response,True
2008-11-30,R1,4000000.0,94.0,synthetic_demo,synthetic reservoir response,True
2008-12-01,R1,4000000.0,94.0,synthetic_demo,synthetic reservoir response,True
2008-12-02,R1,4000000.0,94.0,synthetic_demo,synthetic reservoir response,True
2008-12-03,R1,4000000.0,94.0,synthetic_demo,synthetic reservoir response,True
2008-12-04,R1,4000000.0,94.0,synthetic_demo,synthetic reservoir response,True
2008-12-05,R1,4000000.0,94.0,synthetic_demo,synthetic reservoir response,True
2008-12-06,R1,4000000.0,94.0,synthetic_demo,synthetic reservoir response,True
2008-12-07,R1,4000000.0,94.0,synthetic_demo,synthetic reservoir response,True
2008-12-08,R1,4000000.0,94.0,synthetic_demo,synthetic reservoir response,True
2008-12-09,R1,4000000.0,94.0,synthetic_demo,synthetic reservoir response,True
2008-12-10,R1,4000000.0,94.0,synthetic_demo,synthetic reservoir response,True
2008-12-11,R1,4000000.0,94.0,synthetic_demo,synthetic reservoir response,True
2008-12-12,R1,4000000.0,94.0,synthetic_demo,synthetic reservoir response,True
2008-12-13,R1,4000000.0,94.0,synthetic_demo,synthetic reservoir response,True
2008-12-14,R1,4000000.0,94.0,synthetic_demo,synthetic reservoir response,True
2008-12-15,R1,4000000.0,94.0,synthetic_demo,synthetic reservoir response,True
2008-12-16,R1,4000000.0,94.0,synthetic_demo,synthetic reservoir response,True
2008-12-17,R1,4000000.0,94.0,synthetic_demo,synthetic reservoir response,True
2008-12-18,R1,4000000.0,94.0,synthetic_demo,synthetic reservoir response,True
2008-12-19,R1,4000000.0,94.0,synthetic_demo,synthetic reservoir response,True
2008-12-20,R1,4000000.0,94.0,synthetic_demo,synthetic reservoir response,True
2008-12-21,R1,4000000.0,94.0,synthetic_demo,synthetic reservoir response,True
2008-12-22,R1,4000000.0,94.0,synthetic_demo,synthetic reservoir response,True
2008-12-23,R1,4000000.0,94.0,synthetic_demo,synthetic reservoir response,True
2008-12-24,R1,4000000.0,94.0,synthetic_demo,synthetic reservoir response,True
2008-12-25,R1,4000000.0,94.0,synthetic_demo,synthetic reservoir response,True
2008-12-26,R1,4000000.0,94.0,synthetic_demo,synthetic reservoir response,True
2008-12-27,R1,4000000.0,94.0,synthetic_demo,synthetic reservoir response,True
2008-12-28,R1,4000000.0,94.0,synthetic_demo,synthetic reservoir response,True
2008-12-29,R1,4000000.0,94.0,synthetic_demo,synthetic reservoir response,True
2008-12-30,R1,4000000.0,94.0,synthetic_demo,synthetic reservoir response,True
2008-12-31,R1,4000000.0,94.0,synthetic_demo,synthetic reservoir response,True
2009-01-01,R1,4000000.0,94.0,synthetic_demo,synthetic reservoir response,True
2009-01-02,R1,4000000.0,94.0,synthetic_demo,synthetic reservoir response,True
2009-01-03,R1,4000000.0,94.0,synthetic_demo,synthetic reservoir response,True
2009-01-04,R1,4000000.0,94.0,synthetic_demo,synthetic reservoir response,True
2009-01-05,R1,4000000.0,94.0,synthetic_demo,synthetic reservoir response,True
2009-01-06,R1,4000000.0,94.0,synthetic_demo,synthetic reservoir response,True
2009-01-07,R1,4000000.0,94.0,synthetic_demo,synthetic reservoir response,True
2009-01-08,R1,4000000.0,94.0,synthetic_demo,synthetic reservoir response,True
2009-01-09,R1,4000000.0,94.0,synthetic_demo,synthetic reservoir response,True
2009-01-10,R1,4000000.0,94.0,synthetic_demo,synthetic reservoir response,True
2009-01-11,R1,4000000.0,94.0,synthetic_demo,synthetic reservoir response,True
2009-01-12,R1,4000000.0,94.0,synthetic_demo,synthetic reservoir response,True
2009-01-13,R1,4000000.0,94.0,synthetic_demo,synthetic reservoir response,True
2009-01-14,R1,4000000.0,94.0,synthetic_demo,synthetic reservoir response,True
2009-01-15,R1,4000000.0,94.0,synthetic_demo,synthetic reservoir response,True
2009-01-16,R1,4000000.0,94.0,synthetic_demo,synthetic reservoir response,True
2009-01-17,R1,4000000.0,94.0,synthetic_demo,synthetic reservoir response,True
2009-01-18,R1,4000000.0,94.0,synthetic_demo,synthetic reservoir response,True
2009-01-19,R1,4000000.0,94.0,synthetic_demo,synthetic reservoir response,True
2009-01-20,R1,4000000.0,94.0,synthetic_demo,synthetic reservoir response,True
2009-01-21,R1,4000000.0,94.0,synthetic_demo,synthetic reservoir response,True
2009-01-22,R1,4000000.0,94.0,synthetic_demo,synthetic reservoir response,True
2009-01-23,R1,4000000.0,94.0,synthetic_demo,synthetic reservoir response,True
2009-01-24,R1,4000000.0,94.0,synthetic_demo,synthetic reservoir response,True
2009-01-25,R1,4000000.0,94.0,synthetic_demo,synthetic reservoir response,True
2009-01-26,R1,4000000.0,94.0,synthetic_demo,synthetic reservoir response,True
2009-01-27,R1,4000000.0,94.0,synthetic_demo,synthetic reservoir response,True
2009-01-28,R1,4000000.0,94.0,synthetic_demo,synthetic reservoir response,True
2009-01-29,R1,4000000.0,94.0,synthetic_demo,synthetic reservoir response,True
2009-01-30,R1,4000000.0,94.0,synthetic_demo,synthetic reservoir response,True
2009-01-31,R1,4000000.0,94.0,synthetic_demo,synthetic reservoir response,True
2009-02-01,R1,4000000.0,94.0,synthetic_demo,synthetic reservoir response,True
2009-02-02,R1,4000000.0,94.0,synthetic_demo,synthetic reservoir response,True
2009-02-03,R1,4000000.0,94.0,synthetic_demo,synthetic reservoir response,True
2009-02-04,R1,4000000.0,94.0,synthetic_demo,synthetic reservoir response,True
2009-02-05,R1,4000000.0,94.0,synthetic_demo,synthetic reservoir response,True
2009-02-06,R1,4000000.0,94.0,synthetic_demo,synthetic reservoir response,True
2009-02-07,R1,4000000.0,94.0,synthetic_demo,synthetic reservoir response,True
2009-02-08,R1,4000000.0,94.0,synthetic_demo,synthetic reservoir response,True
2009-02-09,R1,4000000.0,94.0,synthetic_demo,synthetic reservoir response,True
2009-02-10,R1,4000000.0,94.0,synthetic_demo,synthetic reservoir response,True
2009-02-11,R1,4000000.0,94.0,synthetic_demo,synthetic reservoir response,True
2009-02-12,R1,4000000.0,94.0,synthetic_demo,synthetic reservoir response,True
2009-02-13,R1,4000000.0,94.0,synthetic_demo,synthetic reservoir response,True
2009-02-14,R1,4000000.0,94.0,synthetic_demo,synthetic reservoir response,True
2009-02-15,R1,4000000.0,94.0,synthetic_demo,synthetic reservoir response,True
2009-02-16,R1,4000000.0,94.0,synthetic_demo,synthetic reservoir response,True
2009-02-17,R1,4000000.0,94.0,synthetic_demo,synthetic reservoir response,True
2009-02-18,R1,4000000.0,94.0,synthetic_demo,synthetic reservoir response,True
2009-02-19,R1,4000000.0,94.0,synthetic_demo,synthetic reservoir response,True
2009-02-20,R1,4000000.0,94.0,synthetic_demo,synthetic reservoir response,True
2009-02-21,R1,4000000.0,94.0,synthetic_demo,synthetic reservoir response,True
2009-02-22,R1,4000000.0,94.0,synthetic_demo,synthetic reservoir response,True
2009-02-23,R1,4000000.0,94.0,synthetic_demo,synthetic reservoir response,True
2009-02-24,R1,4000000.0,94.0,synthetic_demo,synthetic reservoir response,True
2009-02-25,R1,4000000.0,94.0,synthetic_demo,synthetic reservoir response,True
2009-02-26,R1,4000000.0,94.0,synthetic_demo,synthetic reservoir response,True
2009-02-27,R1,4000000.0,94.0,synthetic_demo,synthetic reservoir response,True
2009-02-28,R1,4000000.0,94.0,synthetic_demo,synthetic reservoir response,True
2009-03-01,R1,4000000.0,94.0,synthetic_demo,synthetic reservoir response,True
2009-03-02,R1,4000000.0,94.0,synthetic_demo,synthetic reservoir response,True
2009-03-03,R1,4000000.0,94.0,synthetic_demo,synthetic reservoir response,True
2009-03-04,R1,4000000.0,94.0,synthetic_demo,synthetic reservoir response,True
2009-03-05,R1,4000000.0,94.0,synthetic_demo,synthetic reservoir response,True
2009-03-06,R1,4000000.0,94.0,synthetic_demo,synthetic reservoir response,True
2009-03-07,R1,4000000.0,94.0,synthetic_demo,synthetic reservoir response,True
2009-03-08,R1,4000000.0,94.0,synthetic_demo,synthetic reservoir response,True
2009-03-09,R1,4000000.0,94.0,synthetic_demo,synthetic reservoir response,True
2009-03-10,R1,4000000.0,94.0,synthetic_demo,synthetic reservoir response,True
2009-03-11,R1,4000000.0,94.0,synthetic_demo,synthetic reservoir response,True
2009-03-12,R1,4000000.0,94.0,synthetic_demo,synthetic reservoir response,True
2009-03-13,R1,4000000.0,94.0,synthetic_demo,synthetic reservoir response,True
2009-03-14,R1,4000000.0,94.0,synthetic_demo,synthetic reservoir response,True
2009-03-15,R1,4000000.0,94.0,synthetic_demo,synthetic reservoir response,True
2009-03-16,R1,4000000.0,94.0,synthetic_demo,synthetic reservoir response,True
2009-03-17,R1,4000000.0,94.0,synthetic_demo,synthetic reservoir response,True
2009-03-18,R1,4000000.0,94.0,synthetic_demo,synthetic reservoir response,True
2009-03-19,R1,4000000.0,94.0,synthetic_demo,synthetic reservoir response,True
2009-03-20,R1,4000000.0,94.0,synthetic_demo,synthetic reservoir response,True
2009-03-21,R1,4000000.0,94.0,synthetic_demo,synthetic reservoir response,True
2009-03-22,R1,4000000.0,94.0,synthetic_demo,synthetic reservoir response,True
2009-03-23,R1,4000000.0,94.0,synthetic_demo,synthetic reservoir response,True
2009-03-24,R1,4000000.0,94.0,synthetic_demo,synthetic reservoir response,True
2009-03-25,R1,4000000.0,94.0,synthetic_demo,synthetic reservoir response,True
2009-03-26,R1,4000000.0,94.0,synthetic_demo,synthetic reservoir response,True
2009-03-27,R1,4000000.0,94.0,synthetic_demo,synthetic reservoir response,True
2009-03-28,R1,4000000.0,94.0,synthetic_demo,synthetic reservoir response,True
2009-03-29,R1,4000000.0,94.0,synthetic_demo,synthetic reservoir response,True
2009-03-30,R1,4000000.0,94.0,synthetic_demo,synthetic reservoir response,True
2009-03-31,R1,4000000.0,94.0,synthetic_demo,synthetic reservoir response,True
2009-04-01,R1,4000000.0,94.0,synthetic_demo,synthetic reservoir response,True
2009-04-02,R1,4000000.0,94.0,synthetic_demo,synthetic reservoir response,True
2009-04-03,R1,4000000.0,94.0,synthetic_demo,synthetic reservoir response,True
2009-04-04,R1,4000000.0,94.0,synthetic_demo,synthetic reservoir response,True
2009-04-05,R1,4000000.0,94.0,synthetic_demo,synthetic reservoir response,True
2009-04-06,R1,4000000.0,94.0,synthetic_demo,synthetic reservoir response,True
2009-04-07,R1,4000000.0,94.0,synthetic_demo,synthetic reservoir response,True
2009-04-08,R1,4000000.0,94.0,synthetic_demo,synthetic reservoir response,True
2009-04-09,R1,4000000.0,94.0,synthetic_demo,synthetic reservoir response,True
2009-04-10,R1,4000000.0,94.0,synthetic_demo,synthetic reservoir response,True
2009-04-11,R1,4000000.0,94.0,synthetic_demo,synthetic reservoir response,True
2009-04-12,R1,4000000.0,94.0,synthetic_demo,synthetic reservoir response,True
2009-04-13,R1,4000000.0,94.0,synthetic_demo,synthetic reservoir response,True
2009-04-14,R1,4000000.0,94.0,synthetic_demo,synthetic reservoir response,True
2009-04-15,R1,4000000.0,94.0,synthetic_demo,synthetic reservoir response,True
2009-04-16,R1,4000000.0,94.0,synthetic_demo,synthetic reservoir response,True
2009-04-17,R1,4000000.0,94.0,synthetic_demo,synthetic reservoir response,True
2009-04-18,R1,4000000.0,94.0,synthetic_demo,synthetic reservoir response,True
2009-04-19,R1,4000000.0,94.0,synthetic_demo,synthetic reservoir response,True
2009-04-20,R1,4000000.0,94.0,synthetic_demo,synthetic reservoir response,True
2009-04-21,R1,4000000.0,94.0,synthetic_demo,synthetic reservoir response,True
2009-04-22,R1,4000000.0,94.0,synthetic_demo,synthetic reservoir response,True
2009-04-23,R1,4000000.0,94.0,synthetic_demo,synthetic reservoir response,True
2009-04-24,R1,4000000.0,94.0,synthetic_demo,synthetic reservoir response,True
2009-04-25,R1,4000000.0,94.0,synthetic_demo,synthetic reservoir response,True
2009-04-26,R1,4000000.0,94.0,synthetic_demo,synthetic reservoir response,True
2009-04-27,R1,4000000.0,94.0,synthetic_demo,synthetic reservoir response,True
2009-04-28,R1,4000000.0,94.0,synthetic_demo,synthetic reservoir response,True
2009-04-29,R1,4000000.0,94.0,synthetic_demo,synthetic reservoir response,True
2009-04-30,R1,4000000.0,94.0,synthetic_demo,synthetic reservoir response,True
2009-05-01,R1,4000000.0,94.0,synthetic_demo,synthetic reservoir response,True
2009-05-02,R1,4000000.0,94.0,synthetic_demo,synthetic reservoir response,True
2009-05-03,R1,4000000.0,94.0,synthetic_demo,synthetic reservoir response,True
2009-05-04,R1,4000000.0,94.0,synthetic_demo,synthetic reservoir response,True
2009-05-05,R1,4000000.0,94.0,synthetic_demo,synthetic reservoir response,True
2009-05-06,R1,4000000.0,94.0,synthetic_demo,synthetic reservoir response,True
2009-05-07,R1,4000000.0,94.0,synthetic_demo,synthetic reservoir response,True
2009-05-08,R1,4000000.0,94.0,synthetic_demo,synthetic reservoir response,True
2009-05-09,R1,4000000.0,94.0,synthetic_demo,synthetic reservoir response,True
2009-05-10,R1,4000000.0,94.0,synthetic_demo,synthetic reservoir response,True
2009-05-11,R1,4000000.0,94.0,synthetic_demo,synthetic reservoir response,True
2009-05-12,R1,4000000.0,94.0,synthetic_demo,synthetic reservoir response,True
2009-05-13,R1,4000000.0,94.0,synthetic_demo,synthetic reservoir response,True
2009-05-14,R1,4000000.0,94.0,synthetic_demo,synthetic reservoir response,True
2009-05-15,R1,4000000.0,94.0,synthetic_demo,synthetic reservoir response,True
2009-05-16,R1,4000000.0,94.0,synthetic_demo,synthetic reservoir response,True
2009-05-17,R1,4000000.0,94.0,synthetic_demo,synthetic reservoir response,True
2009-05-18,R1,4000000.0,94.0,synthetic_demo,synthetic reservoir response,True
2009-05-19,R1,4000000.0,94.0,synthetic_demo,synthetic reservoir response,True
2009-05-20,R1,4000000.0,94.0,synthetic_demo,synthetic reservoir response,True
2009-05-21,R1,4000000.0,94.0,synthetic_demo,synthetic reservoir response,True
2009-05-22,R1,4000000.0,94.0,synthetic_demo,synthetic reservoir response,True
2009-05-23,R1,4000000.0,94.0,synthetic_demo,synthetic reservoir response,True
2009-05-24,R1,4000000.0,94.0,synthetic_demo,synthetic reservoir response,True
2009-05-25,R1,4000000.0,94.0,synthetic_demo,synthetic reservoir response,True
2009-05-26,R1,4000000.0,94.0,synthetic_demo,synthetic reservoir response,True
2009-05-27,R1,4000000.0,94.0,synthetic_demo,synthetic reservoir response,True
2009-05-28,R1,4000000.0,94.0,synthetic_demo,synthetic reservoir response,True
2009-05-29,R1,4000000.0,94.0,synthetic_demo,synthetic reservoir response,True
2009-05-30,R1,4000000.0,94.0,synthetic_demo,synthetic reservoir response,True
2009-05-31,R1,4000000.0,94.0,synthetic_demo,synthetic reservoir response,True
2009-06-01,R1,4000000.0,94.0,synthetic_demo,synthetic reservoir response,True
2009-06-02,R1,4000000.0,94.0,synthetic_demo,synthetic reservoir response,True
2009-06-03,R1,4000000.0,94.0,synthetic_demo,synthetic reservoir response,True
2009-06-04,R1,4000000.0,94.0,synthetic_demo,synthetic reservoir response,True
2009-06-05,R1,4000000.0,94.0,synthetic_demo,synthetic reservoir response,True
2009-06-06,R1,4000000.0,94.0,synthetic_demo,synthetic reservoir response,True
2009-06-07,R1,4000000.0,94.0,synthetic_demo,synthetic reservoir response,True
2009-06-08,R1,4000000.0,94.0,synthetic_demo,synthetic reservoir response,True
2009-06-09,R1,4000000.0,94.0,synthetic_demo,synthetic reservoir response,True
2009-06-10,R1,4000000.0,94.0,synthetic_demo,synthetic reservoir response,True
2009-06-11,R1,4000000.0,94.0,synthetic_demo,synthetic reservoir response,True
2009-06-12,R1,4000000.0,94.0,synthetic_demo,synthetic reservoir response,True
2009-06-13,R1,4000000.0,94.0,synthetic_demo,synthetic reservoir response,True
2009-06-14,R1,4000000.0,94.0,synthetic_demo,synthetic reservoir response,True
2009-06-15,R1,4000000.0,94.0,synthetic_demo,synthetic reservoir response,True
2009-06-16,R1,4000000.0,94.0,synthetic_demo,synthetic reservoir response,True
2009-06-17,R1,4000000.0,94.0,synthetic_demo,synthetic reservoir response,True
2009-06-18,R1,4000000.0,94.0,synthetic_demo,synthetic reservoir response,True
2009-06-19,R1,4000000.0,94.0,synthetic_demo,synthetic reservoir response,True
2009-06-20,R1,4000000.0,94.0,synthetic_demo,synthetic reservoir response,True
2009-06-21,R1,4000000.0,94.0,synthetic_demo,synthetic reservoir response,True
2009-06-22,R1,4000000.0,94.0,synthetic_demo,synthetic reservoir response,True
2009-06-23,R1,4000000.0,94.0,synthetic_demo,synthetic reservoir response,True
2009-06-24,R1,4000000.0,94.0,synthetic_demo,synthetic reservoir response,True
2009-06-25,R1,4000000.0,94.0,synthetic_demo,synthetic reservoir response,True
2009-06-26,R1,4000000.0,94.0,synthetic_demo,synthetic reservoir response,True
2009-06-27,R1,4000000.0,94.0,synthetic_demo,synthetic reservoir response,True
2009-06-28,R1,4000000.0,94.0,synthetic_demo,synthetic reservoir response,True
2009-06-29,R1,4000000.0,94.0,synthetic_demo,synthetic reservoir response,True
2009-06-30,R1,4000000.0,94.0,synthetic_demo,synthetic reservoir response,True
2009-07-01,R1,4000000.0,94.0,synthetic_demo,synthetic reservoir response,True
2009-07-02,R1,4000000.0,94.0,synthetic_demo,synthetic reservoir response,True
2009-07-03,R1,4000000.0,94.0,synthetic_demo,synthetic reservoir response,True
2009-07-04,R1,4000000.0,94.0,synthetic_demo,synthetic reservoir response,True
2009-07-05,R1,4000000.0,94.0,synthetic_demo,synthetic reservoir response,True
2009-07-06,R1,4000000.0,94.0,synthetic_demo,synthetic reservoir response,True
2009-07-07,R1,4000000.0,94.0,synthetic_demo,synthetic reservoir response,True
2009-07-08,R1,4000000.0,94.0,synthetic_demo,synthetic reservoir response,True
2009-07-09,R1,4000000.0,94.0,synthetic_demo,synthetic reservoir response,True
2009-07-10,R1,4000000.0,94.0,synthetic_demo,synthetic reservoir response,True
2009-07-11,R1,4000000.0,94.0,synthetic_demo,synthetic reservoir response,True
2009-07-12,R1,4000000.0,94.0,synthetic_demo,synthetic reservoir response,True
2009-07-13,R1,4000000.0,94.0,synthetic_demo,synthetic reservoir response,True
2009-07-14,R1,4000000.0,94.0,synthetic_demo,synthetic reservoir response,True
2009-07-15,R1,4000000.0,94.0,synthetic_demo,synthetic reservoir response,True
2009-07-16,R1,4000000.0,94.0,synthetic_demo,synthetic reservoir response,True
2009-07-17,R1,4000000.0,94.0,synthetic_demo,synthetic reservoir response,True
2009-07-18,R1,4000000.0,94.0,synthetic_demo,synthetic reservoir response,True
2009-07-19,R1,4000000.0,94.0,synthetic_demo,synthetic reservoir response,True
2009-07-20,R1,4000000.0,94.0,synthetic_demo,synthetic reservoir response,True
2009-07-21,R1,4000000.0,94.0,synthetic_demo,synthetic reservoir response,True
2009-07-22,R1,4000000.0,94.0,synthetic_demo,synthetic reservoir response,True
2009-07-23,R1,4000000.0,94.0,synthetic_demo,synthetic reservoir response,True
2009-07-24,R1,4000000.0,94.0,synthetic_demo,synthetic reservoir response,True
2009-07-25,R1,4000000.0,94.0,synthetic_demo,synthetic reservoir response,True
2009-07-26,R1,4000000.0,94.0,synthetic_demo,synthetic reservoir response,True
2009-07-27,R1,4000000.0,94.0,synthetic_demo,synthetic reservoir response,True
2009-07-28,R1,4000000.0,94.0,synthetic_demo,synthetic reservoir response,True
2009-07-29,R1,4000000.0,94.0,synthetic_demo,synthetic reservoir response,True
2009-07-30,R1,4000000.0,94.0,synthetic_demo,synthetic reservoir response,True
2009-07-31,R1,4000000.0,94.0,synthetic_demo,synthetic reservoir response,True
2009-08-01,R1,4000000.0,94.0,synthetic_demo,synthetic reservoir response,True
2009-08-02,R1,4000000.0,94.0,synthetic_demo,synthetic reservoir response,True
2009-08-03,R1,4000000.0,94.0,synthetic_demo,synthetic reservoir response,True
2009-08-04,R1,4000000.0,94.0,synthetic_demo,synthetic reservoir response,True
2009-08-05,R1,4000000.0,94.0,synthetic_demo,synthetic reservoir response,True
2009-08-06,R1,4000000.0,94.0,synthetic_demo,synthetic reservoir response,True
2009-08-07,R1,4000000.0,94.0,synthetic_demo,synthetic reservoir response,True
2009-08-08,R1,4000000.0,94.0,synthetic_demo,synthetic reservoir response,True
2009-08-09,R1,4000000.0,94.0,synthetic_demo,synthetic reservoir response,True
2009-08-10,R1,4000000.0,94.0,synthetic_demo,synthetic reservoir response,True
2009-08-11,R1,4000000.0,94.0,synthetic_demo,synthetic reservoir response,True
2009-08-12,R1,4000000.0,94.0,synthetic_demo,synthetic reservoir response,True
2009-08-13,R1,4000000.0,94.0,synthetic_demo,synthetic reservoir response,True
2009-08-14,R1,4000000.0,94.0,synthetic_demo,synthetic reservoir response,True
2009-08-15,R1,4000000.0,94.0,synthetic_demo,synthetic reservoir response,True
2009-08-16,R1,4000000.0,94.0,synthetic_demo,synthetic reservoir response,True
2009-08-17,R1,4000000.0,94.0,synthetic_demo,synthetic reservoir response,True
2009-08-18,R1,4000000.0,94.0,synthetic_demo,synthetic reservoir response,True
2009-08-19,R1,4000000.0,94.0,synthetic_demo,synthetic reservoir response,True
2009-08-20,R1,4000000.0,94.0,synthetic_demo,synthetic reservoir response,True
2009-08-21,R1,4000000.0,94.0,synthetic_demo,synthetic reservoir response,True
2009-08-22,R1,4000000.0,94.0,synthetic_demo,synthetic reservoir response,True
2009-08-23,R1,4000000.0,94.0,synthetic_demo,synthetic reservoir response,True
2009-08-24,R1,4000000.0,94.0,synthetic_demo,synthetic reservoir response,True
2009-08-25,R1,4000000.0,94.0,synthetic_demo,synthetic reservoir response,True
2009-08-26,R1,4000000.0,94.0,synthetic_demo,synthetic reservoir response,True
2009-08-27,R1,4000000.0,94.0,synthetic_demo,synthetic reservoir response,True
2009-08-28,R1,4000000.0,94.0,synthetic_demo,synthetic reservoir response,True
2009-08-29,R1,4000000.0,94.0,synthetic_demo,synthetic reservoir response,True
2009-08-30,R1,4000000.0,94.0,synthetic_demo,synthetic reservoir response,True
2009-08-31,R1,4000000.0,94.0,synthetic_demo,synthetic reservoir response,True
2009-09-01,R1,4000000.0,94.0,synthetic_demo,synthetic reservoir response,True
2009-09-02,R1,4000000.0,94.0,synthetic_demo,synthetic reservoir response,True
2009-09-03,R1,4000000.0,94.0,synthetic_demo,synthetic reservoir response,True
2009-09-04,R1,4000000.0,94.0,synthetic_demo,synthetic reservoir response,True
2009-09-05,R1,4000000.0,94.0,synthetic_demo,synthetic reservoir response,True
2009-09-06,R1,4000000.0,94.0,synthetic_demo,synthetic reservoir response,True
2009-09-07,R1,4000000.0,94.0,synthetic_demo,synthetic reservoir response,True
2009-09-08,R1,4000000.0,94.0,synthetic_demo,synthetic reservoir response,True
2009-09-09,R1,4000000.0,94.0,synthetic_demo,synthetic reservoir response,True
2009-09-10,R1,4000000.0,94.0,synthetic_demo,synthetic reservoir response,True
2009-09-11,R1,4000000.0,94.0,synthetic_demo,synthetic reservoir response,True
2009-09-12,R1,4000000.0,94.0,synthetic_demo,synthetic reservoir response,True
2009-09-13,R1,4000000.0,94.0,synthetic_demo,synthetic reservoir response,True
2009-09-14,R1,4000000.0,94.0,synthetic_demo,synthetic reservoir response,True
2009-09-15,R1,4000000.0,94.0,synthetic_demo,synthetic reservoir response,True
2009-09-16,R1,4000000.0,94.0,synthetic_demo,synthetic reservoir response,True
2009-09-17,R1,4000000.0,94.0,synthetic_demo,synthetic reservoir response,True
2009-09-18,R1,4000000.0,94.0,synthetic_demo,synthetic reservoir response,True
2009-09-19,R1,4000000.0,94.0,synthetic_demo,synthetic reservoir response,True
2009-09-20,R1,4000000.0,94.0,synthetic_demo,synthetic reservoir response,True
2009-09-21,R1,4000000.0,94.0,synthetic_demo,synthetic reservoir response,True
2009-09-22,R1,4000000.0,94.0,synthetic_demo,synthetic reservoir response,True
2009-09-23,R1,4000000.0,94.0,synthetic_demo,synthetic reservoir response,True
2009-09-24,R1,4000000.0,94.0,synthetic_demo,synthetic reservoir response,True
2009-09-25,R1,4000000.0,94.0,synthetic_demo,synthetic reservoir response,True
2009-09-26,R1,4000000.0,94.0,synthetic_demo,synthetic reservoir response,True
2009-09-27,R1,4000000.0,94.0,synthetic_demo,synthetic reservoir response,True
2009-09-28,R1,4000000.0,94.0,synthetic_demo,synthetic reservoir response,True
2009-09-29,R1,4000000.0,94.0,synthetic_demo,synthetic reservoir response,True
2009-09-30,R1,4000000.0,94.0,synthetic_demo,synthetic reservoir response,True
2009-10-01,R1,4000000.0,94.0,synthetic_demo,synthetic reservoir response,True
2009-10-02,R1,4000000.0,94.0,synthetic_demo,synthetic reservoir response,True
2009-10-03,R1,4000000.0,94.0,synthetic_demo,synthetic reservoir response,True
2009-10-04,R1,4000000.0,94.0,synthetic_demo,synthetic reservoir response,True
2009-10-05,R1,4000000.0,94.0,synthetic_demo,synthetic reservoir response,True
2009-10-06,R1,4000000.0,94.0,synthetic_demo,synthetic reservoir response,True
2009-10-07,R1,4000000.0,94.0,synthetic_demo,synthetic reservoir response,True
2009-10-08,R1,4000000.0,94.0,synthetic_demo,synthetic reservoir response,True
2009-10-09,R1,4000000.0,94.0,synthetic_demo,synthetic reservoir response,True
2009-10-10,R1,4000000.0,94.0,synthetic_demo,synthetic reservoir response,True
2009-10-11,R1,4000000.0,94.0,synthetic_demo,synthetic reservoir response,True
2009-10-12,R1,4000000.0,94.0,synthetic_demo,synthetic reservoir response,True
2009-10-13,R1,4000000.0,94.0,synthetic_demo,synthetic reservoir response,True
2009-10-14,R1,4000000.0,94.0,synthetic_demo,synthetic reservoir response,True
2009-10-15,R1,4000000.0,94.0,synthetic_demo,synthetic reservoir response,True
2009-10-16,R1,4000000.0,94.0,synthetic_demo,synthetic reservoir response,True
2009-10-17,R1,4000000.0,94.0,synthetic_demo,synthetic reservoir response,True
2009-10-18,R1,4000000.0,94.0,synthetic_demo,synthetic reservoir response,True
2009-10-19,R1,4000000.0,94.0,synthetic_demo,synthetic reservoir response,True
2009-10-20,R1,4000000.0,94.0,synthetic_demo,synthetic reservoir response,True
2009-10-21,R1,4000000.0,94.0,synthetic_demo,synthetic reservoir response,True
2009-10-22,R1,4000000.0,94.0,synthetic_demo,synthetic reservoir response,True
2009-10-23,R1,4000000.0,94.0,synthetic_demo,synthetic reservoir response,True
2009-10-24,R1,4000000.0,94.0,synthetic_demo,synthetic reservoir response,True
2009-10-25,R1,4000000.0,94.0,synthetic_demo,synthetic reservoir response,True
2009-10-26,R1,4000000.0,94.0,synthetic_demo,synthetic reservoir response,True
2009-10-27,R1,4000000.0,94.0,synthetic_demo,synthetic reservoir response,True
2009-10-28,R1,4000000.0,94.0,synthetic_demo,synthetic reservoir response,True
2009-10-29,R1,4000000.0,94.0,synthetic_demo,synthetic reservoir response,True
2009-10-30,R1,4000000.0,94.0,synthetic_demo,synthetic reservoir response,True
2009-10-31,R1,4000000.0,94.0,synthetic_demo,synthetic reservoir response,True
2009-11-01,R1,4000000.0,94.0,synthetic_demo,synthetic reservoir response,True
2009-11-02,R1,4000000.0,94.0,synthetic_demo,synthetic reservoir response,True
2009-11-03,R1,4000000.0,94.0,synthetic_demo,synthetic reservoir response,True
2009-11-04,R1,4000000.0,94.0,synthetic_demo,synthetic reservoir response,True
2009-11-05,R1,4000000.0,94.0,synthetic_demo,synthetic reservoir response,True
2009-11-06,R1,4000000.0,94.0,synthetic_demo,synthetic reservoir response,True
2009-11-07,R1,4000000.0,94.0,synthetic_demo,synthetic reservoir response,True
2009-11-08,R1,4000000.0,94.0,synthetic_demo,synthetic reservoir response,True
2009-11-09,R1,4000000.0,94.0,synthetic_demo,synthetic reservoir response,True
2009-11-10,R1,4000000.0,94.0,synthetic_demo,synthetic reservoir response,True
2009-11-11,R1,4000000.0,94.0,synthetic_demo,synthetic reservoir response,True
2009-11-12,R1,4000000.0,94.0,synthetic_demo,synthetic reservoir response,True
2009-11-13,R1,4000000.0,94.0,synthetic_demo,synthetic reservoir response,True
2009-11-14,R1,4000000.0,94.0,synthetic_demo,synthetic reservoir response,True
2009-11-15,R1,4000000.0,94.0,synthetic_demo,synthetic reservoir response,True
2009-11-16,R1,4000000.0,94.0,synthetic_demo,synthetic reservoir response,True
2009-11-17,R1,4000000.0,94.0,synthetic_demo,synthetic reservoir response,True
2009-11-18,R1,4000000.0,94.0,synthetic_demo,synthetic reservoir response,True
2009-11-19,R1,4000000.0,94.0,synthetic_demo,synthetic reservoir response,True
2009-11-20,R1,4000000.0,94.0,synthetic_demo,synthetic reservoir response,True
2009-11-21,R1,4000000.0,94.0,synthetic_demo,synthetic reservoir response,True
2009-11-22,R1,4000000.0,94.0,synthetic_demo,synthetic reservoir response,True
2009-11-23,R1,4000000.0,94.0,synthetic_demo,synthetic reservoir response,True
2009-11-24,R1,4000000.0,94.0,synthetic_demo,synthetic reservoir response,True
2009-11-25,R1,4000000.0,94.0,synthetic_demo,synthetic reservoir response,True
2009-11-26,R1,4000000.0,94.0,synthetic_demo,synthetic reservoir response,True
2009-11-27,R1,4000000.0,94.0,synthetic_demo,synthetic reservoir response,True
2009-11-28,R1,4000000.0,94.0,synthetic_demo,synthetic reservoir response,True
2009-11-29,R1,4000000.0,94.0,synthetic_demo,synthetic reservoir response,True
2009-11-30,R1,4000000.0,94.0,synthetic_demo,synthetic reservoir response,True
2009-12-01,R1,4000000.0,94.0,synthetic_demo,synthetic reservoir response,True
2009-12-02,R1,4000000.0,94.0,synthetic_demo,synthetic reservoir response,True
2009-12-03,R1,4000000.0,94.0,synthetic_demo,synthetic reservoir response,True
2009-12-04,R1,4000000.0,94.0,synthetic_demo,synthetic reservoir response,True
2009-12-05,R1,4000000.0,94.0,synthetic_demo,synthetic reservoir response,True
2009-12-06,R1,4000000.0,94.0,synthetic_demo,synthetic reservoir response,True
2009-12-07,R1,4000000.0,94.0,synthetic_demo,synthetic reservoir response,True
2009-12-08,R1,4000000.0,94.0,synthetic_demo,synthetic reservoir response,True
2009-12-09,R1,4000000.0,94.0,synthetic_demo,synthetic reservoir response,True
2009-12-10,R1,4000000.0,94.0,synthetic_demo,synthetic reservoir response,True
2009-12-11,R1,4000000.0,94.0,synthetic_demo,synthetic reservoir response,True
2009-12-12,R1,4000000.0,94.0,synthetic_demo,synthetic reservoir response,True
2009-12-13,R1,4000000.0,94.0,synthetic_demo,synthetic reservoir response,True
2009-12-14,R1,4000000.0,94.0,synthetic_demo,synthetic reservoir response,True
2009-12-15,R1,4000000.0,94.0,synthetic_demo,synthetic reservoir response,True
2009-12-16,R1,4000000.0,94.0,synthetic_demo,synthetic reservoir response,True
2009-12-17,R1,4000000.0,94.0,synthetic_demo,synthetic reservoir response,True
2009-12-18,R1,4000000.0,94.0,synthetic_demo,synthetic reservoir response,True
2009-12-19,R1,4000000.0,94.0,synthetic_demo,synthetic reservoir response,True
2009-12-20,R1,4000000.0,94.0,synthetic_demo,synthetic reservoir response,True
2009-12-21,R1,4000000.0,94.0,synthetic_demo,synthetic reservoir response,True
2009-12-22,R1,4000000.0,94.0,synthetic_demo,synthetic reservoir response,True
2009-12-23,R1,4000000.0,94.0,synthetic_demo,synthetic reservoir response,True
2009-12-24,R1,4000000.0,94.0,synthetic_demo,synthetic reservoir response,True
2009-12-25,R1,4000000.0,94.0,synthetic_demo,synthetic reservoir response,True
2009-12-26,R1,4000000.0,94.0,synthetic_demo,synthetic reservoir response,True
2009-12-27,R1,4000000.0,94.0,synthetic_demo,synthetic reservoir response,True
2009-12-28,R1,4000000.0,94.0,synthetic_demo,synthetic reservoir response,True
2009-12-29,R1,4000000.0,94.0,synthetic_demo,synthetic reservoir response,True
2009-12-30,R1,4000000.0,94.0,synthetic_demo,synthetic reservoir response,True
2009-12-31,R1,4000000.0,94.0,synthetic_demo,synthetic reservoir response,True
2010-01-01,R1,4000000.0,94.0,synthetic_demo,synthetic reservoir response,True
2010-01-02,R1,4000000.0,94.0,synthetic_demo,synthetic reservoir response,True
2010-01-03,R1,4000000.0,94.0,synthetic_demo,synthetic reservoir response,True
2010-01-04,R1,4000000.0,94.0,synthetic_demo,synthetic reservoir response,True
2010-01-05,R1,4000000.0,94.0,synthetic_demo,synthetic reservoir response,True
2010-01-06,R1,4000000.0,94.0,synthetic_demo,synthetic reservoir response,True
2010-01-07,R1,4000000.0,94.0,synthetic_demo,synthetic reservoir response,True
2010-01-08,R1,4000000.0,94.0,synthetic_demo,synthetic reservoir response,True
2010-01-09,R1,4000000.0,94.0,synthetic_demo,synthetic reservoir response,True
2010-01-10,R1,4000000.0,94.0,synthetic_demo,synthetic reservoir response,True
2010-01-11,R1,4000000.0,94.0,synthetic_demo,synthetic reservoir response,True
2010-01-12,R1,4000000.0,94.0,synthetic_demo,synthetic reservoir response,True
2010-01-13,R1,4000000.0,94.0,synthetic_demo,synthetic reservoir response,True
2010-01-14,R1,4000000.0,94.0,synthetic_demo,synthetic reservoir response,True
2010-01-15,R1,4000000.0,94.0,synthetic_demo,synthetic reservoir response,True
2010-01-16,R1,4000000.0,94.0,synthetic_demo,synthetic reservoir response,True
2010-01-17,R1,4000000.0,94.0,synthetic_demo,synthetic reservoir response,True
2010-01-18,R1,4000000.0,94.0,synthetic_demo,synthetic reservoir response,True
2010-01-19,R1,4000000.0,94.0,synthetic_demo,synthetic reservoir response,True
2010-01-20,R1,4000000.0,94.0,synthetic_demo,synthetic reservoir response,True
2010-01-21,R1,4000000.0,94.0,synthetic_demo,synthetic reservoir response,True
2010-01-22,R1,4000000.0,94.0,synthetic_demo,synthetic reservoir response,True
2010-01-23,R1,4000000.0,94.0,synthetic_demo,synthetic reservoir response,True
2010-01-24,R1,4000000.0,94.0,synthetic_demo,synthetic reservoir response,True
2010-01-25,R1,4000000.0,94.0,synthetic_demo,synthetic reservoir response,True
2010-01-26,R1,4000000.0,94.0,synthetic_demo,synthetic reservoir response,True
2010-01-27,R1,4000000.0,94.0,synthetic_demo,synthetic reservoir response,True
2010-01-28,R1,4000000.0,94.0,synthetic_demo,synthetic reservoir response,True
2010-01-29,R1,4000000.0,94.0,synthetic_demo,synthetic reservoir response,True
2010-01-30,R1,4000000.0,94.0,synthetic_demo,synthetic reservoir response,True
2010-01-31,R1,4000000.0,94.0,synthetic_demo,synthetic reservoir response,True
2010-02-01,R1,4000000.0,94.0,synthetic_demo,synthetic reservoir response,True
2010-02-02,R1,4000000.0,94.0,synthetic_demo,synthetic reservoir response,True
2010-02-03,R1,4000000.0,94.0,synthetic_demo,synthetic reservoir response,True
2010-02-04,R1,4000000.0,94.0,synthetic_demo,synthetic reservoir response,True
2010-02-05,R1,4000000.0,94.0,synthetic_demo,synthetic reservoir response,True
2010-02-06,R1,4000000.0,94.0,synthetic_demo,synthetic reservoir response,True
2010-02-07,R1,4000000.0,94.0,synthetic_demo,synthetic reservoir response,True
2010-02-08,R1,4000000.0,94.0,synthetic_demo,synthetic reservoir response,True
2010-02-09,R1,4000000.0,94.0,synthetic_demo,synthetic reservoir response,True
2010-02-10,R1,4000000.0,94.0,synthetic_demo,synthetic reservoir response,True
2010-02-11,R1,4000000.0,94.0,synthetic_demo,synthetic reservoir response,True
2010-02-12,R1,4000000.0,94.0,synthetic_demo,synthetic reservoir response,True
2010-02-13,R1,4000000.0,94.0,synthetic_demo,synthetic reservoir response,True
2010-02-14,R1,4000000.0,94.0,synthetic_demo,synthetic reservoir response,True
2010-02-15,R1,4000000.0,94.0,synthetic_demo,synthetic reservoir response,True
2010-02-16,R1,4000000.0,94.0,synthetic_demo,synthetic reservoir response,True
2010-02-17,R1,4000000.0,94.0,synthetic_demo,synthetic reservoir response,True
2010-02-18,R1,4000000.0,94.0,synthetic_demo,synthetic reservoir response,True
2010-02-19,R1,4000000.0,94.0,synthetic_demo,synthetic reservoir response,True
2010-02-20,R1,4000000.0,94.0,synthetic_demo,synthetic reservoir response,True
2010-02-21,R1,4000000.0,94.0,synthetic_demo,synthetic reservoir response,True
2010-02-22,R1,4000000.0,94.0,synthetic_demo,synthetic reservoir response,True
2010-02-23,R1,4000000.0,94.0,synthetic_demo,synthetic reservoir response,True
2010-02-24,R1,4000000.0,94.0,synthetic_demo,synthetic reservoir response,True
2010-02-25,R1,4000000.0,94.0,synthetic_demo,synthetic reservoir response,True
2010-02-26,R1,4000000.0,94.0,synthetic_demo,synthetic reservoir response,True
2010-02-27,R1,4000000.0,94.0,synthetic_demo,synthetic reservoir response,True
2010-02-28,R1,4000000.0,94.0,synthetic_demo,synthetic reservoir response,True
2010-03-01,R1,4000000.0,94.0,synthetic_demo,synthetic reservoir response,True
2010-03-02,R1,4000000.0,94.0,synthetic_demo,synthetic reservoir response,True
2010-03-03,R1,4000000.0,94.0,synthetic_demo,synthetic reservoir response,True
2010-03-04,R1,4000000.0,94.0,synthetic_demo,synthetic reservoir response,True
2010-03-05,R1,4000000.0,94.0,synthetic_demo,synthetic reservoir response,True
2010-03-06,R1,4000000.0,94.0,synthetic_demo,synthetic reservoir response,True
2010-03-07,R1,4000000.0,94.0,synthetic_demo,synthetic reservoir response,True
2010-03-08,R1,4000000.0,94.0,synthetic_demo,synthetic reservoir response,True
2010-03-09,R1,4000000.0,94.0,synthetic_demo,synthetic reservoir response,True
2010-03-10,R1,4000000.0,94.0,synthetic_demo,synthetic reservoir response,True
2010-03-11,R1,4000000.0,94.0,synthetic_demo,synthetic reservoir response,True
2010-03-12,R1,4000000.0,94.0,synthetic_demo,synthetic reservoir response,True
2010-03-13,R1,4000000.0,94.0,synthetic_demo,synthetic reservoir response,True
2010-03-14,R1,4000000.0,94.0,synthetic_demo,synthetic reservoir response,True
2010-03-15,R1,4000000.0,94.0,synthetic_demo,synthetic reservoir response,True
2010-03-16,R1,4000000.0,94.0,synthetic_demo,synthetic reservoir response,True
2010-03-17,R1,4000000.0,94.0,synthetic_demo,synthetic reservoir response,True
2010-03-18,R1,4000000.0,94.0,synthetic_demo,synthetic reservoir response,True
2010-03-19,R1,4000000.0,94.0,synthetic_demo,synthetic reservoir response,True
2010-03-20,R1,4000000.0,94.0,synthetic_demo,synthetic reservoir response,True
2010-03-21,R1,4000000.0,94.0,synthetic_demo,synthetic reservoir response,True
2010-03-22,R1,4000000.0,94.0,synthetic_demo,synthetic reservoir response,True
2010-03-23,R1,4000000.0,94.0,synthetic_demo,synthetic reservoir response,True
2010-03-24,R1,4000000.0,94.0,synthetic_demo,synthetic reservoir response,True
2010-03-25,R1,4000000.0,94.0,synthetic_demo,synthetic reservoir response,True
2010-03-26,R1,4000000.0,94.0,synthetic_demo,synthetic reservoir response,True
2010-03-27,R1,4000000.0,94.0,synthetic_demo,synthetic reservoir response,True
2010-03-28,R1,4000000.0,94.0,synthetic_demo,synthetic reservoir response,True
2010-03-29,R1,4000000.0,94.0,synthetic_demo,synthetic reservoir response,True
2010-03-30,R1,4000000.0,94.0,synthetic_demo,synthetic reservoir response,True
2010-03-31,R1,4000000.0,94.0,synthetic_demo,synthetic reservoir response,True
2010-04-01,R1,4000000.0,94.0,synthetic_demo,synthetic reservoir response,True
2010-04-02,R1,4000000.0,94.0,synthetic_demo,synthetic reservoir response,True
2010-04-03,R1,4000000.0,94.0,synthetic_demo,synthetic reservoir response,True
2010-04-04,R1,4000000.0,94.0,synthetic_demo,synthetic reservoir response,True
2010-04-05,R1,4000000.0,94.0,synthetic_demo,synthetic reservoir response,True
2010-04-06,R1,4000000.0,94.0,synthetic_demo,synthetic reservoir response,True
2010-04-07,R1,4000000.0,94.0,synthetic_demo,synthetic reservoir response,True
2010-04-08,R1,4000000.0,94.0,synthetic_demo,synthetic reservoir response,True
2010-04-09,R1,4000000.0,94.0,synthetic_demo,synthetic reservoir response,True
2010-04-10,R1,4000000.0,94.0,synthetic_demo,synthetic reservoir response,True
2010-04-11,R1,4000000.0,94.0,synthetic_demo,synthetic reservoir response,True
2010-04-12,R1,4000000.0,94.0,synthetic_demo,synthetic reservoir response,True
2010-04-13,R1,4000000.0,94.0,synthetic_demo,synthetic reservoir response,True
2010-04-14,R1,4000000.0,94.0,synthetic_demo,synthetic reservoir response,True
2010-04-15,R1,4000000.0,94.0,synthetic_demo,synthetic reservoir response,True
2010-04-16,R1,4000000.0,94.0,synthetic_demo,synthetic reservoir response,True
2010-04-17,R1,4000000.0,94.0,synthetic_demo,synthetic reservoir response,True
2010-04-18,R1,4000000.0,94.0,synthetic_demo,synthetic reservoir response,True
2010-04-19,R1,4000000.0,94.0,synthetic_demo,synthetic reservoir response,True
2010-04-20,R1,4000000.0,94.0,synthetic_demo,synthetic reservoir response,True
2010-04-21,R1,4000000.0,94.0,synthetic_demo,synthetic reservoir response,True
2010-04-22,R1,4000000.0,94.0,synthetic_demo,synthetic reservoir response,True
2010-04-23,R1,4000000.0,94.0,synthetic_demo,synthetic reservoir response,True
2010-04-24,R1,4000000.0,94.0,synthetic_demo,synthetic reservoir response,True
2010-04-25,R1,4000000.0,94.0,synthetic_demo,synthetic reservoir response,True
2010-04-26,R1,4000000.0,94.0,synthetic_demo,synthetic reservoir response,True
2010-04-27,R1,4000000.0,94.0,synthetic_demo,synthetic reservoir response,True
2010-04-28,R1,4000000.0,94.0,synthetic_demo,synthetic reservoir response,True
2010-04-29,R1,4000000.0,94.0,synthetic_demo,synthetic reservoir response,True
2010-04-30,R1,4000000.0,94.0,synthetic_demo,synthetic reservoir response,True
2010-05-01,R1,4000000.0,94.0,synthetic_demo,synthetic reservoir response,True
2010-05-02,R1,4000000.0,94.0,synthetic_demo,synthetic reservoir response,True
2010-05-03,R1,4000000.0,94.0,synthetic_demo,synthetic reservoir response,True
2010-05-04,R1,4000000.0,94.0,synthetic_demo,synthetic reservoir response,True
2010-05-05,R1,4000000.0,94.0,synthetic_demo,synthetic reservoir response,True
2010-05-06,R1,4000000.0,94.0,synthetic_demo,synthetic reservoir response,True
2010-05-07,R1,4000000.0,94.0,synthetic_demo,synthetic reservoir response,True
2010-05-08,R1,4000000.0,94.0,synthetic_demo,synthetic reservoir response,True
2010-05-09,R1,4000000.0,94.0,synthetic_demo,synthetic reservoir response,True
2010-05-10,R1,4000000.0,94.0,synthetic_demo,synthetic reservoir response,True
2010-05-11,R1,4000000.0,94.0,synthetic_demo,synthetic reservoir response,True
2010-05-12,R1,4000000.0,94.0,synthetic_demo,synthetic reservoir response,True
2010-05-13,R1,4000000.0,94.0,synthetic_demo,synthetic reservoir response,True
2010-05-14,R1,4000000.0,94.0,synthetic_demo,synthetic reservoir response,True
2010-05-15,R1,4000000.0,94.0,synthetic_demo,synthetic reservoir response,True
2010-05-16,R1,4000000.0,94.0,synthetic_demo,synthetic reservoir response,True
2010-05-17,R1,4000000.0,94.0,synthetic_demo,synthetic reservoir response,True
2010-05-18,R1,4000000.0,94.0,synthetic_demo,synthetic reservoir response,True
2010-05-19,R1,4000000.0,94.0,synthetic_demo,synthetic reservoir response,True
2010-05-20,R1,4000000.0,94.0,synthetic_demo,synthetic reservoir response,True
2010-05-21,R1,4000000.0,94.0,synthetic_demo,synthetic reservoir response,True
2010-05-22,R1,4000000.0,94.0,synthetic_demo,synthetic reservoir response,True
2010-05-23,R1,4000000.0,94.0,synthetic_demo,synthetic reservoir response,True
2010-05-24,R1,4000000.0,94.0,synthetic_demo,synthetic reservoir response,True
2010-05-25,R1,4000000.0,94.0,synthetic_demo,synthetic reservoir response,True
2010-05-26,R1,4000000.0,94.0,synthetic_demo,synthetic reservoir response,True
2010-05-27,R1,4000000.0,94.0,synthetic_demo,synthetic reservoir response,True
2010-05-28,R1,4000000.0,94.0,synthetic_demo,synthetic reservoir response,True
2010-05-29,R1,4000000.0,94.0,synthetic_demo,synthetic reservoir response,True
2010-05-30,R1,4000000.0,94.0,synthetic_demo,synthetic reservoir response,True
2010-05-31,R1,4000000.0,94.0,synthetic_demo,synthetic reservoir response,True
2010-06-01,R1,4000000.0,94.0,synthetic_demo,synthetic reservoir response,True
2010-06-02,R1,4000000.0,94.0,synthetic_demo,synthetic reservoir response,True
2010-06-03,R1,4000000.0,94.0,synthetic_demo,synthetic reservoir response,True
2010-06-04,R1,4000000.0,94.0,synthetic_demo,synthetic reservoir response,True
2010-06-05,R1,4000000.0,94.0,synthetic_demo,synthetic reservoir response,True
2010-06-06,R1,4000000.0,94.0,synthetic_demo,synthetic reservoir response,True
2010-06-07,R1,4000000.0,94.0,synthetic_demo,synthetic reservoir response,True
2010-06-08,R1,4000000.0,94.0,synthetic_demo,synthetic reservoir response,True
2010-06-09,R1,4000000.0,94.0,synthetic_demo,synthetic reservoir response,True
2010-06-10,R1,4000000.0,94.0,synthetic_demo,synthetic reservoir response,True
2010-06-11,R1,4000000.0,94.0,synthetic_demo,synthetic reservoir response,True
2010-06-12,R1,4000000.0,94.0,synthetic_demo,synthetic reservoir response,True
2010-06-13,R1,4000000.0,94.0,synthetic_demo,synthetic reservoir response,True
2010-06-14,R1,4000000.0,94.0,synthetic_demo,synthetic reservoir response,True
2010-06-15,R1,4000000.0,94.0,synthetic_demo,synthetic reservoir response,True
2010-06-16,R1,4000000.0,94.0,synthetic_demo,synthetic reservoir response,True
2010-06-17,R1,4000000.0,94.0,synthetic_demo,synthetic reservoir response,True
2010-06-18,R1,4000000.0,94.0,synthetic_demo,synthetic reservoir response,True
2010-06-19,R1,4000000.0,94.0,synthetic_demo,synthetic reservoir response,True
2010-06-20,R1,4000000.0,94.0,synthetic_demo,synthetic reservoir response,True
2010-06-21,R1,4000000.0,94.0,synthetic_demo,synthetic reservoir response,True
2010-06-22,R1,4000000.0,94.0,synthetic_demo,synthetic reservoir response,True
2010-06-23,R1,4000000.0,94.0,synthetic_demo,synthetic reservoir response,True
2010-06-24,R1,4000000.0,94.0,synthetic_demo,synthetic reservoir response,True
2010-06-25,R1,4000000.0,94.0,synthetic_demo,synthetic reservoir response,True
2010-06-26,R1,4000000.0,94.0,synthetic_demo,synthetic reservoir response,True
2010-06-27,R1,4000000.0,94.0,synthetic_demo,synthetic reservoir response,True
2010-06-28,R1,4000000.0,94.0,synthetic_demo,synthetic reservoir response,True
2010-06-29,R1,4000000.0,94.0,synthetic_demo,synthetic reservoir response,True
2010-06-30,R1,4000000.0,94.0,synthetic_demo,synthetic reservoir response,True
2010-07-01,R1,4000000.0,94.0,synthetic_demo,synthetic reservoir response,True
2010-07-02,R1,4000000.0,94.0,synthetic_demo,synthetic reservoir response,True
2010-07-03,R1,4000000.0,94.0,synthetic_demo,synthetic reservoir response,True
2010-07-04,R1,4000000.0,94.0,synthetic_demo,synthetic reservoir response,True
2010-07-05,R1,4000000.0,94.0,synthetic_demo,synthetic reservoir response,True
2010-07-06,R1,4000000.0,94.0,synthetic_demo,synthetic reservoir response,True
2010-07-07,R1,4000000.0,94.0,synthetic_demo,synthetic reservoir response,True
2010-07-08,R1,4000000.0,94.0,synthetic_demo,synthetic reservoir response,True
2010-07-09,R1,4000000.0,94.0,synthetic_demo,synthetic reservoir response,True
2010-07-10,R1,4000000.0,94.0,synthetic_demo,synthetic reservoir response,True
2010-07-11,R1,4000000.0,94.0,synthetic_demo,synthetic reservoir response,True
2010-07-12,R1,4000000.0,94.0,synthetic_demo,synthetic reservoir response,True
2010-07-13,R1,4000000.0,94.0,synthetic_demo,synthetic reservoir response,True
2010-07-14,R1,4000000.0,94.0,synthetic_demo,synthetic reservoir response,True
2010-07-15,R1,4000000.0,94.0,synthetic_demo,synthetic reservoir response,True
2010-07-16,R1,4000000.0,94.0,synthetic_demo,synthetic reservoir response,True
2010-07-17,R1,4000000.0,94.0,synthetic_demo,synthetic reservoir response,True
2010-07-18,R1,4000000.0,94.0,synthetic_demo,synthetic reservoir response,True
2010-07-19,R1,4000000.0,94.0,synthetic_demo,synthetic reservoir response,True
2010-07-20,R1,4000000.0,94.0,synthetic_demo,synthetic reservoir response,True
2010-07-21,R1,4000000.0,94.0,synthetic_demo,synthetic reservoir response,True
2010-07-22,R1,4000000.0,94.0,synthetic_demo,synthetic reservoir response,True
2010-07-23,R1,4000000.0,94.0,synthetic_demo,synthetic reservoir response,True
2010-07-24,R1,4000000.0,94.0,synthetic_demo,synthetic reservoir response,True
2010-07-25,R1,4000000.0,94.0,synthetic_demo,synthetic reservoir response,True
2010-07-26,R1,4000000.0,94.0,synthetic_demo,synthetic reservoir response,True
2010-07-27,R1,4000000.0,94.0,synthetic_demo,synthetic reservoir response,True
2010-07-28,R1,4000000.0,94.0,synthetic_demo,synthetic reservoir response,True
2010-07-29,R1,4000000.0,94.0,synthetic_demo,synthetic reservoir response,True
2010-07-30,R1,4000000.0,94.0,synthetic_demo,synthetic reservoir response,True
2010-07-31,R1,4000000.0,94.0,synthetic_demo,synthetic reservoir response,True
2010-08-01,R1,4000000.0,94.0,synthetic_demo,synthetic reservoir response,True
2010-08-02,R1,4000000.0,94.0,synthetic_demo,synthetic reservoir response,True
2010-08-03,R1,4000000.0,94.0,synthetic_demo,synthetic reservoir response,True
2010-08-04,R1,4000000.0,94.0,synthetic_demo,synthetic reservoir response,True
2010-08-05,R1,4000000.0,94.0,synthetic_demo,synthetic reservoir response,True
2010-08-06,R1,4000000.0,94.0,synthetic_demo,synthetic reservoir response,True
2010-08-07,R1,4000000.0,94.0,synthetic_demo,synthetic reservoir response,True
2010-08-08,R1,4000000.0,94.0,synthetic_demo,synthetic reservoir response,True
2010-08-09,R1,4000000.0,94.0,synthetic_demo,synthetic reservoir response,True
2010-08-10,R1,4000000.0,94.0,synthetic_demo,synthetic reservoir response,True
2010-08-11,R1,4000000.0,94.0,synthetic_demo,synthetic reservoir response,True
2010-08-12,R1,4000000.0,94.0,synthetic_demo,synthetic reservoir response,True
2010-08-13,R1,4000000.0,94.0,synthetic_demo,synthetic reservoir response,True
2010-08-14,R1,4000000.0,94.0,synthetic_demo,synthetic reservoir response,True
2010-08-15,R1,4000000.0,94.0,synthetic_demo,synthetic reservoir response,True
2010-08-16,R1,4000000.0,94.0,synthetic_demo,synthetic reservoir response,True
2010-08-17,R1,4000000.0,94.0,synthetic_demo,synthetic reservoir response,True
2010-08-18,R1,4000000.0,94.0,synthetic_demo,synthetic reservoir response,True
2010-08-19,R1,4000000.0,94.0,synthetic_demo,synthetic reservoir response,True
2010-08-20,R1,4000000.0,94.0,synthetic_demo,synthetic reservoir response,True
2010-08-21,R1,4000000.0,94.0,synthetic_demo,synthetic reservoir response,True
2010-08-22,R1,4000000.0,94.0,synthetic_demo,synthetic reservoir response,True
2010-08-23,R1,4000000.0,94.0,synthetic_demo,synthetic reservoir response,True
2010-08-24,R1,4000000.0,94.0,synthetic_demo,synthetic reservoir response,True
2010-08-25,R1,4000000.0,94.0,synthetic_demo,synthetic reservoir response,True
2010-08-26,R1,4000000.0,94.0,synthetic_demo,synthetic reservoir response,True
2010-08-27,R1,4000000.0,94.0,synthetic_demo,synthetic reservoir response,True
2010-08-28,R1,4000000.0,94.0,synthetic_demo,synthetic reservoir response,True
2010-08-29,R1,4000000.0,94.0,synthetic_demo,synthetic reservoir response,True
2010-08-30,R1,4000000.0,94.0,synthetic_demo,synthetic reservoir response,True
2010-08-31,R1,4000000.0,94.0,synthetic_demo,synthetic reservoir response,True
2010-09-01,R1,4000000.0,94.0,synthetic_demo,synthetic reservoir response,True
2010-09-02,R1,4000000.0,94.0,synthetic_demo,synthetic reservoir response,True
2010-09-03,R1,4000000.0,94.0,synthetic_demo,synthetic reservoir response,True
2010-09-04,R1,4000000.0,94.0,synthetic_demo,synthetic reservoir response,True
2010-09-05,R1,4000000.0,94.0,synthetic_demo,synthetic reservoir response,True
2010-09-06,R1,4000000.0,94.0,synthetic_demo,synthetic reservoir response,True
2010-09-07,R1,4000000.0,94.0,synthetic_demo,synthetic reservoir response,True
2010-09-08,R1,4000000.0,94.0,synthetic_demo,synthetic reservoir response,True
2010-09-09,R1,4000000.0,94.0,synthetic_demo,synthetic reservoir response,True
2010-09-10,R1,4000000.0,94.0,synthetic_demo,synthetic reservoir response,True
2010-09-11,R1,4000000.0,94.0,synthetic_demo,synthetic reservoir response,True
2010-09-12,R1,4000000.0,94.0,synthetic_demo,synthetic reservoir response,True
2010-09-13,R1,4000000.0,94.0,synthetic_demo,synthetic reservoir response,True
2010-09-14,R1,4000000.0,94.0,synthetic_demo,synthetic reservoir response,True
2010-09-15,R1,4000000.0,94.0,synthetic_demo,synthetic reservoir response,True
2010-09-16,R1,4000000.0,94.0,synthetic_demo,synthetic reservoir response,True
2010-09-17,R1,4000000.0,94.0,synthetic_demo,synthetic reservoir response,True
2010-09-18,R1,4000000.0,94.0,synthetic_demo,synthetic reservoir response,True
2010-09-19,R1,4000000.0,94.0,synthetic_demo,synthetic reservoir response,True
2010-09-20,R1,4000000.0,94.0,synthetic_demo,synthetic reservoir response,True
2010-09-21,R1,4000000.0,94.0,synthetic_demo,synthetic reservoir response,True
2010-09-22,R1,4000000.0,94.0,synthetic_demo,synthetic reservoir response,True
2010-09-23,R1,4000000.0,94.0,synthetic_demo,synthetic reservoir response,True
2010-09-24,R1,4000000.0,94.0,synthetic_demo,synthetic reservoir response,True
2010-09-25,R1,4000000.0,94.0,synthetic_demo,synthetic reservoir response,True
2010-09-26,R1,4000000.0,94.0,synthetic_demo,synthetic reservoir response,True
2010-09-27,R1,4000000.0,94.0,synthetic_demo,synthetic reservoir response,True
2010-09-28,R1,4000000.0,94.0,synthetic_demo,synthetic reservoir response,True
2010-09-29,R1,4000000.0,94.0,synthetic_demo,synthetic reservoir response,True
2010-09-30,R1,4000000.0,94.0,synthetic_demo,synthetic reservoir response,True
2010-10-01,R1,4000000.0,94.0,synthetic_demo,synthetic reservoir response,True
2010-10-02,R1,4000000.0,94.0,synthetic_demo,synthetic reservoir response,True
2010-10-03,R1,4000000.0,94.0,synthetic_demo,synthetic reservoir response,True
2010-10-04,R1,4000000.0,94.0,synthetic_demo,synthetic reservoir response,True
2010-10-05,R1,4000000.0,94.0,synthetic_demo,synthetic reservoir response,True
2010-10-06,R1,4000000.0,94.0,synthetic_demo,synthetic reservoir response,True
2010-10-07,R1,4000000.0,94.0,synthetic_demo,synthetic reservoir response,True
2010-10-08,R1,4000000.0,94.0,synthetic_demo,synthetic reservoir response,True
2010-10-09,R1,4000000.0,94.0,synthetic_demo,synthetic reservoir response,True
2010-10-10,R1,4000000.0,94.0,synthetic_demo,synthetic reservoir response,True
2010-10-11,R1,4000000.0,94.0,synthetic_demo,synthetic reservoir response,True
2010-10-12,R1,4000000.0,94.0,synthetic_demo,synthetic reservoir response,True
2010-10-13,R1,4000000.0,94.0,synthetic_demo,synthetic reservoir response,True
2010-10-14,R1,4000000.0,94.0,synthetic_demo,synthetic reservoir response,True
2010-10-15,R1,4000000.0,94.0,synthetic_demo,synthetic reservoir response,True
2010-10-16,R1,4000000.0,94.0,synthetic_demo,synthetic reservoir response,True
2010-10-17,R1,4000000.0,94.0,synthetic_demo,synthetic reservoir response,True
2010-10-18,R1,4000000.0,94.0,synthetic_demo,synthetic reservoir response,True
2010-10-19,R1,4000000.0,94.0,synthetic_demo,synthetic reservoir response,True
2010-10-20,R1,4000000.0,94.0,synthetic_demo,synthetic reservoir response,True
2010-10-21,R1,4000000.0,94.0,synthetic_demo,synthetic reservoir response,True
2010-10-22,R1,4000000.0,94.0,synthetic_demo,synthetic reservoir response,True
2010-10-23,R1,4000000.0,94.0,synthetic_demo,synthetic reservoir response,True
2010-10-24,R1,4000000.0,94.0,synthetic_demo,synthetic reservoir response,True
2010-10-25,R1,4000000.0,94.0,synthetic_demo,synthetic reservoir response,True
2010-10-26,R1,4000000.0,94.0,synthetic_demo,synthetic reservoir response,True
2010-10-27,R1,4000000.0,94.0,synthetic_demo,synthetic reservoir response,True
2010-10-28,R1,4000000.0,94.0,synthetic_demo,synthetic reservoir response,True
2010-10-29,R1,4000000.0,94.0,synthetic_demo,synthetic reservoir response,True
2010-10-30,R1,4000000.0,94.0,synthetic_demo,synthetic reservoir response,True
2010-10-31,R1,4000000.0,94.0,synthetic_demo,synthetic reservoir response,True
2010-11-01,R1,4000000.0,94.0,synthetic_demo,synthetic reservoir response,True
2010-11-02,R1,4000000.0,94.0,synthetic_demo,synthetic reservoir response,True
2010-11-03,R1,4000000.0,94.0,synthetic_demo,synthetic reservoir response,True
2010-11-04,R1,4000000.0,94.0,synthetic_demo,synthetic reservoir response,True
2010-11-05,R1,4000000.0,94.0,synthetic_demo,synthetic reservoir response,True
2010-11-06,R1,4000000.0,94.0,synthetic_demo,synthetic reservoir response,True
2010-11-07,R1,4000000.0,94.0,synthetic_demo,synthetic reservoir response,True
2010-11-08,R1,4000000.0,94.0,synthetic_demo,synthetic reservoir response,True
2010-11-09,R1,4000000.0,94.0,synthetic_demo,synthetic reservoir response,True
2010-11-10,R1,4000000.0,94.0,synthetic_demo,synthetic reservoir response,True
2010-11-11,R1,4000000.0,94.0,synthetic_demo,synthetic reservoir response,True
2010-11-12,R1,4000000.0,94.0,synthetic_demo,synthetic reservoir response,True
2010-11-13,R1,4000000.0,94.0,synthetic_demo,synthetic reservoir response,True
2010-11-14,R1,4000000.0,94.0,synthetic_demo,synthetic reservoir response,True
2010-11-15,R1,4000000.0,94.0,synthetic_demo,synthetic reservoir response,True
2010-11-16,R1,4000000.0,94.0,synthetic_demo,synthetic reservoir response,True
2010-11-17,R1,4000000.0,94.0,synthetic_demo,synthetic reservoir response,True
2010-11-18,R1,4000000.0,94.0,synthetic_demo,synthetic reservoir response,True
2010-11-19,R1,4000000.0,94.0,synthetic_demo,synthetic reservoir response,True
2010-11-20,R1,4000000.0,94.0,synthetic_demo,synthetic reservoir response,True
2010-11-21,R1,4000000.0,94.0,synthetic_demo,synthetic reservoir response,True
2010-11-22,R1,4000000.0,94.0,synthetic_demo,synthetic reservoir response,True
2010-11-23,R1,4000000.0,94.0,synthetic_demo,synthetic reservoir response,True
2010-11-24,R1,4000000.0,94.0,synthetic_demo,synthetic reservoir response,True
2010-11-25,R1,4000000.0,94.0,synthetic_demo,synthetic reservoir response,True
2010-11-26,R1,4000000.0,94.0,synthetic_demo,synthetic reservoir response,True
2010-11-27,R1,4000000.0,94.0,synthetic_demo,synthetic reservoir response,True
2010-11-28,R1,4000000.0,94.0,synthetic_demo,synthetic reservoir response,True
2010-11-29,R1,4000000.0,94.0,synthetic_demo,synthetic reservoir response,True
2010-11-30,R1,4000000.0,94.0,synthetic_demo,synthetic reservoir response,True
2010-12-01,R1,4000000.0,94.0,synthetic_demo,synthetic reservoir response,True
2010-12-02,R1,4000000.0,94.0,synthetic_demo,synthetic reservoir response,True
2010-12-03,R1,4000000.0,94.0,synthetic_demo,synthetic reservoir response,True
2010-12-04,R1,4000000.0,94.0,synthetic_demo,synthetic reservoir response,True
2010-12-05,R1,4000000.0,94.0,synthetic_demo,synthetic reservoir response,True
2010-12-06,R1,4000000.0,94.0,synthetic_demo,synthetic reservoir response,True
2010-12-07,R1,4000000.0,94.0,synthetic_demo,synthetic reservoir response,True
2010-12-08,R1,4000000.0,94.0,synthetic_demo,synthetic reservoir response,True
2010-12-09,R1,4000000.0,94.0,synthetic_demo,synthetic reservoir response,True
2010-12-10,R1,4000000.0,94.0,synthetic_demo,synthetic reservoir response,True
2010-12-11,R1,4000000.0,94.0,synthetic_demo,synthetic reservoir response,True
2010-12-12,R1,4000000.0,94.0,synthetic_demo,synthetic reservoir response,True
2010-12-13,R1,4000000.0,94.0,synthetic_demo,synthetic reservoir response,True
2010-12-14,R1,4000000.0,94.0,synthetic_demo,synthetic reservoir response,True
2010-12-15,R1,4000000.0,94.0,synthetic_demo,synthetic reservoir response,True
2010-12-16,R1,4000000.0,94.0,synthetic_demo,synthetic reservoir response,True
2010-12-17,R1,4000000.0,94.0,synthetic_demo,synthetic reservoir response,True
2010-12-18,R1,4000000.0,94.0,synthetic_demo,synthetic reservoir response,True
2010-12-19,R1,4000000.0,94.0,synthetic_demo,synthetic reservoir response,True
2010-12-20,R1,4000000.0,94.0,synthetic_demo,synthetic reservoir response,True
2010-12-21,R1,4000000.0,94.0,synthetic_demo,synthetic reservoir response,True
2010-12-22,R1,4000000.0,94.0,synthetic_demo,synthetic reservoir response,True
2010-12-23,R1,4000000.0,94.0,synthetic_demo,synthetic reservoir response,True
2010-12-24,R1,4000000.0,94.0,synthetic_demo,synthetic reservoir response,True
2010-12-25,R1,4000000.0,94.0,synthetic_demo,synthetic reservoir response,True
2010-12-26,R1,4000000.0,94.0,synthetic_demo,synthetic reservoir response,True
2010-12-27,R1,4000000.0,94.0,synthetic_demo,synthetic reservoir response,True
2010-12-28,R1,4000000.0,94.0,synthetic_demo,synthetic reservoir response,True
2010-12-29,R1,4000000.0,94.0,synthetic_demo,synthetic reservoir response,True
2010-12-30,R1,4000000.0,94.0,synthetic_demo,synthetic reservoir response,True
2010-12-31,R1,4000000.0,94.0,synthetic_demo,synthetic reservoir response,True
2011-01-01,R1,4000000.0,94.0,synthetic_demo,synthetic reservoir response,True
2011-01-02,R1,4000000.0,94.0,synthetic_demo,synthetic reservoir response,True
2011-01-03,R1,4000000.0,94.0,synthetic_demo,synthetic reservoir response,True
2011-01-04,R1,4000000.0,94.0,synthetic_demo,synthetic reservoir response,True
2011-01-05,R1,4000000.0,94.0,synthetic_demo,synthetic reservoir response,True
2011-01-06,R1,4000000.0,94.0,synthetic_demo,synthetic reservoir response,True
2011-01-07,R1,4000000.0,94.0,synthetic_demo,synthetic reservoir response,True
2011-01-08,R1,4000000.0,94.0,synthetic_demo,synthetic reservoir response,True
2011-01-09,R1,4000000.0,94.0,synthetic_demo,synthetic reservoir response,True
2011-01-10,R1,4000000.0,94.0,synthetic_demo,synthetic reservoir response,True
2011-01-11,R1,4000000.0,94.0,synthetic_demo,synthetic reservoir response,True
2011-01-12,R1,4000000.0,94.0,synthetic_demo,synthetic reservoir response,True
2011-01-13,R1,4000000.0,94.0,synthetic_demo,synthetic reservoir response,True
2011-01-14,R1,4000000.0,94.0,synthetic_demo,synthetic reservoir response,True
2011-01-15,R1,4000000.0,94.0,synthetic_demo,synthetic reservoir response,True
2011-01-16,R1,4000000.0,94.0,synthetic_demo,synthetic reservoir response,True
2011-01-17,R1,4000000.0,94.0,synthetic_demo,synthetic reservoir response,True
2011-01-18,R1,4000000.0,94.0,synthetic_demo,synthetic reservoir response,True
2011-01-19,R1,4000000.0,94.0,synthetic_demo,synthetic reservoir response,True
2011-01-20,R1,4000000.0,94.0,synthetic_demo,synthetic reservoir response,True
2011-01-21,R1,4000000.0,94.0,synthetic_demo,synthetic reservoir response,True
2011-01-22,R1,4000000.0,94.0,synthetic_demo,synthetic reservoir response,True
2011-01-23,R1,4000000.0,94.0,synthetic_demo,synthetic reservoir response,True
2011-01-24,R1,4000000.0,94.0,synthetic_demo,synthetic reservoir response,True
2011-01-25,R1,4000000.0,94.0,synthetic_demo,synthetic reservoir response,True
2011-01-26,R1,4000000.0,94.0,synthetic_demo,synthetic reservoir response,True
2011-01-27,R1,4000000.0,94.0,synthetic_demo,synthetic reservoir response,True
2011-01-28,R1,4000000.0,94.0,synthetic_demo,synthetic reservoir response,True
2011-01-29,R1,4000000.0,94.0,synthetic_demo,synthetic reservoir response,True
2011-01-30,R1,4000000.0,94.0,synthetic_demo,synthetic reservoir response,True
2011-01-31,R1,4000000.0,94.0,synthetic_demo,synthetic reservoir response,True
2011-02-01,R1,4000000.0,94.0,synthetic_demo,synthetic reservoir response,True
2011-02-02,R1,4000000.0,94.0,synthetic_demo,synthetic reservoir response,True
2011-02-03,R1,4000000.0,94.0,synthetic_demo,synthetic reservoir response,True
2011-02-04,R1,4000000.0,94.0,synthetic_demo,synthetic reservoir response,True
2011-02-05,R1,4000000.0,94.0,synthetic_demo,synthetic reservoir response,True
2011-02-06,R1,4000000.0,94.0,synthetic_demo,synthetic reservoir response,True
2011-02-07,R1,4000000.0,94.0,synthetic_demo,synthetic reservoir response,True
2011-02-08,R1,4000000.0,94.0,synthetic_demo,synthetic reservoir response,True
2011-02-09,R1,4000000.0,94.0,synthetic_demo,synthetic reservoir response,True
2011-02-10,R1,4000000.0,94.0,synthetic_demo,synthetic reservoir response,True
2011-02-11,R1,4000000.0,94.0,synthetic_demo,synthetic reservoir response,True
2011-02-12,R1,4000000.0,94.0,synthetic_demo,synthetic reservoir response,True
2011-02-13,R1,4000000.0,94.0,synthetic_demo,synthetic reservoir response,True
2011-02-14,R1,4000000.0,94.0,synthetic_demo,synthetic reservoir response,True
2011-02-15,R1,4000000.0,94.0,synthetic_demo,synthetic reservoir response,True
2011-02-16,R1,4000000.0,94.0,synthetic_demo,synthetic reservoir response,True
2011-02-17,R1,4000000.0,94.0,synthetic_demo,synthetic reservoir response,True
2011-02-18,R1,4000000.0,94.0,synthetic_demo,synthetic reservoir response,True
2011-02-19,R1,4000000.0,94.0,synthetic_demo,synthetic reservoir response,True
2011-02-20,R1,4000000.0,94.0,synthetic_demo,synthetic reservoir response,True
2011-02-21,R1,4000000.0,94.0,synthetic_demo,synthetic reservoir response,True
2011-02-22,R1,4000000.0,94.0,synthetic_demo,synthetic reservoir response,True
2011-02-23,R1,4000000.0,94.0,synthetic_demo,synthetic reservoir response,True
2011-02-24,R1,4000000.0,94.0,synthetic_demo,synthetic reservoir response,True
2011-02-25,R1,4000000.0,94.0,synthetic_demo,synthetic reservoir response,True
2011-02-26,R1,4000000.0,94.0,synthetic_demo,synthetic reservoir response,True
2011-02-27,R1,4000000.0,94.0,synthetic_demo,synthetic reservoir response,True
2011-02-28,R1,4000000.0,94.0,synthetic_demo,synthetic reservoir response,True
2011-03-01,R1,4000000.0,94.0,synthetic_demo,synthetic reservoir response,True
2011-03-02,R1,4000000.0,94.0,synthetic_demo,synthetic reservoir response,True
2011-03-03,R1,4000000.0,94.0,synthetic_demo,synthetic reservoir response,True
2011-03-04,R1,4000000.0,94.0,synthetic_demo,synthetic reservoir response,True
2011-03-05,R1,4000000.0,94.0,synthetic_demo,synthetic reservoir response,True
2011-03-06,R1,4000000.0,94.0,synthetic_demo,synthetic reservoir response,True
2011-03-07,R1,4000000.0,94.0,synthetic_demo,synthetic reservoir response,True
2011-03-08,R1,4000000.0,94.0,synthetic_demo,synthetic reservoir response,True
2011-03-09,R1,4000000.0,94.0,synthetic_demo,synthetic reservoir response,True
2011-03-10,R1,4000000.0,94.0,synthetic_demo,synthetic reservoir response,True
2011-03-11,R1,4000000.0,94.0,synthetic_demo,synthetic reservoir response,True
2011-03-12,R1,4000000.0,94.0,synthetic_demo,synthetic reservoir response,True
2011-03-13,R1,4000000.0,94.0,synthetic_demo,synthetic reservoir response,True
2011-03-14,R1,4000000.0,94.0,synthetic_demo,synthetic reservoir response,True
2011-03-15,R1,4000000.0,94.0,synthetic_demo,synthetic reservoir response,True
2011-03-16,R1,4000000.0,94.0,synthetic_demo,synthetic reservoir response,True
2011-03-17,R1,4000000.0,94.0,synthetic_demo,synthetic reservoir response,True
2011-03-18,R1,4000000.0,94.0,synthetic_demo,synthetic reservoir response,True
2011-03-19,R1,4000000.0,94.0,synthetic_demo,synthetic reservoir response,True
2011-03-20,R1,4000000.0,94.0,synthetic_demo,synthetic reservoir response,True
2011-03-21,R1,4000000.0,94.0,synthetic_demo,synthetic reservoir response,True
2011-03-22,R1,4000000.0,94.0,synthetic_demo,synthetic reservoir response,True
2011-03-23,R1,4000000.0,94.0,synthetic_demo,synthetic reservoir response,True
2011-03-24,R1,4000000.0,94.0,synthetic_demo,synthetic reservoir response,True
2011-03-25,R1,4000000.0,94.0,synthetic_demo,synthetic reservoir response,True
2011-03-26,R1,4000000.0,94.0,synthetic_demo,synthetic reservoir response,True
2011-03-27,R1,4000000.0,94.0,synthetic_demo,synthetic reservoir response,True
2011-03-28,R1,4000000.0,94.0,synthetic_demo,synthetic reservoir response,True
2011-03-29,R1,4000000.0,94.0,synthetic_demo,synthetic reservoir response,True
2011-03-30,R1,4000000.0,94.0,synthetic_demo,synthetic reservoir response,True
2011-03-31,R1,4000000.0,94.0,synthetic_demo,synthetic reservoir response,True
2011-04-01,R1,4000000.0,94.0,synthetic_demo,synthetic reservoir response,True
2011-04-02,R1,4000000.0,94.0,synthetic_demo,synthetic reservoir response,True
2011-04-03,R1,4000000.0,94.0,synthetic_demo,synthetic reservoir response,True
2011-04-04,R1,4000000.0,94.0,synthetic_demo,synthetic reservoir response,True
2011-04-05,R1,4000000.0,94.0,synthetic_demo,synthetic reservoir response,True
2011-04-06,R1,4000000.0,94.0,synthetic_demo,synthetic reservoir response,True
2011-04-07,R1,4000000.0,94.0,synthetic_demo,synthetic reservoir response,True
2011-04-08,R1,4000000.0,94.0,synthetic_demo,synthetic reservoir response,True
2011-04-09,R1,4000000.0,94.0,synthetic_demo,synthetic reservoir response,True
2011-04-10,R1,4000000.0,94.0,synthetic_demo,synthetic reservoir response,True
2011-04-11,R1,4000000.0,94.0,synthetic_demo,synthetic reservoir response,True
2011-04-12,R1,4000000.0,94.0,synthetic_demo,synthetic reservoir response,True
2011-04-13,R1,4000000.0,94.0,synthetic_demo,synthetic reservoir response,True
2011-04-14,R1,4000000.0,94.0,synthetic_demo,synthetic reservoir response,True
2011-04-15,R1,4000000.0,94.0,synthetic_demo,synthetic reservoir response,True
2011-04-16,R1,4000000.0,94.0,synthetic_demo,synthetic reservoir response,True
2011-04-17,R1,4000000.0,94.0,synthetic_demo,synthetic reservoir response,True
2011-04-18,R1,4000000.0,94.0,synthetic_demo,synthetic reservoir response,True
2011-04-19,R1,4000000.0,94.0,synthetic_demo,synthetic reservoir response,True
2011-04-20,R1,4000000.0,94.0,synthetic_demo,synthetic reservoir response,True
2011-04-21,R1,4000000.0,94.0,synthetic_demo,synthetic reservoir response,True
2011-04-22,R1,4000000.0,94.0,synthetic_demo,synthetic reservoir response,True
2011-04-23,R1,4000000.0,94.0,synthetic_demo,synthetic reservoir response,True
2011-04-24,R1,4000000.0,94.0,synthetic_demo,synthetic reservoir response,True
2011-04-25,R1,4000000.0,94.0,synthetic_demo,synthetic reservoir response,True
2011-04-26,R1,4000000.0,94.0,synthetic_demo,synthetic reservoir response,True
2011-04-27,R1,4000000.0,94.0,synthetic_demo,synthetic reservoir response,True
2011-04-28,R1,4000000.0,94.0,synthetic_demo,synthetic reservoir response,True
2011-04-29,R1,4000000.0,94.0,synthetic_demo,synthetic reservoir response,True
2011-04-30,R1,4000000.0,94.0,synthetic_demo,synthetic reservoir response,True
2011-05-01,R1,4000000.0,94.0,synthetic_demo,synthetic reservoir response,True
2011-05-02,R1,4000000.0,94.0,synthetic_demo,synthetic reservoir response,True
2011-05-03,R1,4000000.0,94.0,synthetic_demo,synthetic reservoir response,True
2011-05-04,R1,4000000.0,94.0,synthetic_demo,synthetic reservoir response,True
2011-05-05,R1,4000000.0,94.0,synthetic_demo,synthetic reservoir response,True
2011-05-06,R1,4000000.0,94.0,synthetic_demo,synthetic reservoir response,True
2011-05-07,R1,4000000.0,94.0,synthetic_demo,synthetic reservoir response,True
2011-05-08,R1,4000000.0,94.0,synthetic_demo,synthetic reservoir response,True
2011-05-09,R1,4000000.0,94.0,synthetic_demo,synthetic reservoir response,True
2011-05-10,R1,4000000.0,94.0,synthetic_demo,synthetic reservoir response,True
2011-05-11,R1,4000000.0,94.0,synthetic_demo,synthetic reservoir response,True
2011-05-12,R1,4000000.0,94.0,synthetic_demo,synthetic reservoir response,True
2011-05-13,R1,4000000.0,94.0,synthetic_demo,synthetic reservoir response,True
2011-05-14,R1,4000000.0,94.0,synthetic_demo,synthetic reservoir response,True
2011-05-15,R1,4000000.0,94.0,synthetic_demo,synthetic reservoir response,True
2011-05-16,R1,4000000.0,94.0,synthetic_demo,synthetic reservoir response,True
2011-05-17,R1,4000000.0,94.0,synthetic_demo,synthetic reservoir response,True
2011-05-18,R1,4000000.0,94.0,synthetic_demo,synthetic reservoir response,True
2011-05-19,R1,4000000.0,94.0,synthetic_demo,synthetic reservoir response,True
2011-05-20,R1,4000000.0,94.0,synthetic_demo,synthetic reservoir response,True
2011-05-21,R1,4000000.0,94.0,synthetic_demo,synthetic reservoir response,True
2011-05-22,R1,4000000.0,94.0,synthetic_demo,synthetic reservoir response,True
2011-05-23,R1,4000000.0,94.0,synthetic_demo,synthetic reservoir response,True
2011-05-24,R1,4000000.0,94.0,synthetic_demo,synthetic reservoir response,True
2011-05-25,R1,4000000.0,94.0,synthetic_demo,synthetic reservoir response,True
2011-05-26,R1,4000000.0,94.0,synthetic_demo,synthetic reservoir response,True
2011-05-27,R1,4000000.0,94.0,synthetic_demo,synthetic reservoir response,True
2011-05-28,R1,4000000.0,94.0,synthetic_demo,synthetic reservoir response,True
2011-05-29,R1,4000000.0,94.0,synthetic_demo,synthetic reservoir response,True
2011-05-30,R1,4000000.0,94.0,synthetic_demo,synthetic reservoir response,True
2011-05-31,R1,4000000.0,94.0,synthetic_demo,synthetic reservoir response,True
2011-06-01,R1,4000000.0,94.0,synthetic_demo,synthetic reservoir response,True
2011-06-02,R1,4000000.0,94.0,synthetic_demo,synthetic reservoir response,True
2011-06-03,R1,4000000.0,94.0,synthetic_demo,synthetic reservoir response,True
2011-06-04,R1,4000000.0,94.0,synthetic_demo,synthetic reservoir response,True
2011-06-05,R1,4000000.0,94.0,synthetic_demo,synthetic reservoir response,True
2011-06-06,R1,4000000.0,94.0,synthetic_demo,synthetic reservoir response,True
2011-06-07,R1,4000000.0,94.0,synthetic_demo,synthetic reservoir response,True
2011-06-08,R1,4000000.0,94.0,synthetic_demo,synthetic reservoir response,True
2011-06-09,R1,4000000.0,94.0,synthetic_demo,synthetic reservoir response,True
2011-06-10,R1,4000000.0,94.0,synthetic_demo,synthetic reservoir response,True
2011-06-11,R1,4000000.0,94.0,synthetic_demo,synthetic reservoir response,True
2011-06-12,R1,4000000.0,94.0,synthetic_demo,synthetic reservoir response,True
2011-06-13,R1,4000000.0,94.0,synthetic_demo,synthetic reservoir response,True
2011-06-14,R1,4000000.0,94.0,synthetic_demo,synthetic reservoir response,True
2011-06-15,R1,4000000.0,94.0,synthetic_demo,synthetic reservoir response,True
2011-06-16,R1,4000000.0,94.0,synthetic_demo,synthetic reservoir response,True
2011-06-17,R1,4000000.0,94.0,synthetic_demo,synthetic reservoir response,True
2011-06-18,R1,4000000.0,94.0,synthetic_demo,synthetic reservoir response,True
2011-06-19,R1,4000000.0,94.0,synthetic_demo,synthetic reservoir response,True
2011-06-20,R1,4000000.0,94.0,synthetic_demo,synthetic reservoir response,True
2011-06-21,R1,4000000.0,94.0,synthetic_demo,synthetic reservoir response,True
2011-06-22,R1,4000000.0,94.0,synthetic_demo,synthetic reservoir response,True
2011-06-23,R1,4000000.0,94.0,synthetic_demo,synthetic reservoir response,True
2011-06-24,R1,4000000.0,94.0,synthetic_demo,synthetic reservoir response,True
2011-06-25,R1,4000000.0,94.0,synthetic_demo,synthetic reservoir response,True
2011-06-26,R1,4000000.0,94.0,synthetic_demo,synthetic reservoir response,True
2011-06-27,R1,4000000.0,94.0,synthetic_demo,synthetic reservoir response,True
2011-06-28,R1,4000000.0,94.0,synthetic_demo,synthetic reservoir response,True
2011-06-29,R1,4000000.0,94.0,synthetic_demo,synthetic reservoir response,True
2011-06-30,R1,4000000.0,94.0,synthetic_demo,synthetic reservoir response,True
2011-07-01,R1,4000000.0,94.0,synthetic_demo,synthetic reservoir response,True
2011-07-02,R1,4000000.0,94.0,synthetic_demo,synthetic reservoir response,True
2011-07-03,R1,4000000.0,94.0,synthetic_demo,synthetic reservoir response,True
2011-07-04,R1,4000000.0,94.0,synthetic_demo,synthetic reservoir response,True
2011-07-05,R1,4000000.0,94.0,synthetic_demo,synthetic reservoir response,True
2011-07-06,R1,4000000.0,94.0,synthetic_demo,synthetic reservoir response,True
2011-07-07,R1,4000000.0,94.0,synthetic_demo,synthetic reservoir response,True
2011-07-08,R1,4000000.0,94.0,synthetic_demo,synthetic reservoir response,True
2011-07-09,R1,4000000.0,94.0,synthetic_demo,synthetic reservoir response,True
2011-07-10,R1,4000000.0,94.0,synthetic_demo,synthetic reservoir response,True
2011-07-11,R1,4000000.0,94.0,synthetic_demo,synthetic reservoir response,True
2011-07-12,R1,4000000.0,94.0,synthetic_demo,synthetic reservoir response,True
2011-07-13,R1,4000000.0,94.0,synthetic_demo,synthetic reservoir response,True
2011-07-14,R1,4000000.0,94.0,synthetic_demo,synthetic reservoir response,True
2011-07-15,R1,4000000.0,94.0,synthetic_demo,synthetic reservoir response,True
2011-07-16,R1,4000000.0,94.0,synthetic_demo,synthetic reservoir response,True
2011-07-17,R1,4000000.0,94.0,synthetic_demo,synthetic reservoir response,True
2011-07-18,R1,4000000.0,94.0,synthetic_demo,synthetic reservoir response,True
2011-07-19,R1,4000000.0,94.0,synthetic_demo,synthetic reservoir response,True
2011-07-20,R1,4000000.0,94.0,synthetic_demo,synthetic reservoir response,True
2011-07-21,R1,4000000.0,94.0,synthetic_demo,synthetic reservoir response,True
2011-07-22,R1,4000000.0,94.0,synthetic_demo,synthetic reservoir response,True
2011-07-23,R1,4000000.0,94.0,synthetic_demo,synthetic reservoir response,True
2011-07-24,R1,4000000.0,94.0,synthetic_demo,synthetic reservoir response,True
2011-07-25,R1,4000000.0,94.0,synthetic_demo,synthetic reservoir response,True
2011-07-26,R1,4000000.0,94.0,synthetic_demo,synthetic reservoir response,True
2011-07-27,R1,4000000.0,94.0,synthetic_demo,synthetic reservoir response,True
2011-07-28,R1,4000000.0,94.0,synthetic_demo,synthetic reservoir response,True
2011-07-29,R1,4000000.0,94.0,synthetic_demo,synthetic reservoir response,True
2011-07-30,R1,4000000.0,94.0,synthetic_demo,synthetic reservoir response,True
2011-07-31,R1,4000000.0,94.0,synthetic_demo,synthetic reservoir response,True
2011-08-01,R1,4000000.0,94.0,synthetic_demo,synthetic reservoir response,True
2011-08-02,R1,4000000.0,94.0,synthetic_demo,synthetic reservoir response,True
2011-08-03,R1,4000000.0,94.0,synthetic_demo,synthetic reservoir response,True
2011-08-04,R1,4000000.0,94.0,synthetic_demo,synthetic reservoir response,True
2011-08-05,R1,4000000.0,94.0,synthetic_demo,synthetic reservoir response,True
2011-08-06,R1,4000000.0,94.0,synthetic_demo,synthetic reservoir response,True
2011-08-07,R1,4000000.0,94.0,synthetic_demo,synthetic reservoir response,True
2011-08-08,R1,4000000.0,94.0,synthetic_demo,synthetic reservoir response,True
2011-08-09,R1,4000000.0,94.0,synthetic_demo,synthetic reservoir response,True
2011-08-10,R1,4000000.0,94.0,synthetic_demo,synthetic reservoir response,True
2011-08-11,R1,4000000.0,94.0,synthetic_demo,synthetic reservoir response,True
2011-08-12,R1,4000000.0,94.0,synthetic_demo,synthetic reservoir response,True
2011-08-13,R1,4000000.0,94.0,synthetic_demo,synthetic reservoir response,True
2011-08-14,R1,4000000.0,94.0,synthetic_demo,synthetic reservoir response,True
2011-08-15,R1,4000000.0,94.0,synthetic_demo,synthetic reservoir response,True
2011-08-16,R1,4000000.0,94.0,synthetic_demo,synthetic reservoir response,True
2011-08-17,R1,4000000.0,94.0,synthetic_demo,synthetic reservoir response,True
2011-08-18,R1,4000000.0,94.0,synthetic_demo,synthetic reservoir response,True
2011-08-19,R1,4000000.0,94.0,synthetic_demo,synthetic reservoir response,True
2011-08-20,R1,4000000.0,94.0,synthetic_demo,synthetic reservoir response,True
2011-08-21,R1,4000000.0,94.0,synthetic_demo,synthetic reservoir response,True
2011-08-22,R1,4000000.0,94.0,synthetic_demo,synthetic reservoir response,True
2011-08-23,R1,4000000.0,94.0,synthetic_demo,synthetic reservoir response,True
2011-08-24,R1,4000000.0,94.0,synthetic_demo,synthetic reservoir response,True
2011-08-25,R1,4000000.0,94.0,synthetic_demo,synthetic reservoir response,True
2011-08-26,R1,4000000.0,94.0,synthetic_demo,synthetic reservoir response,True
2011-08-27,R1,4000000.0,94.0,synthetic_demo,synthetic reservoir response,True
2011-08-28,R1,4000000.0,94.0,synthetic_demo,synthetic reservoir response,True
2011-08-29,R1,4000000.0,94.0,synthetic_demo,synthetic reservoir response,True
2011-08-30,R1,4000000.0,94.0,synthetic_demo,synthetic reservoir response,True
2011-08-31,R1,4000000.0,94.0,synthetic_demo,synthetic reservoir response,True
2011-09-01,R1,4000000.0,94.0,synthetic_demo,synthetic reservoir response,True
2011-09-02,R1,4000000.0,94.0,synthetic_demo,synthetic reservoir response,True
2011-09-03,R1,4000000.0,94.0,synthetic_demo,synthetic reservoir response,True
2011-09-04,R1,4000000.0,94.0,synthetic_demo,synthetic reservoir response,True
2011-09-05,R1,4000000.0,94.0,synthetic_demo,synthetic reservoir response,True
2011-09-06,R1,4000000.0,94.0,synthetic_demo,synthetic reservoir response,True
2011-09-07,R1,4000000.0,94.0,synthetic_demo,synthetic reservoir response,True
2011-09-08,R1,4000000.0,94.0,synthetic_demo,synthetic reservoir response,True
2011-09-09,R1,4000000.0,94.0,synthetic_demo,synthetic reservoir response,True
2011-09-10,R1,4000000.0,94.0,synthetic_demo,synthetic reservoir response,True
2011-09-11,R1,4000000.0,94.0,synthetic_demo,synthetic reservoir response,True
2011-09-12,R1,4000000.0,94.0,synthetic_demo,synthetic reservoir response,True
2011-09-13,R1,4000000.0,94.0,synthetic_demo,synthetic reservoir response,True
2011-09-14,R1,4000000.0,94.0,synthetic_demo,synthetic reservoir response,True
2011-09-15,R1,4000000.0,94.0,synthetic_demo,synthetic reservoir response,True
2011-09-16,R1,4000000.0,94.0,synthetic_demo,synthetic reservoir response,True
2011-09-17,R1,4000000.0,94.0,synthetic_demo,synthetic reservoir response,True
2011-09-18,R1,4000000.0,94.0,synthetic_demo,synthetic reservoir response,True
2011-09-19,R1,4000000.0,94.0,synthetic_demo,synthetic reservoir response,True
2011-09-20,R1,4000000.0,94.0,synthetic_demo,synthetic reservoir response,True
2011-09-21,R1,4000000.0,94.0,synthetic_demo,synthetic reservoir response,True
2011-09-22,R1,4000000.0,94.0,synthetic_demo,synthetic reservoir response,True
2011-09-23,R1,4000000.0,94.0,synthetic_demo,synthetic reservoir response,True
2011-09-24,R1,4000000.0,94.0,synthetic_demo,synthetic reservoir response,True
2011-09-25,R1,4000000.0,94.0,synthetic_demo,synthetic reservoir response,True
2011-09-26,R1,4000000.0,94.0,synthetic_demo,synthetic reservoir response,True
2011-09-27,R1,4000000.0,94.0,synthetic_demo,synthetic reservoir response,True
2011-09-28,R1,4000000.0,94.0,synthetic_demo,synthetic reservoir response,True
2011-09-29,R1,4000000.0,94.0,synthetic_demo,synthetic reservoir response,True
2011-09-30,R1,4000000.0,94.0,synthetic_demo,synthetic reservoir response,True
2011-10-01,R1,4000000.0,94.0,synthetic_demo,synthetic reservoir response,True
2011-10-02,R1,4000000.0,94.0,synthetic_demo,synthetic reservoir response,True
2011-10-03,R1,4000000.0,94.0,synthetic_demo,synthetic reservoir response,True
2011-10-04,R1,4000000.0,94.0,synthetic_demo,synthetic reservoir response,True
2011-10-05,R1,4000000.0,94.0,synthetic_demo,synthetic reservoir response,True
2011-10-06,R1,4000000.0,94.0,synthetic_demo,synthetic reservoir response,True
2011-10-07,R1,4000000.0,94.0,synthetic_demo,synthetic reservoir response,True
2011-10-08,R1,4000000.0,94.0,synthetic_demo,synthetic reservoir response,True
2011-10-09,R1,4000000.0,94.0,synthetic_demo,synthetic reservoir response,True
2011-10-10,R1,4000000.0,94.0,synthetic_demo,synthetic reservoir response,True
2011-10-11,R1,4000000.0,94.0,synthetic_demo,synthetic reservoir response,True
2011-10-12,R1,4000000.0,94.0,synthetic_demo,synthetic reservoir response,True
2011-10-13,R1,4000000.0,94.0,synthetic_demo,synthetic reservoir response,True
2011-10-14,R1,4000000.0,94.0,synthetic_demo,synthetic reservoir response,True
2011-10-15,R1,4000000.0,94.0,synthetic_demo,synthetic reservoir response,True
2011-10-16,R1,4000000.0,94.0,synthetic_demo,synthetic reservoir response,True
2011-10-17,R1,4000000.0,94.0,synthetic_demo,synthetic reservoir response,True
2011-10-18,R1,4000000.0,94.0,synthetic_demo,synthetic reservoir response,True
2011-10-19,R1,4000000.0,94.0,synthetic_demo,synthetic reservoir response,True
2011-10-20,R1,4000000.0,94.0,synthetic_demo,synthetic reservoir response,True
2011-10-21,R1,4000000.0,94.0,synthetic_demo,synthetic reservoir response,True
2011-10-22,R1,4000000.0,94.0,synthetic_demo,synthetic reservoir response,True
2011-10-23,R1,4000000.0,94.0,synthetic_demo,synthetic reservoir response,True
2011-10-24,R1,4000000.0,94.0,synthetic_demo,synthetic reservoir response,True
2011-10-25,R1,4000000.0,94.0,synthetic_demo,synthetic reservoir response,True
2011-10-26,R1,4000000.0,94.0,synthetic_demo,synthetic reservoir response,True
2011-10-27,R1,4000000.0,94.0,synthetic_demo,synthetic reservoir response,True
2011-10-28,R1,4000000.0,94.0,synthetic_demo,synthetic reservoir response,True
2011-10-29,R1,4000000.0,94.0,synthetic_demo,synthetic reservoir response,True
2011-10-30,R1,4000000.0,94.0,synthetic_demo,synthetic reservoir response,True
2011-10-31,R1,4000000.0,94.0,synthetic_demo,synthetic reservoir response,True
2011-11-01,R1,4000000.0,94.0,synthetic_demo,synthetic reservoir response,True
2011-11-02,R1,4000000.0,94.0,synthetic_demo,synthetic reservoir response,True
2011-11-03,R1,4000000.0,94.0,synthetic_demo,synthetic reservoir response,True
2011-11-04,R1,4000000.0,94.0,synthetic_demo,synthetic reservoir response,True
2011-11-05,R1,4000000.0,94.0,synthetic_demo,synthetic reservoir response,True
2011-11-06,R1,4000000.0,94.0,synthetic_demo,synthetic reservoir response,True
2011-11-07,R1,4000000.0,94.0,synthetic_demo,synthetic reservoir response,True
2011-11-08,R1,4000000.0,94.0,synthetic_demo,synthetic reservoir response,True
2011-11-09,R1,4000000.0,94.0,synthetic_demo,synthetic reservoir response,True
2011-11-10,R1,4000000.0,94.0,synthetic_demo,synthetic reservoir response,True
2011-11-11,R1,4000000.0,94.0,synthetic_demo,synthetic reservoir response,True
2011-11-12,R1,4000000.0,94.0,synthetic_demo,synthetic reservoir response,True
2011-11-13,R1,4000000.0,94.0,synthetic_demo,synthetic reservoir response,True
2011-11-14,R1,4000000.0,94.0,synthetic_demo,synthetic reservoir response,True
2011-11-15,R1,4000000.0,94.0,synthetic_demo,synthetic reservoir response,True
2011-11-16,R1,4000000.0,94.0,synthetic_demo,synthetic reservoir response,True
2011-11-17,R1,4000000.0,94.0,synthetic_demo,synthetic reservoir response,True
2011-11-18,R1,4000000.0,94.0,synthetic_demo,synthetic reservoir response,True
2011-11-19,R1,4000000.0,94.0,synthetic_demo,synthetic reservoir response,True
2011-11-20,R1,4000000.0,94.0,synthetic_demo,synthetic reservoir response,True
2011-11-21,R1,4000000.0,94.0,synthetic_demo,synthetic reservoir response,True
2011-11-22,R1,4000000.0,94.0,synthetic_demo,synthetic reservoir response,True
2011-11-23,R1,4000000.0,94.0,synthetic_demo,synthetic reservoir response,True
2011-11-24,R1,4000000.0,94.0,synthetic_demo,synthetic reservoir response,True
2011-11-25,R1,4000000.0,94.0,synthetic_demo,synthetic reservoir response,True
2011-11-26,R1,4000000.0,94.0,synthetic_demo,synthetic reservoir response,True
2011-11-27,R1,4000000.0,94.0,synthetic_demo,synthetic reservoir response,True
2011-11-28,R1,4000000.0,94.0,synthetic_demo,synthetic reservoir response,True
2011-11-29,R1,4000000.0,94.0,synthetic_demo,synthetic reservoir response,True
2011-11-30,R1,4000000.0,94.0,synthetic_demo,synthetic reservoir response,True
2011-12-01,R1,4000000.0,94.0,synthetic_demo,synthetic reservoir response,True
2011-12-02,R1,4000000.0,94.0,synthetic_demo,synthetic reservoir response,True
2011-12-03,R1,4000000.0,94.0,synthetic_demo,synthetic reservoir response,True
2011-12-04,R1,4000000.0,94.0,synthetic_demo,synthetic reservoir response,True
2011-12-05,R1,4000000.0,94.0,synthetic_demo,synthetic reservoir response,True
2011-12-06,R1,4000000.0,94.0,synthetic_demo,synthetic reservoir response,True
2011-12-07,R1,4000000.0,94.0,synthetic_demo,synthetic reservoir response,True
2011-12-08,R1,4000000.0,94.0,synthetic_demo,synthetic reservoir response,True
2011-12-09,R1,4000000.0,94.0,synthetic_demo,synthetic reservoir response,True
2011-12-10,R1,4000000.0,94.0,synthetic_demo,synthetic reservoir response,True
2011-12-11,R1,4000000.0,94.0,synthetic_demo,synthetic reservoir response,True
2011-12-12,R1,4000000.0,94.0,synthetic_demo,synthetic reservoir response,True
2011-12-13,R1,4000000.0,94.0,synthetic_demo,synthetic reservoir response,True
2011-12-14,R1,4000000.0,94.0,synthetic_demo,synthetic reservoir response,True
2011-12-15,R1,4000000.0,94.0,synthetic_demo,synthetic reservoir response,True
2011-12-16,R1,4000000.0,94.0,synthetic_demo,synthetic reservoir response,True
2011-12-17,R1,4000000.0,94.0,synthetic_demo,synthetic reservoir response,True
2011-12-18,R1,4000000.0,94.0,synthetic_demo,synthetic reservoir response,True
2011-12-19,R1,4000000.0,94.0,synthetic_demo,synthetic reservoir response,True
2011-12-20,R1,4000000.0,94.0,synthetic_demo,synthetic reservoir response,True
2011-12-21,R1,4000000.0,94.0,synthetic_demo,synthetic reservoir response,True
2011-12-22,R1,4000000.0,94.0,synthetic_demo,synthetic reservoir response,True
2011-12-23,R1,4000000.0,94.0,synthetic_demo,synthetic reservoir response,True
2011-12-24,R1,4000000.0,94.0,synthetic_demo,synthetic reservoir response,True
2011-12-25,R1,4000000.0,94.0,synthetic_demo,synthetic reservoir response,True
2011-12-26,R1,4000000.0,94.0,synthetic_demo,synthetic reservoir response,True
2011-12-27,R1,4000000.0,94.0,synthetic_demo,synthetic reservoir response,True
2011-12-28,R1,4000000.0,94.0,synthetic_demo,synthetic reservoir response,True
2011-12-29,R1,4000000.0,94.0,synthetic_demo,synthetic reservoir response,True
2011-12-30,R1,4000000.0,94.0,synthetic_demo,synthetic reservoir response,True
2011-12-31,R1,4000000.0,94.0,synthetic_demo,synthetic reservoir response,True
2012-01-01,R1,4000000.0,94.0,synthetic_demo,synthetic reservoir response,True
2012-01-02,R1,4000000.0,94.0,synthetic_demo,synthetic reservoir response,True
2012-01-03,R1,4000000.0,94.0,synthetic_demo,synthetic reservoir response,True
2012-01-04,R1,4000000.0,94.0,synthetic_demo,synthetic reservoir response,True
2012-01-05,R1,4000000.0,94.0,synthetic_demo,synthetic reservoir response,True
2012-01-06,R1,4000000.0,94.0,synthetic_demo,synthetic reservoir response,True
2012-01-07,R1,4000000.0,94.0,synthetic_demo,synthetic reservoir response,True
2012-01-08,R1,4000000.0,94.0,synthetic_demo,synthetic reservoir response,True
2012-01-09,R1,4000000.0,94.0,synthetic_demo,synthetic reservoir response,True
2012-01-10,R1,4000000.0,94.0,synthetic_demo,synthetic reservoir response,True
2012-01-11,R1,4000000.0,94.0,synthetic_demo,synthetic reservoir response,True
2012-01-12,R1,4000000.0,94.0,synthetic_demo,synthetic reservoir response,True
2012-01-13,R1,4000000.0,94.0,synthetic_demo,synthetic reservoir response,True
2012-01-14,R1,4000000.0,94.0,synthetic_demo,synthetic reservoir response,True
2012-01-15,R1,4000000.0,94.0,synthetic_demo,synthetic reservoir response,True
2012-01-16,R1,4000000.0,94.0,synthetic_demo,synthetic reservoir response,True
2012-01-17,R1,4000000.0,94.0,synthetic_demo,synthetic reservoir response,True
2012-01-18,R1,4000000.0,94.0,synthetic_demo,synthetic reservoir response,True
2012-01-19,R1,4000000.0,94.0,synthetic_demo,synthetic reservoir response,True
2012-01-20,R1,4000000.0,94.0,synthetic_demo,synthetic reservoir response,True
2012-01-21,R1,4000000.0,94.0,synthetic_demo,synthetic reservoir response,True
2012-01-22,R1,4000000.0,94.0,synthetic_demo,synthetic reservoir response,True
2012-01-23,R1,4000000.0,94.0,synthetic_demo,synthetic reservoir response,True
2012-01-24,R1,4000000.0,94.0,synthetic_demo,synthetic reservoir response,True
2012-01-25,R1,4000000.0,94.0,synthetic_demo,synthetic reservoir response,True
2012-01-26,R1,4000000.0,94.0,synthetic_demo,synthetic reservoir response,True
2012-01-27,R1,4000000.0,94.0,synthetic_demo,synthetic reservoir response,True
2012-01-28,R1,4000000.0,94.0,synthetic_demo,synthetic reservoir response,True
2012-01-29,R1,4000000.0,94.0,synthetic_demo,synthetic reservoir response,True
2012-01-30,R1,4000000.0,94.0,synthetic_demo,synthetic reservoir response,True
2012-01-31,R1,4000000.0,94.0,synthetic_demo,synthetic reservoir response,True
2012-02-01,R1,4000000.0,94.0,synthetic_demo,synthetic reservoir response,True
2012-02-02,R1,4000000.0,94.0,synthetic_demo,synthetic reservoir response,True
2012-02-03,R1,4000000.0,94.0,synthetic_demo,synthetic reservoir response,True
2012-02-04,R1,4000000.0,94.0,synthetic_demo,synthetic reservoir response,True
2012-02-05,R1,4000000.0,94.0,synthetic_demo,synthetic reservoir response,True
2012-02-06,R1,4000000.0,94.0,synthetic_demo,synthetic reservoir response,True
2012-02-07,R1,4000000.0,94.0,synthetic_demo,synthetic reservoir response,True
2012-02-08,R1,4000000.0,94.0,synthetic_demo,synthetic reservoir response,True
2012-02-09,R1,4000000.0,94.0,synthetic_demo,synthetic reservoir response,True
2012-02-10,R1,4000000.0,94.0,synthetic_demo,synthetic reservoir response,True
2012-02-11,R1,4000000.0,94.0,synthetic_demo,synthetic reservoir response,True
2012-02-12,R1,4000000.0,94.0,synthetic_demo,synthetic reservoir response,True
2012-02-13,R1,4000000.0,94.0,synthetic_demo,synthetic reservoir response,True
2012-02-14,R1,4000000.0,94.0,synthetic_demo,synthetic reservoir response,True
2012-02-15,R1,4000000.0,94.0,synthetic_demo,synthetic reservoir response,True
2012-02-16,R1,4000000.0,94.0,synthetic_demo,synthetic reservoir response,True
2012-02-17,R1,4000000.0,94.0,synthetic_demo,synthetic reservoir response,True
2012-02-18,R1,4000000.0,94.0,synthetic_demo,synthetic reservoir response,True
2012-02-19,R1,4000000.0,94.0,synthetic_demo,synthetic reservoir response,True
2012-02-20,R1,4000000.0,94.0,synthetic_demo,synthetic reservoir response,True
2012-02-21,R1,4000000.0,94.0,synthetic_demo,synthetic reservoir response,True
2012-02-22,R1,4000000.0,94.0,synthetic_demo,synthetic reservoir response,True
2012-02-23,R1,4000000.0,94.0,synthetic_demo,synthetic reservoir response,True
2012-02-24,R1,4000000.0,94.0,synthetic_demo,synthetic reservoir response,True
2012-02-25,R1,4000000.0,94.0,synthetic_demo,synthetic reservoir response,True
2012-02-26,R1,4000000.0,94.0,synthetic_demo,synthetic reservoir response,True
2012-02-27,R1,4000000.0,94.0,synthetic_demo,synthetic reservoir response,True
2012-02-28,R1,4000000.0,94.0,synthetic_demo,synthetic reservoir response,True
2012-02-29,R1,4000000.0,94.0,synthetic_demo,synthetic reservoir response,True
2012-03-01,R1,4000000.0,94.0,synthetic_demo,synthetic reservoir response,True
2012-03-02,R1,4000000.0,94.0,synthetic_demo,synthetic reservoir response,True
2012-03-03,R1,4000000.0,94.0,synthetic_demo,synthetic reservoir response,True
2012-03-04,R1,4000000.0,94.0,synthetic_demo,synthetic reservoir response,True
2012-03-05,R1,4000000.0,94.0,synthetic_demo,synthetic reservoir response,True
2012-03-06,R1,4000000.0,94.0,synthetic_demo,synthetic reservoir response,True
2012-03-07,R1,4000000.0,94.0,synthetic_demo,synthetic reservoir response,True
2012-03-08,R1,4000000.0,94.0,synthetic_demo,synthetic reservoir response,True
2012-03-09,R1,4000000.0,94.0,synthetic_demo,synthetic reservoir response,True
2012-03-10,R1,4000000.0,94.0,synthetic_demo,synthetic reservoir response,True
2012-03-11,R1,4000000.0,94.0,synthetic_demo,synthetic reservoir response,True
2012-03-12,R1,4000000.0,94.0,synthetic_demo,synthetic reservoir response,True
2012-03-13,R1,4000000.0,94.0,synthetic_demo,synthetic reservoir response,True
2012-03-14,R1,4000000.0,94.0,synthetic_demo,synthetic reservoir response,True
2012-03-15,R1,4000000.0,94.0,synthetic_demo,synthetic reservoir response,True
2012-03-16,R1,4000000.0,94.0,synthetic_demo,synthetic reservoir response,True
2012-03-17,R1,4000000.0,94.0,synthetic_demo,synthetic reservoir response,True
2012-03-18,R1,4000000.0,94.0,synthetic_demo,synthetic reservoir response,True
2012-03-19,R1,4000000.0,94.0,synthetic_demo,synthetic reservoir response,True
2012-03-20,R1,4000000.0,94.0,synthetic_demo,synthetic reservoir response,True
2012-03-21,R1,4000000.0,94.0,synthetic_demo,synthetic reservoir response,True
2012-03-22,R1,4000000.0,94.0,synthetic_demo,synthetic reservoir response,True
2012-03-23,R1,4000000.0,94.0,synthetic_demo,synthetic reservoir response,True
2012-03-24,R1,4000000.0,94.0,synthetic_demo,synthetic reservoir response,True
2012-03-25,R1,4000000.0,94.0,synthetic_demo,synthetic reservoir response,True
2012-03-26,R1,4000000.0,94.0,synthetic_demo,synthetic reservoir response,True
2012-03-27,R1,4000000.0,94.0,synthetic_demo,synthetic reservoir response,True
2012-03-28,R1,4000000.0,94.0,synthetic_demo,synthetic reservoir response,True
2012-03-29,R1,4000000.0,94.0,synthetic_demo,synthetic reservoir response,True
2012-03-30,R1,4000000.0,94.0,synthetic_demo,synthetic reservoir response,True
2012-03-31,R1,4000000.0,94.0,synthetic_demo,synthetic reservoir response,True
2012-04-01,R1,4000000.0,94.0,synthetic_demo,synthetic reservoir response,True
2012-04-02,R1,4000000.0,94.0,synthetic_demo,synthetic reservoir response,True
2012-04-03,R1,4000000.0,94.0,synthetic_demo,synthetic reservoir response,True
2012-04-04,R1,4000000.0,94.0,synthetic_demo,synthetic reservoir response,True
2012-04-05,R1,4000000.0,94.0,synthetic_demo,synthetic reservoir response,True
2012-04-06,R1,4000000.0,94.0,synthetic_demo,synthetic reservoir response,True
2012-04-07,R1,4000000.0,94.0,synthetic_demo,synthetic reservoir response,True
2012-04-08,R1,4000000.0,94.0,synthetic_demo,synthetic reservoir response,True
2012-04-09,R1,4000000.0,94.0,synthetic_demo,synthetic reservoir response,True
2012-04-10,R1,4000000.0,94.0,synthetic_demo,synthetic reservoir response,True
2012-04-11,R1,4000000.0,94.0,synthetic_demo,synthetic reservoir response,True
2012-04-12,R1,4000000.0,94.0,synthetic_demo,synthetic reservoir response,True
2012-04-13,R1,4000000.0,94.0,synthetic_demo,synthetic reservoir response,True
2012-04-14,R1,4000000.0,94.0,synthetic_demo,synthetic reservoir response,True
2012-04-15,R1,4000000.0,94.0,synthetic_demo,synthetic reservoir response,True
2012-04-16,R1,4000000.0,94.0,synthetic_demo,synthetic reservoir response,True
2012-04-17,R1,4000000.0,94.0,synthetic_demo,synthetic reservoir response,True
2012-04-18,R1,4000000.0,94.0,synthetic_demo,synthetic reservoir response,True
2012-04-19,R1,4000000.0,94.0,synthetic_demo,synthetic reservoir response,True
2012-04-20,R1,4000000.0,94.0,synthetic_demo,synthetic reservoir response,True
2012-04-21,R1,4000000.0,94.0,synthetic_demo,synthetic reservoir response,True
2012-04-22,R1,4000000.0,94.0,synthetic_demo,synthetic reservoir response,True
2012-04-23,R1,4000000.0,94.0,synthetic_demo,synthetic reservoir response,True
2012-04-24,R1,4000000.0,94.0,synthetic_demo,synthetic reservoir response,True
2012-04-25,R1,4000000.0,94.0,synthetic_demo,synthetic reservoir response,True
2012-04-26,R1,4000000.0,94.0,synthetic_demo,synthetic reservoir response,True
2012-04-27,R1,4000000.0,94.0,synthetic_demo,synthetic reservoir response,True
2012-04-28,R1,4000000.0,94.0,synthetic_demo,synthetic reservoir response,True
2012-04-29,R1,4000000.0,94.0,synthetic_demo,synthetic reservoir response,True
2012-04-30,R1,4000000.0,94.0,synthetic_demo,synthetic reservoir response,True
2012-05-01,R1,4000000.0,94.0,synthetic_demo,synthetic reservoir response,True
2012-05-02,R1,4000000.0,94.0,synthetic_demo,synthetic reservoir response,True
2012-05-03,R1,4000000.0,94.0,synthetic_demo,synthetic reservoir response,True
2012-05-04,R1,4000000.0,94.0,synthetic_demo,synthetic reservoir response,True
2012-05-05,R1,4000000.0,94.0,synthetic_demo,synthetic reservoir response,True
2012-05-06,R1,4000000.0,94.0,synthetic_demo,synthetic reservoir response,True
2012-05-07,R1,4000000.0,94.0,synthetic_demo,synthetic reservoir response,True
2012-05-08,R1,4000000.0,94.0,synthetic_demo,synthetic reservoir response,True
2012-05-09,R1,4000000.0,94.0,synthetic_demo,synthetic reservoir response,True
2012-05-10,R1,4000000.0,94.0,synthetic_demo,synthetic reservoir response,True
2012-05-11,R1,4000000.0,94.0,synthetic_demo,synthetic reservoir response,True
2012-05-12,R1,4000000.0,94.0,synthetic_demo,synthetic reservoir response,True
2012-05-13,R1,4000000.0,94.0,synthetic_demo,synthetic reservoir response,True
2012-05-14,R1,4000000.0,94.0,synthetic_demo,synthetic reservoir response,True
2012-05-15,R1,4000000.0,94.0,synthetic_demo,synthetic reservoir response,True
2012-05-16,R1,4000000.0,94.0,synthetic_demo,synthetic reservoir response,True
2012-05-17,R1,4000000.0,94.0,synthetic_demo,synthetic reservoir response,True
2012-05-18,R1,4000000.0,94.0,synthetic_demo,synthetic reservoir response,True
2012-05-19,R1,4000000.0,94.0,synthetic_demo,synthetic reservoir response,True
2012-05-20,R1,4000000.0,94.0,synthetic_demo,synthetic reservoir response,True
2012-05-21,R1,4000000.0,94.0,synthetic_demo,synthetic reservoir response,True
2012-05-22,R1,4000000.0,94.0,synthetic_demo,synthetic reservoir response,True
2012-05-23,R1,4000000.0,94.0,synthetic_demo,synthetic reservoir response,True
2012-05-24,R1,4000000.0,94.0,synthetic_demo,synthetic reservoir response,True
2012-05-25,R1,4000000.0,94.0,synthetic_demo,synthetic reservoir response,True
2012-05-26,R1,4000000.0,94.0,synthetic_demo,synthetic reservoir response,True
2012-05-27,R1,4000000.0,94.0,synthetic_demo,synthetic reservoir response,True
2012-05-28,R1,4000000.0,94.0,synthetic_demo,synthetic reservoir response,True
2012-05-29,R1,4000000.0,94.0,synthetic_demo,synthetic reservoir response,True
2012-05-30,R1,4000000.0,94.0,synthetic_demo,synthetic reservoir response,True
2012-05-31,R1,4000000.0,94.0,synthetic_demo,synthetic reservoir response,True
2012-06-01,R1,4000000.0,94.0,synthetic_demo,synthetic reservoir response,True
2012-06-02,R1,4000000.0,94.0,synthetic_demo,synthetic reservoir response,True
2012-06-03,R1,4000000.0,94.0,synthetic_demo,synthetic reservoir response,True
2012-06-04,R1,4000000.0,94.0,synthetic_demo,synthetic reservoir response,True
2012-06-05,R1,4000000.0,94.0,synthetic_demo,synthetic reservoir response,True
2012-06-06,R1,4000000.0,94.0,synthetic_demo,synthetic reservoir response,True
2012-06-07,R1,4000000.0,94.0,synthetic_demo,synthetic reservoir response,True
2012-06-08,R1,4000000.0,94.0,synthetic_demo,synthetic reservoir response,True
2012-06-09,R1,4000000.0,94.0,synthetic_demo,synthetic reservoir response,True
2012-06-10,R1,4000000.0,94.0,synthetic_demo,synthetic reservoir response,True
2012-06-11,R1,4000000.0,94.0,synthetic_demo,synthetic reservoir response,True
2012-06-12,R1,4000000.0,94.0,synthetic_demo,synthetic reservoir response,True
2012-06-13,R1,4000000.0,94.0,synthetic_demo,synthetic reservoir response,True
2012-06-14,R1,4000000.0,94.0,synthetic_demo,synthetic reservoir response,True
2012-06-15,R1,4000000.0,94.0,synthetic_demo,synthetic reservoir response,True
2012-06-16,R1,4000000.0,94.0,synthetic_demo,synthetic reservoir response,True
2012-06-17,R1,4000000.0,94.0,synthetic_demo,synthetic reservoir response,True
2012-06-18,R1,4000000.0,94.0,synthetic_demo,synthetic reservoir response,True
2012-06-19,R1,4000000.0,94.0,synthetic_demo,synthetic reservoir response,True
2012-06-20,R1,4000000.0,94.0,synthetic_demo,synthetic reservoir response,True
2012-06-21,R1,4000000.0,94.0,synthetic_demo,synthetic reservoir response,True
2012-06-22,R1,4000000.0,94.0,synthetic_demo,synthetic reservoir response,True
2012-06-23,R1,4000000.0,94.0,synthetic_demo,synthetic reservoir response,True
2012-06-24,R1,4000000.0,94.0,synthetic_demo,synthetic reservoir response,True
2012-06-25,R1,4000000.0,94.0,synthetic_demo,synthetic reservoir response,True
2012-06-26,R1,4000000.0,94.0,synthetic_demo,synthetic reservoir response,True
2012-06-27,R1,4000000.0,94.0,synthetic_demo,synthetic reservoir response,True
2012-06-28,R1,4000000.0,94.0,synthetic_demo,synthetic reservoir response,True
2012-06-29,R1,4000000.0,94.0,synthetic_demo,synthetic reservoir response,True
2012-06-30,R1,4000000.0,94.0,synthetic_demo,synthetic reservoir response,True
2012-07-01,R1,4000000.0,94.0,synthetic_demo,synthetic reservoir response,True
2012-07-02,R1,4000000.0,94.0,synthetic_demo,synthetic reservoir response,True
2012-07-03,R1,4000000.0,94.0,synthetic_demo,synthetic reservoir response,True
2012-07-04,R1,4000000.0,94.0,synthetic_demo,synthetic reservoir response,True
2012-07-05,R1,4000000.0,94.0,synthetic_demo,synthetic reservoir response,True
2012-07-06,R1,4000000.0,94.0,synthetic_demo,synthetic reservoir response,True
2012-07-07,R1,4000000.0,94.0,synthetic_demo,synthetic reservoir response,True
2012-07-08,R1,4000000.0,94.0,synthetic_demo,synthetic reservoir response,True
2012-07-09,R1,4000000.0,94.0,synthetic_demo,synthetic reservoir response,True
2012-07-10,R1,4000000.0,94.0,synthetic_demo,synthetic reservoir response,True
2012-07-11,R1,4000000.0,94.0,synthetic_demo,synthetic reservoir response,True
2012-07-12,R1,4000000.0,94.0,synthetic_demo,synthetic reservoir response,True
2012-07-13,R1,4000000.0,94.0,synthetic_demo,synthetic reservoir response,True
2012-07-14,R1,4000000.0,94.0,synthetic_demo,synthetic reservoir response,True
2012-07-15,R1,4000000.0,94.0,synthetic_demo,synthetic reservoir response,True
2012-07-16,R1,4000000.0,94.0,synthetic_demo,synthetic reservoir response,True
2012-07-17,R1,4000000.0,94.0,synthetic_demo,synthetic reservoir response,True
2012-07-18,R1,4000000.0,94.0,synthetic_demo,synthetic reservoir response,True
2012-07-19,R1,4000000.0,94.0,synthetic_demo,synthetic reservoir response,True
2012-07-20,R1,4000000.0,94.0,synthetic_demo,synthetic reservoir response,True
2012-07-21,R1,4000000.0,94.0,synthetic_demo,synthetic reservoir response,True
2012-07-22,R1,4000000.0,94.0,synthetic_demo,synthetic reservoir response,True
2012-07-23,R1,4000000.0,94.0,synthetic_demo,synthetic reservoir response,True
2012-07-24,R1,4000000.0,94.0,synthetic_demo,synthetic reservoir response,True
2012-07-25,R1,4000000.0,94.0,synthetic_demo,synthetic reservoir response,True
2012-07-26,R1,4000000.0,94.0,synthetic_demo,synthetic reservoir response,True
2012-07-27,R1,4000000.0,94.0,synthetic_demo,synthetic reservoir response,True
2012-07-28,R1,4000000.0,94.0,synthetic_demo,synthetic reservoir response,True
2012-07-29,R1,4000000.0,94.0,synthetic_demo,synthetic reservoir response,True
2012-07-30,R1,4000000.0,94.0,synthetic_demo,synthetic reservoir response,True
2012-07-31,R1,4000000.0,94.0,synthetic_demo,synthetic reservoir response,True
2012-08-01,R1,4000000.0,94.0,synthetic_demo,synthetic reservoir response,True
2012-08-02,R1,4000000.0,94.0,synthetic_demo,synthetic reservoir response,True
2012-08-03,R1,4000000.0,94.0,synthetic_demo,synthetic reservoir response,True
2012-08-04,R1,4000000.0,94.0,synthetic_demo,synthetic reservoir response,True
2012-08-05,R1,4000000.0,94.0,synthetic_demo,synthetic reservoir response,True
2012-08-06,R1,4000000.0,94.0,synthetic_demo,synthetic reservoir response,True
2012-08-07,R1,4000000.0,94.0,synthetic_demo,synthetic reservoir response,True
2012-08-08,R1,4000000.0,94.0,synthetic_demo,synthetic reservoir response,True
2012-08-09,R1,4000000.0,94.0,synthetic_demo,synthetic reservoir response,True
2012-08-10,R1,4000000.0,94.0,synthetic_demo,synthetic reservoir response,True
2012-08-11,R1,4000000.0,94.0,synthetic_demo,synthetic reservoir response,True
2012-08-12,R1,4000000.0,94.0,synthetic_demo,synthetic reservoir response,True
2012-08-13,R1,4000000.0,94.0,synthetic_demo,synthetic reservoir response,True
2012-08-14,R1,4000000.0,94.0,synthetic_demo,synthetic reservoir response,True
2012-08-15,R1,4000000.0,94.0,synthetic_demo,synthetic reservoir response,True
2012-08-16,R1,4000000.0,94.0,synthetic_demo,synthetic reservoir response,True
2012-08-17,R1,4000000.0,94.0,synthetic_demo,synthetic reservoir response,True
2012-08-18,R1,4000000.0,94.0,synthetic_demo,synthetic reservoir response,True
2012-08-19,R1,4000000.0,94.0,synthetic_demo,synthetic reservoir response,True
2012-08-20,R1,4000000.0,94.0,synthetic_demo,synthetic reservoir response,True
2012-08-21,R1,4000000.0,94.0,synthetic_demo,synthetic reservoir response,True
2012-08-22,R1,4000000.0,94.0,synthetic_demo,synthetic reservoir response,True
2012-08-23,R1,4000000.0,94.0,synthetic_demo,synthetic reservoir response,True
2012-08-24,R1,4000000.0,94.0,synthetic_demo,synthetic reservoir response,True
2012-08-25,R1,4000000.0,94.0,synthetic_demo,synthetic reservoir response,True
2012-08-26,R1,4000000.0,94.0,synthetic_demo,synthetic reservoir response,True
2012-08-27,R1,4000000.0,94.0,synthetic_demo,synthetic reservoir response,True
2012-08-28,R1,4000000.0,94.0,synthetic_demo,synthetic reservoir response,True
2012-08-29,R1,4000000.0,94.0,synthetic_demo,synthetic reservoir response,True
2012-08-30,R1,4000000.0,94.0,synthetic_demo,synthetic reservoir response,True
2012-08-31,R1,4000000.0,94.0,synthetic_demo,synthetic reservoir response,True
2012-09-01,R1,4000000.0,94.0,synthetic_demo,synthetic reservoir response,True
2012-09-02,R1,4000000.0,94.0,synthetic_demo,synthetic reservoir response,True
2012-09-03,R1,4000000.0,94.0,synthetic_demo,synthetic reservoir response,True
2012-09-04,R1,4000000.0,94.0,synthetic_demo,synthetic reservoir response,True
2012-09-05,R1,4000000.0,94.0,synthetic_demo,synthetic reservoir response,True
2012-09-06,R1,4000000.0,94.0,synthetic_demo,synthetic reservoir response,True
2012-09-07,R1,4000000.0,94.0,synthetic_demo,synthetic reservoir response,True
2012-09-08,R1,4000000.0,94.0,synthetic_demo,synthetic reservoir response,True
2012-09-09,R1,4000000.0,94.0,synthetic_demo,synthetic reservoir response,True
2012-09-10,R1,4000000.0,94.0,synthetic_demo,synthetic reservoir response,True
2012-09-11,R1,4000000.0,94.0,synthetic_demo,synthetic reservoir response,True
2012-09-12,R1,4000000.0,94.0,synthetic_demo,synthetic reservoir response,True
2012-09-13,R1,4000000.0,94.0,synthetic_demo,synthetic reservoir response,True
2012-09-14,R1,4000000.0,94.0,synthetic_demo,synthetic reservoir response,True
2012-09-15,R1,4000000.0,94.0,synthetic_demo,synthetic reservoir response,True
2012-09-16,R1,4000000.0,94.0,synthetic_demo,synthetic reservoir response,True
2012-09-17,R1,4000000.0,94.0,synthetic_demo,synthetic reservoir response,True
2012-09-18,R1,4000000.0,94.0,synthetic_demo,synthetic reservoir response,True
2012-09-19,R1,4000000.0,94.0,synthetic_demo,synthetic reservoir response,True
2012-09-20,R1,4000000.0,94.0,synthetic_demo,synthetic reservoir response,True
2012-09-21,R1,4000000.0,94.0,synthetic_demo,synthetic reservoir response,True
2012-09-22,R1,4000000.0,94.0,synthetic_demo,synthetic reservoir response,True
2012-09-23,R1,4000000.0,94.0,synthetic_demo,synthetic reservoir response,True
2012-09-24,R1,4000000.0,94.0,synthetic_demo,synthetic reservoir response,True
2012-09-25,R1,4000000.0,94.0,synthetic_demo,synthetic reservoir response,True
2012-09-26,R1,4000000.0,94.0,synthetic_demo,synthetic reservoir response,True
2012-09-27,R1,4000000.0,94.0,synthetic_demo,synthetic reservoir response,True
2012-09-28,R1,4000000.0,94.0,synthetic_demo,synthetic reservoir response,True
2012-09-29,R1,4000000.0,94.0,synthetic_demo,synthetic reservoir response,True
2012-09-30,R1,4000000.0,94.0,synthetic_demo,synthetic reservoir response,True
2012-10-01,R1,4000000.0,94.0,synthetic_demo,synthetic reservoir response,True
2012-10-02,R1,4000000.0,94.0,synthetic_demo,synthetic reservoir response,True
2012-10-03,R1,4000000.0,94.0,synthetic_demo,synthetic reservoir response,True
2012-10-04,R1,4000000.0,94.0,synthetic_demo,synthetic reservoir response,True
2012-10-05,R1,4000000.0,94.0,synthetic_demo,synthetic reservoir response,True
2012-10-06,R1,4000000.0,94.0,synthetic_demo,synthetic reservoir response,True
2012-10-07,R1,4000000.0,94.0,synthetic_demo,synthetic reservoir response,True
2012-10-08,R1,4000000.0,94.0,synthetic_demo,synthetic reservoir response,True
2012-10-09,R1,4000000.0,94.0,synthetic_demo,synthetic reservoir response,True
2012-10-10,R1,4000000.0,94.0,synthetic_demo,synthetic reservoir response,True
2012-10-11,R1,4000000.0,94.0,synthetic_demo,synthetic reservoir response,True
2012-10-12,R1,4000000.0,94.0,synthetic_demo,synthetic reservoir response,True
2012-10-13,R1,4000000.0,94.0,synthetic_demo,synthetic reservoir response,True
2012-10-14,R1,4000000.0,94.0,synthetic_demo,synthetic reservoir response,True
2012-10-15,R1,4000000.0,94.0,synthetic_demo,synthetic reservoir response,True
2012-10-16,R1,4000000.0,94.0,synthetic_demo,synthetic reservoir response,True
2012-10-17,R1,4000000.0,94.0,synthetic_demo,synthetic reservoir response,True
2012-10-18,R1,4000000.0,94.0,synthetic_demo,synthetic reservoir response,True
2012-10-19,R1,4000000.0,94.0,synthetic_demo,synthetic reservoir response,True
2012-10-20,R1,4000000.0,94.0,synthetic_demo,synthetic reservoir response,True
2012-10-21,R1,4000000.0,94.0,synthetic_demo,synthetic reservoir response,True
2012-10-22,R1,4000000.0,94.0,synthetic_demo,synthetic reservoir response,True
2012-10-23,R1,4000000.0,94.0,synthetic_demo,synthetic reservoir response,True
2012-10-24,R1,4000000.0,94.0,synthetic_demo,synthetic reservoir response,True
2012-10-25,R1,4000000.0,94.0,synthetic_demo,synthetic reservoir response,True
2012-10-26,R1,4000000.0,94.0,synthetic_demo,synthetic reservoir response,True
2012-10-27,R1,4000000.0,94.0,synthetic_demo,synthetic reservoir response,True
2012-10-28,R1,4000000.0,94.0,synthetic_demo,synthetic reservoir response,True
2012-10-29,R1,4000000.0,94.0,synthetic_demo,synthetic reservoir response,True
2012-10-30,R1,4000000.0,94.0,synthetic_demo,synthetic reservoir response,True
2012-10-31,R1,4000000.0,94.0,synthetic_demo,synthetic reservoir response,True
2012-11-01,R1,4000000.0,94.0,synthetic_demo,synthetic reservoir response,True
2012-11-02,R1,4000000.0,94.0,synthetic_demo,synthetic reservoir response,True
2012-11-03,R1,4000000.0,94.0,synthetic_demo,synthetic reservoir response,True
2012-11-04,R1,4000000.0,94.0,synthetic_demo,synthetic reservoir response,True
2012-11-05,R1,4000000.0,94.0,synthetic_demo,synthetic reservoir response,True
2012-11-06,R1,4000000.0,94.0,synthetic_demo,synthetic reservoir response,True
2012-11-07,R1,4000000.0,94.0,synthetic_demo,synthetic reservoir response,True
2012-11-08,R1,4000000.0,94.0,synthetic_demo,synthetic reservoir response,True
2012-11-09,R1,4000000.0,94.0,synthetic_demo,synthetic reservoir response,True
2012-11-10,R1,4000000.0,94.0,synthetic_demo,synthetic reservoir response,True
2012-11-11,R1,4000000.0,94.0,synthetic_demo,synthetic reservoir response,True
2012-11-12,R1,4000000.0,94.0,synthetic_demo,synthetic reservoir response,True
2012-11-13,R1,4000000.0,94.0,synthetic_demo,synthetic reservoir response,True
2012-11-14,R1,4000000.0,94.0,synthetic_demo,synthetic reservoir response,True
2012-11-15,R1,4000000.0,94.0,synthetic_demo,synthetic reservoir response,True
2012-11-16,R1,4000000.0,94.0,synthetic_demo,synthetic reservoir response,True
2012-11-17,R1,4000000.0,94.0,synthetic_demo,synthetic reservoir response,True
2012-11-18,R1,4000000.0,94.0,synthetic_demo,synthetic reservoir response,True
2012-11-19,R1,4000000.0,94.0,synthetic_demo,synthetic reservoir response,True
2012-11-20,R1,4000000.0,94.0,synthetic_demo,synthetic reservoir response,True
2012-11-21,R1,4000000.0,94.0,synthetic_demo,synthetic reservoir response,True
2012-11-22,R1,4000000.0,94.0,synthetic_demo,synthetic reservoir response,True
2012-11-23,R1,4000000.0,94.0,synthetic_demo,synthetic reservoir response,True
2012-11-24,R1,4000000.0,94.0,synthetic_demo,synthetic reservoir response,True
2012-11-25,R1,4000000.0,94.0,synthetic_demo,synthetic reservoir response,True
2012-11-26,R1,4000000.0,94.0,synthetic_demo,synthetic reservoir response,True
2012-11-27,R1,4000000.0,94.0,synthetic_demo,synthetic reservoir response,True
2012-11-28,R1,4000000.0,94.0,synthetic_demo,synthetic reservoir response,True
2012-11-29,R1,4000000.0,94.0,synthetic_demo,synthetic reservoir response,True
2012-11-30,R1,4000000.0,94.0,synthetic_demo,synthetic reservoir response,True
2012-12-01,R1,4000000.0,94.0,synthetic_demo,synthetic reservoir response,True
2012-12-02,R1,4000000.0,94.0,synthetic_demo,synthetic reservoir response,True
2012-12-03,R1,4000000.0,94.0,synthetic_demo,synthetic reservoir response,True
2012-12-04,R1,4000000.0,94.0,synthetic_demo,synthetic reservoir response,True
2012-12-05,R1,4000000.0,94.0,synthetic_demo,synthetic reservoir response,True
2012-12-06,R1,4000000.0,94.0,synthetic_demo,synthetic reservoir response,True
2012-12-07,R1,4000000.0,94.0,synthetic_demo,synthetic reservoir response,True
2012-12-08,R1,4000000.0,94.0,synthetic_demo,synthetic reservoir response,True
2012-12-09,R1,4000000.0,94.0,synthetic_demo,synthetic reservoir response,True
2012-12-10,R1,4000000.0,94.0,synthetic_demo,synthetic reservoir response,True
2012-12-11,R1,4000000.0,94.0,synthetic_demo,synthetic reservoir response,True
2012-12-12,R1,4000000.0,94.0,synthetic_demo,synthetic reservoir response,True
2012-12-13,R1,4000000.0,94.0,synthetic_demo,synthetic reservoir response,True
2012-12-14,R1,4000000.0,94.0,synthetic_demo,synthetic reservoir response,True
2012-12-15,R1,4000000.0,94.0,synthetic_demo,synthetic reservoir response,True
2012-12-16,R1,4000000.0,94.0,synthetic_demo,synthetic reservoir response,True
2012-12-17,R1,4000000.0,94.0,synthetic_demo,synthetic reservoir response,True
2012-12-18,R1,4000000.0,94.0,synthetic_demo,synthetic reservoir response,True
2012-12-19,R1,4000000.0,94.0,synthetic_demo,synthetic reservoir response,True
2012-12-20,R1,4000000.0,94.0,synthetic_demo,synthetic reservoir response,True
2012-12-21,R1,4000000.0,94.0,synthetic_demo,synthetic reservoir response,True
2012-12-22,R1,4000000.0,94.0,synthetic_demo,synthetic reservoir response,True
2012-12-23,R1,4000000.0,94.0,synthetic_demo,synthetic reservoir response,True
2012-12-24,R1,4000000.0,94.0,synthetic_demo,synthetic reservoir response,True
2012-12-25,R1,4000000.0,94.0,synthetic_demo,synthetic reservoir response,True
2012-12-26,R1,4000000.0,94.0,synthetic_demo,synthetic reservoir response,True
2012-12-27,R1,4000000.0,94.0,synthetic_demo,synthetic reservoir response,True
2012-12-28,R1,4000000.0,94.0,synthetic_demo,synthetic reservoir response,True
2012-12-29,R1,4000000.0,94.0,synthetic_demo,synthetic reservoir response,True
2012-12-30,R1,4000000.0,94.0,synthetic_demo,synthetic reservoir response,True
2012-12-31,R1,4000000.0,94.0,synthetic_demo,synthetic reservoir response,True
2013-01-01,R1,4000000.0,94.0,synthetic_demo,synthetic reservoir response,True
2013-01-02,R1,4000000.0,94.0,synthetic_demo,synthetic reservoir response,True
2013-01-03,R1,4000000.0,94.0,synthetic_demo,synthetic reservoir response,True
2013-01-04,R1,4000000.0,94.0,synthetic_demo,synthetic reservoir response,True
2013-01-05,R1,4000000.0,94.0,synthetic_demo,synthetic reservoir response,True
2013-01-06,R1,4000000.0,94.0,synthetic_demo,synthetic reservoir response,True
2013-01-07,R1,4000000.0,94.0,synthetic_demo,synthetic reservoir response,True
2013-01-08,R1,4000000.0,94.0,synthetic_demo,synthetic reservoir response,True
2013-01-09,R1,4000000.0,94.0,synthetic_demo,synthetic reservoir response,True
2013-01-10,R1,4000000.0,94.0,synthetic_demo,synthetic reservoir response,True
2013-01-11,R1,4000000.0,94.0,synthetic_demo,synthetic reservoir response,True
2013-01-12,R1,4000000.0,94.0,synthetic_demo,synthetic reservoir response,True
2013-01-13,R1,4000000.0,94.0,synthetic_demo,synthetic reservoir response,True
2013-01-14,R1,4000000.0,94.0,synthetic_demo,synthetic reservoir response,True
2013-01-15,R1,4000000.0,94.0,synthetic_demo,synthetic reservoir response,True
2013-01-16,R1,4000000.0,94.0,synthetic_demo,synthetic reservoir response,True
2013-01-17,R1,4000000.0,94.0,synthetic_demo,synthetic reservoir response,True
2013-01-18,R1,4000000.0,94.0,synthetic_demo,synthetic reservoir response,True
2013-01-19,R1,4000000.0,94.0,synthetic_demo,synthetic reservoir response,True
2013-01-20,R1,4000000.0,94.0,synthetic_demo,synthetic reservoir response,True
2013-01-21,R1,4000000.0,94.0,synthetic_demo,synthetic reservoir response,True
2013-01-22,R1,4000000.0,94.0,synthetic_demo,synthetic reservoir response,True
2013-01-23,R1,4000000.0,94.0,synthetic_demo,synthetic reservoir response,True
2013-01-24,R1,4000000.0,94.0,synthetic_demo,synthetic reservoir response,True
2013-01-25,R1,4000000.0,94.0,synthetic_demo,synthetic reservoir response,True
2013-01-26,R1,4000000.0,94.0,synthetic_demo,synthetic reservoir response,True
2013-01-27,R1,4000000.0,94.0,synthetic_demo,synthetic reservoir response,True
2013-01-28,R1,4000000.0,94.0,synthetic_demo,synthetic reservoir response,True
2013-01-29,R1,4000000.0,94.0,synthetic_demo,synthetic reservoir response,True
2013-01-30,R1,4000000.0,94.0,synthetic_demo,synthetic reservoir response,True
2013-01-31,R1,4000000.0,94.0,synthetic_demo,synthetic reservoir response,True
2013-02-01,R1,4000000.0,94.0,synthetic_demo,synthetic reservoir response,True
2013-02-02,R1,4000000.0,94.0,synthetic_demo,synthetic reservoir response,True
2013-02-03,R1,4000000.0,94.0,synthetic_demo,synthetic reservoir response,True
2013-02-04,R1,4000000.0,94.0,synthetic_demo,synthetic reservoir response,True
2013-02-05,R1,4000000.0,94.0,synthetic_demo,synthetic reservoir response,True
2013-02-06,R1,4000000.0,94.0,synthetic_demo,synthetic reservoir response,True
2013-02-07,R1,4000000.0,94.0,synthetic_demo,synthetic reservoir response,True
2013-02-08,R1,4000000.0,94.0,synthetic_demo,synthetic reservoir response,True
2013-02-09,R1,4000000.0,94.0,synthetic_demo,synthetic reservoir response,True
2013-02-10,R1,4000000.0,94.0,synthetic_demo,synthetic reservoir response,True
2013-02-11,R1,4000000.0,94.0,synthetic_demo,synthetic reservoir response,True
2013-02-12,R1,4000000.0,94.0,synthetic_demo,synthetic reservoir response,True
2013-02-13,R1,4000000.0,94.0,synthetic_demo,synthetic reservoir response,True
2013-02-14,R1,4000000.0,94.0,synthetic_demo,synthetic reservoir response,True
2013-02-15,R1,4000000.0,94.0,synthetic_demo,synthetic reservoir response,True
2013-02-16,R1,4000000.0,94.0,synthetic_demo,synthetic reservoir response,True
2013-02-17,R1,4000000.0,94.0,synthetic_demo,synthetic reservoir response,True
2013-02-18,R1,4000000.0,94.0,synthetic_demo,synthetic reservoir response,True
2013-02-19,R1,4000000.0,94.0,synthetic_demo,synthetic reservoir response,True
2013-02-20,R1,4000000.0,94.0,synthetic_demo,synthetic reservoir response,True
2013-02-21,R1,4000000.0,94.0,synthetic_demo,synthetic reservoir response,True
2013-02-22,R1,4000000.0,94.0,synthetic_demo,synthetic reservoir response,True
2013-02-23,R1,4000000.0,94.0,synthetic_demo,synthetic reservoir response,True
2013-02-24,R1,4000000.0,94.0,synthetic_demo,synthetic reservoir response,True
2013-02-25,R1,4000000.0,94.0,synthetic_demo,synthetic reservoir response,True
2013-02-26,R1,4000000.0,94.0,synthetic_demo,synthetic reservoir response,True
2013-02-27,R1,4000000.0,94.0,synthetic_demo,synthetic reservoir response,True
2013-02-28,R1,4000000.0,94.0,synthetic_demo,synthetic reservoir response,True
2013-03-01,R1,4000000.0,94.0,synthetic_demo,synthetic reservoir response,True
2013-03-02,R1,4000000.0,94.0,synthetic_demo,synthetic reservoir response,True
2013-03-03,R1,4000000.0,94.0,synthetic_demo,synthetic reservoir response,True
2013-03-04,R1,4000000.0,94.0,synthetic_demo,synthetic reservoir response,True
2013-03-05,R1,4000000.0,94.0,synthetic_demo,synthetic reservoir response,True
2013-03-06,R1,4000000.0,94.0,synthetic_demo,synthetic reservoir response,True
2013-03-07,R1,4000000.0,94.0,synthetic_demo,synthetic reservoir response,True
2013-03-08,R1,4000000.0,94.0,synthetic_demo,synthetic reservoir response,True
2013-03-09,R1,4000000.0,94.0,synthetic_demo,synthetic reservoir response,True
2013-03-10,R1,4000000.0,94.0,synthetic_demo,synthetic reservoir response,True
2013-03-11,R1,4000000.0,94.0,synthetic_demo,synthetic reservoir response,True
2013-03-12,R1,4000000.0,94.0,synthetic_demo,synthetic reservoir response,True
2013-03-13,R1,4000000.0,94.0,synthetic_demo,synthetic reservoir response,True
2013-03-14,R1,4000000.0,94.0,synthetic_demo,synthetic reservoir response,True
2013-03-15,R1,4000000.0,94.0,synthetic_demo,synthetic reservoir response,True
2013-03-16,R1,4000000.0,94.0,synthetic_demo,synthetic reservoir response,True
2013-03-17,R1,4000000.0,94.0,synthetic_demo,synthetic reservoir response,True
2013-03-18,R1,4000000.0,94.0,synthetic_demo,synthetic reservoir response,True
2013-03-19,R1,4000000.0,94.0,synthetic_demo,synthetic reservoir response,True
2013-03-20,R1,4000000.0,94.0,synthetic_demo,synthetic reservoir response,True
2013-03-21,R1,4000000.0,94.0,synthetic_demo,synthetic reservoir response,True
2013-03-22,R1,4000000.0,94.0,synthetic_demo,synthetic reservoir response,True
2013-03-23,R1,4000000.0,94.0,synthetic_demo,synthetic reservoir response,True
2013-03-24,R1,4000000.0,94.0,synthetic_demo,synthetic reservoir response,True
2013-03-25,R1,4000000.0,94.0,synthetic_demo,synthetic reservoir response,True
2013-03-26,R1,4000000.0,94.0,synthetic_demo,synthetic reservoir response,True
2013-03-27,R1,4000000.0,94.0,synthetic_demo,synthetic reservoir response,True
2013-03-28,R1,4000000.0,94.0,synthetic_demo,synthetic reservoir response,True
2013-03-29,R1,4000000.0,94.0,synthetic_demo,synthetic reservoir response,True
2013-03-30,R1,4000000.0,94.0,synthetic_demo,synthetic reservoir response,True
2013-03-31,R1,4000000.0,94.0,synthetic_demo,synthetic reservoir response,True
2013-04-01,R1,4000000.0,94.0,synthetic_demo,synthetic reservoir response,True
2013-04-02,R1,4000000.0,94.0,synthetic_demo,synthetic reservoir response,True
2013-04-03,R1,4000000.0,94.0,synthetic_demo,synthetic reservoir response,True
2013-04-04,R1,4000000.0,94.0,synthetic_demo,synthetic reservoir response,True
2013-04-05,R1,4000000.0,94.0,synthetic_demo,synthetic reservoir response,True
2013-04-06,R1,4000000.0,94.0,synthetic_demo,synthetic reservoir response,True
2013-04-07,R1,4000000.0,94.0,synthetic_demo,synthetic reservoir response,True
2013-04-08,R1,4000000.0,94.0,synthetic_demo,synthetic reservoir response,True
2013-04-09,R1,4000000.0,94.0,synthetic_demo,synthetic reservoir response,True
2013-04-10,R1,4000000.0,94.0,synthetic_demo,synthetic reservoir response,True
2013-04-11,R1,4000000.0,94.0,synthetic_demo,synthetic reservoir response,True
2013-04-12,R1,4000000.0,94.0,synthetic_demo,synthetic reservoir response,True
2013-04-13,R1,4000000.0,94.0,synthetic_demo,synthetic reservoir response,True
2013-04-14,R1,4000000.0,94.0,synthetic_demo,synthetic reservoir response,True
2013-04-15,R1,4000000.0,94.0,synthetic_demo,synthetic reservoir response,True
2013-04-16,R1,4000000.0,94.0,synthetic_demo,synthetic reservoir response,True
2013-04-17,R1,4000000.0,94.0,synthetic_demo,synthetic reservoir response,True
2013-04-18,R1,4000000.0,94.0,synthetic_demo,synthetic reservoir response,True
2013-04-19,R1,4000000.0,94.0,synthetic_demo,synthetic reservoir response,True
2013-04-20,R1,4000000.0,94.0,synthetic_demo,synthetic reservoir response,True
2013-04-21,R1,4000000.0,94.0,synthetic_demo,synthetic reservoir response,True
2013-04-22,R1,4000000.0,94.0,synthetic_demo,synthetic reservoir response,True
2013-04-23,R1,4000000.0,94.0,synthetic_demo,synthetic reservoir response,True
2013-04-24,R1,4000000.0,94.0,synthetic_demo,synthetic reservoir response,True
2013-04-25,R1,4000000.0,94.0,synthetic_demo,synthetic reservoir response,True
2013-04-26,R1,4000000.0,94.0,synthetic_demo,synthetic reservoir response,True
2013-04-27,R1,4000000.0,94.0,synthetic_demo,synthetic reservoir response,True
2013-04-28,R1,4000000.0,94.0,synthetic_demo,synthetic reservoir response,True
2013-04-29,R1,4000000.0,94.0,synthetic_demo,synthetic reservoir response,True
2013-04-30,R1,4000000.0,94.0,synthetic_demo,synthetic reservoir response,True
2013-05-01,R1,4000000.0,94.0,synthetic_demo,synthetic reservoir response,True
2013-05-02,R1,4000000.0,94.0,synthetic_demo,synthetic reservoir response,True
2013-05-03,R1,4000000.0,94.0,synthetic_demo,synthetic reservoir response,True
2013-05-04,R1,4000000.0,94.0,synthetic_demo,synthetic reservoir response,True
2013-05-05,R1,4000000.0,94.0,synthetic_demo,synthetic reservoir response,True
2013-05-06,R1,4000000.0,94.0,synthetic_demo,synthetic reservoir response,True
2013-05-07,R1,4000000.0,94.0,synthetic_demo,synthetic reservoir response,True
2013-05-08,R1,4000000.0,94.0,synthetic_demo,synthetic reservoir response,True
2013-05-09,R1,4000000.0,94.0,synthetic_demo,synthetic reservoir response,True
2013-05-10,R1,4000000.0,94.0,synthetic_demo,synthetic reservoir response,True
2013-05-11,R1,4000000.0,94.0,synthetic_demo,synthetic reservoir response,True
2013-05-12,R1,4000000.0,94.0,synthetic_demo,synthetic reservoir response,True
2013-05-13,R1,4000000.0,94.0,synthetic_demo,synthetic reservoir response,True
2013-05-14,R1,4000000.0,94.0,synthetic_demo,synthetic reservoir response,True
2013-05-15,R1,4000000.0,94.0,synthetic_demo,synthetic reservoir response,True
2013-05-16,R1,4000000.0,94.0,synthetic_demo,synthetic reservoir response,True
2013-05-17,R1,4000000.0,94.0,synthetic_demo,synthetic reservoir response,True
2013-05-18,R1,4000000.0,94.0,synthetic_demo,synthetic reservoir response,True
2013-05-19,R1,4000000.0,94.0,synthetic_demo,synthetic reservoir response,True
2013-05-20,R1,4000000.0,94.0,synthetic_demo,synthetic reservoir response,True
2013-05-21,R1,4000000.0,94.0,synthetic_demo,synthetic reservoir response,True
2013-05-22,R1,4000000.0,94.0,synthetic_demo,synthetic reservoir response,True
2013-05-23,R1,4000000.0,94.0,synthetic_demo,synthetic reservoir response,True
2013-05-24,R1,4000000.0,94.0,synthetic_demo,synthetic reservoir response,True
2013-05-25,R1,4000000.0,94.0,synthetic_demo,synthetic reservoir response,True
2013-05-26,R1,4000000.0,94.0,synthetic_demo,synthetic reservoir response,True
2013-05-27,R1,4000000.0,94.0,synthetic_demo,synthetic reservoir response,True
2013-05-28,R1,4000000.0,94.0,synthetic_demo,synthetic reservoir response,True
2013-05-29,R1,4000000.0,94.0,synthetic_demo,synthetic reservoir response,True
2013-05-30,R1,4000000.0,94.0,synthetic_demo,synthetic reservoir response,True
2013-05-31,R1,4000000.0,94.0,synthetic_demo,synthetic reservoir response,True
2013-06-01,R1,4000000.0,94.0,synthetic_demo,synthetic reservoir response,True
2013-06-02,R1,4000000.0,94.0,synthetic_demo,synthetic reservoir response,True
2013-06-03,R1,4000000.0,94.0,synthetic_demo,synthetic reservoir response,True
2013-06-04,R1,4000000.0,94.0,synthetic_demo,synthetic reservoir response,True
2013-06-05,R1,4000000.0,94.0,synthetic_demo,synthetic reservoir response,True
2013-06-06,R1,4000000.0,94.0,synthetic_demo,synthetic reservoir response,True
2013-06-07,R1,4000000.0,94.0,synthetic_demo,synthetic reservoir response,True
2013-06-08,R1,4000000.0,94.0,synthetic_demo,synthetic reservoir response,True
2013-06-09,R1,4000000.0,94.0,synthetic_demo,synthetic reservoir response,True
2013-06-10,R1,4000000.0,94.0,synthetic_demo,synthetic reservoir response,True
2013-06-11,R1,4000000.0,94.0,synthetic_demo,synthetic reservoir response,True
2013-06-12,R1,4000000.0,94.0,synthetic_demo,synthetic reservoir response,True
2013-06-13,R1,4000000.0,94.0,synthetic_demo,synthetic reservoir response,True
2013-06-14,R1,4000000.0,94.0,synthetic_demo,synthetic reservoir response,True
2013-06-15,R1,4000000.0,94.0,synthetic_demo,synthetic reservoir response,True
2013-06-16,R1,4000000.0,94.0,synthetic_demo,synthetic reservoir response,True
2013-06-17,R1,4000000.0,94.0,synthetic_demo,synthetic reservoir response,True
2013-06-18,R1,4000000.0,94.0,synthetic_demo,synthetic reservoir response,True
2013-06-19,R1,4000000.0,94.0,synthetic_demo,synthetic reservoir response,True
2013-06-20,R1,4000000.0,94.0,synthetic_demo,synthetic reservoir response,True
2013-06-21,R1,4000000.0,94.0,synthetic_demo,synthetic reservoir response,True
2013-06-22,R1,4000000.0,94.0,synthetic_demo,synthetic reservoir response,True
2013-06-23,R1,4000000.0,94.0,synthetic_demo,synthetic reservoir response,True
2013-06-24,R1,4000000.0,94.0,synthetic_demo,synthetic reservoir response,True
2013-06-25,R1,4000000.0,94.0,synthetic_demo,synthetic reservoir response,True
2013-06-26,R1,4000000.0,94.0,synthetic_demo,synthetic reservoir response,True
2013-06-27,R1,4000000.0,94.0,synthetic_demo,synthetic reservoir response,True
2013-06-28,R1,4000000.0,94.0,synthetic_demo,synthetic reservoir response,True
2013-06-29,R1,4000000.0,94.0,synthetic_demo,synthetic reservoir response,True
2013-06-30,R1,4000000.0,94.0,synthetic_demo,synthetic reservoir response,True
2013-07-01,R1,4000000.0,94.0,synthetic_demo,synthetic reservoir response,True
2013-07-02,R1,4000000.0,94.0,synthetic_demo,synthetic reservoir response,True
2013-07-03,R1,4000000.0,94.0,synthetic_demo,synthetic reservoir response,True
2013-07-04,R1,4000000.0,94.0,synthetic_demo,synthetic reservoir response,True
2013-07-05,R1,4000000.0,94.0,synthetic_demo,synthetic reservoir response,True
2013-07-06,R1,4000000.0,94.0,synthetic_demo,synthetic reservoir response,True
2013-07-07,R1,4000000.0,94.0,synthetic_demo,synthetic reservoir response,True
2013-07-08,R1,4000000.0,94.0,synthetic_demo,synthetic reservoir response,True
2013-07-09,R1,4000000.0,94.0,synthetic_demo,synthetic reservoir response,True
2013-07-10,R1,4000000.0,94.0,synthetic_demo,synthetic reservoir response,True
2013-07-11,R1,4000000.0,94.0,synthetic_demo,synthetic reservoir response,True
2013-07-12,R1,4000000.0,94.0,synthetic_demo,synthetic reservoir response,True
2013-07-13,R1,4000000.0,94.0,synthetic_demo,synthetic reservoir response,True
2013-07-14,R1,4000000.0,94.0,synthetic_demo,synthetic reservoir response,True
2013-07-15,R1,4000000.0,94.0,synthetic_demo,synthetic reservoir response,True
2013-07-16,R1,4000000.0,94.0,synthetic_demo,synthetic reservoir response,True
2013-07-17,R1,4000000.0,94.0,synthetic_demo,synthetic reservoir response,True
2013-07-18,R1,4000000.0,94.0,synthetic_demo,synthetic reservoir response,True
2013-07-19,R1,4000000.0,94.0,synthetic_demo,synthetic reservoir response,True
2013-07-20,R1,4000000.0,94.0,synthetic_demo,synthetic reservoir response,True
2013-07-21,R1,4000000.0,94.0,synthetic_demo,synthetic reservoir response,True
2013-07-22,R1,4000000.0,94.0,synthetic_demo,synthetic reservoir response,True
2013-07-23,R1,4000000.0,94.0,synthetic_demo,synthetic reservoir response,True
2013-07-24,R1,4000000.0,94.0,synthetic_demo,synthetic reservoir response,True
2013-07-25,R1,4000000.0,94.0,synthetic_demo,synthetic reservoir response,True
2013-07-26,R1,4000000.0,94.0,synthetic_demo,synthetic reservoir response,True
2013-07-27,R1,4000000.0,94.0,synthetic_demo,synthetic reservoir response,True
2013-07-28,R1,4000000.0,94.0,synthetic_demo,synthetic reservoir response,True
2013-07-29,R1,4000000.0,94.0,synthetic_demo,synthetic reservoir response,True
2013-07-30,R1,4000000.0,94.0,synthetic_demo,synthetic reservoir response,True
2013-07-31,R1,4000000.0,94.0,synthetic_demo,synthetic reservoir response,True
2013-08-01,R1,4000000.0,94.0,synthetic_demo,synthetic reservoir response,True
2013-08-02,R1,4000000.0,94.0,synthetic_demo,synthetic reservoir response,True
2013-08-03,R1,4000000.0,94.0,synthetic_demo,synthetic reservoir response,True
2013-08-04,R1,4000000.0,94.0,synthetic_demo,synthetic reservoir response,True
2013-08-05,R1,4000000.0,94.0,synthetic_demo,synthetic reservoir response,True
2013-08-06,R1,4000000.0,94.0,synthetic_demo,synthetic reservoir response,True
2013-08-07,R1,4000000.0,94.0,synthetic_demo,synthetic reservoir response,True
2013-08-08,R1,4000000.0,94.0,synthetic_demo,synthetic reservoir response,True
2013-08-09,R1,4000000.0,94.0,synthetic_demo,synthetic reservoir response,True
2013-08-10,R1,4000000.0,94.0,synthetic_demo,synthetic reservoir response,True
2013-08-11,R1,4000000.0,94.0,synthetic_demo,synthetic reservoir response,True
2013-08-12,R1,4000000.0,94.0,synthetic_demo,synthetic reservoir response,True
2013-08-13,R1,4000000.0,94.0,synthetic_demo,synthetic reservoir response,True
2013-08-14,R1,4000000.0,94.0,synthetic_demo,synthetic reservoir response,True
2013-08-15,R1,4000000.0,94.0,synthetic_demo,synthetic reservoir response,True
2013-08-16,R1,4000000.0,94.0,synthetic_demo,synthetic reservoir response,True
2013-08-17,R1,4000000.0,94.0,synthetic_demo,synthetic reservoir response,True
2013-08-18,R1,4000000.0,94.0,synthetic_demo,synthetic reservoir response,True
2013-08-19,R1,4000000.0,94.0,synthetic_demo,synthetic reservoir response,True
2013-08-20,R1,4000000.0,94.0,synthetic_demo,synthetic reservoir response,True
2013-08-21,R1,4000000.0,94.0,synthetic_demo,synthetic reservoir response,True
2013-08-22,R1,4000000.0,94.0,synthetic_demo,synthetic reservoir response,True
2013-08-23,R1,4000000.0,94.0,synthetic_demo,synthetic reservoir response,True
2013-08-24,R1,4000000.0,94.0,synthetic_demo,synthetic reservoir response,True
2013-08-25,R1,4000000.0,94.0,synthetic_demo,synthetic reservoir response,True
2013-08-26,R1,4000000.0,94.0,synthetic_demo,synthetic reservoir response,True
2013-08-27,R1,4000000.0,94.0,synthetic_demo,synthetic reservoir response,True
2013-08-28,R1,4000000.0,94.0,synthetic_demo,synthetic reservoir response,True
2013-08-29,R1,4000000.0,94.0,synthetic_demo,synthetic reservoir response,True
2013-08-30,R1,4000000.0,94.0,synthetic_demo,synthetic reservoir response,True
2013-08-31,R1,4000000.0,94.0,synthetic_demo,synthetic reservoir response,True
2013-09-01,R1,4000000.0,94.0,synthetic_demo,synthetic reservoir response,True
2013-09-02,R1,4000000.0,94.0,synthetic_demo,synthetic reservoir response,True
2013-09-03,R1,4000000.0,94.0,synthetic_demo,synthetic reservoir response,True
2013-09-04,R1,4000000.0,94.0,synthetic_demo,synthetic reservoir response,True
2013-09-05,R1,4000000.0,94.0,synthetic_demo,synthetic reservoir response,True
2013-09-06,R1,4000000.0,94.0,synthetic_demo,synthetic reservoir response,True
2013-09-07,R1,4000000.0,94.0,synthetic_demo,synthetic reservoir response,True
2013-09-08,R1,4000000.0,94.0,synthetic_demo,synthetic reservoir response,True
2013-09-09,R1,4000000.0,94.0,synthetic_demo,synthetic reservoir response,True
2013-09-10,R1,4000000.0,94.0,synthetic_demo,synthetic reservoir response,True
2013-09-11,R1,4000000.0,94.0,synthetic_demo,synthetic reservoir response,True
2013-09-12,R1,4000000.0,94.0,synthetic_demo,synthetic reservoir response,True
2013-09-13,R1,4000000.0,94.0,synthetic_demo,synthetic reservoir response,True
2013-09-14,R1,4000000.0,94.0,synthetic_demo,synthetic reservoir response,True
2013-09-15,R1,4000000.0,94.0,synthetic_demo,synthetic reservoir response,True
2013-09-16,R1,4000000.0,94.0,synthetic_demo,synthetic reservoir response,True
2013-09-17,R1,4000000.0,94.0,synthetic_demo,synthetic reservoir response,True
2013-09-18,R1,4000000.0,94.0,synthetic_demo,synthetic reservoir response,True
2013-09-19,R1,4000000.0,94.0,synthetic_demo,synthetic reservoir response,True
2013-09-20,R1,4000000.0,94.0,synthetic_demo,synthetic reservoir response,True
2013-09-21,R1,4000000.0,94.0,synthetic_demo,synthetic reservoir response,True
2013-09-22,R1,4000000.0,94.0,synthetic_demo,synthetic reservoir response,True
2013-09-23,R1,4000000.0,94.0,synthetic_demo,synthetic reservoir response,True
2013-09-24,R1,4000000.0,94.0,synthetic_demo,synthetic reservoir response,True
2013-09-25,R1,4000000.0,94.0,synthetic_demo,synthetic reservoir response,True
2013-09-26,R1,4000000.0,94.0,synthetic_demo,synthetic reservoir response,True
2013-09-27,R1,4000000.0,94.0,synthetic_demo,synthetic reservoir response,True
2013-09-28,R1,4000000.0,94.0,synthetic_demo,synthetic reservoir response,True
2013-09-29,R1,4000000.0,94.0,synthetic_demo,synthetic reservoir response,True
2013-09-30,R1,4000000.0,94.0,synthetic_demo,synthetic reservoir response,True
2013-10-01,R1,4000000.0,94.0,synthetic_demo,synthetic reservoir response,True
2013-10-02,R1,4000000.0,94.0,synthetic_demo,synthetic reservoir response,True
2013-10-03,R1,4000000.0,94.0,synthetic_demo,synthetic reservoir response,True
2013-10-04,R1,4000000.0,94.0,synthetic_demo,synthetic reservoir response,True
2013-10-05,R1,4000000.0,94.0,synthetic_demo,synthetic reservoir response,True
2013-10-06,R1,4000000.0,94.0,synthetic_demo,synthetic reservoir response,True
2013-10-07,R1,4000000.0,94.0,synthetic_demo,synthetic reservoir response,True
2013-10-08,R1,4000000.0,94.0,synthetic_demo,synthetic reservoir response,True
2013-10-09,R1,4000000.0,94.0,synthetic_demo,synthetic reservoir response,True
2013-10-10,R1,4000000.0,94.0,synthetic_demo,synthetic reservoir response,True
2013-10-11,R1,4000000.0,94.0,synthetic_demo,synthetic reservoir response,True
2013-10-12,R1,4000000.0,94.0,synthetic_demo,synthetic reservoir response,True
2013-10-13,R1,4000000.0,94.0,synthetic_demo,synthetic reservoir response,True
2013-10-14,R1,4000000.0,94.0,synthetic_demo,synthetic reservoir response,True
2013-10-15,R1,4000000.0,94.0,synthetic_demo,synthetic reservoir response,True
2013-10-16,R1,4000000.0,94.0,synthetic_demo,synthetic reservoir response,True
2013-10-17,R1,4000000.0,94.0,synthetic_demo,synthetic reservoir response,True
2013-10-18,R1,4000000.0,94.0,synthetic_demo,synthetic reservoir response,True
2013-10-19,R1,4000000.0,94.0,synthetic_demo,synthetic reservoir response,True
2013-10-20,R1,4000000.0,94.0,synthetic_demo,synthetic reservoir response,True
2013-10-21,R1,4000000.0,94.0,synthetic_demo,synthetic reservoir response,True
2013-10-22,R1,4000000.0,94.0,synthetic_demo,synthetic reservoir response,True
2013-10-23,R1,4000000.0,94.0,synthetic_demo,synthetic reservoir response,True
2013-10-24,R1,4000000.0,94.0,synthetic_demo,synthetic reservoir response,True
2013-10-25,R1,4000000.0,94.0,synthetic_demo,synthetic reservoir response,True
2013-10-26,R1,4000000.0,94.0,synthetic_demo,synthetic reservoir response,True
2013-10-27,R1,4000000.0,94.0,synthetic_demo,synthetic reservoir response,True
2013-10-28,R1,4000000.0,94.0,synthetic_demo,synthetic reservoir response,True
2013-10-29,R1,4000000.0,94.0,synthetic_demo,synthetic reservoir response,True
2013-10-30,R1,4000000.0,94.0,synthetic_demo,synthetic reservoir response,True
2013-10-31,R1,4000000.0,94.0,synthetic_demo,synthetic reservoir response,True
2013-11-01,R1,4000000.0,94.0,synthetic_demo,synthetic reservoir response,True
2013-11-02,R1,4000000.0,94.0,synthetic_demo,synthetic reservoir response,True
2013-11-03,R1,4000000.0,94.0,synthetic_demo,synthetic reservoir response,True
2013-11-04,R1,4000000.0,94.0,synthetic_demo,synthetic reservoir response,True
2013-11-05,R1,4000000.0,94.0,synthetic_demo,synthetic reservoir response,True
2013-11-06,R1,4000000.0,94.0,synthetic_demo,synthetic reservoir response,True
2013-11-07,R1,4000000.0,94.0,synthetic_demo,synthetic reservoir response,True
2013-11-08,R1,4000000.0,94.0,synthetic_demo,synthetic reservoir response,True
2013-11-09,R1,4000000.0,94.0,synthetic_demo,synthetic reservoir response,True
2013-11-10,R1,4000000.0,94.0,synthetic_demo,synthetic reservoir response,True
2013-11-11,R1,4000000.0,94.0,synthetic_demo,synthetic reservoir response,True
2013-11-12,R1,4000000.0,94.0,synthetic_demo,synthetic reservoir response,True
2013-11-13,R1,4000000.0,94.0,synthetic_demo,synthetic reservoir response,True
2013-11-14,R1,4000000.0,94.0,synthetic_demo,synthetic reservoir response,True
2013-11-15,R1,4000000.0,94.0,synthetic_demo,synthetic reservoir response,True
2013-11-16,R1,4000000.0,94.0,synthetic_demo,synthetic reservoir response,True
2013-11-17,R1,4000000.0,94.0,synthetic_demo,synthetic reservoir response,True
2013-11-18,R1,4000000.0,94.0,synthetic_demo,synthetic reservoir response,True
2013-11-19,R1,4000000.0,94.0,synthetic_demo,synthetic reservoir response,True
2013-11-20,R1,4000000.0,94.0,synthetic_demo,synthetic reservoir response,True
2013-11-21,R1,4000000.0,94.0,synthetic_demo,synthetic reservoir response,True
2013-11-22,R1,4000000.0,94.0,synthetic_demo,synthetic reservoir response,True
2013-11-23,R1,4000000.0,94.0,synthetic_demo,synthetic reservoir response,True
2013-11-24,R1,4000000.0,94.0,synthetic_demo,synthetic reservoir response,True
2013-11-25,R1,4000000.0,94.0,synthetic_demo,synthetic reservoir response,True
2013-11-26,R1,4000000.0,94.0,synthetic_demo,synthetic reservoir response,True
2013-11-27,R1,4000000.0,94.0,synthetic_demo,synthetic reservoir response,True
2013-11-28,R1,4000000.0,94.0,synthetic_demo,synthetic reservoir response,True
2013-11-29,R1,4000000.0,94.0,synthetic_demo,synthetic reservoir response,True
2013-11-30,R1,4000000.0,94.0,synthetic_demo,synthetic reservoir response,True
2013-12-01,R1,4000000.0,94.0,synthetic_demo,synthetic reservoir response,True
2013-12-02,R1,4000000.0,94.0,synthetic_demo,synthetic reservoir response,True
2013-12-03,R1,4000000.0,94.0,synthetic_demo,synthetic reservoir response,True
2013-12-04,R1,4000000.0,94.0,synthetic_demo,synthetic reservoir response,True
2013-12-05,R1,4000000.0,94.0,synthetic_demo,synthetic reservoir response,True
2013-12-06,R1,4000000.0,94.0,synthetic_demo,synthetic reservoir response,True
2013-12-07,R1,4000000.0,94.0,synthetic_demo,synthetic reservoir response,True
2013-12-08,R1,4000000.0,94.0,synthetic_demo,synthetic reservoir response,True
2013-12-09,R1,4000000.0,94.0,synthetic_demo,synthetic reservoir response,True
2013-12-10,R1,4000000.0,94.0,synthetic_demo,synthetic reservoir response,True
2013-12-11,R1,4000000.0,94.0,synthetic_demo,synthetic reservoir response,True
2013-12-12,R1,4000000.0,94.0,synthetic_demo,synthetic reservoir response,True
2013-12-13,R1,4000000.0,94.0,synthetic_demo,synthetic reservoir response,True
2013-12-14,R1,4000000.0,94.0,synthetic_demo,synthetic reservoir response,True
2013-12-15,R1,4000000.0,94.0,synthetic_demo,synthetic reservoir response,True
2013-12-16,R1,4000000.0,94.0,synthetic_demo,synthetic reservoir response,True
2013-12-17,R1,4000000.0,94.0,synthetic_demo,synthetic reservoir response,True
2013-12-18,R1,4000000.0,94.0,synthetic_demo,synthetic reservoir response,True
2013-12-19,R1,4000000.0,94.0,synthetic_demo,synthetic reservoir response,True
2013-12-20,R1,4000000.0,94.0,synthetic_demo,synthetic reservoir response,True
2013-12-21,R1,4000000.0,94.0,synthetic_demo,synthetic reservoir response,True
2013-12-22,R1,4000000.0,94.0,synthetic_demo,synthetic reservoir response,True
2013-12-23,R1,4000000.0,94.0,synthetic_demo,synthetic reservoir response,True
2013-12-24,R1,4000000.0,94.0,synthetic_demo,synthetic reservoir response,True
2013-12-25,R1,4000000.0,94.0,synthetic_demo,synthetic reservoir response,True
2013-12-26,R1,4000000.0,94.0,synthetic_demo,synthetic reservoir response,True
2013-12-27,R1,4000000.0,94.0,synthetic_demo,synthetic reservoir response,True
2013-12-28,R1,4000000.0,94.0,synthetic_demo,synthetic reservoir response,True
2013-12-29,R1,4000000.0,94.0,synthetic_demo,synthetic reservoir response,True
2013-12-30,R1,4000000.0,94.0,synthetic_demo,synthetic reservoir response,True
2013-12-31,R1,4000000.0,94.0,synthetic_demo,synthetic reservoir response,True
2014-01-01,R1,4000000.0,94.0,synthetic_demo,synthetic reservoir response,True
2014-01-02,R1,4000000.0,94.0,synthetic_demo,synthetic reservoir response,True
2014-01-03,R1,4000000.0,94.0,synthetic_demo,synthetic reservoir response,True
2014-01-04,R1,4000000.0,94.0,synthetic_demo,synthetic reservoir response,True
2014-01-05,R1,4000000.0,94.0,synthetic_demo,synthetic reservoir response,True
2014-01-06,R1,4000000.0,94.0,synthetic_demo,synthetic reservoir response,True
2014-01-07,R1,4000000.0,94.0,synthetic_demo,synthetic reservoir response,True
2014-01-08,R1,4000000.0,94.0,synthetic_demo,synthetic reservoir response,True
2014-01-09,R1,4000000.0,94.0,synthetic_demo,synthetic reservoir response,True
2014-01-10,R1,4000000.0,94.0,synthetic_demo,synthetic reservoir response,True
2014-01-11,R1,4000000.0,94.0,synthetic_demo,synthetic reservoir response,True
2014-01-12,R1,4000000.0,94.0,synthetic_demo,synthetic reservoir response,True
2014-01-13,R1,4000000.0,94.0,synthetic_demo,synthetic reservoir response,True
2014-01-14,R1,4000000.0,94.0,synthetic_demo,synthetic reservoir response,True
2014-01-15,R1,4000000.0,94.0,synthetic_demo,synthetic reservoir response,True
2014-01-16,R1,4000000.0,94.0,synthetic_demo,synthetic reservoir response,True
2014-01-17,R1,4000000.0,94.0,synthetic_demo,synthetic reservoir response,True
2014-01-18,R1,4000000.0,94.0,synthetic_demo,synthetic reservoir response,True
2014-01-19,R1,4000000.0,94.0,synthetic_demo,synthetic reservoir response,True
2014-01-20,R1,4000000.0,94.0,synthetic_demo,synthetic reservoir response,True
2014-01-21,R1,4000000.0,94.0,synthetic_demo,synthetic reservoir response,True
2014-01-22,R1,4000000.0,94.0,synthetic_demo,synthetic reservoir response,True
2014-01-23,R1,4000000.0,94.0,synthetic_demo,synthetic reservoir response,True
2014-01-24,R1,4000000.0,94.0,synthetic_demo,synthetic reservoir response,True
2014-01-25,R1,4000000.0,94.0,synthetic_demo,synthetic reservoir response,True
2014-01-26,R1,4000000.0,94.0,synthetic_demo,synthetic reservoir response,True
2014-01-27,R1,4000000.0,94.0,synthetic_demo,synthetic reservoir response,True
2014-01-28,R1,4000000.0,94.0,synthetic_demo,synthetic reservoir response,True
2014-01-29,R1,4000000.0,94.0,synthetic_demo,synthetic reservoir response,True
2014-01-30,R1,4000000.0,94.0,synthetic_demo,synthetic reservoir response,True
2014-01-31,R1,4000000.0,94.0,synthetic_demo,synthetic reservoir response,True
2014-02-01,R1,4000000.0,94.0,synthetic_demo,synthetic reservoir response,True
2014-02-02,R1,4000000.0,94.0,synthetic_demo,synthetic reservoir response,True
2014-02-03,R1,4000000.0,94.0,synthetic_demo,synthetic reservoir response,True
2014-02-04,R1,4000000.0,94.0,synthetic_demo,synthetic reservoir response,True
2014-02-05,R1,4000000.0,94.0,synthetic_demo,synthetic reservoir response,True
2014-02-06,R1,4000000.0,94.0,synthetic_demo,synthetic reservoir response,True
2014-02-07,R1,4000000.0,94.0,synthetic_demo,synthetic reservoir response,True
2014-02-08,R1,4000000.0,94.0,synthetic_demo,synthetic reservoir response,True
2014-02-09,R1,4000000.0,94.0,synthetic_demo,synthetic reservoir response,True
2014-02-10,R1,4000000.0,94.0,synthetic_demo,synthetic reservoir response,True
2014-02-11,R1,4000000.0,94.0,synthetic_demo,synthetic reservoir response,True
2014-02-12,R1,4000000.0,94.0,synthetic_demo,synthetic reservoir response,True
2014-02-13,R1,4000000.0,94.0,synthetic_demo,synthetic reservoir response,True
2014-02-14,R1,4000000.0,94.0,synthetic_demo,synthetic reservoir response,True
2014-02-15,R1,4000000.0,94.0,synthetic_demo,synthetic reservoir response,True
2014-02-16,R1,4000000.0,94.0,synthetic_demo,synthetic reservoir response,True
2014-02-17,R1,4000000.0,94.0,synthetic_demo,synthetic reservoir response,True
2014-02-18,R1,4000000.0,94.0,synthetic_demo,synthetic reservoir response,True
2014-02-19,R1,4000000.0,94.0,synthetic_demo,synthetic reservoir response,True
2014-02-20,R1,4000000.0,94.0,synthetic_demo,synthetic reservoir response,True
2014-02-21,R1,4000000.0,94.0,synthetic_demo,synthetic reservoir response,True
2014-02-22,R1,4000000.0,94.0,synthetic_demo,synthetic reservoir response,True
2014-02-23,R1,4000000.0,94.0,synthetic_demo,synthetic reservoir response,True
2014-02-24,R1,4000000.0,94.0,synthetic_demo,synthetic reservoir response,True
2014-02-25,R1,4000000.0,94.0,synthetic_demo,synthetic reservoir response,True
2014-02-26,R1,4000000.0,94.0,synthetic_demo,synthetic reservoir response,True
2014-02-27,R1,4000000.0,94.0,synthetic_demo,synthetic reservoir response,True
2014-02-28,R1,4000000.0,94.0,synthetic_demo,synthetic reservoir response,True
2014-03-01,R1,4000000.0,94.0,synthetic_demo,synthetic reservoir response,True
2014-03-02,R1,4000000.0,94.0,synthetic_demo,synthetic reservoir response,True
2014-03-03,R1,4000000.0,94.0,synthetic_demo,synthetic reservoir response,True
2014-03-04,R1,4000000.0,94.0,synthetic_demo,synthetic reservoir response,True
2014-03-05,R1,4000000.0,94.0,synthetic_demo,synthetic reservoir response,True
2014-03-06,R1,4000000.0,94.0,synthetic_demo,synthetic reservoir response,True
2014-03-07,R1,4000000.0,94.0,synthetic_demo,synthetic reservoir response,True
2014-03-08,R1,4000000.0,94.0,synthetic_demo,synthetic reservoir response,True
2014-03-09,R1,4000000.0,94.0,synthetic_demo,synthetic reservoir response,True
2014-03-10,R1,4000000.0,94.0,synthetic_demo,synthetic reservoir response,True
2014-03-11,R1,4000000.0,94.0,synthetic_demo,synthetic reservoir response,True
2014-03-12,R1,4000000.0,94.0,synthetic_demo,synthetic reservoir response,True
2014-03-13,R1,4000000.0,94.0,synthetic_demo,synthetic reservoir response,True
2014-03-14,R1,4000000.0,94.0,synthetic_demo,synthetic reservoir response,True
2014-03-15,R1,4000000.0,94.0,synthetic_demo,synthetic reservoir response,True
2014-03-16,R1,4000000.0,94.0,synthetic_demo,synthetic reservoir response,True
2014-03-17,R1,4000000.0,94.0,synthetic_demo,synthetic reservoir response,True
2014-03-18,R1,4000000.0,94.0,synthetic_demo,synthetic reservoir response,True
2014-03-19,R1,4000000.0,94.0,synthetic_demo,synthetic reservoir response,True
2014-03-20,R1,4000000.0,94.0,synthetic_demo,synthetic reservoir response,True
2014-03-21,R1,4000000.0,94.0,synthetic_demo,synthetic reservoir response,True
2014-03-22,R1,4000000.0,94.0,synthetic_demo,synthetic reservoir response,True
2014-03-23,R1,4000000.0,94.0,synthetic_demo,synthetic reservoir response,True
2014-03-24,R1,4000000.0,94.0,synthetic_demo,synthetic reservoir response,True
2014-03-25,R1,4000000.0,94.0,synthetic_demo,synthetic reservoir response,True
2014-03-26,R1,4000000.0,94.0,synthetic_demo,synthetic reservoir response,True
2014-03-27,R1,4000000.0,94.0,synthetic_demo,synthetic reservoir response,True
2014-03-28,R1,4000000.0,94.0,synthetic_demo,synthetic reservoir response,True
2014-03-29,R1,4000000.0,94.0,synthetic_demo,synthetic reservoir response,True
2014-03-30,R1,4000000.0,94.0,synthetic_demo,synthetic reservoir response,True
2014-03-31,R1,4000000.0,94.0,synthetic_demo,synthetic reservoir response,True
2014-04-01,R1,4000000.0,94.0,synthetic_demo,synthetic reservoir response,True
2014-04-02,R1,4000000.0,94.0,synthetic_demo,synthetic reservoir response,True
2014-04-03,R1,4000000.0,94.0,synthetic_demo,synthetic reservoir response,True
2014-04-04,R1,4000000.0,94.0,synthetic_demo,synthetic reservoir response,True
2014-04-05,R1,4000000.0,94.0,synthetic_demo,synthetic reservoir response,True
2014-04-06,R1,4000000.0,94.0,synthetic_demo,synthetic reservoir response,True
2014-04-07,R1,4000000.0,94.0,synthetic_demo,synthetic reservoir response,True
2014-04-08,R1,4000000.0,94.0,synthetic_demo,synthetic reservoir response,True
2014-04-09,R1,4000000.0,94.0,synthetic_demo,synthetic reservoir response,True
2014-04-10,R1,4000000.0,94.0,synthetic_demo,synthetic reservoir response,True
2014-04-11,R1,4000000.0,94.0,synthetic_demo,synthetic reservoir response,True
2014-04-12,R1,4000000.0,94.0,synthetic_demo,synthetic reservoir response,True
2014-04-13,R1,4000000.0,94.0,synthetic_demo,synthetic reservoir response,True
2014-04-14,R1,4000000.0,94.0,synthetic_demo,synthetic reservoir response,True
2014-04-15,R1,4000000.0,94.0,synthetic_demo,synthetic reservoir response,True
2014-04-16,R1,4000000.0,94.0,synthetic_demo,synthetic reservoir response,True
2014-04-17,R1,4000000.0,94.0,synthetic_demo,synthetic reservoir response,True
2014-04-18,R1,4000000.0,94.0,synthetic_demo,synthetic reservoir response,True
2014-04-19,R1,4000000.0,94.0,synthetic_demo,synthetic reservoir response,True
2014-04-20,R1,4000000.0,94.0,synthetic_demo,synthetic reservoir response,True
2014-04-21,R1,4000000.0,94.0,synthetic_demo,synthetic reservoir response,True
2014-04-22,R1,4000000.0,94.0,synthetic_demo,synthetic reservoir response,True
2014-04-23,R1,4000000.0,94.0,synthetic_demo,synthetic reservoir response,True
2014-04-24,R1,4000000.0,94.0,synthetic_demo,synthetic reservoir response,True
2014-04-25,R1,4000000.0,94.0,synthetic_demo,synthetic reservoir response,True
2014-04-26,R1,4000000.0,94.0,synthetic_demo,synthetic reservoir response,True
2014-04-27,R1,4000000.0,94.0,synthetic_demo,synthetic reservoir response,True
2014-04-28,R1,4000000.0,94.0,synthetic_demo,synthetic reservoir response,True
2014-04-29,R1,4000000.0,94.0,synthetic_demo,synthetic reservoir response,True
2014-04-30,R1,4000000.0,94.0,synthetic_demo,synthetic reservoir response,True
2014-05-01,R1,4000000.0,94.0,synthetic_demo,synthetic reservoir response,True
2014-05-02,R1,4000000.0,94.0,synthetic_demo,synthetic reservoir response,True
2014-05-03,R1,4000000.0,94.0,synthetic_demo,synthetic reservoir response,True
2014-05-04,R1,4000000.0,94.0,synthetic_demo,synthetic reservoir response,True
2014-05-05,R1,4000000.0,94.0,synthetic_demo,synthetic reservoir response,True
2014-05-06,R1,4000000.0,94.0,synthetic_demo,synthetic reservoir response,True
2014-05-07,R1,4000000.0,94.0,synthetic_demo,synthetic reservoir response,True
2014-05-08,R1,4000000.0,94.0,synthetic_demo,synthetic reservoir response,True
2014-05-09,R1,4000000.0,94.0,synthetic_demo,synthetic reservoir response,True
2014-05-10,R1,4000000.0,94.0,synthetic_demo,synthetic reservoir response,True
2014-05-11,R1,4000000.0,94.0,synthetic_demo,synthetic reservoir response,True
2014-05-12,R1,4000000.0,94.0,synthetic_demo,synthetic reservoir response,True
2014-05-13,R1,4000000.0,94.0,synthetic_demo,synthetic reservoir response,True
2014-05-14,R1,4000000.0,94.0,synthetic_demo,synthetic reservoir response,True
2014-05-15,R1,4000000.0,94.0,synthetic_demo,synthetic reservoir response,True
2014-05-16,R1,4000000.0,94.0,synthetic_demo,synthetic reservoir response,True
2014-05-17,R1,4000000.0,94.0,synthetic_demo,synthetic reservoir response,True
2014-05-18,R1,4000000.0,94.0,synthetic_demo,synthetic reservoir response,True
2014-05-19,R1,4000000.0,94.0,synthetic_demo,synthetic reservoir response,True
2014-05-20,R1,4000000.0,94.0,synthetic_demo,synthetic reservoir response,True
2014-05-21,R1,4000000.0,94.0,synthetic_demo,synthetic reservoir response,True
2014-05-22,R1,4000000.0,94.0,synthetic_demo,synthetic reservoir response,True
2014-05-23,R1,4000000.0,94.0,synthetic_demo,synthetic reservoir response,True
2014-05-24,R1,4000000.0,94.0,synthetic_demo,synthetic reservoir response,True
2014-05-25,R1,4000000.0,94.0,synthetic_demo,synthetic reservoir response,True
2014-05-26,R1,4000000.0,94.0,synthetic_demo,synthetic reservoir response,True
2014-05-27,R1,4000000.0,94.0,synthetic_demo,synthetic reservoir response,True
2014-05-28,R1,4000000.0,94.0,synthetic_demo,synthetic reservoir response,True
2014-05-29,R1,4000000.0,94.0,synthetic_demo,synthetic reservoir response,True
2014-05-30,R1,4000000.0,94.0,synthetic_demo,synthetic reservoir response,True
2014-05-31,R1,4000000.0,94.0,synthetic_demo,synthetic reservoir response,True
2014-06-01,R1,4000000.0,94.0,synthetic_demo,synthetic reservoir response,True
2014-06-02,R1,4000000.0,94.0,synthetic_demo,synthetic reservoir response,True
2014-06-03,R1,4000000.0,94.0,synthetic_demo,synthetic reservoir response,True
2014-06-04,R1,4000000.0,94.0,synthetic_demo,synthetic reservoir response,True
2014-06-05,R1,4000000.0,94.0,synthetic_demo,synthetic reservoir response,True
2014-06-06,R1,4000000.0,94.0,synthetic_demo,synthetic reservoir response,True
2014-06-07,R1,4000000.0,94.0,synthetic_demo,synthetic reservoir response,True
2014-06-08,R1,4000000.0,94.0,synthetic_demo,synthetic reservoir response,True
2014-06-09,R1,4000000.0,94.0,synthetic_demo,synthetic reservoir response,True
2014-06-10,R1,4000000.0,94.0,synthetic_demo,synthetic reservoir response,True
2014-06-11,R1,4000000.0,94.0,synthetic_demo,synthetic reservoir response,True
2014-06-12,R1,4000000.0,94.0,synthetic_demo,synthetic reservoir response,True
2014-06-13,R1,4000000.0,94.0,synthetic_demo,synthetic reservoir response,True
2014-06-14,R1,4000000.0,94.0,synthetic_demo,synthetic reservoir response,True
2014-06-15,R1,4000000.0,94.0,synthetic_demo,synthetic reservoir response,True
2014-06-16,R1,4000000.0,94.0,synthetic_demo,synthetic reservoir response,True
2014-06-17,R1,4000000.0,94.0,synthetic_demo,synthetic reservoir response,True
2014-06-18,R1,4000000.0,94.0,synthetic_demo,synthetic reservoir response,True
2014-06-19,R1,4000000.0,94.0,synthetic_demo,synthetic reservoir response,True
2014-06-20,R1,4000000.0,94.0,synthetic_demo,synthetic reservoir response,True
2014-06-21,R1,4000000.0,94.0,synthetic_demo,synthetic reservoir response,True
2014-06-22,R1,4000000.0,94.0,synthetic_demo,synthetic reservoir response,True
2014-06-23,R1,4000000.0,94.0,synthetic_demo,synthetic reservoir response,True
2014-06-24,R1,4000000.0,94.0,synthetic_demo,synthetic reservoir response,True
2014-06-25,R1,4000000.0,94.0,synthetic_demo,synthetic reservoir response,True
2014-06-26,R1,4000000.0,94.0,synthetic_demo,synthetic reservoir response,True
2014-06-27,R1,4000000.0,94.0,synthetic_demo,synthetic reservoir response,True
2014-06-28,R1,4000000.0,94.0,synthetic_demo,synthetic reservoir response,True
2014-06-29,R1,4000000.0,94.0,synthetic_demo,synthetic reservoir response,True
2014-06-30,R1,4000000.0,94.0,synthetic_demo,synthetic reservoir response,True
2014-07-01,R1,4000000.0,94.0,synthetic_demo,synthetic reservoir response,True
2014-07-02,R1,4000000.0,94.0,synthetic_demo,synthetic reservoir response,True
2014-07-03,R1,4000000.0,94.0,synthetic_demo,synthetic reservoir response,True
2014-07-04,R1,4000000.0,94.0,synthetic_demo,synthetic reservoir response,True
2014-07-05,R1,4000000.0,94.0,synthetic_demo,synthetic reservoir response,True
2014-07-06,R1,4000000.0,94.0,synthetic_demo,synthetic reservoir response,True
2014-07-07,R1,4000000.0,94.0,synthetic_demo,synthetic reservoir response,True
2014-07-08,R1,4000000.0,94.0,synthetic_demo,synthetic reservoir response,True
2014-07-09,R1,4000000.0,94.0,synthetic_demo,synthetic reservoir response,True
2014-07-10,R1,4000000.0,94.0,synthetic_demo,synthetic reservoir response,True
2014-07-11,R1,4000000.0,94.0,synthetic_demo,synthetic reservoir response,True
2014-07-12,R1,4000000.0,94.0,synthetic_demo,synthetic reservoir response,True
2014-07-13,R1,4000000.0,94.0,synthetic_demo,synthetic reservoir response,True
2014-07-14,R1,4000000.0,94.0,synthetic_demo,synthetic reservoir response,True
2014-07-15,R1,4000000.0,94.0,synthetic_demo,synthetic reservoir response,True
2014-07-16,R1,4000000.0,94.0,synthetic_demo,synthetic reservoir response,True
2014-07-17,R1,4000000.0,94.0,synthetic_demo,synthetic reservoir response,True
2014-07-18,R1,4000000.0,94.0,synthetic_demo,synthetic reservoir response,True
2014-07-19,R1,4000000.0,94.0,synthetic_demo,synthetic reservoir response,True
2014-07-20,R1,4000000.0,94.0,synthetic_demo,synthetic reservoir response,True
2014-07-21,R1,4000000.0,94.0,synthetic_demo,synthetic reservoir response,True
2014-07-22,R1,4000000.0,94.0,synthetic_demo,synthetic reservoir response,True
2014-07-23,R1,4000000.0,94.0,synthetic_demo,synthetic reservoir response,True
2014-07-24,R1,4000000.0,94.0,synthetic_demo,synthetic reservoir response,True
2014-07-25,R1,4000000.0,94.0,synthetic_demo,synthetic reservoir response,True
2014-07-26,R1,4000000.0,94.0,synthetic_demo,synthetic reservoir response,True
2014-07-27,R1,4000000.0,94.0,synthetic_demo,synthetic reservoir response,True
2014-07-28,R1,4000000.0,94.0,synthetic_demo,synthetic reservoir response,True
2014-07-29,R1,4000000.0,94.0,synthetic_demo,synthetic reservoir response,True
2014-07-30,R1,4000000.0,94.0,synthetic_demo,synthetic reservoir response,True
2014-07-31,R1,4000000.0,94.0,synthetic_demo,synthetic reservoir response,True
2014-08-01,R1,4000000.0,94.0,synthetic_demo,synthetic reservoir response,True
2014-08-02,R1,4000000.0,94.0,synthetic_demo,synthetic reservoir response,True
2014-08-03,R1,4000000.0,94.0,synthetic_demo,synthetic reservoir response,True
2014-08-04,R1,4000000.0,94.0,synthetic_demo,synthetic reservoir response,True
2014-08-05,R1,4000000.0,94.0,synthetic_demo,synthetic reservoir response,True
2014-08-06,R1,4000000.0,94.0,synthetic_demo,synthetic reservoir response,True
2014-08-07,R1,4000000.0,94.0,synthetic_demo,synthetic reservoir response,True
2014-08-08,R1,4000000.0,94.0,synthetic_demo,synthetic reservoir response,True
2014-08-09,R1,4000000.0,94.0,synthetic_demo,synthetic reservoir response,True
2014-08-10,R1,4000000.0,94.0,synthetic_demo,synthetic reservoir response,True
2014-08-11,R1,4000000.0,94.0,synthetic_demo,synthetic reservoir response,True
2014-08-12,R1,4000000.0,94.0,synthetic_demo,synthetic reservoir response,True
2014-08-13,R1,4000000.0,94.0,synthetic_demo,synthetic reservoir response,True
2014-08-14,R1,4000000.0,94.0,synthetic_demo,synthetic reservoir response,True
2014-08-15,R1,4000000.0,94.0,synthetic_demo,synthetic reservoir response,True
2014-08-16,R1,4000000.0,94.0,synthetic_demo,synthetic reservoir response,True
2014-08-17,R1,4000000.0,94.0,synthetic_demo,synthetic reservoir response,True
2014-08-18,R1,4000000.0,94.0,synthetic_demo,synthetic reservoir response,True
2014-08-19,R1,4000000.0,94.0,synthetic_demo,synthetic reservoir response,True
2014-08-20,R1,4000000.0,94.0,synthetic_demo,synthetic reservoir response,True
2014-08-21,R1,4000000.0,94.0,synthetic_demo,synthetic reservoir response,True
2014-08-22,R1,4000000.0,94.0,synthetic_demo,synthetic reservoir response,True
2014-08-23,R1,4000000.0,94.0,synthetic_demo,synthetic reservoir response,True
2014-08-24,R1,4000000.0,94.0,synthetic_demo,synthetic reservoir response,True
2014-08-25,R1,4000000.0,94.0,synthetic_demo,synthetic reservoir response,True
2014-08-26,R1,4000000.0,94.0,synthetic_demo,synthetic reservoir response,True
2014-08-27,R1,4000000.0,94.0,synthetic_demo,synthetic reservoir response,True
2014-08-28,R1,4000000.0,94.0,synthetic_demo,synthetic reservoir response,True
2014-08-29,R1,4000000.0,94.0,synthetic_demo,synthetic reservoir response,True
2014-08-30,R1,4000000.0,94.0,synthetic_demo,synthetic reservoir response,True
2014-08-31,R1,4000000.0,94.0,synthetic_demo,synthetic reservoir response,True
2014-09-01,R1,4000000.0,94.0,synthetic_demo,synthetic reservoir response,True
2014-09-02,R1,4000000.0,94.0,synthetic_demo,synthetic reservoir response,True
2014-09-03,R1,4000000.0,94.0,synthetic_demo,synthetic reservoir response,True
2014-09-04,R1,4000000.0,94.0,synthetic_demo,synthetic reservoir response,True
2014-09-05,R1,4000000.0,94.0,synthetic_demo,synthetic reservoir response,True
2014-09-06,R1,4000000.0,94.0,synthetic_demo,synthetic reservoir response,True
2014-09-07,R1,4000000.0,94.0,synthetic_demo,synthetic reservoir response,True
2014-09-08,R1,4000000.0,94.0,synthetic_demo,synthetic reservoir response,True
2014-09-09,R1,4000000.0,94.0,synthetic_demo,synthetic reservoir response,True
2014-09-10,R1,4000000.0,94.0,synthetic_demo,synthetic reservoir response,True
2014-09-11,R1,4000000.0,94.0,synthetic_demo,synthetic reservoir response,True
2014-09-12,R1,4000000.0,94.0,synthetic_demo,synthetic reservoir response,True
2014-09-13,R1,4000000.0,94.0,synthetic_demo,synthetic reservoir response,True
2014-09-14,R1,4000000.0,94.0,synthetic_demo,synthetic reservoir response,True
2014-09-15,R1,4000000.0,94.0,synthetic_demo,synthetic reservoir response,True
2014-09-16,R1,4000000.0,94.0,synthetic_demo,synthetic reservoir response,True
2014-09-17,R1,4000000.0,94.0,synthetic_demo,synthetic reservoir response,True
2014-09-18,R1,4000000.0,94.0,synthetic_demo,synthetic reservoir response,True
2014-09-19,R1,4000000.0,94.0,synthetic_demo,synthetic reservoir response,True
2014-09-20,R1,4000000.0,94.0,synthetic_demo,synthetic reservoir response,True
2014-09-21,R1,4000000.0,94.0,synthetic_demo,synthetic reservoir response,True
2014-09-22,R1,4000000.0,94.0,synthetic_demo,synthetic reservoir response,True
2014-09-23,R1,4000000.0,94.0,synthetic_demo,synthetic reservoir response,True
2014-09-24,R1,4000000.0,94.0,synthetic_demo,synthetic reservoir response,True
2014-09-25,R1,4000000.0,94.0,synthetic_demo,synthetic reservoir response,True
2014-09-26,R1,4000000.0,94.0,synthetic_demo,synthetic reservoir response,True
2014-09-27,R1,4000000.0,94.0,synthetic_demo,synthetic reservoir response,True
2014-09-28,R1,4000000.0,94.0,synthetic_demo,synthetic reservoir response,True
2014-09-29,R1,4000000.0,94.0,synthetic_demo,synthetic reservoir response,True
2014-09-30,R1,4000000.0,94.0,synthetic_demo,synthetic reservoir response,True
2014-10-01,R1,4000000.0,94.0,synthetic_demo,synthetic reservoir response,True
2014-10-02,R1,4000000.0,94.0,synthetic_demo,synthetic reservoir response,True
2014-10-03,R1,4000000.0,94.0,synthetic_demo,synthetic reservoir response,True
2014-10-04,R1,4000000.0,94.0,synthetic_demo,synthetic reservoir response,True
2014-10-05,R1,4000000.0,94.0,synthetic_demo,synthetic reservoir response,True
2014-10-06,R1,4000000.0,94.0,synthetic_demo,synthetic reservoir response,True
2014-10-07,R1,4000000.0,94.0,synthetic_demo,synthetic reservoir response,True
2014-10-08,R1,4000000.0,94.0,synthetic_demo,synthetic reservoir response,True
2014-10-09,R1,4000000.0,94.0,synthetic_demo,synthetic reservoir response,True
2014-10-10,R1,4000000.0,94.0,synthetic_demo,synthetic reservoir response,True
2014-10-11,R1,4000000.0,94.0,synthetic_demo,synthetic reservoir response,True
2014-10-12,R1,4000000.0,94.0,synthetic_demo,synthetic reservoir response,True
2014-10-13,R1,4000000.0,94.0,synthetic_demo,synthetic reservoir response,True
2014-10-14,R1,4000000.0,94.0,synthetic_demo,synthetic reservoir response,True
2014-10-15,R1,4000000.0,94.0,synthetic_demo,synthetic reservoir response,True
2014-10-16,R1,4000000.0,94.0,synthetic_demo,synthetic reservoir response,True
2014-10-17,R1,4000000.0,94.0,synthetic_demo,synthetic reservoir response,True
2014-10-18,R1,4000000.0,94.0,synthetic_demo,synthetic reservoir response,True
2014-10-19,R1,4000000.0,94.0,synthetic_demo,synthetic reservoir response,True
2014-10-20,R1,4000000.0,94.0,synthetic_demo,synthetic reservoir response,True
2014-10-21,R1,4000000.0,94.0,synthetic_demo,synthetic reservoir response,True
2014-10-22,R1,4000000.0,94.0,synthetic_demo,synthetic reservoir response,True
2014-10-23,R1,4000000.0,94.0,synthetic_demo,synthetic reservoir response,True
2014-10-24,R1,4000000.0,94.0,synthetic_demo,synthetic reservoir response,True
2014-10-25,R1,4000000.0,94.0,synthetic_demo,synthetic reservoir response,True
2014-10-26,R1,4000000.0,94.0,synthetic_demo,synthetic reservoir response,True
2014-10-27,R1,4000000.0,94.0,synthetic_demo,synthetic reservoir response,True
2014-10-28,R1,4000000.0,94.0,synthetic_demo,synthetic reservoir response,True
2014-10-29,R1,4000000.0,94.0,synthetic_demo,synthetic reservoir response,True
2014-10-30,R1,4000000.0,94.0,synthetic_demo,synthetic reservoir response,True
2014-10-31,R1,4000000.0,94.0,synthetic_demo,synthetic reservoir response,True
2014-11-01,R1,4000000.0,94.0,synthetic_demo,synthetic reservoir response,True
2014-11-02,R1,4000000.0,94.0,synthetic_demo,synthetic reservoir response,True
2014-11-03,R1,4000000.0,94.0,synthetic_demo,synthetic reservoir response,True
2014-11-04,R1,4000000.0,94.0,synthetic_demo,synthetic reservoir response,True
2014-11-05,R1,4000000.0,94.0,synthetic_demo,synthetic reservoir response,True
2014-11-06,R1,4000000.0,94.0,synthetic_demo,synthetic reservoir response,True
2014-11-07,R1,4000000.0,94.0,synthetic_demo,synthetic reservoir response,True
2014-11-08,R1,4000000.0,94.0,synthetic_demo,synthetic reservoir response,True
2014-11-09,R1,4000000.0,94.0,synthetic_demo,synthetic reservoir response,True
2014-11-10,R1,4000000.0,94.0,synthetic_demo,synthetic reservoir response,True
2014-11-11,R1,4000000.0,94.0,synthetic_demo,synthetic reservoir response,True
2014-11-12,R1,4000000.0,94.0,synthetic_demo,synthetic reservoir response,True
2014-11-13,R1,4000000.0,94.0,synthetic_demo,synthetic reservoir response,True
2014-11-14,R1,4000000.0,94.0,synthetic_demo,synthetic reservoir response,True
2014-11-15,R1,4000000.0,94.0,synthetic_demo,synthetic reservoir response,True
2014-11-16,R1,4000000.0,94.0,synthetic_demo,synthetic reservoir response,True
2014-11-17,R1,4000000.0,94.0,synthetic_demo,synthetic reservoir response,True
2014-11-18,R1,4000000.0,94.0,synthetic_demo,synthetic reservoir response,True
2014-11-19,R1,4000000.0,94.0,synthetic_demo,synthetic reservoir response,True
2014-11-20,R1,4000000.0,94.0,synthetic_demo,synthetic reservoir response,True
2014-11-21,R1,4000000.0,94.0,synthetic_demo,synthetic reservoir response,True
2014-11-22,R1,4000000.0,94.0,synthetic_demo,synthetic reservoir response,True
2014-11-23,R1,4000000.0,94.0,synthetic_demo,synthetic reservoir response,True
2014-11-24,R1,4000000.0,94.0,synthetic_demo,synthetic reservoir response,True
2014-11-25,R1,4000000.0,94.0,synthetic_demo,synthetic reservoir response,True
2014-11-26,R1,4000000.0,94.0,synthetic_demo,synthetic reservoir response,True
2014-11-27,R1,4000000.0,94.0,synthetic_demo,synthetic reservoir response,True
2014-11-28,R1,4000000.0,94.0,synthetic_demo,synthetic reservoir response,True
2014-11-29,R1,4000000.0,94.0,synthetic_demo,synthetic reservoir response,True
2014-11-30,R1,4000000.0,94.0,synthetic_demo,synthetic reservoir response,True
2014-12-01,R1,4000000.0,94.0,synthetic_demo,synthetic reservoir response,True
2014-12-02,R1,4000000.0,94.0,synthetic_demo,synthetic reservoir response,True
2014-12-03,R1,4000000.0,94.0,synthetic_demo,synthetic reservoir response,True
2014-12-04,R1,4000000.0,94.0,synthetic_demo,synthetic reservoir response,True
2014-12-05,R1,4000000.0,94.0,synthetic_demo,synthetic reservoir response,True
2014-12-06,R1,4000000.0,94.0,synthetic_demo,synthetic reservoir response,True
2014-12-07,R1,4000000.0,94.0,synthetic_demo,synthetic reservoir response,True
2014-12-08,R1,4000000.0,94.0,synthetic_demo,synthetic reservoir response,True
2014-12-09,R1,4000000.0,94.0,synthetic_demo,synthetic reservoir response,True
2014-12-10,R1,4000000.0,94.0,synthetic_demo,synthetic reservoir response,True
2014-12-11,R1,4000000.0,94.0,synthetic_demo,synthetic reservoir response,True
2014-12-12,R1,4000000.0,94.0,synthetic_demo,synthetic reservoir response,True
2014-12-13,R1,4000000.0,94.0,synthetic_demo,synthetic reservoir response,True
2014-12-14,R1,4000000.0,94.0,synthetic_demo,synthetic reservoir response,True
2014-12-15,R1,4000000.0,94.0,synthetic_demo,synthetic reservoir response,True
2014-12-16,R1,4000000.0,94.0,synthetic_demo,synthetic reservoir response,True
2014-12-17,R1,4000000.0,94.0,synthetic_demo,synthetic reservoir response,True
2014-12-18,R1,4000000.0,94.0,synthetic_demo,synthetic reservoir response,True
2014-12-19,R1,4000000.0,94.0,synthetic_demo,synthetic reservoir response,True
2014-12-20,R1,4000000.0,94.0,synthetic_demo,synthetic reservoir response,True
2014-12-21,R1,4000000.0,94.0,synthetic_demo,synthetic reservoir response,True
2014-12-22,R1,4000000.0,94.0,synthetic_demo,synthetic reservoir response,True
2014-12-23,R1,4000000.0,94.0,synthetic_demo,synthetic reservoir response,True
2014-12-24,R1,4000000.0,94.0,synthetic_demo,synthetic reservoir response,True
2014-12-25,R1,4000000.0,94.0,synthetic_demo,synthetic reservoir response,True
2014-12-26,R1,4000000.0,94.0,synthetic_demo,synthetic reservoir response,True
2014-12-27,R1,4000000.0,94.0,synthetic_demo,synthetic reservoir response,True
2014-12-28,R1,4000000.0,94.0,synthetic_demo,synthetic reservoir response,True
2014-12-29,R1,4000000.0,94.0,synthetic_demo,synthetic reservoir response,True
2014-12-30,R1,4000000.0,94.0,synthetic_demo,synthetic reservoir response,True
2014-12-31,R1,4000000.0,94.0,synthetic_demo,synthetic reservoir response,True
2015-01-01,R1,4000000.0,94.0,synthetic_demo,synthetic reservoir response,True
2015-01-02,R1,4000000.0,94.0,synthetic_demo,synthetic reservoir response,True
2015-01-03,R1,4000000.0,94.0,synthetic_demo,synthetic reservoir response,True
2015-01-04,R1,4000000.0,94.0,synthetic_demo,synthetic reservoir response,True
2015-01-05,R1,4000000.0,94.0,synthetic_demo,synthetic reservoir response,True
2015-01-06,R1,4000000.0,94.0,synthetic_demo,synthetic reservoir response,True
2015-01-07,R1,4000000.0,94.0,synthetic_demo,synthetic reservoir response,True
2015-01-08,R1,4000000.0,94.0,synthetic_demo,synthetic reservoir response,True
2015-01-09,R1,4000000.0,94.0,synthetic_demo,synthetic reservoir response,True
2015-01-10,R1,4000000.0,94.0,synthetic_demo,synthetic reservoir response,True
2015-01-11,R1,4000000.0,94.0,synthetic_demo,synthetic reservoir response,True
2015-01-12,R1,4000000.0,94.0,synthetic_demo,synthetic reservoir response,True
2015-01-13,R1,4000000.0,94.0,synthetic_demo,synthetic reservoir response,True
2015-01-14,R1,4000000.0,94.0,synthetic_demo,synthetic reservoir response,True
2015-01-15,R1,4000000.0,94.0,synthetic_demo,synthetic reservoir response,True
2015-01-16,R1,4000000.0,94.0,synthetic_demo,synthetic reservoir response,True
2015-01-17,R1,4000000.0,94.0,synthetic_demo,synthetic reservoir response,True
2015-01-18,R1,4000000.0,94.0,synthetic_demo,synthetic reservoir response,True
2015-01-19,R1,4000000.0,94.0,synthetic_demo,synthetic reservoir response,True
2015-01-20,R1,4000000.0,94.0,synthetic_demo,synthetic reservoir response,True
2015-01-21,R1,4000000.0,94.0,synthetic_demo,synthetic reservoir response,True
2015-01-22,R1,4000000.0,94.0,synthetic_demo,synthetic reservoir response,True
2015-01-23,R1,4000000.0,94.0,synthetic_demo,synthetic reservoir response,True
2015-01-24,R1,4000000.0,94.0,synthetic_demo,synthetic reservoir response,True
2015-01-25,R1,4000000.0,94.0,synthetic_demo,synthetic reservoir response,True
2015-01-26,R1,4000000.0,94.0,synthetic_demo,synthetic reservoir response,True
2015-01-27,R1,4000000.0,94.0,synthetic_demo,synthetic reservoir response,True
2015-01-28,R1,4000000.0,94.0,synthetic_demo,synthetic reservoir response,True
2015-01-29,R1,4000000.0,94.0,synthetic_demo,synthetic reservoir response,True
2015-01-30,R1,4000000.0,94.0,synthetic_demo,synthetic reservoir response,True
2015-01-31,R1,4000000.0,94.0,synthetic_demo,synthetic reservoir response,True
2015-02-01,R1,4000000.0,94.0,synthetic_demo,synthetic reservoir response,True
2015-02-02,R1,4000000.0,94.0,synthetic_demo,synthetic reservoir response,True
2015-02-03,R1,4000000.0,94.0,synthetic_demo,synthetic reservoir response,True
2015-02-04,R1,4000000.0,94.0,synthetic_demo,synthetic reservoir response,True
2015-02-05,R1,4000000.0,94.0,synthetic_demo,synthetic reservoir response,True
2015-02-06,R1,4000000.0,94.0,synthetic_demo,synthetic reservoir response,True
2015-02-07,R1,4000000.0,94.0,synthetic_demo,synthetic reservoir response,True
2015-02-08,R1,4000000.0,94.0,synthetic_demo,synthetic reservoir response,True
2015-02-09,R1,4000000.0,94.0,synthetic_demo,synthetic reservoir response,True
2015-02-10,R1,4000000.0,94.0,synthetic_demo,synthetic reservoir response,True
2015-02-11,R1,4000000.0,94.0,synthetic_demo,synthetic reservoir response,True
2015-02-12,R1,4000000.0,94.0,synthetic_demo,synthetic reservoir response,True
2015-02-13,R1,4000000.0,94.0,synthetic_demo,synthetic reservoir response,True
2015-02-14,R1,4000000.0,94.0,synthetic_demo,synthetic reservoir response,True
2015-02-15,R1,4000000.0,94.0,synthetic_demo,synthetic reservoir response,True
2015-02-16,R1,4000000.0,94.0,synthetic_demo,synthetic reservoir response,True
2015-02-17,R1,4000000.0,94.0,synthetic_demo,synthetic reservoir response,True
2015-02-18,R1,4000000.0,94.0,synthetic_demo,synthetic reservoir response,True
2015-02-19,R1,4000000.0,94.0,synthetic_demo,synthetic reservoir response,True
2015-02-20,R1,4000000.0,94.0,synthetic_demo,synthetic reservoir response,True
2015-02-21,R1,4000000.0,94.0,synthetic_demo,synthetic reservoir response,True
2015-02-22,R1,4000000.0,94.0,synthetic_demo,synthetic reservoir response,True
2015-02-23,R1,4000000.0,94.0,synthetic_demo,synthetic reservoir response,True
2015-02-24,R1,4000000.0,94.0,synthetic_demo,synthetic reservoir response,True
2015-02-25,R1,4000000.0,94.0,synthetic_demo,synthetic reservoir response,True
2015-02-26,R1,4000000.0,94.0,synthetic_demo,synthetic reservoir response,True
2015-02-27,R1,4000000.0,94.0,synthetic_demo,synthetic reservoir response,True
2015-02-28,R1,4000000.0,94.0,synthetic_demo,synthetic reservoir response,True
2015-03-01,R1,4000000.0,94.0,synthetic_demo,synthetic reservoir response,True
2015-03-02,R1,4000000.0,94.0,synthetic_demo,synthetic reservoir response,True
2015-03-03,R1,4000000.0,94.0,synthetic_demo,synthetic reservoir response,True
2015-03-04,R1,4000000.0,94.0,synthetic_demo,synthetic reservoir response,True
2015-03-05,R1,4000000.0,94.0,synthetic_demo,synthetic reservoir response,True
2015-03-06,R1,4000000.0,94.0,synthetic_demo,synthetic reservoir response,True
2015-03-07,R1,4000000.0,94.0,synthetic_demo,synthetic reservoir response,True
2015-03-08,R1,4000000.0,94.0,synthetic_demo,synthetic reservoir response,True
2015-03-09,R1,4000000.0,94.0,synthetic_demo,synthetic reservoir response,True
2015-03-10,R1,4000000.0,94.0,synthetic_demo,synthetic reservoir response,True
2015-03-11,R1,4000000.0,94.0,synthetic_demo,synthetic reservoir response,True
2015-03-12,R1,4000000.0,94.0,synthetic_demo,synthetic reservoir response,True
2015-03-13,R1,4000000.0,94.0,synthetic_demo,synthetic reservoir response,True
2015-03-14,R1,4000000.0,94.0,synthetic_demo,synthetic reservoir response,True
2015-03-15,R1,4000000.0,94.0,synthetic_demo,synthetic reservoir response,True
2015-03-16,R1,4000000.0,94.0,synthetic_demo,synthetic reservoir response,True
2015-03-17,R1,4000000.0,94.0,synthetic_demo,synthetic reservoir response,True
2015-03-18,R1,4000000.0,94.0,synthetic_demo,synthetic reservoir response,True
2015-03-19,R1,4000000.0,94.0,synthetic_demo,synthetic reservoir response,True
2015-03-20,R1,4000000.0,94.0,synthetic_demo,synthetic reservoir response,True
2015-03-21,R1,4000000.0,94.0,synthetic_demo,synthetic reservoir response,True
2015-03-22,R1,4000000.0,94.0,synthetic_demo,synthetic reservoir response,True
2015-03-23,R1,4000000.0,94.0,synthetic_demo,synthetic reservoir response,True
2015-03-24,R1,4000000.0,94.0,synthetic_demo,synthetic reservoir response,True
2015-03-25,R1,4000000.0,94.0,synthetic_demo,synthetic reservoir response,True
2015-03-26,R1,4000000.0,94.0,synthetic_demo,synthetic reservoir response,True
2015-03-27,R1,4000000.0,94.0,synthetic_demo,synthetic reservoir response,True
2015-03-28,R1,4000000.0,94.0,synthetic_demo,synthetic reservoir response,True
2015-03-29,R1,4000000.0,94.0,synthetic_demo,synthetic reservoir response,True
2015-03-30,R1,4000000.0,94.0,synthetic_demo,synthetic reservoir response,True
2015-03-31,R1,4000000.0,94.0,synthetic_demo,synthetic reservoir response,True
2015-04-01,R1,4000000.0,94.0,synthetic_demo,synthetic reservoir response,True
2015-04-02,R1,4000000.0,94.0,synthetic_demo,synthetic reservoir response,True
2015-04-03,R1,4000000.0,94.0,synthetic_demo,synthetic reservoir response,True
2015-04-04,R1,4000000.0,94.0,synthetic_demo,synthetic reservoir response,True
2015-04-05,R1,4000000.0,94.0,synthetic_demo,synthetic reservoir response,True
2015-04-06,R1,4000000.0,94.0,synthetic_demo,synthetic reservoir response,True
2015-04-07,R1,4000000.0,94.0,synthetic_demo,synthetic reservoir response,True
2015-04-08,R1,4000000.0,94.0,synthetic_demo,synthetic reservoir response,True
2015-04-09,R1,4000000.0,94.0,synthetic_demo,synthetic reservoir response,True
2015-04-10,R1,4000000.0,94.0,synthetic_demo,synthetic reservoir response,True
2015-04-11,R1,4000000.0,94.0,synthetic_demo,synthetic reservoir response,True
2015-04-12,R1,4000000.0,94.0,synthetic_demo,synthetic reservoir response,True
2015-04-13,R1,4000000.0,94.0,synthetic_demo,synthetic reservoir response,True
2015-04-14,R1,4000000.0,94.0,synthetic_demo,synthetic reservoir response,True
2015-04-15,R1,4000000.0,94.0,synthetic_demo,synthetic reservoir response,True
2015-04-16,R1,4000000.0,94.0,synthetic_demo,synthetic reservoir response,True
2015-04-17,R1,4000000.0,94.0,synthetic_demo,synthetic reservoir response,True
2015-04-18,R1,4000000.0,94.0,synthetic_demo,synthetic reservoir response,True
2015-04-19,R1,4000000.0,94.0,synthetic_demo,synthetic reservoir response,True
2015-04-20,R1,4000000.0,94.0,synthetic_demo,synthetic reservoir response,True
2015-04-21,R1,4000000.0,94.0,synthetic_demo,synthetic reservoir response,True
2015-04-22,R1,4000000.0,94.0,synthetic_demo,synthetic reservoir response,True
2015-04-23,R1,4000000.0,94.0,synthetic_demo,synthetic reservoir response,True
2015-04-24,R1,4000000.0,94.0,synthetic_demo,synthetic reservoir response,True
2015-04-25,R1,4000000.0,94.0,synthetic_demo,synthetic reservoir response,True
2015-04-26,R1,4000000.0,94.0,synthetic_demo,synthetic reservoir response,True
2015-04-27,R1,4000000.0,94.0,synthetic_demo,synthetic reservoir response,True
2015-04-28,R1,4000000.0,94.0,synthetic_demo,synthetic reservoir response,True
2015-04-29,R1,4000000.0,94.0,synthetic_demo,synthetic reservoir response,True
2015-04-30,R1,4000000.0,94.0,synthetic_demo,synthetic reservoir response,True
2015-05-01,R1,4000000.0,94.0,synthetic_demo,synthetic reservoir response,True
2015-05-02,R1,4000000.0,94.0,synthetic_demo,synthetic reservoir response,True
2015-05-03,R1,4000000.0,94.0,synthetic_demo,synthetic reservoir response,True
2015-05-04,R1,4000000.0,94.0,synthetic_demo,synthetic reservoir response,True
2015-05-05,R1,4000000.0,94.0,synthetic_demo,synthetic reservoir response,True
2015-05-06,R1,4000000.0,94.0,synthetic_demo,synthetic reservoir response,True
2015-05-07,R1,4000000.0,94.0,synthetic_demo,synthetic reservoir response,True
2015-05-08,R1,4000000.0,94.0,synthetic_demo,synthetic reservoir response,True
2015-05-09,R1,4000000.0,94.0,synthetic_demo,synthetic reservoir response,True
2015-05-10,R1,4000000.0,94.0,synthetic_demo,synthetic reservoir response,True
2015-05-11,R1,4000000.0,94.0,synthetic_demo,synthetic reservoir response,True
2015-05-12,R1,4000000.0,94.0,synthetic_demo,synthetic reservoir response,True
2015-05-13,R1,4000000.0,94.0,synthetic_demo,synthetic reservoir response,True
2015-05-14,R1,4000000.0,94.0,synthetic_demo,synthetic reservoir response,True
2015-05-15,R1,4000000.0,94.0,synthetic_demo,synthetic reservoir response,True
2015-05-16,R1,4000000.0,94.0,synthetic_demo,synthetic reservoir response,True
2015-05-17,R1,4000000.0,94.0,synthetic_demo,synthetic reservoir response,True
2015-05-18,R1,4000000.0,94.0,synthetic_demo,synthetic reservoir response,True
2015-05-19,R1,4000000.0,94.0,synthetic_demo,synthetic reservoir response,True
2015-05-20,R1,4000000.0,94.0,synthetic_demo,synthetic reservoir response,True
2015-05-21,R1,4000000.0,94.0,synthetic_demo,synthetic reservoir response,True
2015-05-22,R1,4000000.0,94.0,synthetic_demo,synthetic reservoir response,True
2015-05-23,R1,4000000.0,94.0,synthetic_demo,synthetic reservoir response,True
2015-05-24,R1,4000000.0,94.0,synthetic_demo,synthetic reservoir response,True
2015-05-25,R1,4000000.0,94.0,synthetic_demo,synthetic reservoir response,True
2015-05-26,R1,4000000.0,94.0,synthetic_demo,synthetic reservoir response,True
2015-05-27,R1,4000000.0,94.0,synthetic_demo,synthetic reservoir response,True
2015-05-28,R1,4000000.0,94.0,synthetic_demo,synthetic reservoir response,True
2015-05-29,R1,4000000.0,94.0,synthetic_demo,synthetic reservoir response,True
2015-05-30,R1,4000000.0,94.0,synthetic_demo,synthetic reservoir response,True
2015-05-31,R1,4000000.0,94.0,synthetic_demo,synthetic reservoir response,True
2015-06-01,R1,4000000.0,94.0,synthetic_demo,synthetic reservoir response,True
2015-06-02,R1,4000000.0,94.0,synthetic_demo,synthetic reservoir response,True
2015-06-03,R1,4000000.0,94.0,synthetic_demo,synthetic reservoir response,True
2015-06-04,R1,4000000.0,94.0,synthetic_demo,synthetic reservoir response,True
2015-06-05,R1,4000000.0,94.0,synthetic_demo,synthetic reservoir response,True
2015-06-06,R1,4000000.0,94.0,synthetic_demo,synthetic reservoir response,True
2015-06-07,R1,4000000.0,94.0,synthetic_demo,synthetic reservoir response,True
2015-06-08,R1,4000000.0,94.0,synthetic_demo,synthetic reservoir response,True
2015-06-09,R1,4000000.0,94.0,synthetic_demo,synthetic reservoir response,True
2015-06-10,R1,4000000.0,94.0,synthetic_demo,synthetic reservoir response,True
2015-06-11,R1,4000000.0,94.0,synthetic_demo,synthetic reservoir response,True
2015-06-12,R1,4000000.0,94.0,synthetic_demo,synthetic reservoir response,True
2015-06-13,R1,4000000.0,94.0,synthetic_demo,synthetic reservoir response,True
2015-06-14,R1,4000000.0,94.0,synthetic_demo,synthetic reservoir response,True
2015-06-15,R1,4000000.0,94.0,synthetic_demo,synthetic reservoir response,True
2015-06-16,R1,4000000.0,94.0,synthetic_demo,synthetic reservoir response,True
2015-06-17,R1,4000000.0,94.0,synthetic_demo,synthetic reservoir response,True
2015-06-18,R1,4000000.0,94.0,synthetic_demo,synthetic reservoir response,True
2015-06-19,R1,4000000.0,94.0,synthetic_demo,synthetic reservoir response,True
2015-06-20,R1,4000000.0,94.0,synthetic_demo,synthetic reservoir response,True
2015-06-21,R1,4000000.0,94.0,synthetic_demo,synthetic reservoir response,True
2015-06-22,R1,4000000.0,94.0,synthetic_demo,synthetic reservoir response,True
2015-06-23,R1,4000000.0,94.0,synthetic_demo,synthetic reservoir response,True
2015-06-24,R1,4000000.0,94.0,synthetic_demo,synthetic reservoir response,True
2015-06-25,R1,4000000.0,94.0,synthetic_demo,synthetic reservoir response,True
2015-06-26,R1,4000000.0,94.0,synthetic_demo,synthetic reservoir response,True
2015-06-27,R1,4000000.0,94.0,synthetic_demo,synthetic reservoir response,True
2015-06-28,R1,4000000.0,94.0,synthetic_demo,synthetic reservoir response,True
2015-06-29,R1,4000000.0,94.0,synthetic_demo,synthetic reservoir response,True
2015-06-30,R1,4000000.0,94.0,synthetic_demo,synthetic reservoir response,True
2015-07-01,R1,4000000.0,94.0,synthetic_demo,synthetic reservoir response,True
2015-07-02,R1,4000000.0,94.0,synthetic_demo,synthetic reservoir response,True
2015-07-03,R1,4000000.0,94.0,synthetic_demo,synthetic reservoir response,True
2015-07-04,R1,4000000.0,94.0,synthetic_demo,synthetic reservoir response,True
2015-07-05,R1,4000000.0,94.0,synthetic_demo,synthetic reservoir response,True
2015-07-06,R1,4000000.0,94.0,synthetic_demo,synthetic reservoir response,True
2015-07-07,R1,4000000.0,94.0,synthetic_demo,synthetic reservoir response,True
2015-07-08,R1,4000000.0,94.0,synthetic_demo,synthetic reservoir response,True
2015-07-09,R1,4000000.0,94.0,synthetic_demo,synthetic reservoir response,True
2015-07-10,R1,4000000.0,94.0,synthetic_demo,synthetic reservoir response,True
2015-07-11,R1,4000000.0,94.0,synthetic_demo,synthetic reservoir response,True
2015-07-12,R1,4000000.0,94.0,synthetic_demo,synthetic reservoir response,True
2015-07-13,R1,4000000.0,94.0,synthetic_demo,synthetic reservoir response,True
2015-07-14,R1,4000000.0,94.0,synthetic_demo,synthetic reservoir response,True
2015-07-15,R1,4000000.0,94.0,synthetic_demo,synthetic reservoir response,True
2015-07-16,R1,4000000.0,94.0,synthetic_demo,synthetic reservoir response,True
2015-07-17,R1,4000000.0,94.0,synthetic_demo,synthetic reservoir response,True
2015-07-18,R1,4000000.0,94.0,synthetic_demo,synthetic reservoir response,True
2015-07-19,R1,4000000.0,94.0,synthetic_demo,synthetic reservoir response,True
2015-07-20,R1,4000000.0,94.0,synthetic_demo,synthetic reservoir response,True
2015-07-21,R1,4000000.0,94.0,synthetic_demo,synthetic reservoir response,True
2015-07-22,R1,4000000.0,94.0,synthetic_demo,synthetic reservoir response,True
2015-07-23,R1,4000000.0,94.0,synthetic_demo,synthetic reservoir response,True
2015-07-24,R1,4000000.0,94.0,synthetic_demo,synthetic reservoir response,True
2015-07-25,R1,4000000.0,94.0,synthetic_demo,synthetic reservoir response,True
2015-07-26,R1,4000000.0,94.0,synthetic_demo,synthetic reservoir response,True
2015-07-27,R1,4000000.0,94.0,synthetic_demo,synthetic reservoir response,True
2015-07-28,R1,4000000.0,94.0,synthetic_demo,synthetic reservoir response,True
2015-07-29,R1,4000000.0,94.0,synthetic_demo,synthetic reservoir response,True
2015-07-30,R1,4000000.0,94.0,synthetic_demo,synthetic reservoir response,True
2015-07-31,R1,4000000.0,94.0,synthetic_demo,synthetic reservoir response,True
2015-08-01,R1,4000000.0,94.0,synthetic_demo,synthetic reservoir response,True
2015-08-02,R1,4000000.0,94.0,synthetic_demo,synthetic reservoir response,True
2015-08-03,R1,4000000.0,94.0,synthetic_demo,synthetic reservoir response,True
2015-08-04,R1,4000000.0,94.0,synthetic_demo,synthetic reservoir response,True
2015-08-05,R1,4000000.0,94.0,synthetic_demo,synthetic reservoir response,True
2015-08-06,R1,4000000.0,94.0,synthetic_demo,synthetic reservoir response,True
2015-08-07,R1,4000000.0,94.0,synthetic_demo,synthetic reservoir response,True
2015-08-08,R1,4000000.0,94.0,synthetic_demo,synthetic reservoir response,True
2015-08-09,R1,4000000.0,94.0,synthetic_demo,synthetic reservoir response,True
2015-08-10,R1,4000000.0,94.0,synthetic_demo,synthetic reservoir response,True
2015-08-11,R1,4000000.0,94.0,synthetic_demo,synthetic reservoir response,True
2015-08-12,R1,4000000.0,94.0,synthetic_demo,synthetic reservoir response,True
2015-08-13,R1,4000000.0,94.0,synthetic_demo,synthetic reservoir response,True
2015-08-14,R1,4000000.0,94.0,synthetic_demo,synthetic reservoir response,True
2015-08-15,R1,4000000.0,94.0,synthetic_demo,synthetic reservoir response,True
2015-08-16,R1,4000000.0,94.0,synthetic_demo,synthetic reservoir response,True
2015-08-17,R1,4000000.0,94.0,synthetic_demo,synthetic reservoir response,True
2015-08-18,R1,4000000.0,94.0,synthetic_demo,synthetic reservoir response,True
2015-08-19,R1,4000000.0,94.0,synthetic_demo,synthetic reservoir response,True
2015-08-20,R1,4000000.0,94.0,synthetic_demo,synthetic reservoir response,True
2015-08-21,R1,4000000.0,94.0,synthetic_demo,synthetic reservoir response,True
2015-08-22,R1,4000000.0,94.0,synthetic_demo,synthetic reservoir response,True
2015-08-23,R1,4000000.0,94.0,synthetic_demo,synthetic reservoir response,True
2015-08-24,R1,4000000.0,94.0,synthetic_demo,synthetic reservoir response,True
2015-08-25,R1,4000000.0,94.0,synthetic_demo,synthetic reservoir response,True
2015-08-26,R1,4000000.0,94.0,synthetic_demo,synthetic reservoir response,True
2015-08-27,R1,4000000.0,94.0,synthetic_demo,synthetic reservoir response,True
2015-08-28,R1,4000000.0,94.0,synthetic_demo,synthetic reservoir response,True
2015-08-29,R1,4000000.0,94.0,synthetic_demo,synthetic reservoir response,True
2015-08-30,R1,4000000.0,94.0,synthetic_demo,synthetic reservoir response,True
2015-08-31,R1,4000000.0,94.0,synthetic_demo,synthetic reservoir response,True
2015-09-01,R1,4000000.0,94.0,synthetic_demo,synthetic reservoir response,True
2015-09-02,R1,4000000.0,94.0,synthetic_demo,synthetic reservoir response,True
2015-09-03,R1,4000000.0,94.0,synthetic_demo,synthetic reservoir response,True
2015-09-04,R1,4000000.0,94.0,synthetic_demo,synthetic reservoir response,True
2015-09-05,R1,4000000.0,94.0,synthetic_demo,synthetic reservoir response,True
2015-09-06,R1,4000000.0,94.0,synthetic_demo,synthetic reservoir response,True
2015-09-07,R1,4000000.0,94.0,synthetic_demo,synthetic reservoir response,True
2015-09-08,R1,4000000.0,94.0,synthetic_demo,synthetic reservoir response,True
2015-09-09,R1,4000000.0,94.0,synthetic_demo,synthetic reservoir response,True
2015-09-10,R1,4000000.0,94.0,synthetic_demo,synthetic reservoir response,True
2015-09-11,R1,4000000.0,94.0,synthetic_demo,synthetic reservoir response,True
2015-09-12,R1,4000000.0,94.0,synthetic_demo,synthetic reservoir response,True
2015-09-13,R1,4000000.0,94.0,synthetic_demo,synthetic reservoir response,True
2015-09-14,R1,4000000.0,94.0,synthetic_demo,synthetic reservoir response,True
2015-09-15,R1,4000000.0,94.0,synthetic_demo,synthetic reservoir response,True
2015-09-16,R1,4000000.0,94.0,synthetic_demo,synthetic reservoir response,True
2015-09-17,R1,4000000.0,94.0,synthetic_demo,synthetic reservoir response,True
2015-09-18,R1,4000000.0,94.0,synthetic_demo,synthetic reservoir response,True
2015-09-19,R1,4000000.0,94.0,synthetic_demo,synthetic reservoir response,True
2015-09-20,R1,4000000.0,94.0,synthetic_demo,synthetic reservoir response,True
2015-09-21,R1,4000000.0,94.0,synthetic_demo,synthetic reservoir response,True
2015-09-22,R1,4000000.0,94.0,synthetic_demo,synthetic reservoir response,True
2015-09-23,R1,4000000.0,94.0,synthetic_demo,synthetic reservoir response,True
2015-09-24,R1,4000000.0,94.0,synthetic_demo,synthetic reservoir response,True
2015-09-25,R1,4000000.0,94.0,synthetic_demo,synthetic reservoir response,True
2015-09-26,R1,4000000.0,94.0,synthetic_demo,synthetic reservoir response,True
2015-09-27,R1,4000000.0,94.0,synthetic_demo,synthetic reservoir response,True
2015-09-28,R1,4000000.0,94.0,synthetic_demo,synthetic reservoir response,True
2015-09-29,R1,4000000.0,94.0,synthetic_demo,synthetic reservoir response,True
2015-09-30,R1,4000000.0,94.0,synthetic_demo,synthetic reservoir response,True
2015-10-01,R1,4000000.0,94.0,synthetic_demo,synthetic reservoir response,True
2015-10-02,R1,4000000.0,94.0,synthetic_demo,synthetic reservoir response,True
2015-10-03,R1,4000000.0,94.0,synthetic_demo,synthetic reservoir response,True
2015-10-04,R1,4000000.0,94.0,synthetic_demo,synthetic reservoir response,True
2015-10-05,R1,4000000.0,94.0,synthetic_demo,synthetic reservoir response,True
2015-10-06,R1,4000000.0,94.0,synthetic_demo,synthetic reservoir response,True
2015-10-07,R1,4000000.0,94.0,synthetic_demo,synthetic reservoir response,True
2015-10-08,R1,4000000.0,94.0,synthetic_demo,synthetic reservoir response,True
2015-10-09,R1,4000000.0,94.0,synthetic_demo,synthetic reservoir response,True
2015-10-10,R1,4000000.0,94.0,synthetic_demo,synthetic reservoir response,True
2015-10-11,R1,4000000.0,94.0,synthetic_demo,synthetic reservoir response,True
2015-10-12,R1,4000000.0,94.0,synthetic_demo,synthetic reservoir response,True
2015-10-13,R1,4000000.0,94.0,synthetic_demo,synthetic reservoir response,True
2015-10-14,R1,4000000.0,94.0,synthetic_demo,synthetic reservoir response,True
2015-10-15,R1,4000000.0,94.0,synthetic_demo,synthetic reservoir response,True
2015-10-16,R1,4000000.0,94.0,synthetic_demo,synthetic reservoir response,True
2015-10-17,R1,4000000.0,94.0,synthetic_demo,synthetic reservoir response,True
2015-10-18,R1,4000000.0,94.0,synthetic_demo,synthetic reservoir response,True
2015-10-19,R1,4000000.0,94.0,synthetic_demo,synthetic reservoir response,True
2015-10-20,R1,4000000.0,94.0,synthetic_demo,synthetic reservoir response,True
2015-10-21,R1,4000000.0,94.0,synthetic_demo,synthetic reservoir response,True
2015-10-22,R1,4000000.0,94.0,synthetic_demo,synthetic reservoir response,True
2015-10-23,R1,4000000.0,94.0,synthetic_demo,synthetic reservoir response,True
2015-10-24,R1,4000000.0,94.0,synthetic_demo,synthetic reservoir response,True
2015-10-25,R1,4000000.0,94.0,synthetic_demo,synthetic reservoir response,True
2015-10-26,R1,4000000.0,94.0,synthetic_demo,synthetic reservoir response,True
2015-10-27,R1,4000000.0,94.0,synthetic_demo,synthetic reservoir response,True
2015-10-28,R1,4000000.0,94.0,synthetic_demo,synthetic reservoir response,True
2015-10-29,R1,4000000.0,94.0,synthetic_demo,synthetic reservoir response,True
2015-10-30,R1,4000000.0,94.0,synthetic_demo,synthetic reservoir response,True
2015-10-31,R1,4000000.0,94.0,synthetic_demo,synthetic reservoir response,True
2015-11-01,R1,4000000.0,94.0,synthetic_demo,synthetic reservoir response,True
2015-11-02,R1,4000000.0,94.0,synthetic_demo,synthetic reservoir response,True
2015-11-03,R1,4000000.0,94.0,synthetic_demo,synthetic reservoir response,True
2015-11-04,R1,4000000.0,94.0,synthetic_demo,synthetic reservoir response,True
2015-11-05,R1,4000000.0,94.0,synthetic_demo,synthetic reservoir response,True
2015-11-06,R1,4000000.0,94.0,synthetic_demo,synthetic reservoir response,True
2015-11-07,R1,4000000.0,94.0,synthetic_demo,synthetic reservoir response,True
2015-11-08,R1,4000000.0,94.0,synthetic_demo,synthetic reservoir response,True
2015-11-09,R1,4000000.0,94.0,synthetic_demo,synthetic reservoir response,True
2015-11-10,R1,4000000.0,94.0,synthetic_demo,synthetic reservoir response,True
2015-11-11,R1,4000000.0,94.0,synthetic_demo,synthetic reservoir response,True
2015-11-12,R1,4000000.0,94.0,synthetic_demo,synthetic reservoir response,True
2015-11-13,R1,4000000.0,94.0,synthetic_demo,synthetic reservoir response,True
2015-11-14,R1,4000000.0,94.0,synthetic_demo,synthetic reservoir response,True
2015-11-15,R1,4000000.0,94.0,synthetic_demo,synthetic reservoir response,True
2015-11-16,R1,4000000.0,94.0,synthetic_demo,synthetic reservoir response,True
2015-11-17,R1,4000000.0,94.0,synthetic_demo,synthetic reservoir response,True
2015-11-18,R1,4000000.0,94.0,synthetic_demo,synthetic reservoir response,True
2015-11-19,R1,4000000.0,94.0,synthetic_demo,synthetic reservoir response,True
2015-11-20,R1,4000000.0,94.0,synthetic_demo,synthetic reservoir response,True
2015-11-21,R1,4000000.0,94.0,synthetic_demo,synthetic reservoir response,True
2015-11-22,R1,4000000.0,94.0,synthetic_demo,synthetic reservoir response,True
2015-11-23,R1,4000000.0,94.0,synthetic_demo,synthetic reservoir response,True
2015-11-24,R1,4000000.0,94.0,synthetic_demo,synthetic reservoir response,True
2015-11-25,R1,4000000.0,94.0,synthetic_demo,synthetic reservoir response,True
2015-11-26,R1,4000000.0,94.0,synthetic_demo,synthetic reservoir response,True
2015-11-27,R1,4000000.0,94.0,synthetic_demo,synthetic reservoir response,True
2015-11-28,R1,4000000.0,94.0,synthetic_demo,synthetic reservoir response,True
2015-11-29,R1,4000000.0,94.0,synthetic_demo,synthetic reservoir response,True
2015-11-30,R1,4000000.0,94.0,synthetic_demo,synthetic reservoir response,True
2015-12-01,R1,4000000.0,94.0,synthetic_demo,synthetic reservoir response,True
2015-12-02,R1,4000000.0,94.0,synthetic_demo,synthetic reservoir response,True
2015-12-03,R1,4000000.0,94.0,synthetic_demo,synthetic reservoir response,True
2015-12-04,R1,4000000.0,94.0,synthetic_demo,synthetic reservoir response,True
2015-12-05,R1,4000000.0,94.0,synthetic_demo,synthetic reservoir response,True
2015-12-06,R1,4000000.0,94.0,synthetic_demo,synthetic reservoir response,True
2015-12-07,R1,4000000.0,94.0,synthetic_demo,synthetic reservoir response,True
2015-12-08,R1,4000000.0,94.0,synthetic_demo,synthetic reservoir response,True
2015-12-09,R1,4000000.0,94.0,synthetic_demo,synthetic reservoir response,True
2015-12-10,R1,4000000.0,94.0,synthetic_demo,synthetic reservoir response,True
2015-12-11,R1,4000000.0,94.0,synthetic_demo,synthetic reservoir response,True
2015-12-12,R1,4000000.0,94.0,synthetic_demo,synthetic reservoir response,True
2015-12-13,R1,4000000.0,94.0,synthetic_demo,synthetic reservoir response,True
2015-12-14,R1,4000000.0,94.0,synthetic_demo,synthetic reservoir response,True
2015-12-15,R1,4000000.0,94.0,synthetic_demo,synthetic reservoir response,True
2015-12-16,R1,4000000.0,94.0,synthetic_demo,synthetic reservoir response,True
2015-12-17,R1,4000000.0,94.0,synthetic_demo,synthetic reservoir response,True
2015-12-18,R1,4000000.0,94.0,synthetic_demo,synthetic reservoir response,True
2015-12-19,R1,4000000.0,94.0,synthetic_demo,synthetic reservoir response,True
2015-12-20,R1,4000000.0,94.0,synthetic_demo,synthetic reservoir response,True
2015-12-21,R1,4000000.0,94.0,synthetic_demo,synthetic reservoir response,True
2015-12-22,R1,4000000.0,94.0,synthetic_demo,synthetic reservoir response,True
2015-12-23,R1,4000000.0,94.0,synthetic_demo,synthetic reservoir response,True
2015-12-24,R1,4000000.0,94.0,synthetic_demo,synthetic reservoir response,True
2015-12-25,R1,4000000.0,94.0,synthetic_demo,synthetic reservoir response,True
2015-12-26,R1,4000000.0,94.0,synthetic_demo,synthetic reservoir response,True
2015-12-27,R1,4000000.0,94.0,synthetic_demo,synthetic reservoir response,True
2015-12-28,R1,4000000.0,94.0,synthetic_demo,synthetic reservoir response,True
2015-12-29,R1,4000000.0,94.0,synthetic_demo,synthetic reservoir response,True
2015-12-30,R1,4000000.0,94.0,synthetic_demo,synthetic reservoir response,True
2015-12-31,R1,4000000.0,94.0,synthetic_demo,synthetic reservoir response,True
2016-01-01,R1,4000000.0,94.0,synthetic_demo,synthetic reservoir response,True
2016-01-02,R1,4000000.0,94.0,synthetic_demo,synthetic reservoir response,True
2016-01-03,R1,4000000.0,94.0,synthetic_demo,synthetic reservoir response,True
2016-01-04,R1,4000000.0,94.0,synthetic_demo,synthetic reservoir response,True
2016-01-05,R1,4000000.0,94.0,synthetic_demo,synthetic reservoir response,True
2016-01-06,R1,4000000.0,94.0,synthetic_demo,synthetic reservoir response,True
2016-01-07,R1,4000000.0,94.0,synthetic_demo,synthetic reservoir response,True
2016-01-08,R1,4000000.0,94.0,synthetic_demo,synthetic reservoir response,True
2016-01-09,R1,4000000.0,94.0,synthetic_demo,synthetic reservoir response,True
2016-01-10,R1,4000000.0,94.0,synthetic_demo,synthetic reservoir response,True
2016-01-11,R1,4000000.0,94.0,synthetic_demo,synthetic reservoir response,True
2016-01-12,R1,4000000.0,94.0,synthetic_demo,synthetic reservoir response,True
2016-01-13,R1,4000000.0,94.0,synthetic_demo,synthetic reservoir response,True
2016-01-14,R1,4000000.0,94.0,synthetic_demo,synthetic reservoir response,True
2016-01-15,R1,4000000.0,94.0,synthetic_demo,synthetic reservoir response,True
2016-01-16,R1,4000000.0,94.0,synthetic_demo,synthetic reservoir response,True
2016-01-17,R1,4000000.0,94.0,synthetic_demo,synthetic reservoir response,True
2016-01-18,R1,4000000.0,94.0,synthetic_demo,synthetic reservoir response,True
2016-01-19,R1,4000000.0,94.0,synthetic_demo,synthetic reservoir response,True
2016-01-20,R1,4000000.0,94.0,synthetic_demo,synthetic reservoir response,True
2016-01-21,R1,4000000.0,94.0,synthetic_demo,synthetic reservoir response,True
2016-01-22,R1,4000000.0,94.0,synthetic_demo,synthetic reservoir response,True
2016-01-23,R1,4000000.0,94.0,synthetic_demo,synthetic reservoir response,True
2016-01-24,R1,4000000.0,94.0,synthetic_demo,synthetic reservoir response,True
2016-01-25,R1,4000000.0,94.0,synthetic_demo,synthetic reservoir response,True
2016-01-26,R1,4000000.0,94.0,synthetic_demo,synthetic reservoir response,True
2016-01-27,R1,4000000.0,94.0,synthetic_demo,synthetic reservoir response,True
2016-01-28,R1,4000000.0,94.0,synthetic_demo,synthetic reservoir response,True
2016-01-29,R1,4000000.0,94.0,synthetic_demo,synthetic reservoir response,True
2016-01-30,R1,4000000.0,94.0,synthetic_demo,synthetic reservoir response,True
2016-01-31,R1,4000000.0,94.0,synthetic_demo,synthetic reservoir response,True
2016-02-01,R1,4000000.0,94.0,synthetic_demo,synthetic reservoir response,True
2016-02-02,R1,4000000.0,94.0,synthetic_demo,synthetic reservoir response,True
2016-02-03,R1,4000000.0,94.0,synthetic_demo,synthetic reservoir response,True
2016-02-04,R1,4000000.0,94.0,synthetic_demo,synthetic reservoir response,True
2016-02-05,R1,4000000.0,94.0,synthetic_demo,synthetic reservoir response,True
2016-02-06,R1,4000000.0,94.0,synthetic_demo,synthetic reservoir response,True
2016-02-07,R1,4000000.0,94.0,synthetic_demo,synthetic reservoir response,True
2016-02-08,R1,4000000.0,94.0,synthetic_demo,synthetic reservoir response,True
2016-02-09,R1,4000000.0,94.0,synthetic_demo,synthetic reservoir response,True
2016-02-10,R1,4000000.0,94.0,synthetic_demo,synthetic reservoir response,True
2016-02-11,R1,4000000.0,94.0,synthetic_demo,synthetic reservoir response,True
2016-02-12,R1,4000000.0,94.0,synthetic_demo,synthetic reservoir response,True
2016-02-13,R1,4000000.0,94.0,synthetic_demo,synthetic reservoir response,True
2016-02-14,R1,4000000.0,94.0,synthetic_demo,synthetic reservoir response,True
2016-02-15,R1,4000000.0,94.0,synthetic_demo,synthetic reservoir response,True
2016-02-16,R1,4000000.0,94.0,synthetic_demo,synthetic reservoir response,True
2016-02-17,R1,4000000.0,94.0,synthetic_demo,synthetic reservoir response,True
2016-02-18,R1,4000000.0,94.0,synthetic_demo,synthetic reservoir response,True
2016-02-19,R1,4000000.0,94.0,synthetic_demo,synthetic reservoir response,True
2016-02-20,R1,4000000.0,94.0,synthetic_demo,synthetic reservoir response,True
2016-02-21,R1,4000000.0,94.0,synthetic_demo,synthetic reservoir response,True
2016-02-22,R1,4000000.0,94.0,synthetic_demo,synthetic reservoir response,True
2016-02-23,R1,4000000.0,94.0,synthetic_demo,synthetic reservoir response,True
2016-02-24,R1,4000000.0,94.0,synthetic_demo,synthetic reservoir response,True
2016-02-25,R1,4000000.0,94.0,synthetic_demo,synthetic reservoir response,True
2016-02-26,R1,4000000.0,94.0,synthetic_demo,synthetic reservoir response,True
2016-02-27,R1,4000000.0,94.0,synthetic_demo,synthetic reservoir response,True
2016-02-28,R1,4000000.0,94.0,synthetic_demo,synthetic reservoir response,True
2016-02-29,R1,4000000.0,94.0,synthetic_demo,synthetic reservoir response,True
2016-03-01,R1,4000000.0,94.0,synthetic_demo,synthetic reservoir response,True
2016-03-02,R1,4000000.0,94.0,synthetic_demo,synthetic reservoir response,True
2016-03-03,R1,4000000.0,94.0,synthetic_demo,synthetic reservoir response,True
2016-03-04,R1,4000000.0,94.0,synthetic_demo,synthetic reservoir response,True
2016-03-05,R1,4000000.0,94.0,synthetic_demo,synthetic reservoir response,True
2016-03-06,R1,4000000.0,94.0,synthetic_demo,synthetic reservoir response,True
2016-03-07,R1,4000000.0,94.0,synthetic_demo,synthetic reservoir response,True
2016-03-08,R1,4000000.0,94.0,synthetic_demo,synthetic reservoir response,True
2016-03-09,R1,4000000.0,94.0,synthetic_demo,synthetic reservoir response,True
2016-03-10,R1,4000000.0,94.0,synthetic_demo,synthetic reservoir response,True
2016-03-11,R1,4000000.0,94.0,synthetic_demo,synthetic reservoir response,True
2016-03-12,R1,4000000.0,94.0,synthetic_demo,synthetic reservoir response,True
2016-03-13,R1,4000000.0,94.0,synthetic_demo,synthetic reservoir response,True
2016-03-14,R1,4000000.0,94.0,synthetic_demo,synthetic reservoir response,True
2016-03-15,R1,4000000.0,94.0,synthetic_demo,synthetic reservoir response,True
2016-03-16,R1,4000000.0,94.0,synthetic_demo,synthetic reservoir response,True
2016-03-17,R1,4000000.0,94.0,synthetic_demo,synthetic reservoir response,True
2016-03-18,R1,4000000.0,94.0,synthetic_demo,synthetic reservoir response,True
2016-03-19,R1,4000000.0,94.0,synthetic_demo,synthetic reservoir response,True
2016-03-20,R1,4000000.0,94.0,synthetic_demo,synthetic reservoir response,True
2016-03-21,R1,4000000.0,94.0,synthetic_demo,synthetic reservoir response,True
2016-03-22,R1,4000000.0,94.0,synthetic_demo,synthetic reservoir response,True
2016-03-23,R1,4000000.0,94.0,synthetic_demo,synthetic reservoir response,True
2016-03-24,R1,4000000.0,94.0,synthetic_demo,synthetic reservoir response,True
2016-03-25,R1,4000000.0,94.0,synthetic_demo,synthetic reservoir response,True
2016-03-26,R1,4000000.0,94.0,synthetic_demo,synthetic reservoir response,True
2016-03-27,R1,4000000.0,94.0,synthetic_demo,synthetic reservoir response,True
2016-03-28,R1,4000000.0,94.0,synthetic_demo,synthetic reservoir response,True
2016-03-29,R1,4000000.0,94.0,synthetic_demo,synthetic reservoir response,True
2016-03-30,R1,4000000.0,94.0,synthetic_demo,synthetic reservoir response,True
2016-03-31,R1,4000000.0,94.0,synthetic_demo,synthetic reservoir response,True
2016-04-01,R1,4000000.0,94.0,synthetic_demo,synthetic reservoir response,True
2016-04-02,R1,4000000.0,94.0,synthetic_demo,synthetic reservoir response,True
2016-04-03,R1,4000000.0,94.0,synthetic_demo,synthetic reservoir response,True
2016-04-04,R1,4000000.0,94.0,synthetic_demo,synthetic reservoir response,True
2016-04-05,R1,4000000.0,94.0,synthetic_demo,synthetic reservoir response,True
2016-04-06,R1,4000000.0,94.0,synthetic_demo,synthetic reservoir response,True
2016-04-07,R1,4000000.0,94.0,synthetic_demo,synthetic reservoir response,True
2016-04-08,R1,4000000.0,94.0,synthetic_demo,synthetic reservoir response,True
2016-04-09,R1,4000000.0,94.0,synthetic_demo,synthetic reservoir response,True
2016-04-10,R1,4000000.0,94.0,synthetic_demo,synthetic reservoir response,True
2016-04-11,R1,4000000.0,94.0,synthetic_demo,synthetic reservoir response,True
2016-04-12,R1,4000000.0,94.0,synthetic_demo,synthetic reservoir response,True
2016-04-13,R1,4000000.0,94.0,synthetic_demo,synthetic reservoir response,True
2016-04-14,R1,4000000.0,94.0,synthetic_demo,synthetic reservoir response,True
2016-04-15,R1,4000000.0,94.0,synthetic_demo,synthetic reservoir response,True
2016-04-16,R1,4000000.0,94.0,synthetic_demo,synthetic reservoir response,True
2016-04-17,R1,4000000.0,94.0,synthetic_demo,synthetic reservoir response,True
2016-04-18,R1,4000000.0,94.0,synthetic_demo,synthetic reservoir response,True
2016-04-19,R1,4000000.0,94.0,synthetic_demo,synthetic reservoir response,True
2016-04-20,R1,4000000.0,94.0,synthetic_demo,synthetic reservoir response,True
2016-04-21,R1,4000000.0,94.0,synthetic_demo,synthetic reservoir response,True
2016-04-22,R1,4000000.0,94.0,synthetic_demo,synthetic reservoir response,True
2016-04-23,R1,4000000.0,94.0,synthetic_demo,synthetic reservoir response,True
2016-04-24,R1,4000000.0,94.0,synthetic_demo,synthetic reservoir response,True
2016-04-25,R1,4000000.0,94.0,synthetic_demo,synthetic reservoir response,True
2016-04-26,R1,4000000.0,94.0,synthetic_demo,synthetic reservoir response,True
2016-04-27,R1,4000000.0,94.0,synthetic_demo,synthetic reservoir response,True
2016-04-28,R1,4000000.0,94.0,synthetic_demo,synthetic reservoir response,True
2016-04-29,R1,4000000.0,94.0,synthetic_demo,synthetic reservoir response,True
2016-04-30,R1,4000000.0,94.0,synthetic_demo,synthetic reservoir response,True
2016-05-01,R1,4000000.0,94.0,synthetic_demo,synthetic reservoir response,True
2016-05-02,R1,4000000.0,94.0,synthetic_demo,synthetic reservoir response,True
2016-05-03,R1,4000000.0,94.0,synthetic_demo,synthetic reservoir response,True
2016-05-04,R1,4000000.0,94.0,synthetic_demo,synthetic reservoir response,True
2016-05-05,R1,4000000.0,94.0,synthetic_demo,synthetic reservoir response,True
2016-05-06,R1,4000000.0,94.0,synthetic_demo,synthetic reservoir response,True
2016-05-07,R1,4000000.0,94.0,synthetic_demo,synthetic reservoir response,True
2016-05-08,R1,4000000.0,94.0,synthetic_demo,synthetic reservoir response,True
2016-05-09,R1,4000000.0,94.0,synthetic_demo,synthetic reservoir response,True
2016-05-10,R1,4000000.0,94.0,synthetic_demo,synthetic reservoir response,True
2016-05-11,R1,4000000.0,94.0,synthetic_demo,synthetic reservoir response,True
2016-05-12,R1,4000000.0,94.0,synthetic_demo,synthetic reservoir response,True
2016-05-13,R1,4000000.0,94.0,synthetic_demo,synthetic reservoir response,True
2016-05-14,R1,4000000.0,94.0,synthetic_demo,synthetic reservoir response,True
2016-05-15,R1,4000000.0,94.0,synthetic_demo,synthetic reservoir response,True
2016-05-16,R1,4000000.0,94.0,synthetic_demo,synthetic reservoir response,True
2016-05-17,R1,4000000.0,94.0,synthetic_demo,synthetic reservoir response,True
2016-05-18,R1,4000000.0,94.0,synthetic_demo,synthetic reservoir response,True
2016-05-19,R1,4000000.0,94.0,synthetic_demo,synthetic reservoir response,True
2016-05-20,R1,4000000.0,94.0,synthetic_demo,synthetic reservoir response,True
2016-05-21,R1,4000000.0,94.0,synthetic_demo,synthetic reservoir response,True
2016-05-22,R1,4000000.0,94.0,synthetic_demo,synthetic reservoir response,True
2016-05-23,R1,4000000.0,94.0,synthetic_demo,synthetic reservoir response,True
2016-05-24,R1,4000000.0,94.0,synthetic_demo,synthetic reservoir response,True
2016-05-25,R1,4000000.0,94.0,synthetic_demo,synthetic reservoir response,True
2016-05-26,R1,4000000.0,94.0,synthetic_demo,synthetic reservoir response,True
2016-05-27,R1,4000000.0,94.0,synthetic_demo,synthetic reservoir response,True
2016-05-28,R1,4000000.0,94.0,synthetic_demo,synthetic reservoir response,True
2016-05-29,R1,4000000.0,94.0,synthetic_demo,synthetic reservoir response,True
2016-05-30,R1,4000000.0,94.0,synthetic_demo,synthetic reservoir response,True
2016-05-31,R1,4000000.0,94.0,synthetic_demo,synthetic reservoir response,True
2016-06-01,R1,4000000.0,94.0,synthetic_demo,synthetic reservoir response,True
2016-06-02,R1,4000000.0,94.0,synthetic_demo,synthetic reservoir response,True
2016-06-03,R1,4000000.0,94.0,synthetic_demo,synthetic reservoir response,True
2016-06-04,R1,4000000.0,94.0,synthetic_demo,synthetic reservoir response,True
2016-06-05,R1,4000000.0,94.0,synthetic_demo,synthetic reservoir response,True
2016-06-06,R1,4000000.0,94.0,synthetic_demo,synthetic reservoir response,True
2016-06-07,R1,4000000.0,94.0,synthetic_demo,synthetic reservoir response,True
2016-06-08,R1,4000000.0,94.0,synthetic_demo,synthetic reservoir response,True
2016-06-09,R1,4000000.0,94.0,synthetic_demo,synthetic reservoir response,True
2016-06-10,R1,4000000.0,94.0,synthetic_demo,synthetic reservoir response,True
2016-06-11,R1,4000000.0,94.0,synthetic_demo,synthetic reservoir response,True
2016-06-12,R1,4000000.0,94.0,synthetic_demo,synthetic reservoir response,True
2016-06-13,R1,4000000.0,94.0,synthetic_demo,synthetic reservoir response,True
2016-06-14,R1,4000000.0,94.0,synthetic_demo,synthetic reservoir response,True
2016-06-15,R1,4000000.0,94.0,synthetic_demo,synthetic reservoir response,True
2016-06-16,R1,4000000.0,94.0,synthetic_demo,synthetic reservoir response,True
2016-06-17,R1,4000000.0,94.0,synthetic_demo,synthetic reservoir response,True
2016-06-18,R1,4000000.0,94.0,synthetic_demo,synthetic reservoir response,True
2016-06-19,R1,4000000.0,94.0,synthetic_demo,synthetic reservoir response,True
2016-06-20,R1,4000000.0,94.0,synthetic_demo,synthetic reservoir response,True
2016-06-21,R1,4000000.0,94.0,synthetic_demo,synthetic reservoir response,True
2016-06-22,R1,4000000.0,94.0,synthetic_demo,synthetic reservoir response,True
2016-06-23,R1,4000000.0,94.0,synthetic_demo,synthetic reservoir response,True
2016-06-24,R1,4000000.0,94.0,synthetic_demo,synthetic reservoir response,True
2016-06-25,R1,4000000.0,94.0,synthetic_demo,synthetic reservoir response,True
2016-06-26,R1,4000000.0,94.0,synthetic_demo,synthetic reservoir response,True
2016-06-27,R1,4000000.0,94.0,synthetic_demo,synthetic reservoir response,True
2016-06-28,R1,4000000.0,94.0,synthetic_demo,synthetic reservoir response,True
2016-06-29,R1,4000000.0,94.0,synthetic_demo,synthetic reservoir response,True
2016-06-30,R1,4000000.0,94.0,synthetic_demo,synthetic reservoir response,True
2016-07-01,R1,4000000.0,94.0,synthetic_demo,synthetic reservoir response,True
2016-07-02,R1,4000000.0,94.0,synthetic_demo,synthetic reservoir response,True
2016-07-03,R1,4000000.0,94.0,synthetic_demo,synthetic reservoir response,True
2016-07-04,R1,4000000.0,94.0,synthetic_demo,synthetic reservoir response,True
2016-07-05,R1,4000000.0,94.0,synthetic_demo,synthetic reservoir response,True
2016-07-06,R1,4000000.0,94.0,synthetic_demo,synthetic reservoir response,True
2016-07-07,R1,4000000.0,94.0,synthetic_demo,synthetic reservoir response,True
2016-07-08,R1,4000000.0,94.0,synthetic_demo,synthetic reservoir response,True
2016-07-09,R1,4000000.0,94.0,synthetic_demo,synthetic reservoir response,True
2016-07-10,R1,4000000.0,94.0,synthetic_demo,synthetic reservoir response,True
2016-07-11,R1,4000000.0,94.0,synthetic_demo,synthetic reservoir response,True
2016-07-12,R1,4000000.0,94.0,synthetic_demo,synthetic reservoir response,True
2016-07-13,R1,4000000.0,94.0,synthetic_demo,synthetic reservoir response,True
2016-07-14,R1,4000000.0,94.0,synthetic_demo,synthetic reservoir response,True
2016-07-15,R1,4000000.0,94.0,synthetic_demo,synthetic reservoir response,True
2016-07-16,R1,4000000.0,94.0,synthetic_demo,synthetic reservoir response,True
2016-07-17,R1,4000000.0,94.0,synthetic_demo,synthetic reservoir response,True
2016-07-18,R1,4000000.0,94.0,synthetic_demo,synthetic reservoir response,True
2016-07-19,R1,4000000.0,94.0,synthetic_demo,synthetic reservoir response,True
2016-07-20,R1,4000000.0,94.0,synthetic_demo,synthetic reservoir response,True
2016-07-21,R1,4000000.0,94.0,synthetic_demo,synthetic reservoir response,True
2016-07-22,R1,4000000.0,94.0,synthetic_demo,synthetic reservoir response,True
2016-07-23,R1,4000000.0,94.0,synthetic_demo,synthetic reservoir response,True
2016-07-24,R1,4000000.0,94.0,synthetic_demo,synthetic reservoir response,True
2016-07-25,R1,4000000.0,94.0,synthetic_demo,synthetic reservoir response,True
2016-07-26,R1,4000000.0,94.0,synthetic_demo,synthetic reservoir response,True
2016-07-27,R1,4000000.0,94.0,synthetic_demo,synthetic reservoir response,True
2016-07-28,R1,4000000.0,94.0,synthetic_demo,synthetic reservoir response,True
2016-07-29,R1,4000000.0,94.0,synthetic_demo,synthetic reservoir response,True
2016-07-30,R1,4000000.0,94.0,synthetic_demo,synthetic reservoir response,True
2016-07-31,R1,4000000.0,94.0,synthetic_demo,synthetic reservoir response,True
2016-08-01,R1,4000000.0,94.0,synthetic_demo,synthetic reservoir response,True
2016-08-02,R1,4000000.0,94.0,synthetic_demo,synthetic reservoir response,True
2016-08-03,R1,4000000.0,94.0,synthetic_demo,synthetic reservoir response,True
2016-08-04,R1,4000000.0,94.0,synthetic_demo,synthetic reservoir response,True
2016-08-05,R1,4000000.0,94.0,synthetic_demo,synthetic reservoir response,True
2016-08-06,R1,4000000.0,94.0,synthetic_demo,synthetic reservoir response,True
2016-08-07,R1,4000000.0,94.0,synthetic_demo,synthetic reservoir response,True
2016-08-08,R1,4000000.0,94.0,synthetic_demo,synthetic reservoir response,True
2016-08-09,R1,4000000.0,94.0,synthetic_demo,synthetic reservoir response,True
2016-08-10,R1,4000000.0,94.0,synthetic_demo,synthetic reservoir response,True
2016-08-11,R1,4000000.0,94.0,synthetic_demo,synthetic reservoir response,True
2016-08-12,R1,4000000.0,94.0,synthetic_demo,synthetic reservoir response,True
2016-08-13,R1,4000000.0,94.0,synthetic_demo,synthetic reservoir response,True
2016-08-14,R1,4000000.0,94.0,synthetic_demo,synthetic reservoir response,True
2016-08-15,R1,4000000.0,94.0,synthetic_demo,synthetic reservoir response,True
2016-08-16,R1,4000000.0,94.0,synthetic_demo,synthetic reservoir response,True
2016-08-17,R1,4000000.0,94.0,synthetic_demo,synthetic reservoir response,True
2016-08-18,R1,4000000.0,94.0,synthetic_demo,synthetic reservoir response,True
2016-08-19,R1,4000000.0,94.0,synthetic_demo,synthetic reservoir response,True
2016-08-20,R1,4000000.0,94.0,synthetic_demo,synthetic reservoir response,True
2016-08-21,R1,4000000.0,94.0,synthetic_demo,synthetic reservoir response,True
2016-08-22,R1,4000000.0,94.0,synthetic_demo,synthetic reservoir response,True
2016-08-23,R1,4000000.0,94.0,synthetic_demo,synthetic reservoir response,True
2016-08-24,R1,4000000.0,94.0,synthetic_demo,synthetic reservoir response,True
2016-08-25,R1,4000000.0,94.0,synthetic_demo,synthetic reservoir response,True
2016-08-26,R1,4000000.0,94.0,synthetic_demo,synthetic reservoir response,True
2016-08-27,R1,4000000.0,94.0,synthetic_demo,synthetic reservoir response,True
2016-08-28,R1,4000000.0,94.0,synthetic_demo,synthetic reservoir response,True
2016-08-29,R1,4000000.0,94.0,synthetic_demo,synthetic reservoir response,True
2016-08-30,R1,4000000.0,94.0,synthetic_demo,synthetic reservoir response,True
2016-08-31,R1,4000000.0,94.0,synthetic_demo,synthetic reservoir response,True
2016-09-01,R1,4000000.0,94.0,synthetic_demo,synthetic reservoir response,True
2016-09-02,R1,4000000.0,94.0,synthetic_demo,synthetic reservoir response,True
2016-09-03,R1,4000000.0,94.0,synthetic_demo,synthetic reservoir response,True
2016-09-04,R1,4000000.0,94.0,synthetic_demo,synthetic reservoir response,True
2016-09-05,R1,4000000.0,94.0,synthetic_demo,synthetic reservoir response,True
2016-09-06,R1,4000000.0,94.0,synthetic_demo,synthetic reservoir response,True
2016-09-07,R1,4000000.0,94.0,synthetic_demo,synthetic reservoir response,True
2016-09-08,R1,4000000.0,94.0,synthetic_demo,synthetic reservoir response,True
2016-09-09,R1,4000000.0,94.0,synthetic_demo,synthetic reservoir response,True
2016-09-10,R1,4000000.0,94.0,synthetic_demo,synthetic reservoir response,True
2016-09-11,R1,4000000.0,94.0,synthetic_demo,synthetic reservoir response,True
2016-09-12,R1,4000000.0,94.0,synthetic_demo,synthetic reservoir response,True
2016-09-13,R1,4000000.0,94.0,synthetic_demo,synthetic reservoir response,True
2016-09-14,R1,4000000.0,94.0,synthetic_demo,synthetic reservoir response,True
2016-09-15,R1,4000000.0,94.0,synthetic_demo,synthetic reservoir response,True
2016-09-16,R1,4000000.0,94.0,synthetic_demo,synthetic reservoir response,True
2016-09-17,R1,4000000.0,94.0,synthetic_demo,synthetic reservoir response,True
2016-09-18,R1,4000000.0,94.0,synthetic_demo,synthetic reservoir response,True
2016-09-19,R1,4000000.0,94.0,synthetic_demo,synthetic reservoir response,True
2016-09-20,R1,4000000.0,94.0,synthetic_demo,synthetic reservoir response,True
2016-09-21,R1,4000000.0,94.0,synthetic_demo,synthetic reservoir response,True
2016-09-22,R1,4000000.0,94.0,synthetic_demo,synthetic reservoir response,True
2016-09-23,R1,4000000.0,94.0,synthetic_demo,synthetic reservoir response,True
2016-09-24,R1,4000000.0,94.0,synthetic_demo,synthetic reservoir response,True
2016-09-25,R1,4000000.0,94.0,synthetic_demo,synthetic reservoir response,True
2016-09-26,R1,4000000.0,94.0,synthetic_demo,synthetic reservoir response,True
2016-09-27,R1,4000000.0,94.0,synthetic_demo,synthetic reservoir response,True
2016-09-28,R1,4000000.0,94.0,synthetic_demo,synthetic reservoir response,True
2016-09-29,R1,4000000.0,94.0,synthetic_demo,synthetic reservoir response,True
2016-09-30,R1,4000000.0,94.0,synthetic_demo,synthetic reservoir response,True
2016-10-01,R1,4000000.0,94.0,synthetic_demo,synthetic reservoir response,True
2016-10-02,R1,4000000.0,94.0,synthetic_demo,synthetic reservoir response,True
2016-10-03,R1,4000000.0,94.0,synthetic_demo,synthetic reservoir response,True
2016-10-04,R1,4000000.0,94.0,synthetic_demo,synthetic reservoir response,True
2016-10-05,R1,4000000.0,94.0,synthetic_demo,synthetic reservoir response,True
2016-10-06,R1,4000000.0,94.0,synthetic_demo,synthetic reservoir response,True
2016-10-07,R1,4000000.0,94.0,synthetic_demo,synthetic reservoir response,True
2016-10-08,R1,4000000.0,94.0,synthetic_demo,synthetic reservoir response,True
2016-10-09,R1,4000000.0,94.0,synthetic_demo,synthetic reservoir response,True
2016-10-10,R1,4000000.0,94.0,synthetic_demo,synthetic reservoir response,True
2016-10-11,R1,4000000.0,94.0,synthetic_demo,synthetic reservoir response,True
2016-10-12,R1,4000000.0,94.0,synthetic_demo,synthetic reservoir response,True
2016-10-13,R1,4000000.0,94.0,synthetic_demo,synthetic reservoir response,True
2016-10-14,R1,4000000.0,94.0,synthetic_demo,synthetic reservoir response,True
2016-10-15,R1,4000000.0,94.0,synthetic_demo,synthetic reservoir response,True
2016-10-16,R1,4000000.0,94.0,synthetic_demo,synthetic reservoir response,True
2016-10-17,R1,4000000.0,94.0,synthetic_demo,synthetic reservoir response,True
2016-10-18,R1,4000000.0,94.0,synthetic_demo,synthetic reservoir response,True
2016-10-19,R1,4000000.0,94.0,synthetic_demo,synthetic reservoir response,True
2016-10-20,R1,4000000.0,94.0,synthetic_demo,synthetic reservoir response,True
2016-10-21,R1,4000000.0,94.0,synthetic_demo,synthetic reservoir response,True
2016-10-22,R1,4000000.0,94.0,synthetic_demo,synthetic reservoir response,True
2016-10-23,R1,4000000.0,94.0,synthetic_demo,synthetic reservoir response,True
2016-10-24,R1,4000000.0,94.0,synthetic_demo,synthetic reservoir response,True
2016-10-25,R1,4000000.0,94.0,synthetic_demo,synthetic reservoir response,True
2016-10-26,R1,4000000.0,94.0,synthetic_demo,synthetic reservoir response,True
2016-10-27,R1,4000000.0,94.0,synthetic_demo,synthetic reservoir response,True
2016-10-28,R1,4000000.0,94.0,synthetic_demo,synthetic reservoir response,True
2016-10-29,R1,4000000.0,94.0,synthetic_demo,synthetic reservoir response,True
2016-10-30,R1,4000000.0,94.0,synthetic_demo,synthetic reservoir response,True
2016-10-31,R1,4000000.0,94.0,synthetic_demo,synthetic reservoir response,True
2016-11-01,R1,4000000.0,94.0,synthetic_demo,synthetic reservoir response,True
2016-11-02,R1,4000000.0,94.0,synthetic_demo,synthetic reservoir response,True
2016-11-03,R1,4000000.0,94.0,synthetic_demo,synthetic reservoir response,True
2016-11-04,R1,4000000.0,94.0,synthetic_demo,synthetic reservoir response,True
2016-11-05,R1,4000000.0,94.0,synthetic_demo,synthetic reservoir response,True
2016-11-06,R1,4000000.0,94.0,synthetic_demo,synthetic reservoir response,True
2016-11-07,R1,4000000.0,94.0,synthetic_demo,synthetic reservoir response,True
2016-11-08,R1,4000000.0,94.0,synthetic_demo,synthetic reservoir response,True
2016-11-09,R1,4000000.0,94.0,synthetic_demo,synthetic reservoir response,True
2016-11-10,R1,4000000.0,94.0,synthetic_demo,synthetic reservoir response,True
2016-11-11,R1,4000000.0,94.0,synthetic_demo,synthetic reservoir response,True
2016-11-12,R1,4000000.0,94.0,synthetic_demo,synthetic reservoir response,True
2016-11-13,R1,4000000.0,94.0,synthetic_demo,synthetic reservoir response,True
2016-11-14,R1,4000000.0,94.0,synthetic_demo,synthetic reservoir response,True
2016-11-15,R1,4000000.0,94.0,synthetic_demo,synthetic reservoir response,True
2016-11-16,R1,4000000.0,94.0,synthetic_demo,synthetic reservoir response,True
2016-11-17,R1,4000000.0,94.0,synthetic_demo,synthetic reservoir response,True
2016-11-18,R1,4000000.0,94.0,synthetic_demo,synthetic reservoir response,True
2016-11-19,R1,4000000.0,94.0,synthetic_demo,synthetic reservoir response,True
2016-11-20,R1,4000000.0,94.0,synthetic_demo,synthetic reservoir response,True
2016-11-21,R1,4000000.0,94.0,synthetic_demo,synthetic reservoir response,True
2016-11-22,R1,4000000.0,94.0,synthetic_demo,synthetic reservoir response,True
2016-11-23,R1,4000000.0,94.0,synthetic_demo,synthetic reservoir response,True
2016-11-24,R1,4000000.0,94.0,synthetic_demo,synthetic reservoir response,True
2016-11-25,R1,4000000.0,94.0,synthetic_demo,synthetic reservoir response,True
2016-11-26,R1,4000000.0,94.0,synthetic_demo,synthetic reservoir response,True
2016-11-27,R1,4000000.0,94.0,synthetic_demo,synthetic reservoir response,True
2016-11-28,R1,4000000.0,94.0,synthetic_demo,synthetic reservoir response,True
2016-11-29,R1,4000000.0,94.0,synthetic_demo,synthetic reservoir response,True
2016-11-30,R1,4000000.0,94.0,synthetic_demo,synthetic reservoir response,True
2016-12-01,R1,4000000.0,94.0,synthetic_demo,synthetic reservoir response,True
2016-12-02,R1,4000000.0,94.0,synthetic_demo,synthetic reservoir response,True
2016-12-03,R1,4000000.0,94.0,synthetic_demo,synthetic reservoir response,True
2016-12-04,R1,4000000.0,94.0,synthetic_demo,synthetic reservoir response,True
2016-12-05,R1,4000000.0,94.0,synthetic_demo,synthetic reservoir response,True
2016-12-06,R1,4000000.0,94.0,synthetic_demo,synthetic reservoir response,True
2016-12-07,R1,4000000.0,94.0,synthetic_demo,synthetic reservoir response,True
2016-12-08,R1,4000000.0,94.0,synthetic_demo,synthetic reservoir response,True
2016-12-09,R1,4000000.0,94.0,synthetic_demo,synthetic reservoir response,True
2016-12-10,R1,4000000.0,94.0,synthetic_demo,synthetic reservoir response,True
2016-12-11,R1,4000000.0,94.0,synthetic_demo,synthetic reservoir response,True
2016-12-12,R1,4000000.0,94.0,synthetic_demo,synthetic reservoir response,True
2016-12-13,R1,4000000.0,94.0,synthetic_demo,synthetic reservoir response,True
2016-12-14,R1,4000000.0,94.0,synthetic_demo,synthetic reservoir response,True
2016-12-15,R1,4000000.0,94.0,synthetic_demo,synthetic reservoir response,True
2016-12-16,R1,4000000.0,94.0,synthetic_demo,synthetic reservoir response,True
2016-12-17,R1,4000000.0,94.0,synthetic_demo,synthetic reservoir response,True
2016-12-18,R1,4000000.0,94.0,synthetic_demo,synthetic reservoir response,True
2016-12-19,R1,4000000.0,94.0,synthetic_demo,synthetic reservoir response,True
2016-12-20,R1,4000000.0,94.0,synthetic_demo,synthetic reservoir response,True
2016-12-21,R1,4000000.0,94.0,synthetic_demo,synthetic reservoir response,True
2016-12-22,R1,4000000.0,94.0,synthetic_demo,synthetic reservoir response,True
2016-12-23,R1,4000000.0,94.0,synthetic_demo,synthetic reservoir response,True
2016-12-24,R1,4000000.0,94.0,synthetic_demo,synthetic reservoir response,True
2016-12-25,R1,4000000.0,94.0,synthetic_demo,synthetic reservoir response,True
2016-12-26,R1,4000000.0,94.0,synthetic_demo,synthetic reservoir response,True
2016-12-27,R1,4000000.0,94.0,synthetic_demo,synthetic reservoir response,True
2016-12-28,R1,4000000.0,94.0,synthetic_demo,synthetic reservoir response,True
2016-12-29,R1,4000000.0,94.0,synthetic_demo,synthetic reservoir response,True
2016-12-30,R1,4000000.0,94.0,synthetic_demo,synthetic reservoir response,True
2016-12-31,R1,4000000.0,94.0,synthetic_demo,synthetic reservoir response,True
2017-01-01,R1,4000000.0,94.0,synthetic_demo,synthetic reservoir response,True
2017-01-02,R1,4000000.0,94.0,synthetic_demo,synthetic reservoir response,True
2017-01-03,R1,4000000.0,94.0,synthetic_demo,synthetic reservoir response,True
2017-01-04,R1,4000000.0,94.0,synthetic_demo,synthetic reservoir response,True
2017-01-05,R1,4000000.0,94.0,synthetic_demo,synthetic reservoir response,True
2017-01-06,R1,4000000.0,94.0,synthetic_demo,synthetic reservoir response,True
2017-01-07,R1,4000000.0,94.0,synthetic_demo,synthetic reservoir response,True
2017-01-08,R1,4000000.0,94.0,synthetic_demo,synthetic reservoir response,True
2017-01-09,R1,4000000.0,94.0,synthetic_demo,synthetic reservoir response,True
2017-01-10,R1,4000000.0,94.0,synthetic_demo,synthetic reservoir response,True
2017-01-11,R1,4000000.0,94.0,synthetic_demo,synthetic reservoir response,True
2017-01-12,R1,4000000.0,94.0,synthetic_demo,synthetic reservoir response,True
2017-01-13,R1,4000000.0,94.0,synthetic_demo,synthetic reservoir response,True
2017-01-14,R1,4000000.0,94.0,synthetic_demo,synthetic reservoir response,True
2017-01-15,R1,4000000.0,94.0,synthetic_demo,synthetic reservoir response,True
2017-01-16,R1,4000000.0,94.0,synthetic_demo,synthetic reservoir response,True
2017-01-17,R1,4000000.0,94.0,synthetic_demo,synthetic reservoir response,True
2017-01-18,R1,4000000.0,94.0,synthetic_demo,synthetic reservoir response,True
2017-01-19,R1,4000000.0,94.0,synthetic_demo,synthetic reservoir response,True
2017-01-20,R1,4000000.0,94.0,synthetic_demo,synthetic reservoir response,True
2017-01-21,R1,4000000.0,94.0,synthetic_demo,synthetic reservoir response,True
2017-01-22,R1,4000000.0,94.0,synthetic_demo,synthetic reservoir response,True
2017-01-23,R1,4000000.0,94.0,synthetic_demo,synthetic reservoir response,True
2017-01-24,R1,4000000.0,94.0,synthetic_demo,synthetic reservoir response,True
2017-01-25,R1,4000000.0,94.0,synthetic_demo,synthetic reservoir response,True
2017-01-26,R1,4000000.0,94.0,synthetic_demo,synthetic reservoir response,True
2017-01-27,R1,4000000.0,94.0,synthetic_demo,synthetic reservoir response,True
2017-01-28,R1,4000000.0,94.0,synthetic_demo,synthetic reservoir response,True
2017-01-29,R1,4000000.0,94.0,synthetic_demo,synthetic reservoir response,True
2017-01-30,R1,4000000.0,94.0,synthetic_demo,synthetic reservoir response,True
2017-01-31,R1,4000000.0,94.0,synthetic_demo,synthetic reservoir response,True
2017-02-01,R1,4000000.0,94.0,synthetic_demo,synthetic reservoir response,True
2017-02-02,R1,4000000.0,94.0,synthetic_demo,synthetic reservoir response,True
2017-02-03,R1,4000000.0,94.0,synthetic_demo,synthetic reservoir response,True
2017-02-04,R1,4000000.0,94.0,synthetic_demo,synthetic reservoir response,True
2017-02-05,R1,4000000.0,94.0,synthetic_demo,synthetic reservoir response,True
2017-02-06,R1,4000000.0,94.0,synthetic_demo,synthetic reservoir response,True
2017-02-07,R1,4000000.0,94.0,synthetic_demo,synthetic reservoir response,True
2017-02-08,R1,4000000.0,94.0,synthetic_demo,synthetic reservoir response,True
2017-02-09,R1,4000000.0,94.0,synthetic_demo,synthetic reservoir response,True
2017-02-10,R1,4000000.0,94.0,synthetic_demo,synthetic reservoir response,True
2017-02-11,R1,4000000.0,94.0,synthetic_demo,synthetic reservoir response,True
2017-02-12,R1,4000000.0,94.0,synthetic_demo,synthetic reservoir response,True
2017-02-13,R1,4000000.0,94.0,synthetic_demo,synthetic reservoir response,True
2017-02-14,R1,4000000.0,94.0,synthetic_demo,synthetic reservoir response,True
2017-02-15,R1,4000000.0,94.0,synthetic_demo,synthetic reservoir response,True
2017-02-16,R1,4000000.0,94.0,synthetic_demo,synthetic reservoir response,True
2017-02-17,R1,4000000.0,94.0,synthetic_demo,synthetic reservoir response,True
2017-02-18,R1,4000000.0,94.0,synthetic_demo,synthetic reservoir response,True
2017-02-19,R1,4000000.0,94.0,synthetic_demo,synthetic reservoir response,True
2017-02-20,R1,4000000.0,94.0,synthetic_demo,synthetic reservoir response,True
2017-02-21,R1,4000000.0,94.0,synthetic_demo,synthetic reservoir response,True
2017-02-22,R1,4000000.0,94.0,synthetic_demo,synthetic reservoir response,True
2017-02-23,R1,4000000.0,94.0,synthetic_demo,synthetic reservoir response,True
2017-02-24,R1,4000000.0,94.0,synthetic_demo,synthetic reservoir response,True
2017-02-25,R1,4000000.0,94.0,synthetic_demo,synthetic reservoir response,True
2017-02-26,R1,4000000.0,94.0,synthetic_demo,synthetic reservoir response,True
2017-02-27,R1,4000000.0,94.0,synthetic_demo,synthetic reservoir response,True
2017-02-28,R1,4000000.0,94.0,synthetic_demo,synthetic reservoir response,True
2017-03-01,R1,4000000.0,94.0,synthetic_demo,synthetic reservoir response,True
2017-03-02,R1,4000000.0,94.0,synthetic_demo,synthetic reservoir response,True
2017-03-03,R1,4000000.0,94.0,synthetic_demo,synthetic reservoir response,True
2017-03-04,R1,4000000.0,94.0,synthetic_demo,synthetic reservoir response,True
2017-03-05,R1,4000000.0,94.0,synthetic_demo,synthetic reservoir response,True
2017-03-06,R1,4000000.0,94.0,synthetic_demo,synthetic reservoir response,True
2017-03-07,R1,4000000.0,94.0,synthetic_demo,synthetic reservoir response,True
2017-03-08,R1,4000000.0,94.0,synthetic_demo,synthetic reservoir response,True
2017-03-09,R1,4000000.0,94.0,synthetic_demo,synthetic reservoir response,True
2017-03-10,R1,4000000.0,94.0,synthetic_demo,synthetic reservoir response,True
2017-03-11,R1,4000000.0,94.0,synthetic_demo,synthetic reservoir response,True
2017-03-12,R1,4000000.0,94.0,synthetic_demo,synthetic reservoir response,True
2017-03-13,R1,4000000.0,94.0,synthetic_demo,synthetic reservoir response,True
2017-03-14,R1,4000000.0,94.0,synthetic_demo,synthetic reservoir response,True
2017-03-15,R1,4000000.0,94.0,synthetic_demo,synthetic reservoir response,True
2017-03-16,R1,4000000.0,94.0,synthetic_demo,synthetic reservoir response,True
2017-03-17,R1,4000000.0,94.0,synthetic_demo,synthetic reservoir response,True
2017-03-18,R1,4000000.0,94.0,synthetic_demo,synthetic reservoir response,True
2017-03-19,R1,4000000.0,94.0,synthetic_demo,synthetic reservoir response,True
2017-03-20,R1,4000000.0,94.0,synthetic_demo,synthetic reservoir response,True
2017-03-21,R1,4000000.0,94.0,synthetic_demo,synthetic reservoir response,True
2017-03-22,R1,4000000.0,94.0,synthetic_demo,synthetic reservoir response,True
2017-03-23,R1,4000000.0,94.0,synthetic_demo,synthetic reservoir response,True
2017-03-24,R1,4000000.0,94.0,synthetic_demo,synthetic reservoir response,True
2017-03-25,R1,4000000.0,94.0,synthetic_demo,synthetic reservoir response,True
2017-03-26,R1,4000000.0,94.0,synthetic_demo,synthetic reservoir response,True
2017-03-27,R1,4000000.0,94.0,synthetic_demo,synthetic reservoir response,True
2017-03-28,R1,4000000.0,94.0,synthetic_demo,synthetic reservoir response,True
2017-03-29,R1,4000000.0,94.0,synthetic_demo,synthetic reservoir response,True
2017-03-30,R1,4000000.0,94.0,synthetic_demo,synthetic reservoir response,True
2017-03-31,R1,4000000.0,94.0,synthetic_demo,synthetic reservoir response,True
2017-04-01,R1,4000000.0,94.0,synthetic_demo,synthetic reservoir response,True
2017-04-02,R1,4000000.0,94.0,synthetic_demo,synthetic reservoir response,True
2017-04-03,R1,4000000.0,94.0,synthetic_demo,synthetic reservoir response,True
2017-04-04,R1,4000000.0,94.0,synthetic_demo,synthetic reservoir response,True
2017-04-05,R1,4000000.0,94.0,synthetic_demo,synthetic reservoir response,True
2017-04-06,R1,4000000.0,94.0,synthetic_demo,synthetic reservoir response,True
2017-04-07,R1,4000000.0,94.0,synthetic_demo,synthetic reservoir response,True
2017-04-08,R1,4000000.0,94.0,synthetic_demo,synthetic reservoir response,True
2017-04-09,R1,4000000.0,94.0,synthetic_demo,synthetic reservoir response,True
2017-04-10,R1,4000000.0,94.0,synthetic_demo,synthetic reservoir response,True
2017-04-11,R1,4000000.0,94.0,synthetic_demo,synthetic reservoir response,True
2017-04-12,R1,4000000.0,94.0,synthetic_demo,synthetic reservoir response,True
2017-04-13,R1,4000000.0,94.0,synthetic_demo,synthetic reservoir response,True
2017-04-14,R1,4000000.0,94.0,synthetic_demo,synthetic reservoir response,True
2017-04-15,R1,4000000.0,94.0,synthetic_demo,synthetic reservoir response,True
2017-04-16,R1,4000000.0,94.0,synthetic_demo,synthetic reservoir response,True
2017-04-17,R1,4000000.0,94.0,synthetic_demo,synthetic reservoir response,True
2017-04-18,R1,4000000.0,94.0,synthetic_demo,synthetic reservoir response,True
2017-04-19,R1,4000000.0,94.0,synthetic_demo,synthetic reservoir response,True
2017-04-20,R1,4000000.0,94.0,synthetic_demo,synthetic reservoir response,True
2017-04-21,R1,4000000.0,94.0,synthetic_demo,synthetic reservoir response,True
2017-04-22,R1,4000000.0,94.0,synthetic_demo,synthetic reservoir response,True
2017-04-23,R1,4000000.0,94.0,synthetic_demo,synthetic reservoir response,True
2017-04-24,R1,4000000.0,94.0,synthetic_demo,synthetic reservoir response,True
2017-04-25,R1,4000000.0,94.0,synthetic_demo,synthetic reservoir response,True
2017-04-26,R1,4000000.0,94.0,synthetic_demo,synthetic reservoir response,True
2017-04-27,R1,4000000.0,94.0,synthetic_demo,synthetic reservoir response,True
2017-04-28,R1,4000000.0,94.0,synthetic_demo,synthetic reservoir response,True
2017-04-29,R1,4000000.0,94.0,synthetic_demo,synthetic reservoir response,True
2017-04-30,R1,4000000.0,94.0,synthetic_demo,synthetic reservoir response,True
2017-05-01,R1,4000000.0,94.0,synthetic_demo,synthetic reservoir response,True
2017-05-02,R1,4000000.0,94.0,synthetic_demo,synthetic reservoir response,True
2017-05-03,R1,4000000.0,94.0,synthetic_demo,synthetic reservoir response,True
2017-05-04,R1,4000000.0,94.0,synthetic_demo,synthetic reservoir response,True
2017-05-05,R1,4000000.0,94.0,synthetic_demo,synthetic reservoir response,True
2017-05-06,R1,4000000.0,94.0,synthetic_demo,synthetic reservoir response,True
2017-05-07,R1,4000000.0,94.0,synthetic_demo,synthetic reservoir response,True
2017-05-08,R1,4000000.0,94.0,synthetic_demo,synthetic reservoir response,True
2017-05-09,R1,4000000.0,94.0,synthetic_demo,synthetic reservoir response,True
2017-05-10,R1,4000000.0,94.0,synthetic_demo,synthetic reservoir response,True
2017-05-11,R1,4000000.0,94.0,synthetic_demo,synthetic reservoir response,True
2017-05-12,R1,4000000.0,94.0,synthetic_demo,synthetic reservoir response,True
2017-05-13,R1,4000000.0,94.0,synthetic_demo,synthetic reservoir response,True
2017-05-14,R1,4000000.0,94.0,synthetic_demo,synthetic reservoir response,True
2017-05-15,R1,4000000.0,94.0,synthetic_demo,synthetic reservoir response,True
2017-05-16,R1,4000000.0,94.0,synthetic_demo,synthetic reservoir response,True
2017-05-17,R1,4000000.0,94.0,synthetic_demo,synthetic reservoir response,True
2017-05-18,R1,4000000.0,94.0,synthetic_demo,synthetic reservoir response,True
2017-05-19,R1,4000000.0,94.0,synthetic_demo,synthetic reservoir response,True
2017-05-20,R1,4000000.0,94.0,synthetic_demo,synthetic reservoir response,True
2017-05-21,R1,4000000.0,94.0,synthetic_demo,synthetic reservoir response,True
2017-05-22,R1,4000000.0,94.0,synthetic_demo,synthetic reservoir response,True
2017-05-23,R1,4000000.0,94.0,synthetic_demo,synthetic reservoir response,True
2017-05-24,R1,4000000.0,94.0,synthetic_demo,synthetic reservoir response,True
2017-05-25,R1,4000000.0,94.0,synthetic_demo,synthetic reservoir response,True
2017-05-26,R1,4000000.0,94.0,synthetic_demo,synthetic reservoir response,True
2017-05-27,R1,4000000.0,94.0,synthetic_demo,synthetic reservoir response,True
2017-05-28,R1,4000000.0,94.0,synthetic_demo,synthetic reservoir response,True
2017-05-29,R1,4000000.0,94.0,synthetic_demo,synthetic reservoir response,True
2017-05-30,R1,4000000.0,94.0,synthetic_demo,synthetic reservoir response,True
2017-05-31,R1,4000000.0,94.0,synthetic_demo,synthetic reservoir response,True
2017-06-01,R1,4000000.0,94.0,synthetic_demo,synthetic reservoir response,True
2017-06-02,R1,4000000.0,94.0,synthetic_demo,synthetic reservoir response,True
2017-06-03,R1,4000000.0,94.0,synthetic_demo,synthetic reservoir response,True
2017-06-04,R1,4000000.0,94.0,synthetic_demo,synthetic reservoir response,True
2017-06-05,R1,4000000.0,94.0,synthetic_demo,synthetic reservoir response,True
2017-06-06,R1,4000000.0,94.0,synthetic_demo,synthetic reservoir response,True
2017-06-07,R1,4000000.0,94.0,synthetic_demo,synthetic reservoir response,True
2017-06-08,R1,4000000.0,94.0,synthetic_demo,synthetic reservoir response,True
2017-06-09,R1,4000000.0,94.0,synthetic_demo,synthetic reservoir response,True
2017-06-10,R1,4000000.0,94.0,synthetic_demo,synthetic reservoir response,True
2017-06-11,R1,4000000.0,94.0,synthetic_demo,synthetic reservoir response,True
2017-06-12,R1,4000000.0,94.0,synthetic_demo,synthetic reservoir response,True
2017-06-13,R1,4000000.0,94.0,synthetic_demo,synthetic reservoir response,True
2017-06-14,R1,4000000.0,94.0,synthetic_demo,synthetic reservoir response,True
2017-06-15,R1,4000000.0,94.0,synthetic_demo,synthetic reservoir response,True
2017-06-16,R1,4000000.0,94.0,synthetic_demo,synthetic reservoir response,True
2017-06-17,R1,4000000.0,94.0,synthetic_demo,synthetic reservoir response,True
2017-06-18,R1,4000000.0,94.0,synthetic_demo,synthetic reservoir response,True
2017-06-19,R1,4000000.0,94.0,synthetic_demo,synthetic reservoir response,True
2017-06-20,R1,4000000.0,94.0,synthetic_demo,synthetic reservoir response,True
2017-06-21,R1,4000000.0,94.0,synthetic_demo,synthetic reservoir response,True
2017-06-22,R1,4000000.0,94.0,synthetic_demo,synthetic reservoir response,True
2017-06-23,R1,4000000.0,94.0,synthetic_demo,synthetic reservoir response,True
2017-06-24,R1,4000000.0,94.0,synthetic_demo,synthetic reservoir response,True
2017-06-25,R1,4000000.0,94.0,synthetic_demo,synthetic reservoir response,True
2017-06-26,R1,4000000.0,94.0,synthetic_demo,synthetic reservoir response,True
2017-06-27,R1,4000000.0,94.0,synthetic_demo,synthetic reservoir response,True
2017-06-28,R1,4000000.0,94.0,synthetic_demo,synthetic reservoir response,True
2017-06-29,R1,4000000.0,94.0,synthetic_demo,synthetic reservoir response,True
2017-06-30,R1,4000000.0,94.0,synthetic_demo,synthetic reservoir response,True
2017-07-01,R1,4000000.0,94.0,synthetic_demo,synthetic reservoir response,True
2017-07-02,R1,4000000.0,94.0,synthetic_demo,synthetic reservoir response,True
2017-07-03,R1,4000000.0,94.0,synthetic_demo,synthetic reservoir response,True
2017-07-04,R1,4000000.0,94.0,synthetic_demo,synthetic reservoir response,True
2017-07-05,R1,4000000.0,94.0,synthetic_demo,synthetic reservoir response,True
2017-07-06,R1,4000000.0,94.0,synthetic_demo,synthetic reservoir response,True
2017-07-07,R1,4000000.0,94.0,synthetic_demo,synthetic reservoir response,True
2017-07-08,R1,4000000.0,94.0,synthetic_demo,synthetic reservoir response,True
2017-07-09,R1,4000000.0,94.0,synthetic_demo,synthetic reservoir response,True
2017-07-10,R1,4000000.0,94.0,synthetic_demo,synthetic reservoir response,True
2017-07-11,R1,4000000.0,94.0,synthetic_demo,synthetic reservoir response,True
2017-07-12,R1,4000000.0,94.0,synthetic_demo,synthetic reservoir response,True
2017-07-13,R1,4000000.0,94.0,synthetic_demo,synthetic reservoir response,True
2017-07-14,R1,4000000.0,94.0,synthetic_demo,synthetic reservoir response,True
2017-07-15,R1,4000000.0,94.0,synthetic_demo,synthetic reservoir response,True
2017-07-16,R1,4000000.0,94.0,synthetic_demo,synthetic reservoir response,True
2017-07-17,R1,4000000.0,94.0,synthetic_demo,synthetic reservoir response,True
2017-07-18,R1,4000000.0,94.0,synthetic_demo,synthetic reservoir response,True
2017-07-19,R1,4000000.0,94.0,synthetic_demo,synthetic reservoir response,True
2017-07-20,R1,4000000.0,94.0,synthetic_demo,synthetic reservoir response,True
2017-07-21,R1,4000000.0,94.0,synthetic_demo,synthetic reservoir response,True
2017-07-22,R1,4000000.0,94.0,synthetic_demo,synthetic reservoir response,True
2017-07-23,R1,4000000.0,94.0,synthetic_demo,synthetic reservoir response,True
2017-07-24,R1,4000000.0,94.0,synthetic_demo,synthetic reservoir response,True
2017-07-25,R1,4000000.0,94.0,synthetic_demo,synthetic reservoir response,True
2017-07-26,R1,4000000.0,94.0,synthetic_demo,synthetic reservoir response,True
2017-07-27,R1,4000000.0,94.0,synthetic_demo,synthetic reservoir response,True
2017-07-28,R1,4000000.0,94.0,synthetic_demo,synthetic reservoir response,True
2017-07-29,R1,4000000.0,94.0,synthetic_demo,synthetic reservoir response,True
2017-07-30,R1,4000000.0,94.0,synthetic_demo,synthetic reservoir response,True
2017-07-31,R1,4000000.0,94.0,synthetic_demo,synthetic reservoir response,True
2017-08-01,R1,4000000.0,94.0,synthetic_demo,synthetic reservoir response,True
2017-08-02,R1,4000000.0,94.0,synthetic_demo,synthetic reservoir response,True
2017-08-03,R1,4000000.0,94.0,synthetic_demo,synthetic reservoir response,True
2017-08-04,R1,4000000.0,94.0,synthetic_demo,synthetic reservoir response,True
2017-08-05,R1,4000000.0,94.0,synthetic_demo,synthetic reservoir response,True
2017-08-06,R1,4000000.0,94.0,synthetic_demo,synthetic reservoir response,True
2017-08-07,R1,4000000.0,94.0,synthetic_demo,synthetic reservoir response,True
2017-08-08,R1,4000000.0,94.0,synthetic_demo,synthetic reservoir response,True
2017-08-09,R1,4000000.0,94.0,synthetic_demo,synthetic reservoir response,True
2017-08-10,R1,4000000.0,94.0,synthetic_demo,synthetic reservoir response,True
2017-08-11,R1,4000000.0,94.0,synthetic_demo,synthetic reservoir response,True
2017-08-12,R1,4000000.0,94.0,synthetic_demo,synthetic reservoir response,True
2017-08-13,R1,4000000.0,94.0,synthetic_demo,synthetic reservoir response,True
2017-08-14,R1,4000000.0,94.0,synthetic_demo,synthetic reservoir response,True
2017-08-15,R1,4000000.0,94.0,synthetic_demo,synthetic reservoir response,True
2017-08-16,R1,4000000.0,94.0,synthetic_demo,synthetic reservoir response,True
2017-08-17,R1,4000000.0,94.0,synthetic_demo,synthetic reservoir response,True
2017-08-18,R1,4000000.0,94.0,synthetic_demo,synthetic reservoir response,True
2017-08-19,R1,4000000.0,94.0,synthetic_demo,synthetic reservoir response,True
2017-08-20,R1,4000000.0,94.0,synthetic_demo,synthetic reservoir response,True
2017-08-21,R1,4000000.0,94.0,synthetic_demo,synthetic reservoir response,True
2017-08-22,R1,4000000.0,94.0,synthetic_demo,synthetic reservoir response,True
2017-08-23,R1,4000000.0,94.0,synthetic_demo,synthetic reservoir response,True
2017-08-24,R1,4000000.0,94.0,synthetic_demo,synthetic reservoir response,True
2017-08-25,R1,4000000.0,94.0,synthetic_demo,synthetic reservoir response,True
2017-08-26,R1,4000000.0,94.0,synthetic_demo,synthetic reservoir response,True
2017-08-27,R1,4000000.0,94.0,synthetic_demo,synthetic reservoir response,True
2017-08-28,R1,4000000.0,94.0,synthetic_demo,synthetic reservoir response,True
2017-08-29,R1,4000000.0,94.0,synthetic_demo,synthetic reservoir response,True
2017-08-30,R1,4000000.0,94.0,synthetic_demo,synthetic reservoir response,True
2017-08-31,R1,4000000.0,94.0,synthetic_demo,synthetic reservoir response,True
2017-09-01,R1,4000000.0,94.0,synthetic_demo,synthetic reservoir response,True
2017-09-02,R1,4000000.0,94.0,synthetic_demo,synthetic reservoir response,True
2017-09-03,R1,4000000.0,94.0,synthetic_demo,synthetic reservoir response,True
2017-09-04,R1,4000000.0,94.0,synthetic_demo,synthetic reservoir response,True
2017-09-05,R1,4000000.0,94.0,synthetic_demo,synthetic reservoir response,True
2017-09-06,R1,4000000.0,94.0,synthetic_demo,synthetic reservoir response,True
2017-09-07,R1,4000000.0,94.0,synthetic_demo,synthetic reservoir response,True
2017-09-08,R1,4000000.0,94.0,synthetic_demo,synthetic reservoir response,True
2017-09-09,R1,4000000.0,94.0,synthetic_demo,synthetic reservoir response,True
2017-09-10,R1,4000000.0,94.0,synthetic_demo,synthetic reservoir response,True
2017-09-11,R1,4000000.0,94.0,synthetic_demo,synthetic reservoir response,True
2017-09-12,R1,4000000.0,94.0,synthetic_demo,synthetic reservoir response,True
2017-09-13,R1,4000000.0,94.0,synthetic_demo,synthetic reservoir response,True
2017-09-14,R1,4000000.0,94.0,synthetic_demo,synthetic reservoir response,True
2017-09-15,R1,4000000.0,94.0,synthetic_demo,synthetic reservoir response,True
2017-09-16,R1,4000000.0,94.0,synthetic_demo,synthetic reservoir response,True
2017-09-17,R1,4000000.0,94.0,synthetic_demo,synthetic reservoir response,True
2017-09-18,R1,4000000.0,94.0,synthetic_demo,synthetic reservoir response,True
2017-09-19,R1,4000000.0,94.0,synthetic_demo,synthetic reservoir response,True
2017-09-20,R1,4000000.0,94.0,synthetic_demo,synthetic reservoir response,True
2017-09-21,R1,4000000.0,94.0,synthetic_demo,synthetic reservoir response,True
2017-09-22,R1,4000000.0,94.0,synthetic_demo,synthetic reservoir response,True
2017-09-23,R1,4000000.0,94.0,synthetic_demo,synthetic reservoir response,True
2017-09-24,R1,4000000.0,94.0,synthetic_demo,synthetic reservoir response,True
2017-09-25,R1,4000000.0,94.0,synthetic_demo,synthetic reservoir response,True
2017-09-26,R1,4000000.0,94.0,synthetic_demo,synthetic reservoir response,True
2017-09-27,R1,4000000.0,94.0,synthetic_demo,synthetic reservoir response,True
2017-09-28,R1,4000000.0,94.0,synthetic_demo,synthetic reservoir response,True
2017-09-29,R1,4000000.0,94.0,synthetic_demo,synthetic reservoir response,True
2017-09-30,R1,4000000.0,94.0,synthetic_demo,synthetic reservoir response,True
2017-10-01,R1,4000000.0,94.0,synthetic_demo,synthetic reservoir response,True
2017-10-02,R1,4000000.0,94.0,synthetic_demo,synthetic reservoir response,True
2017-10-03,R1,4000000.0,94.0,synthetic_demo,synthetic reservoir response,True
2017-10-04,R1,4000000.0,94.0,synthetic_demo,synthetic reservoir response,True
2017-10-05,R1,4000000.0,94.0,synthetic_demo,synthetic reservoir response,True
2017-10-06,R1,4000000.0,94.0,synthetic_demo,synthetic reservoir response,True
2017-10-07,R1,4000000.0,94.0,synthetic_demo,synthetic reservoir response,True
2017-10-08,R1,4000000.0,94.0,synthetic_demo,synthetic reservoir response,True
2017-10-09,R1,4000000.0,94.0,synthetic_demo,synthetic reservoir response,True
2017-10-10,R1,4000000.0,94.0,synthetic_demo,synthetic reservoir response,True
2017-10-11,R1,4000000.0,94.0,synthetic_demo,synthetic reservoir response,True
2017-10-12,R1,4000000.0,94.0,synthetic_demo,synthetic reservoir response,True
2017-10-13,R1,4000000.0,94.0,synthetic_demo,synthetic reservoir response,True
2017-10-14,R1,4000000.0,94.0,synthetic_demo,synthetic reservoir response,True
2017-10-15,R1,4000000.0,94.0,synthetic_demo,synthetic reservoir response,True
2017-10-16,R1,4000000.0,94.0,synthetic_demo,synthetic reservoir response,True
2017-10-17,R1,4000000.0,94.0,synthetic_demo,synthetic reservoir response,True
2017-10-18,R1,4000000.0,94.0,synthetic_demo,synthetic reservoir response,True
2017-10-19,R1,4000000.0,94.0,synthetic_demo,synthetic reservoir response,True
2017-10-20,R1,4000000.0,94.0,synthetic_demo,synthetic reservoir response,True
2017-10-21,R1,4000000.0,94.0,synthetic_demo,synthetic reservoir response,True
2017-10-22,R1,4000000.0,94.0,synthetic_demo,synthetic reservoir response,True
2017-10-23,R1,4000000.0,94.0,synthetic_demo,synthetic reservoir response,True
2017-10-24,R1,4000000.0,94.0,synthetic_demo,synthetic reservoir response,True
2017-10-25,R1,4000000.0,94.0,synthetic_demo,synthetic reservoir response,True
2017-10-26,R1,4000000.0,94.0,synthetic_demo,synthetic reservoir response,True
2017-10-27,R1,4000000.0,94.0,synthetic_demo,synthetic reservoir response,True
2017-10-28,R1,4000000.0,94.0,synthetic_demo,synthetic reservoir response,True
2017-10-29,R1,4000000.0,94.0,synthetic_demo,synthetic reservoir response,True
2017-10-30,R1,4000000.0,94.0,synthetic_demo,synthetic reservoir response,True
2017-10-31,R1,4000000.0,94.0,synthetic_demo,synthetic reservoir response,True
2017-11-01,R1,4000000.0,94.0,synthetic_demo,synthetic reservoir response,True
2017-11-02,R1,4000000.0,94.0,synthetic_demo,synthetic reservoir response,True
2017-11-03,R1,4000000.0,94.0,synthetic_demo,synthetic reservoir response,True
2017-11-04,R1,4000000.0,94.0,synthetic_demo,synthetic reservoir response,True
2017-11-05,R1,4000000.0,94.0,synthetic_demo,synthetic reservoir response,True
2017-11-06,R1,4000000.0,94.0,synthetic_demo,synthetic reservoir response,True
2017-11-07,R1,4000000.0,94.0,synthetic_demo,synthetic reservoir response,True
2017-11-08,R1,4000000.0,94.0,synthetic_demo,synthetic reservoir response,True
2017-11-09,R1,4000000.0,94.0,synthetic_demo,synthetic reservoir response,True
2017-11-10,R1,4000000.0,94.0,synthetic_demo,synthetic reservoir response,True
2017-11-11,R1,4000000.0,94.0,synthetic_demo,synthetic reservoir response,True
2017-11-12,R1,4000000.0,94.0,synthetic_demo,synthetic reservoir response,True
2017-11-13,R1,4000000.0,94.0,synthetic_demo,synthetic reservoir response,True
2017-11-14,R1,4000000.0,94.0,synthetic_demo,synthetic reservoir response,True
2017-11-15,R1,4000000.0,94.0,synthetic_demo,synthetic reservoir response,True
2017-11-16,R1,4000000.0,94.0,synthetic_demo,synthetic reservoir response,True
2017-11-17,R1,4000000.0,94.0,synthetic_demo,synthetic reservoir response,True
2017-11-18,R1,4000000.0,94.0,synthetic_demo,synthetic reservoir response,True
2017-11-19,R1,4000000.0,94.0,synthetic_demo,synthetic reservoir response,True
2017-11-20,R1,4000000.0,94.0,synthetic_demo,synthetic reservoir response,True
2017-11-21,R1,4000000.0,94.0,synthetic_demo,synthetic reservoir response,True
2017-11-22,R1,4000000.0,94.0,synthetic_demo,synthetic reservoir response,True
2017-11-23,R1,4000000.0,94.0,synthetic_demo,synthetic reservoir response,True
2017-11-24,R1,4000000.0,94.0,synthetic_demo,synthetic reservoir response,True
2017-11-25,R1,4000000.0,94.0,synthetic_demo,synthetic reservoir response,True
2017-11-26,R1,4000000.0,94.0,synthetic_demo,synthetic reservoir response,True
2017-11-27,R1,4000000.0,94.0,synthetic_demo,synthetic reservoir response,True
2017-11-28,R1,4000000.0,94.0,synthetic_demo,synthetic reservoir response,True
2017-11-29,R1,4000000.0,94.0,synthetic_demo,synthetic reservoir response,True
2017-11-30,R1,4000000.0,94.0,synthetic_demo,synthetic reservoir response,True
2017-12-01,R1,4000000.0,94.0,synthetic_demo,synthetic reservoir response,True
2017-12-02,R1,4000000.0,94.0,synthetic_demo,synthetic reservoir response,True
2017-12-03,R1,4000000.0,94.0,synthetic_demo,synthetic reservoir response,True
2017-12-04,R1,4000000.0,94.0,synthetic_demo,synthetic reservoir response,True
2017-12-05,R1,4000000.0,94.0,synthetic_demo,synthetic reservoir response,True
2017-12-06,R1,4000000.0,94.0,synthetic_demo,synthetic reservoir response,True
2017-12-07,R1,4000000.0,94.0,synthetic_demo,synthetic reservoir response,True
2017-12-08,R1,4000000.0,94.0,synthetic_demo,synthetic reservoir response,True
2017-12-09,R1,4000000.0,94.0,synthetic_demo,synthetic reservoir response,True
2017-12-10,R1,4000000.0,94.0,synthetic_demo,synthetic reservoir response,True
2017-12-11,R1,4000000.0,94.0,synthetic_demo,synthetic reservoir response,True
2017-12-12,R1,4000000.0,94.0,synthetic_demo,synthetic reservoir response,True
2017-12-13,R1,4000000.0,94.0,synthetic_demo,synthetic reservoir response,True
2017-12-14,R1,4000000.0,94.0,synthetic_demo,synthetic reservoir response,True
2017-12-15,R1,4000000.0,94.0,synthetic_demo,synthetic reservoir response,True
2017-12-16,R1,4000000.0,94.0,synthetic_demo,synthetic reservoir response,True
2017-12-17,R1,4000000.0,94.0,synthetic_demo,synthetic reservoir response,True
2017-12-18,R1,4000000.0,94.0,synthetic_demo,synthetic reservoir response,True
2017-12-19,R1,4000000.0,94.0,synthetic_demo,synthetic reservoir response,True
2017-12-20,R1,4000000.0,94.0,synthetic_demo,synthetic reservoir response,True
2017-12-21,R1,4000000.0,94.0,synthetic_demo,synthetic reservoir response,True
2017-12-22,R1,4000000.0,94.0,synthetic_demo,synthetic reservoir response,True
2017-12-23,R1,4000000.0,94.0,synthetic_demo,synthetic reservoir response,True
2017-12-24,R1,4000000.0,94.0,synthetic_demo,synthetic reservoir response,True
2017-12-25,R1,4000000.0,94.0,synthetic_demo,synthetic reservoir response,True
2017-12-26,R1,4000000.0,94.0,synthetic_demo,synthetic reservoir response,True
2017-12-27,R1,4000000.0,94.0,synthetic_demo,synthetic reservoir response,True
2017-12-28,R1,4000000.0,94.0,synthetic_demo,synthetic reservoir response,True
2017-12-29,R1,4000000.0,94.0,synthetic_demo,synthetic reservoir response,True
2017-12-30,R1,4000000.0,94.0,synthetic_demo,synthetic reservoir response,True
2017-12-31,R1,4000000.0,94.0,synthetic_demo,synthetic reservoir response,True
2018-01-01,R1,4000000.0,94.0,synthetic_demo,synthetic reservoir response,True
2018-01-02,R1,4000000.0,94.0,synthetic_demo,synthetic reservoir response,True
2018-01-03,R1,4000000.0,94.0,synthetic_demo,synthetic reservoir response,True
2018-01-04,R1,4000000.0,94.0,synthetic_demo,synthetic reservoir response,True
2018-01-05,R1,4000000.0,94.0,synthetic_demo,synthetic reservoir response,True
2018-01-06,R1,4000000.0,94.0,synthetic_demo,synthetic reservoir response,True
2018-01-07,R1,4000000.0,94.0,synthetic_demo,synthetic reservoir response,True
2018-01-08,R1,4000000.0,94.0,synthetic_demo,synthetic reservoir response,True
2018-01-09,R1,4000000.0,94.0,synthetic_demo,synthetic reservoir response,True
2018-01-10,R1,4000000.0,94.0,synthetic_demo,synthetic reservoir response,True
2018-01-11,R1,4000000.0,94.0,synthetic_demo,synthetic reservoir response,True
2018-01-12,R1,4000000.0,94.0,synthetic_demo,synthetic reservoir response,True
2018-01-13,R1,4000000.0,94.0,synthetic_demo,synthetic reservoir response,True
2018-01-14,R1,4000000.0,94.0,synthetic_demo,synthetic reservoir response,True
2018-01-15,R1,4000000.0,94.0,synthetic_demo,synthetic reservoir response,True
2018-01-16,R1,4000000.0,94.0,synthetic_demo,synthetic reservoir response,True
2018-01-17,R1,4000000.0,94.0,synthetic_demo,synthetic reservoir response,True
2018-01-18,R1,4000000.0,94.0,synthetic_demo,synthetic reservoir response,True
2018-01-19,R1,4000000.0,94.0,synthetic_demo,synthetic reservoir response,True
2018-01-20,R1,4000000.0,94.0,synthetic_demo,synthetic reservoir response,True
2018-01-21,R1,4000000.0,94.0,synthetic_demo,synthetic reservoir response,True
2018-01-22,R1,4000000.0,94.0,synthetic_demo,synthetic reservoir response,True
2018-01-23,R1,4000000.0,94.0,synthetic_demo,synthetic reservoir response,True
2018-01-24,R1,4000000.0,94.0,synthetic_demo,synthetic reservoir response,True
2018-01-25,R1,4000000.0,94.0,synthetic_demo,synthetic reservoir response,True
2018-01-26,R1,4000000.0,94.0,synthetic_demo,synthetic reservoir response,True
2018-01-27,R1,4000000.0,94.0,synthetic_demo,synthetic reservoir response,True
2018-01-28,R1,4000000.0,94.0,synthetic_demo,synthetic reservoir response,True
2018-01-29,R1,4000000.0,94.0,synthetic_demo,synthetic reservoir response,True
2018-01-30,R1,4000000.0,94.0,synthetic_demo,synthetic reservoir response,True
2018-01-31,R1,4000000.0,94.0,synthetic_demo,synthetic reservoir response,True
2018-02-01,R1,4000000.0,94.0,synthetic_demo,synthetic reservoir response,True
2018-02-02,R1,4000000.0,94.0,synthetic_demo,synthetic reservoir response,True
2018-02-03,R1,4000000.0,94.0,synthetic_demo,synthetic reservoir response,True
2018-02-04,R1,4000000.0,94.0,synthetic_demo,synthetic reservoir response,True
2018-02-05,R1,4000000.0,94.0,synthetic_demo,synthetic reservoir response,True
2018-02-06,R1,4000000.0,94.0,synthetic_demo,synthetic reservoir response,True
2018-02-07,R1,4000000.0,94.0,synthetic_demo,synthetic reservoir response,True
2018-02-08,R1,4000000.0,94.0,synthetic_demo,synthetic reservoir response,True
2018-02-09,R1,4000000.0,94.0,synthetic_demo,synthetic reservoir response,True
2018-02-10,R1,4000000.0,94.0,synthetic_demo,synthetic reservoir response,True
2018-02-11,R1,4000000.0,94.0,synthetic_demo,synthetic reservoir response,True
2018-02-12,R1,4000000.0,94.0,synthetic_demo,synthetic reservoir response,True
2018-02-13,R1,4000000.0,94.0,synthetic_demo,synthetic reservoir response,True
2018-02-14,R1,4000000.0,94.0,synthetic_demo,synthetic reservoir response,True
2018-02-15,R1,4000000.0,94.0,synthetic_demo,synthetic reservoir response,True
2018-02-16,R1,4000000.0,94.0,synthetic_demo,synthetic reservoir response,True
2018-02-17,R1,4000000.0,94.0,synthetic_demo,synthetic reservoir response,True
2018-02-18,R1,4000000.0,94.0,synthetic_demo,synthetic reservoir response,True
2018-02-19,R1,4000000.0,94.0,synthetic_demo,synthetic reservoir response,True
2018-02-20,R1,4000000.0,94.0,synthetic_demo,synthetic reservoir response,True
2018-02-21,R1,4000000.0,94.0,synthetic_demo,synthetic reservoir response,True
2018-02-22,R1,4000000.0,94.0,synthetic_demo,synthetic reservoir response,True
2018-02-23,R1,4000000.0,94.0,synthetic_demo,synthetic reservoir response,True
2018-02-24,R1,4000000.0,94.0,synthetic_demo,synthetic reservoir response,True
2018-02-25,R1,4000000.0,94.0,synthetic_demo,synthetic reservoir response,True
2018-02-26,R1,4000000.0,94.0,synthetic_demo,synthetic reservoir response,True
2018-02-27,R1,4000000.0,94.0,synthetic_demo,synthetic reservoir response,True
2018-02-28,R1,4000000.0,94.0,synthetic_demo,synthetic reservoir response,True
2018-03-01,R1,4000000.0,94.0,synthetic_demo,synthetic reservoir response,True
2018-03-02,R1,4000000.0,94.0,synthetic_demo,synthetic reservoir response,True
2018-03-03,R1,4000000.0,94.0,synthetic_demo,synthetic reservoir response,True
2018-03-04,R1,4000000.0,94.0,synthetic_demo,synthetic reservoir response,True
2018-03-05,R1,4000000.0,94.0,synthetic_demo,synthetic reservoir response,True
2018-03-06,R1,4000000.0,94.0,synthetic_demo,synthetic reservoir response,True
2018-03-07,R1,4000000.0,94.0,synthetic_demo,synthetic reservoir response,True
2018-03-08,R1,4000000.0,94.0,synthetic_demo,synthetic reservoir response,True
2018-03-09,R1,4000000.0,94.0,synthetic_demo,synthetic reservoir response,True
2018-03-10,R1,4000000.0,94.0,synthetic_demo,synthetic reservoir response,True
2018-03-11,R1,4000000.0,94.0,synthetic_demo,synthetic reservoir response,True
2018-03-12,R1,4000000.0,94.0,synthetic_demo,synthetic reservoir response,True
2018-03-13,R1,4000000.0,94.0,synthetic_demo,synthetic reservoir response,True
2018-03-14,R1,4000000.0,94.0,synthetic_demo,synthetic reservoir response,True
2018-03-15,R1,4000000.0,94.0,synthetic_demo,synthetic reservoir response,True
2018-03-16,R1,4000000.0,94.0,synthetic_demo,synthetic reservoir response,True
2018-03-17,R1,4000000.0,94.0,synthetic_demo,synthetic reservoir response,True
2018-03-18,R1,4000000.0,94.0,synthetic_demo,synthetic reservoir response,True
2018-03-19,R1,4000000.0,94.0,synthetic_demo,synthetic reservoir response,True
2018-03-20,R1,4000000.0,94.0,synthetic_demo,synthetic reservoir response,True
2018-03-21,R1,4000000.0,94.0,synthetic_demo,synthetic reservoir response,True
2018-03-22,R1,4000000.0,94.0,synthetic_demo,synthetic reservoir response,True
2018-03-23,R1,4000000.0,94.0,synthetic_demo,synthetic reservoir response,True
2018-03-24,R1,4000000.0,94.0,synthetic_demo,synthetic reservoir response,True
2018-03-25,R1,4000000.0,94.0,synthetic_demo,synthetic reservoir response,True
2018-03-26,R1,4000000.0,94.0,synthetic_demo,synthetic reservoir response,True
2018-03-27,R1,4000000.0,94.0,synthetic_demo,synthetic reservoir response,True
2018-03-28,R1,4000000.0,94.0,synthetic_demo,synthetic reservoir response,True
2018-03-29,R1,4000000.0,94.0,synthetic_demo,synthetic reservoir response,True
2018-03-30,R1,4000000.0,94.0,synthetic_demo,synthetic reservoir response,True
2018-03-31,R1,4000000.0,94.0,synthetic_demo,synthetic reservoir response,True
2018-04-01,R1,4000000.0,94.0,synthetic_demo,synthetic reservoir response,True
2018-04-02,R1,4000000.0,94.0,synthetic_demo,synthetic reservoir response,True
2018-04-03,R1,4000000.0,94.0,synthetic_demo,synthetic reservoir response,True
2018-04-04,R1,4000000.0,94.0,synthetic_demo,synthetic reservoir response,True
2018-04-05,R1,4000000.0,94.0,synthetic_demo,synthetic reservoir response,True
2018-04-06,R1,4000000.0,94.0,synthetic_demo,synthetic reservoir response,True
2018-04-07,R1,4000000.0,94.0,synthetic_demo,synthetic reservoir response,True
2018-04-08,R1,4000000.0,94.0,synthetic_demo,synthetic reservoir response,True
2018-04-09,R1,4000000.0,94.0,synthetic_demo,synthetic reservoir response,True
2018-04-10,R1,4000000.0,94.0,synthetic_demo,synthetic reservoir response,True
2018-04-11,R1,4000000.0,94.0,synthetic_demo,synthetic reservoir response,True
2018-04-12,R1,4000000.0,94.0,synthetic_demo,synthetic reservoir response,True
2018-04-13,R1,4000000.0,94.0,synthetic_demo,synthetic reservoir response,True
2018-04-14,R1,4000000.0,94.0,synthetic_demo,synthetic reservoir response,True
2018-04-15,R1,4000000.0,94.0,synthetic_demo,synthetic reservoir response,True
2018-04-16,R1,4000000.0,94.0,synthetic_demo,synthetic reservoir response,True
2018-04-17,R1,4000000.0,94.0,synthetic_demo,synthetic reservoir response,True
2018-04-18,R1,4000000.0,94.0,synthetic_demo,synthetic reservoir response,True
2018-04-19,R1,4000000.0,94.0,synthetic_demo,synthetic reservoir response,True
2018-04-20,R1,4000000.0,94.0,synthetic_demo,synthetic reservoir response,True
2018-04-21,R1,4000000.0,94.0,synthetic_demo,synthetic reservoir response,True
2018-04-22,R1,4000000.0,94.0,synthetic_demo,synthetic reservoir response,True
2018-04-23,R1,4000000.0,94.0,synthetic_demo,synthetic reservoir response,True
2018-04-24,R1,4000000.0,94.0,synthetic_demo,synthetic reservoir response,True
2018-04-25,R1,4000000.0,94.0,synthetic_demo,synthetic reservoir response,True
2018-04-26,R1,4000000.0,94.0,synthetic_demo,synthetic reservoir response,True
2018-04-27,R1,4000000.0,94.0,synthetic_demo,synthetic reservoir response,True
2018-04-28,R1,4000000.0,94.0,synthetic_demo,synthetic reservoir response,True
2018-04-29,R1,4000000.0,94.0,synthetic_demo,synthetic reservoir response,True
2018-04-30,R1,4000000.0,94.0,synthetic_demo,synthetic reservoir response,True
2018-05-01,R1,4000000.0,94.0,synthetic_demo,synthetic reservoir response,True
2018-05-02,R1,4000000.0,94.0,synthetic_demo,synthetic reservoir response,True
2018-05-03,R1,4000000.0,94.0,synthetic_demo,synthetic reservoir response,True
2018-05-04,R1,4000000.0,94.0,synthetic_demo,synthetic reservoir response,True
2018-05-05,R1,4000000.0,94.0,synthetic_demo,synthetic reservoir response,True
2018-05-06,R1,4000000.0,94.0,synthetic_demo,synthetic reservoir response,True
2018-05-07,R1,4000000.0,94.0,synthetic_demo,synthetic reservoir response,True
2018-05-08,R1,4000000.0,94.0,synthetic_demo,synthetic reservoir response,True
2018-05-09,R1,4000000.0,94.0,synthetic_demo,synthetic reservoir response,True
2018-05-10,R1,4000000.0,94.0,synthetic_demo,synthetic reservoir response,True
2018-05-11,R1,4000000.0,94.0,synthetic_demo,synthetic reservoir response,True
2018-05-12,R1,4000000.0,94.0,synthetic_demo,synthetic reservoir response,True
2018-05-13,R1,4000000.0,94.0,synthetic_demo,synthetic reservoir response,True
2018-05-14,R1,4000000.0,94.0,synthetic_demo,synthetic reservoir response,True
2018-05-15,R1,4000000.0,94.0,synthetic_demo,synthetic reservoir response,True
2018-05-16,R1,4000000.0,94.0,synthetic_demo,synthetic reservoir response,True
2018-05-17,R1,4000000.0,94.0,synthetic_demo,synthetic reservoir response,True
2018-05-18,R1,4000000.0,94.0,synthetic_demo,synthetic reservoir response,True
2018-05-19,R1,4000000.0,94.0,synthetic_demo,synthetic reservoir response,True
2018-05-20,R1,4000000.0,94.0,synthetic_demo,synthetic reservoir response,True
2018-05-21,R1,4000000.0,94.0,synthetic_demo,synthetic reservoir response,True
2018-05-22,R1,4000000.0,94.0,synthetic_demo,synthetic reservoir response,True
2018-05-23,R1,4000000.0,94.0,synthetic_demo,synthetic reservoir response,True
2018-05-24,R1,4000000.0,94.0,synthetic_demo,synthetic reservoir response,True
2018-05-25,R1,4000000.0,94.0,synthetic_demo,synthetic reservoir response,True
2018-05-26,R1,4000000.0,94.0,synthetic_demo,synthetic reservoir response,True
2018-05-27,R1,4000000.0,94.0,synthetic_demo,synthetic reservoir response,True
2018-05-28,R1,4000000.0,94.0,synthetic_demo,synthetic reservoir response,True
2018-05-29,R1,4000000.0,94.0,synthetic_demo,synthetic reservoir response,True
2018-05-30,R1,4000000.0,94.0,synthetic_demo,synthetic reservoir response,True
2018-05-31,R1,4000000.0,94.0,synthetic_demo,synthetic reservoir response,True
2018-06-01,R1,4000000.0,94.0,synthetic_demo,synthetic reservoir response,True
2018-06-02,R1,4000000.0,94.0,synthetic_demo,synthetic reservoir response,True
2018-06-03,R1,4000000.0,94.0,synthetic_demo,synthetic reservoir response,True
2018-06-04,R1,4000000.0,94.0,synthetic_demo,synthetic reservoir response,True
2018-06-05,R1,4000000.0,94.0,synthetic_demo,synthetic reservoir response,True
2018-06-06,R1,4000000.0,94.0,synthetic_demo,synthetic reservoir response,True
2018-06-07,R1,4000000.0,94.0,synthetic_demo,synthetic reservoir response,True
2018-06-08,R1,4000000.0,94.0,synthetic_demo,synthetic reservoir response,True
2018-06-09,R1,4000000.0,94.0,synthetic_demo,synthetic reservoir response,True
2018-06-10,R1,4000000.0,94.0,synthetic_demo,synthetic reservoir response,True
2018-06-11,R1,4000000.0,94.0,synthetic_demo,synthetic reservoir response,True
2018-06-12,R1,4000000.0,94.0,synthetic_demo,synthetic reservoir response,True
2018-06-13,R1,4000000.0,94.0,synthetic_demo,synthetic reservoir response,True
2018-06-14,R1,4000000.0,94.0,synthetic_demo,synthetic reservoir response,True
2018-06-15,R1,4000000.0,94.0,synthetic_demo,synthetic reservoir response,True
2018-06-16,R1,4000000.0,94.0,synthetic_demo,synthetic reservoir response,True
2018-06-17,R1,4000000.0,94.0,synthetic_demo,synthetic reservoir response,True
2018-06-18,R1,4000000.0,94.0,synthetic_demo,synthetic reservoir response,True
2018-06-19,R1,4000000.0,94.0,synthetic_demo,synthetic reservoir response,True
2018-06-20,R1,4000000.0,94.0,synthetic_demo,synthetic reservoir response,True
2018-06-21,R1,4000000.0,94.0,synthetic_demo,synthetic reservoir response,True
2018-06-22,R1,4000000.0,94.0,synthetic_demo,synthetic reservoir response,True
2018-06-23,R1,4000000.0,94.0,synthetic_demo,synthetic reservoir response,True
2018-06-24,R1,4000000.0,94.0,synthetic_demo,synthetic reservoir response,True
2018-06-25,R1,4000000.0,94.0,synthetic_demo,synthetic reservoir response,True
2018-06-26,R1,4000000.0,94.0,synthetic_demo,synthetic reservoir response,True
2018-06-27,R1,4000000.0,94.0,synthetic_demo,synthetic reservoir response,True
2018-06-28,R1,4000000.0,94.0,synthetic_demo,synthetic reservoir response,True
2018-06-29,R1,4000000.0,94.0,synthetic_demo,synthetic reservoir response,True
2018-06-30,R1,4000000.0,94.0,synthetic_demo,synthetic reservoir response,True
2018-07-01,R1,4000000.0,94.0,synthetic_demo,synthetic reservoir response,True
2018-07-02,R1,4000000.0,94.0,synthetic_demo,synthetic reservoir response,True
2018-07-03,R1,4000000.0,94.0,synthetic_demo,synthetic reservoir response,True
2018-07-04,R1,4000000.0,94.0,synthetic_demo,synthetic reservoir response,True
2018-07-05,R1,4000000.0,94.0,synthetic_demo,synthetic reservoir response,True
2018-07-06,R1,4000000.0,94.0,synthetic_demo,synthetic reservoir response,True
2018-07-07,R1,4000000.0,94.0,synthetic_demo,synthetic reservoir response,True
2018-07-08,R1,4000000.0,94.0,synthetic_demo,synthetic reservoir response,True
2018-07-09,R1,4000000.0,94.0,synthetic_demo,synthetic reservoir response,True
2018-07-10,R1,4000000.0,94.0,synthetic_demo,synthetic reservoir response,True
2018-07-11,R1,4000000.0,94.0,synthetic_demo,synthetic reservoir response,True
2018-07-12,R1,4000000.0,94.0,synthetic_demo,synthetic reservoir response,True
2018-07-13,R1,4000000.0,94.0,synthetic_demo,synthetic reservoir response,True
2018-07-14,R1,4000000.0,94.0,synthetic_demo,synthetic reservoir response,True
2018-07-15,R1,4000000.0,94.0,synthetic_demo,synthetic reservoir response,True
2018-07-16,R1,4000000.0,94.0,synthetic_demo,synthetic reservoir response,True
2018-07-17,R1,4000000.0,94.0,synthetic_demo,synthetic reservoir response,True
2018-07-18,R1,4000000.0,94.0,synthetic_demo,synthetic reservoir response,True
2018-07-19,R1,4000000.0,94.0,synthetic_demo,synthetic reservoir response,True
2018-07-20,R1,4000000.0,94.0,synthetic_demo,synthetic reservoir response,True
2018-07-21,R1,4000000.0,94.0,synthetic_demo,synthetic reservoir response,True
2018-07-22,R1,4000000.0,94.0,synthetic_demo,synthetic reservoir response,True
2018-07-23,R1,4000000.0,94.0,synthetic_demo,synthetic reservoir response,True
2018-07-24,R1,4000000.0,94.0,synthetic_demo,synthetic reservoir response,True
2018-07-25,R1,4000000.0,94.0,synthetic_demo,synthetic reservoir response,True
2018-07-26,R1,4000000.0,94.0,synthetic_demo,synthetic reservoir response,True
2018-07-27,R1,4000000.0,94.0,synthetic_demo,synthetic reservoir response,True
2018-07-28,R1,4000000.0,94.0,synthetic_demo,synthetic reservoir response,True
2018-07-29,R1,4000000.0,94.0,synthetic_demo,synthetic reservoir response,True
2018-07-30,R1,4000000.0,94.0,synthetic_demo,synthetic reservoir response,True
2018-07-31,R1,4000000.0,94.0,synthetic_demo,synthetic reservoir response,True
2018-08-01,R1,4000000.0,94.0,synthetic_demo,synthetic reservoir response,True
2018-08-02,R1,4000000.0,94.0,synthetic_demo,synthetic reservoir response,True
2018-08-03,R1,4000000.0,94.0,synthetic_demo,synthetic reservoir response,True
2018-08-04,R1,4000000.0,94.0,synthetic_demo,synthetic reservoir response,True
2018-08-05,R1,4000000.0,94.0,synthetic_demo,synthetic reservoir response,True
2018-08-06,R1,4000000.0,94.0,synthetic_demo,synthetic reservoir response,True
2018-08-07,R1,4000000.0,94.0,synthetic_demo,synthetic reservoir response,True
2018-08-08,R1,4000000.0,94.0,synthetic_demo,synthetic reservoir response,True
2018-08-09,R1,4000000.0,94.0,synthetic_demo,synthetic reservoir response,True
2018-08-10,R1,4000000.0,94.0,synthetic_demo,synthetic reservoir response,True
2018-08-11,R1,4000000.0,94.0,synthetic_demo,synthetic reservoir response,True
2018-08-12,R1,4000000.0,94.0,synthetic_demo,synthetic reservoir response,True
2018-08-13,R1,4000000.0,94.0,synthetic_demo,synthetic reservoir response,True
2018-08-14,R1,4000000.0,94.0,synthetic_demo,synthetic reservoir response,True
2018-08-15,R1,4000000.0,94.0,synthetic_demo,synthetic reservoir response,True
2018-08-16,R1,4000000.0,94.0,synthetic_demo,synthetic reservoir response,True
2018-08-17,R1,4000000.0,94.0,synthetic_demo,synthetic reservoir response,True
2018-08-18,R1,4000000.0,94.0,synthetic_demo,synthetic reservoir response,True
2018-08-19,R1,4000000.0,94.0,synthetic_demo,synthetic reservoir response,True
2018-08-20,R1,4000000.0,94.0,synthetic_demo,synthetic reservoir response,True
2018-08-21,R1,4000000.0,94.0,synthetic_demo,synthetic reservoir response,True
2018-08-22,R1,4000000.0,94.0,synthetic_demo,synthetic reservoir response,True
2018-08-23,R1,4000000.0,94.0,synthetic_demo,synthetic reservoir response,True
2018-08-24,R1,4000000.0,94.0,synthetic_demo,synthetic reservoir response,True
2018-08-25,R1,4000000.0,94.0,synthetic_demo,synthetic reservoir response,True
2018-08-26,R1,4000000.0,94.0,synthetic_demo,synthetic reservoir response,True
2018-08-27,R1,4000000.0,94.0,synthetic_demo,synthetic reservoir response,True
2018-08-28,R1,4000000.0,94.0,synthetic_demo,synthetic reservoir response,True
2018-08-29,R1,4000000.0,94.0,synthetic_demo,synthetic reservoir response,True
2018-08-30,R1,4000000.0,94.0,synthetic_demo,synthetic reservoir response,True
2018-08-31,R1,4000000.0,94.0,synthetic_demo,synthetic reservoir response,True
2018-09-01,R1,4000000.0,94.0,synthetic_demo,synthetic reservoir response,True
2018-09-02,R1,4000000.0,94.0,synthetic_demo,synthetic reservoir response,True
2018-09-03,R1,4000000.0,94.0,synthetic_demo,synthetic reservoir response,True
2018-09-04,R1,4000000.0,94.0,synthetic_demo,synthetic reservoir response,True
2018-09-05,R1,4000000.0,94.0,synthetic_demo,synthetic reservoir response,True
2018-09-06,R1,4000000.0,94.0,synthetic_demo,synthetic reservoir response,True
2018-09-07,R1,4000000.0,94.0,synthetic_demo,synthetic reservoir response,True
2018-09-08,R1,4000000.0,94.0,synthetic_demo,synthetic reservoir response,True
2018-09-09,R1,4000000.0,94.0,synthetic_demo,synthetic reservoir response,True
2018-09-10,R1,4000000.0,94.0,synthetic_demo,synthetic reservoir response,True
2018-09-11,R1,4000000.0,94.0,synthetic_demo,synthetic reservoir response,True
2018-09-12,R1,4000000.0,94.0,synthetic_demo,synthetic reservoir response,True
2018-09-13,R1,4000000.0,94.0,synthetic_demo,synthetic reservoir response,True
2018-09-14,R1,4000000.0,94.0,synthetic_demo,synthetic reservoir response,True
2018-09-15,R1,4000000.0,94.0,synthetic_demo,synthetic reservoir response,True
2018-09-16,R1,4000000.0,94.0,synthetic_demo,synthetic reservoir response,True
2018-09-17,R1,4000000.0,94.0,synthetic_demo,synthetic reservoir response,True
2018-09-18,R1,4000000.0,94.0,synthetic_demo,synthetic reservoir response,True
2018-09-19,R1,4000000.0,94.0,synthetic_demo,synthetic reservoir response,True
2018-09-20,R1,4000000.0,94.0,synthetic_demo,synthetic reservoir response,True
2018-09-21,R1,4000000.0,94.0,synthetic_demo,synthetic reservoir response,True
2018-09-22,R1,4000000.0,94.0,synthetic_demo,synthetic reservoir response,True
2018-09-23,R1,4000000.0,94.0,synthetic_demo,synthetic reservoir response,True
2018-09-24,R1,4000000.0,94.0,synthetic_demo,synthetic reservoir response,True
2018-09-25,R1,4000000.0,94.0,synthetic_demo,synthetic reservoir response,True
2018-09-26,R1,4000000.0,94.0,synthetic_demo,synthetic reservoir response,True
2018-09-27,R1,4000000.0,94.0,synthetic_demo,synthetic reservoir response,True
2018-09-28,R1,4000000.0,94.0,synthetic_demo,synthetic reservoir response,True
2018-09-29,R1,4000000.0,94.0,synthetic_demo,synthetic reservoir response,True
2018-09-30,R1,4000000.0,94.0,synthetic_demo,synthetic reservoir response,True
2018-10-01,R1,4000000.0,94.0,synthetic_demo,synthetic reservoir response,True
2018-10-02,R1,4000000.0,94.0,synthetic_demo,synthetic reservoir response,True
2018-10-03,R1,4000000.0,94.0,synthetic_demo,synthetic reservoir response,True
2018-10-04,R1,4000000.0,94.0,synthetic_demo,synthetic reservoir response,True
2018-10-05,R1,4000000.0,94.0,synthetic_demo,synthetic reservoir response,True
2018-10-06,R1,4000000.0,94.0,synthetic_demo,synthetic reservoir response,True
2018-10-07,R1,4000000.0,94.0,synthetic_demo,synthetic reservoir response,True
2018-10-08,R1,4000000.0,94.0,synthetic_demo,synthetic reservoir response,True
2018-10-09,R1,4000000.0,94.0,synthetic_demo,synthetic reservoir response,True
2018-10-10,R1,4000000.0,94.0,synthetic_demo,synthetic reservoir response,True
2018-10-11,R1,4000000.0,94.0,synthetic_demo,synthetic reservoir response,True
2018-10-12,R1,4000000.0,94.0,synthetic_demo,synthetic reservoir response,True
2018-10-13,R1,4000000.0,94.0,synthetic_demo,synthetic reservoir response,True
2018-10-14,R1,4000000.0,94.0,synthetic_demo,synthetic reservoir response,True
2018-10-15,R1,4000000.0,94.0,synthetic_demo,synthetic reservoir response,True
2018-10-16,R1,4000000.0,94.0,synthetic_demo,synthetic reservoir response,True
2018-10-17,R1,4000000.0,94.0,synthetic_demo,synthetic reservoir response,True
2018-10-18,R1,4000000.0,94.0,synthetic_demo,synthetic reservoir response,True
2018-10-19,R1,4000000.0,94.0,synthetic_demo,synthetic reservoir response,True
2018-10-20,R1,4000000.0,94.0,synthetic_demo,synthetic reservoir response,True
2018-10-21,R1,4000000.0,94.0,synthetic_demo,synthetic reservoir response,True
2018-10-22,R1,4000000.0,94.0,synthetic_demo,synthetic reservoir response,True
2018-10-23,R1,4000000.0,94.0,synthetic_demo,synthetic reservoir response,True
2018-10-24,R1,4000000.0,94.0,synthetic_demo,synthetic reservoir response,True
2018-10-25,R1,4000000.0,94.0,synthetic_demo,synthetic reservoir response,True
2018-10-26,R1,4000000.0,94.0,synthetic_demo,synthetic reservoir response,True
2018-10-27,R1,4000000.0,94.0,synthetic_demo,synthetic reservoir response,True
2018-10-28,R1,4000000.0,94.0,synthetic_demo,synthetic reservoir response,True
2018-10-29,R1,4000000.0,94.0,synthetic_demo,synthetic reservoir response,True
2018-10-30,R1,4000000.0,94.0,synthetic_demo,synthetic reservoir response,True
2018-10-31,R1,4000000.0,94.0,synthetic_demo,synthetic reservoir response,True
2018-11-01,R1,4000000.0,94.0,synthetic_demo,synthetic reservoir response,True
2018-11-02,R1,4000000.0,94.0,synthetic_demo,synthetic reservoir response,True
2018-11-03,R1,4000000.0,94.0,synthetic_demo,synthetic reservoir response,True
2018-11-04,R1,4000000.0,94.0,synthetic_demo,synthetic reservoir response,True
2018-11-05,R1,4000000.0,94.0,synthetic_demo,synthetic reservoir response,True
2018-11-06,R1,4000000.0,94.0,synthetic_demo,synthetic reservoir response,True
2018-11-07,R1,4000000.0,94.0,synthetic_demo,synthetic reservoir response,True
2018-11-08,R1,4000000.0,94.0,synthetic_demo,synthetic reservoir response,True
2018-11-09,R1,4000000.0,94.0,synthetic_demo,synthetic reservoir response,True
2018-11-10,R1,4000000.0,94.0,synthetic_demo,synthetic reservoir response,True
2018-11-11,R1,4000000.0,94.0,synthetic_demo,synthetic reservoir response,True
2018-11-12,R1,4000000.0,94.0,synthetic_demo,synthetic reservoir response,True
2018-11-13,R1,4000000.0,94.0,synthetic_demo,synthetic reservoir response,True
2018-11-14,R1,4000000.0,94.0,synthetic_demo,synthetic reservoir response,True
2018-11-15,R1,4000000.0,94.0,synthetic_demo,synthetic reservoir response,True
2018-11-16,R1,4000000.0,94.0,synthetic_demo,synthetic reservoir response,True
2018-11-17,R1,4000000.0,94.0,synthetic_demo,synthetic reservoir response,True
2018-11-18,R1,4000000.0,94.0,synthetic_demo,synthetic reservoir response,True
2018-11-19,R1,4000000.0,94.0,synthetic_demo,synthetic reservoir response,True
2018-11-20,R1,4000000.0,94.0,synthetic_demo,synthetic reservoir response,True
2018-11-21,R1,4000000.0,94.0,synthetic_demo,synthetic reservoir response,True
2018-11-22,R1,4000000.0,94.0,synthetic_demo,synthetic reservoir response,True
2018-11-23,R1,4000000.0,94.0,synthetic_demo,synthetic reservoir response,True
2018-11-24,R1,4000000.0,94.0,synthetic_demo,synthetic reservoir response,True
2018-11-25,R1,4000000.0,94.0,synthetic_demo,synthetic reservoir response,True
2018-11-26,R1,4000000.0,94.0,synthetic_demo,synthetic reservoir response,True
2018-11-27,R1,4000000.0,94.0,synthetic_demo,synthetic reservoir response,True
2018-11-28,R1,4000000.0,94.0,synthetic_demo,synthetic reservoir response,True
2018-11-29,R1,4000000.0,94.0,synthetic_demo,synthetic reservoir response,True
2018-11-30,R1,4000000.0,94.0,synthetic_demo,synthetic reservoir response,True
2018-12-01,R1,4000000.0,94.0,synthetic_demo,synthetic reservoir response,True
2018-12-02,R1,4000000.0,94.0,synthetic_demo,synthetic reservoir response,True
2018-12-03,R1,4000000.0,94.0,synthetic_demo,synthetic reservoir response,True
2018-12-04,R1,4000000.0,94.0,synthetic_demo,synthetic reservoir response,True
2018-12-05,R1,4000000.0,94.0,synthetic_demo,synthetic reservoir response,True
2018-12-06,R1,4000000.0,94.0,synthetic_demo,synthetic reservoir response,True
2018-12-07,R1,4000000.0,94.0,synthetic_demo,synthetic reservoir response,True
2018-12-08,R1,4000000.0,94.0,synthetic_demo,synthetic reservoir response,True
2018-12-09,R1,4000000.0,94.0,synthetic_demo,synthetic reservoir response,True
2018-12-10,R1,4000000.0,94.0,synthetic_demo,synthetic reservoir response,True
2018-12-11,R1,4000000.0,94.0,synthetic_demo,synthetic reservoir response,True
2018-12-12,R1,4000000.0,94.0,synthetic_demo,synthetic reservoir response,True
2018-12-13,R1,4000000.0,94.0,synthetic_demo,synthetic reservoir response,True
2018-12-14,R1,4000000.0,94.0,synthetic_demo,synthetic reservoir response,True
2018-12-15,R1,4000000.0,94.0,synthetic_demo,synthetic reservoir response,True
2018-12-16,R1,4000000.0,94.0,synthetic_demo,synthetic reservoir response,True
2018-12-17,R1,4000000.0,94.0,synthetic_demo,synthetic reservoir response,True
2018-12-18,R1,4000000.0,94.0,synthetic_demo,synthetic reservoir response,True
2018-12-19,R1,4000000.0,94.0,synthetic_demo,synthetic reservoir response,True
2018-12-20,R1,4000000.0,94.0,synthetic_demo,synthetic reservoir response,True
2018-12-21,R1,4000000.0,94.0,synthetic_demo,synthetic reservoir response,True
2018-12-22,R1,4000000.0,94.0,synthetic_demo,synthetic reservoir response,True
2018-12-23,R1,4000000.0,94.0,synthetic_demo,synthetic reservoir response,True
2018-12-24,R1,4000000.0,94.0,synthetic_demo,synthetic reservoir response,True
2018-12-25,R1,4000000.0,94.0,synthetic_demo,synthetic reservoir response,True
2018-12-26,R1,4000000.0,94.0,synthetic_demo,synthetic reservoir response,True
2018-12-27,R1,4000000.0,94.0,synthetic_demo,synthetic reservoir response,True
2018-12-28,R1,4000000.0,94.0,synthetic_demo,synthetic reservoir response,True
2018-12-29,R1,4000000.0,94.0,synthetic_demo,synthetic reservoir response,True
2018-12-30,R1,4000000.0,94.0,synthetic_demo,synthetic reservoir response,True
2018-12-31,R1,4000000.0,94.0,synthetic_demo,synthetic reservoir response,True
2019-01-01,R1,4000000.0,94.0,synthetic_demo,synthetic reservoir response,True
2019-01-02,R1,4000000.0,94.0,synthetic_demo,synthetic reservoir response,True
2019-01-03,R1,4000000.0,94.0,synthetic_demo,synthetic reservoir response,True
2019-01-04,R1,4000000.0,94.0,synthetic_demo,synthetic reservoir response,True
2019-01-05,R1,4000000.0,94.0,synthetic_demo,synthetic reservoir response,True
2019-01-06,R1,4000000.0,94.0,synthetic_demo,synthetic reservoir response,True
2019-01-07,R1,4000000.0,94.0,synthetic_demo,synthetic reservoir response,True
2019-01-08,R1,4000000.0,94.0,synthetic_demo,synthetic reservoir response,True
2019-01-09,R1,4000000.0,94.0,synthetic_demo,synthetic reservoir response,True
2019-01-10,R1,4000000.0,94.0,synthetic_demo,synthetic reservoir response,True
2019-01-11,R1,4000000.0,94.0,synthetic_demo,synthetic reservoir response,True
2019-01-12,R1,4000000.0,94.0,synthetic_demo,synthetic reservoir response,True
2019-01-13,R1,4000000.0,94.0,synthetic_demo,synthetic reservoir response,True
2019-01-14,R1,4000000.0,94.0,synthetic_demo,synthetic reservoir response,True
2019-01-15,R1,4000000.0,94.0,synthetic_demo,synthetic reservoir response,True
2019-01-16,R1,4000000.0,94.0,synthetic_demo,synthetic reservoir response,True
2019-01-17,R1,4000000.0,94.0,synthetic_demo,synthetic reservoir response,True
2019-01-18,R1,4000000.0,94.0,synthetic_demo,synthetic reservoir response,True
2019-01-19,R1,4000000.0,94.0,synthetic_demo,synthetic reservoir response,True
2019-01-20,R1,4000000.0,94.0,synthetic_demo,synthetic reservoir response,True
2019-01-21,R1,4000000.0,94.0,synthetic_demo,synthetic reservoir response,True
2019-01-22,R1,4000000.0,94.0,synthetic_demo,synthetic reservoir response,True
2019-01-23,R1,4000000.0,94.0,synthetic_demo,synthetic reservoir response,True
2019-01-24,R1,4000000.0,94.0,synthetic_demo,synthetic reservoir response,True
2019-01-25,R1,4000000.0,94.0,synthetic_demo,synthetic reservoir response,True
2019-01-26,R1,4000000.0,94.0,synthetic_demo,synthetic reservoir response,True
2019-01-27,R1,4000000.0,94.0,synthetic_demo,synthetic reservoir response,True
2019-01-28,R1,4000000.0,94.0,synthetic_demo,synthetic reservoir response,True
2019-01-29,R1,4000000.0,94.0,synthetic_demo,synthetic reservoir response,True
2019-01-30,R1,4000000.0,94.0,synthetic_demo,synthetic reservoir response,True
2019-01-31,R1,4000000.0,94.0,synthetic_demo,synthetic reservoir response,True
2019-02-01,R1,4000000.0,94.0,synthetic_demo,synthetic reservoir response,True
2019-02-02,R1,4000000.0,94.0,synthetic_demo,synthetic reservoir response,True
2019-02-03,R1,4000000.0,94.0,synthetic_demo,synthetic reservoir response,True
2019-02-04,R1,4000000.0,94.0,synthetic_demo,synthetic reservoir response,True
2019-02-05,R1,4000000.0,94.0,synthetic_demo,synthetic reservoir response,True
2019-02-06,R1,4000000.0,94.0,synthetic_demo,synthetic reservoir response,True
2019-02-07,R1,4000000.0,94.0,synthetic_demo,synthetic reservoir response,True
2019-02-08,R1,4000000.0,94.0,synthetic_demo,synthetic reservoir response,True
2019-02-09,R1,4000000.0,94.0,synthetic_demo,synthetic reservoir response,True
2019-02-10,R1,4000000.0,94.0,synthetic_demo,synthetic reservoir response,True
2019-02-11,R1,4000000.0,94.0,synthetic_demo,synthetic reservoir response,True
2019-02-12,R1,4000000.0,94.0,synthetic_demo,synthetic reservoir response,True
2019-02-13,R1,4000000.0,94.0,synthetic_demo,synthetic reservoir response,True
2019-02-14,R1,4000000.0,94.0,synthetic_demo,synthetic reservoir response,True
2019-02-15,R1,4000000.0,94.0,synthetic_demo,synthetic reservoir response,True
2019-02-16,R1,4000000.0,94.0,synthetic_demo,synthetic reservoir response,True
2019-02-17,R1,4000000.0,94.0,synthetic_demo,synthetic reservoir response,True
2019-02-18,R1,4000000.0,94.0,synthetic_demo,synthetic reservoir response,True
2019-02-19,R1,4000000.0,94.0,synthetic_demo,synthetic reservoir response,True
2019-02-20,R1,4000000.0,94.0,synthetic_demo,synthetic reservoir response,True
2019-02-21,R1,4000000.0,94.0,synthetic_demo,synthetic reservoir response,True
2019-02-22,R1,4000000.0,94.0,synthetic_demo,synthetic reservoir response,True
2019-02-23,R1,4000000.0,94.0,synthetic_demo,synthetic reservoir response,True
2019-02-24,R1,4000000.0,94.0,synthetic_demo,synthetic reservoir response,True
2019-02-25,R1,4000000.0,94.0,synthetic_demo,synthetic reservoir response,True
2019-02-26,R1,4000000.0,94.0,synthetic_demo,synthetic reservoir response,True
2019-02-27,R1,4000000.0,94.0,synthetic_demo,synthetic reservoir response,True
2019-02-28,R1,4000000.0,94.0,synthetic_demo,synthetic reservoir response,True
2019-03-01,R1,4000000.0,94.0,synthetic_demo,synthetic reservoir response,True
2019-03-02,R1,4000000.0,94.0,synthetic_demo,synthetic reservoir response,True
2019-03-03,R1,4000000.0,94.0,synthetic_demo,synthetic reservoir response,True
2019-03-04,R1,4000000.0,94.0,synthetic_demo,synthetic reservoir response,True
2019-03-05,R1,4000000.0,94.0,synthetic_demo,synthetic reservoir response,True
2019-03-06,R1,4000000.0,94.0,synthetic_demo,synthetic reservoir response,True
2019-03-07,R1,4000000.0,94.0,synthetic_demo,synthetic reservoir response,True
2019-03-08,R1,4000000.0,94.0,synthetic_demo,synthetic reservoir response,True
2019-03-09,R1,4000000.0,94.0,synthetic_demo,synthetic reservoir response,True
2019-03-10,R1,4000000.0,94.0,synthetic_demo,synthetic reservoir response,True
2019-03-11,R1,4000000.0,94.0,synthetic_demo,synthetic reservoir response,True
2019-03-12,R1,4000000.0,94.0,synthetic_demo,synthetic reservoir response,True
2019-03-13,R1,4000000.0,94.0,synthetic_demo,synthetic reservoir response,True
2019-03-14,R1,4000000.0,94.0,synthetic_demo,synthetic reservoir response,True
2019-03-15,R1,4000000.0,94.0,synthetic_demo,synthetic reservoir response,True
2019-03-16,R1,4000000.0,94.0,synthetic_demo,synthetic reservoir response,True
2019-03-17,R1,4000000.0,94.0,synthetic_demo,synthetic reservoir response,True
2019-03-18,R1,4000000.0,94.0,synthetic_demo,synthetic reservoir response,True
2019-03-19,R1,4000000.0,94.0,synthetic_demo,synthetic reservoir response,True
2019-03-20,R1,4000000.0,94.0,synthetic_demo,synthetic reservoir response,True
2019-03-21,R1,4000000.0,94.0,synthetic_demo,synthetic reservoir response,True
2019-03-22,R1,4000000.0,94.0,synthetic_demo,synthetic reservoir response,True
2019-03-23,R1,4000000.0,94.0,synthetic_demo,synthetic reservoir response,True
2019-03-24,R1,4000000.0,94.0,synthetic_demo,synthetic reservoir response,True
2019-03-25,R1,4000000.0,94.0,synthetic_demo,synthetic reservoir response,True
2019-03-26,R1,4000000.0,94.0,synthetic_demo,synthetic reservoir response,True
2019-03-27,R1,4000000.0,94.0,synthetic_demo,synthetic reservoir response,True
2019-03-28,R1,4000000.0,94.0,synthetic_demo,synthetic reservoir response,True
2019-03-29,R1,4000000.0,94.0,synthetic_demo,synthetic reservoir response,True
2019-03-30,R1,4000000.0,94.0,synthetic_demo,synthetic reservoir response,True
2019-03-31,R1,4000000.0,94.0,synthetic_demo,synthetic reservoir response,True
2019-04-01,R1,4000000.0,94.0,synthetic_demo,synthetic reservoir response,True
2019-04-02,R1,4000000.0,94.0,synthetic_demo,synthetic reservoir response,True
2019-04-03,R1,4000000.0,94.0,synthetic_demo,synthetic reservoir response,True
2019-04-04,R1,4000000.0,94.0,synthetic_demo,synthetic reservoir response,True
2019-04-05,R1,4000000.0,94.0,synthetic_demo,synthetic reservoir response,True
2019-04-06,R1,4000000.0,94.0,synthetic_demo,synthetic reservoir response,True
2019-04-07,R1,4000000.0,94.0,synthetic_demo,synthetic reservoir response,True
2019-04-08,R1,4000000.0,94.0,synthetic_demo,synthetic reservoir response,True
2019-04-09,R1,4000000.0,94.0,synthetic_demo,synthetic reservoir response,True
2019-04-10,R1,4000000.0,94.0,synthetic_demo,synthetic reservoir response,True
2019-04-11,R1,4000000.0,94.0,synthetic_demo,synthetic reservoir response,True
2019-04-12,R1,4000000.0,94.0,synthetic_demo,synthetic reservoir response,True
2019-04-13,R1,4000000.0,94.0,synthetic_demo,synthetic reservoir response,True
2019-04-14,R1,4000000.0,94.0,synthetic_demo,synthetic reservoir response,True
2019-04-15,R1,4000000.0,94.0,synthetic_demo,synthetic reservoir response,True
2019-04-16,R1,4000000.0,94.0,synthetic_demo,synthetic reservoir response,True
2019-04-17,R1,4000000.0,94.0,synthetic_demo,synthetic reservoir response,True
2019-04-18,R1,4000000.0,94.0,synthetic_demo,synthetic reservoir response,True
2019-04-19,R1,4000000.0,94.0,synthetic_demo,synthetic reservoir response,True
2019-04-20,R1,4000000.0,94.0,synthetic_demo,synthetic reservoir response,True
2019-04-21,R1,4000000.0,94.0,synthetic_demo,synthetic reservoir response,True
2019-04-22,R1,4000000.0,94.0,synthetic_demo,synthetic reservoir response,True
2019-04-23,R1,4000000.0,94.0,synthetic_demo,synthetic reservoir response,True
2019-04-24,R1,4000000.0,94.0,synthetic_demo,synthetic reservoir response,True
2019-04-25,R1,4000000.0,94.0,synthetic_demo,synthetic reservoir response,True
2019-04-26,R1,4000000.0,94.0,synthetic_demo,synthetic reservoir response,True
2019-04-27,R1,4000000.0,94.0,synthetic_demo,synthetic reservoir response,True
2019-04-28,R1,4000000.0,94.0,synthetic_demo,synthetic reservoir response,True
2019-04-29,R1,4000000.0,94.0,synthetic_demo,synthetic reservoir response,True
2019-04-30,R1,4000000.0,94.0,synthetic_demo,synthetic reservoir response,True
2019-05-01,R1,4000000.0,94.0,synthetic_demo,synthetic reservoir response,True
2019-05-02,R1,4000000.0,94.0,synthetic_demo,synthetic reservoir response,True
2019-05-03,R1,4000000.0,94.0,synthetic_demo,synthetic reservoir response,True
2019-05-04,R1,4000000.0,94.0,synthetic_demo,synthetic reservoir response,True
2019-05-05,R1,4000000.0,94.0,synthetic_demo,synthetic reservoir response,True
2019-05-06,R1,4000000.0,94.0,synthetic_demo,synthetic reservoir response,True
2019-05-07,R1,4000000.0,94.0,synthetic_demo,synthetic reservoir response,True
2019-05-08,R1,4000000.0,94.0,synthetic_demo,synthetic reservoir response,True
2019-05-09,R1,4000000.0,94.0,synthetic_demo,synthetic reservoir response,True
2019-05-10,R1,4000000.0,94.0,synthetic_demo,synthetic reservoir response,True
2019-05-11,R1,4000000.0,94.0,synthetic_demo,synthetic reservoir response,True
2019-05-12,R1,4000000.0,94.0,synthetic_demo,synthetic reservoir response,True
2019-05-13,R1,4000000.0,94.0,synthetic_demo,synthetic reservoir response,True
2019-05-14,R1,4000000.0,94.0,synthetic_demo,synthetic reservoir response,True
2019-05-15,R1,4000000.0,94.0,synthetic_demo,synthetic reservoir response,True
2019-05-16,R1,4000000.0,94.0,synthetic_demo,synthetic reservoir response,True
2019-05-17,R1,4000000.0,94.0,synthetic_demo,synthetic reservoir response,True
2019-05-18,R1,4000000.0,94.0,synthetic_demo,synthetic reservoir response,True
2019-05-19,R1,4000000.0,94.0,synthetic_demo,synthetic reservoir response,True
2019-05-20,R1,4000000.0,94.0,synthetic_demo,synthetic reservoir response,True
2019-05-21,R1,4000000.0,94.0,synthetic_demo,synthetic reservoir response,True
2019-05-22,R1,4000000.0,94.0,synthetic_demo,synthetic reservoir response,True
2019-05-23,R1,4000000.0,94.0,synthetic_demo,synthetic reservoir response,True
2019-05-24,R1,4000000.0,94.0,synthetic_demo,synthetic reservoir response,True
2019-05-25,R1,4000000.0,94.0,synthetic_demo,synthetic reservoir response,True
2019-05-26,R1,4000000.0,94.0,synthetic_demo,synthetic reservoir response,True
2019-05-27,R1,4000000.0,94.0,synthetic_demo,synthetic reservoir response,True
2019-05-28,R1,4000000.0,94.0,synthetic_demo,synthetic reservoir response,True
2019-05-29,R1,4000000.0,94.0,synthetic_demo,synthetic reservoir response,True
2019-05-30,R1,4000000.0,94.0,synthetic_demo,synthetic reservoir response,True
2019-05-31,R1,4000000.0,94.0,synthetic_demo,synthetic reservoir response,True
2019-06-01,R1,4000000.0,94.0,synthetic_demo,synthetic reservoir response,True
2019-06-02,R1,4000000.0,94.0,synthetic_demo,synthetic reservoir response,True
2019-06-03,R1,4000000.0,94.0,synthetic_demo,synthetic reservoir response,True
2019-06-04,R1,4000000.0,94.0,synthetic_demo,synthetic reservoir response,True
2019-06-05,R1,4000000.0,94.0,synthetic_demo,synthetic reservoir response,True
2019-06-06,R1,4000000.0,94.0,synthetic_demo,synthetic reservoir response,True
2019-06-07,R1,4000000.0,94.0,synthetic_demo,synthetic reservoir response,True
2019-06-08,R1,4000000.0,94.0,synthetic_demo,synthetic reservoir response,True
2019-06-09,R1,4000000.0,94.0,synthetic_demo,synthetic reservoir response,True
2019-06-10,R1,4000000.0,94.0,synthetic_demo,synthetic reservoir response,True
2019-06-11,R1,4000000.0,94.0,synthetic_demo,synthetic reservoir response,True
2019-06-12,R1,4000000.0,94.0,synthetic_demo,synthetic reservoir response,True
2019-06-13,R1,4000000.0,94.0,synthetic_demo,synthetic reservoir response,True
2019-06-14,R1,4000000.0,94.0,synthetic_demo,synthetic reservoir response,True
2019-06-15,R1,4000000.0,94.0,synthetic_demo,synthetic reservoir response,True
2019-06-16,R1,4000000.0,94.0,synthetic_demo,synthetic reservoir response,True
2019-06-17,R1,4000000.0,94.0,synthetic_demo,synthetic reservoir response,True
2019-06-18,R1,4000000.0,94.0,synthetic_demo,synthetic reservoir response,True
2019-06-19,R1,4000000.0,94.0,synthetic_demo,synthetic reservoir response,True
2019-06-20,R1,4000000.0,94.0,synthetic_demo,synthetic reservoir response,True
2019-06-21,R1,4000000.0,94.0,synthetic_demo,synthetic reservoir response,True
2019-06-22,R1,4000000.0,94.0,synthetic_demo,synthetic reservoir response,True
2019-06-23,R1,4000000.0,94.0,synthetic_demo,synthetic reservoir response,True
2019-06-24,R1,4000000.0,94.0,synthetic_demo,synthetic reservoir response,True
2019-06-25,R1,4000000.0,94.0,synthetic_demo,synthetic reservoir response,True
2019-06-26,R1,4000000.0,94.0,synthetic_demo,synthetic reservoir response,True
2019-06-27,R1,4000000.0,94.0,synthetic_demo,synthetic reservoir response,True
2019-06-28,R1,4000000.0,94.0,synthetic_demo,synthetic reservoir response,True
2019-06-29,R1,4000000.0,94.0,synthetic_demo,synthetic reservoir response,True
2019-06-30,R1,4000000.0,94.0,synthetic_demo,synthetic reservoir response,True
2019-07-01,R1,4000000.0,94.0,synthetic_demo,synthetic reservoir response,True
2019-07-02,R1,4000000.0,94.0,synthetic_demo,synthetic reservoir response,True
2019-07-03,R1,4000000.0,94.0,synthetic_demo,synthetic reservoir response,True
2019-07-04,R1,4000000.0,94.0,synthetic_demo,synthetic reservoir response,True
2019-07-05,R1,4000000.0,94.0,synthetic_demo,synthetic reservoir response,True
2019-07-06,R1,4000000.0,94.0,synthetic_demo,synthetic reservoir response,True
2019-07-07,R1,4000000.0,94.0,synthetic_demo,synthetic reservoir response,True
2019-07-08,R1,4000000.0,94.0,synthetic_demo,synthetic reservoir response,True
2019-07-09,R1,4000000.0,94.0,synthetic_demo,synthetic reservoir response,True
2019-07-10,R1,4000000.0,94.0,synthetic_demo,synthetic reservoir response,True
2019-07-11,R1,4000000.0,94.0,synthetic_demo,synthetic reservoir response,True
2019-07-12,R1,4000000.0,94.0,synthetic_demo,synthetic reservoir response,True
2019-07-13,R1,4000000.0,94.0,synthetic_demo,synthetic reservoir response,True
2019-07-14,R1,4000000.0,94.0,synthetic_demo,synthetic reservoir response,True
2019-07-15,R1,4000000.0,94.0,synthetic_demo,synthetic reservoir response,True
2019-07-16,R1,4000000.0,94.0,synthetic_demo,synthetic reservoir response,True
2019-07-17,R1,4000000.0,94.0,synthetic_demo,synthetic reservoir response,True
2019-07-18,R1,4000000.0,94.0,synthetic_demo,synthetic reservoir response,True
2019-07-19,R1,4000000.0,94.0,synthetic_demo,synthetic reservoir response,True
2019-07-20,R1,4000000.0,94.0,synthetic_demo,synthetic reservoir response,True
2019-07-21,R1,4000000.0,94.0,synthetic_demo,synthetic reservoir response,True
2019-07-22,R1,4000000.0,94.0,synthetic_demo,synthetic reservoir response,True
2019-07-23,R1,4000000.0,94.0,synthetic_demo,synthetic reservoir response,True
2019-07-24,R1,4000000.0,94.0,synthetic_demo,synthetic reservoir response,True
2019-07-25,R1,4000000.0,94.0,synthetic_demo,synthetic reservoir response,True
2019-07-26,R1,4000000.0,94.0,synthetic_demo,synthetic reservoir response,True
2019-07-27,R1,4000000.0,94.0,synthetic_demo,synthetic reservoir response,True
2019-07-28,R1,4000000.0,94.0,synthetic_demo,synthetic reservoir response,True
2019-07-29,R1,4000000.0,94.0,synthetic_demo,synthetic reservoir response,True
2019-07-30,R1,4000000.0,94.0,synthetic_demo,synthetic reservoir response,True
2019-07-31,R1,4000000.0,94.0,synthetic_demo,synthetic reservoir response,True
2019-08-01,R1,4000000.0,94.0,synthetic_demo,synthetic reservoir response,True
2019-08-02,R1,4000000.0,94.0,synthetic_demo,synthetic reservoir response,True
2019-08-03,R1,4000000.0,94.0,synthetic_demo,synthetic reservoir response,True
2019-08-04,R1,4000000.0,94.0,synthetic_demo,synthetic reservoir response,True
2019-08-05,R1,4000000.0,94.0,synthetic_demo,synthetic reservoir response,True
2019-08-06,R1,4000000.0,94.0,synthetic_demo,synthetic reservoir response,True
2019-08-07,R1,4000000.0,94.0,synthetic_demo,synthetic reservoir response,True
2019-08-08,R1,4000000.0,94.0,synthetic_demo,synthetic reservoir response,True
2019-08-09,R1,4000000.0,94.0,synthetic_demo,synthetic reservoir response,True
2019-08-10,R1,4000000.0,94.0,synthetic_demo,synthetic reservoir response,True
2019-08-11,R1,4000000.0,94.0,synthetic_demo,synthetic reservoir response,True
2019-08-12,R1,4000000.0,94.0,synthetic_demo,synthetic reservoir response,True
2019-08-13,R1,4000000.0,94.0,synthetic_demo,synthetic reservoir response,True
2019-08-14,R1,4000000.0,94.0,synthetic_demo,synthetic reservoir response,True
2019-08-15,R1,4000000.0,94.0,synthetic_demo,synthetic reservoir response,True
2019-08-16,R1,4000000.0,94.0,synthetic_demo,synthetic reservoir response,True
2019-08-17,R1,4000000.0,94.0,synthetic_demo,synthetic reservoir response,True
2019-08-18,R1,4000000.0,94.0,synthetic_demo,synthetic reservoir response,True
2019-08-19,R1,4000000.0,94.0,synthetic_demo,synthetic reservoir response,True
2019-08-20,R1,4000000.0,94.0,synthetic_demo,synthetic reservoir response,True
2019-08-21,R1,4000000.0,94.0,synthetic_demo,synthetic reservoir response,True
2019-08-22,R1,4000000.0,94.0,synthetic_demo,synthetic reservoir response,True
2019-08-23,R1,4000000.0,94.0,synthetic_demo,synthetic reservoir response,True
2019-08-24,R1,4000000.0,94.0,synthetic_demo,synthetic reservoir response,True
2019-08-25,R1,4000000.0,94.0,synthetic_demo,synthetic reservoir response,True
2019-08-26,R1,4000000.0,94.0,synthetic_demo,synthetic reservoir response,True
2019-08-27,R1,4000000.0,94.0,synthetic_demo,synthetic reservoir response,True
2019-08-28,R1,4000000.0,94.0,synthetic_demo,synthetic reservoir response,True
2019-08-29,R1,4000000.0,94.0,synthetic_demo,synthetic reservoir response,True
2019-08-30,R1,4000000.0,94.0,synthetic_demo,synthetic reservoir response,True
2019-08-31,R1,4000000.0,94.0,synthetic_demo,synthetic reservoir response,True
2019-09-01,R1,4000000.0,94.0,synthetic_demo,synthetic reservoir response,True
2019-09-02,R1,4000000.0,94.0,synthetic_demo,synthetic reservoir response,True
2019-09-03,R1,4000000.0,94.0,synthetic_demo,synthetic reservoir response,True
2019-09-04,R1,4000000.0,94.0,synthetic_demo,synthetic reservoir response,True
2019-09-05,R1,4000000.0,94.0,synthetic_demo,synthetic reservoir response,True
2019-09-06,R1,4000000.0,94.0,synthetic_demo,synthetic reservoir response,True
2019-09-07,R1,4000000.0,94.0,synthetic_demo,synthetic reservoir response,True
2019-09-08,R1,4000000.0,94.0,synthetic_demo,synthetic reservoir response,True
2019-09-09,R1,4000000.0,94.0,synthetic_demo,synthetic reservoir response,True
2019-09-10,R1,4000000.0,94.0,synthetic_demo,synthetic reservoir response,True
2019-09-11,R1,4000000.0,94.0,synthetic_demo,synthetic reservoir response,True
2019-09-12,R1,4000000.0,94.0,synthetic_demo,synthetic reservoir response,True
2019-09-13,R1,4000000.0,94.0,synthetic_demo,synthetic reservoir response,True
2019-09-14,R1,4000000.0,94.0,synthetic_demo,synthetic reservoir response,True
2019-09-15,R1,4000000.0,94.0,synthetic_demo,synthetic reservoir response,True
2019-09-16,R1,4000000.0,94.0,synthetic_demo,synthetic reservoir response,True
2019-09-17,R1,4000000.0,94.0,synthetic_demo,synthetic reservoir response,True
2019-09-18,R1,4000000.0,94.0,synthetic_demo,synthetic reservoir response,True
2019-09-19,R1,4000000.0,94.0,synthetic_demo,synthetic reservoir response,True
2019-09-20,R1,4000000.0,94.0,synthetic_demo,synthetic reservoir response,True
2019-09-21,R1,4000000.0,94.0,synthetic_demo,synthetic reservoir response,True
2019-09-22,R1,4000000.0,94.0,synthetic_demo,synthetic reservoir response,True
2019-09-23,R1,4000000.0,94.0,synthetic_demo,synthetic reservoir response,True
2019-09-24,R1,4000000.0,94.0,synthetic_demo,synthetic reservoir response,True
2019-09-25,R1,4000000.0,94.0,synthetic_demo,synthetic reservoir response,True
2019-09-26,R1,4000000.0,94.0,synthetic_demo,synthetic reservoir response,True
2019-09-27,R1,4000000.0,94.0,synthetic_demo,synthetic reservoir response,True
2019-09-28,R1,4000000.0,94.0,synthetic_demo,synthetic reservoir response,True
2019-09-29,R1,4000000.0,94.0,synthetic_demo,synthetic reservoir response,True
2019-09-30,R1,4000000.0,94.0,synthetic_demo,synthetic reservoir response,True
2019-10-01,R1,4000000.0,94.0,synthetic_demo,synthetic reservoir response,True
2019-10-02,R1,4000000.0,94.0,synthetic_demo,synthetic reservoir response,True
2019-10-03,R1,4000000.0,94.0,synthetic_demo,synthetic reservoir response,True
2019-10-04,R1,4000000.0,94.0,synthetic_demo,synthetic reservoir response,True
2019-10-05,R1,4000000.0,94.0,synthetic_demo,synthetic reservoir response,True
2019-10-06,R1,4000000.0,94.0,synthetic_demo,synthetic reservoir response,True
2019-10-07,R1,4000000.0,94.0,synthetic_demo,synthetic reservoir response,True
2019-10-08,R1,4000000.0,94.0,synthetic_demo,synthetic reservoir response,True
2019-10-09,R1,4000000.0,94.0,synthetic_demo,synthetic reservoir response,True
2019-10-10,R1,4000000.0,94.0,synthetic_demo,synthetic reservoir response,True
2019-10-11,R1,4000000.0,94.0,synthetic_demo,synthetic reservoir response,True
2019-10-12,R1,4000000.0,94.0,synthetic_demo,synthetic reservoir response,True
2019-10-13,R1,4000000.0,94.0,synthetic_demo,synthetic reservoir response,True
2019-10-14,R1,4000000.0,94.0,synthetic_demo,synthetic reservoir response,True
2019-10-15,R1,4000000.0,94.0,synthetic_demo,synthetic reservoir response,True
2019-10-16,R1,4000000.0,94.0,synthetic_demo,synthetic reservoir response,True
2019-10-17,R1,4000000.0,94.0,synthetic_demo,synthetic reservoir response,True
2019-10-18,R1,4000000.0,94.0,synthetic_demo,synthetic reservoir response,True
2019-10-19,R1,4000000.0,94.0,synthetic_demo,synthetic reservoir response,True
2019-10-20,R1,4000000.0,94.0,synthetic_demo,synthetic reservoir response,True
2019-10-21,R1,4000000.0,94.0,synthetic_demo,synthetic reservoir response,True
2019-10-22,R1,4000000.0,94.0,synthetic_demo,synthetic reservoir response,True
2019-10-23,R1,4000000.0,94.0,synthetic_demo,synthetic reservoir response,True
2019-10-24,R1,4000000.0,94.0,synthetic_demo,synthetic reservoir response,True
2019-10-25,R1,4000000.0,94.0,synthetic_demo,synthetic reservoir response,True
2019-10-26,R1,4000000.0,94.0,synthetic_demo,synthetic reservoir response,True
2019-10-27,R1,4000000.0,94.0,synthetic_demo,synthetic reservoir response,True
2019-10-28,R1,4000000.0,94.0,synthetic_demo,synthetic reservoir response,True
2019-10-29,R1,4000000.0,94.0,synthetic_demo,synthetic reservoir response,True
2019-10-30,R1,4000000.0,94.0,synthetic_demo,synthetic reservoir response,True
2019-10-31,R1,4000000.0,94.0,synthetic_demo,synthetic reservoir response,True
2019-11-01,R1,4000000.0,94.0,synthetic_demo,synthetic reservoir response,True
2019-11-02,R1,4000000.0,94.0,synthetic_demo,synthetic reservoir response,True
2019-11-03,R1,4000000.0,94.0,synthetic_demo,synthetic reservoir response,True
2019-11-04,R1,4000000.0,94.0,synthetic_demo,synthetic reservoir response,True
2019-11-05,R1,4000000.0,94.0,synthetic_demo,synthetic reservoir response,True
2019-11-06,R1,4000000.0,94.0,synthetic_demo,synthetic reservoir response,True
2019-11-07,R1,4000000.0,94.0,synthetic_demo,synthetic reservoir response,True
2019-11-08,R1,4000000.0,94.0,synthetic_demo,synthetic reservoir response,True
2019-11-09,R1,4000000.0,94.0,synthetic_demo,synthetic reservoir response,True
2019-11-10,R1,4000000.0,94.0,synthetic_demo,synthetic reservoir response,True
2019-11-11,R1,4000000.0,94.0,synthetic_demo,synthetic reservoir response,True
2019-11-12,R1,4000000.0,94.0,synthetic_demo,synthetic reservoir response,True
2019-11-13,R1,4000000.0,94.0,synthetic_demo,synthetic reservoir response,True
2019-11-14,R1,4000000.0,94.0,synthetic_demo,synthetic reservoir response,True
2019-11-15,R1,4000000.0,94.0,synthetic_demo,synthetic reservoir response,True
2019-11-16,R1,4000000.0,94.0,synthetic_demo,synthetic reservoir response,True
2019-11-17,R1,4000000.0,94.0,synthetic_demo,synthetic reservoir response,True
2019-11-18,R1,4000000.0,94.0,synthetic_demo,synthetic reservoir response,True
2019-11-19,R1,4000000.0,94.0,synthetic_demo,synthetic reservoir response,True
2019-11-20,R1,4000000.0,94.0,synthetic_demo,synthetic reservoir response,True
2019-11-21,R1,4000000.0,94.0,synthetic_demo,synthetic reservoir response,True
2019-11-22,R1,4000000.0,94.0,synthetic_demo,synthetic reservoir response,True
2019-11-23,R1,4000000.0,94.0,synthetic_demo,synthetic reservoir response,True
2019-11-24,R1,4000000.0,94.0,synthetic_demo,synthetic reservoir response,True
2019-11-25,R1,4000000.0,94.0,synthetic_demo,synthetic reservoir response,True
2019-11-26,R1,4000000.0,94.0,synthetic_demo,synthetic reservoir response,True
2019-11-27,R1,4000000.0,94.0,synthetic_demo,synthetic reservoir response,True
2019-11-28,R1,4000000.0,94.0,synthetic_demo,synthetic reservoir response,True
2019-11-29,R1,4000000.0,94.0,synthetic_demo,synthetic reservoir response,True
2019-11-30,R1,4000000.0,94.0,synthetic_demo,synthetic reservoir response,True
2019-12-01,R1,4000000.0,94.0,synthetic_demo,synthetic reservoir response,True
2019-12-02,R1,4000000.0,94.0,synthetic_demo,synthetic reservoir response,True
2019-12-03,R1,4000000.0,94.0,synthetic_demo,synthetic reservoir response,True
2019-12-04,R1,4000000.0,94.0,synthetic_demo,synthetic reservoir response,True
2019-12-05,R1,4000000.0,94.0,synthetic_demo,synthetic reservoir response,True
2019-12-06,R1,4000000.0,94.0,synthetic_demo,synthetic reservoir response,True
2019-12-07,R1,4000000.0,94.0,synthetic_demo,synthetic reservoir response,True
2019-12-08,R1,4000000.0,94.0,synthetic_demo,synthetic reservoir response,True
2019-12-09,R1,4000000.0,94.0,synthetic_demo,synthetic reservoir response,True
2019-12-10,R1,4000000.0,94.0,synthetic_demo,synthetic reservoir response,True
2019-12-11,R1,4000000.0,94.0,synthetic_demo,synthetic reservoir response,True
2019-12-12,R1,4000000.0,94.0,synthetic_demo,synthetic reservoir response,True
2019-12-13,R1,4000000.0,94.0,synthetic_demo,synthetic reservoir response,True
2019-12-14,R1,4000000.0,94.0,synthetic_demo,synthetic reservoir response,True
2019-12-15,R1,4000000.0,94.0,synthetic_demo,synthetic reservoir response,True
2019-12-16,R1,4000000.0,94.0,synthetic_demo,synthetic reservoir response,True
2019-12-17,R1,4000000.0,94.0,synthetic_demo,synthetic reservoir response,True
2019-12-18,R1,4000000.0,94.0,synthetic_demo,synthetic reservoir response,True
2019-12-19,R1,4000000.0,94.0,synthetic_demo,synthetic reservoir response,True
2019-12-20,R1,4000000.0,94.0,synthetic_demo,synthetic reservoir response,True
2019-12-21,R1,4000000.0,94.0,synthetic_demo,synthetic reservoir response,True
2019-12-22,R1,4000000.0,94.0,synthetic_demo,synthetic reservoir response,True
2019-12-23,R1,4000000.0,94.0,synthetic_demo,synthetic reservoir response,True
2019-12-24,R1,4000000.0,94.0,synthetic_demo,synthetic reservoir response,True
2019-12-25,R1,4000000.0,94.0,synthetic_demo,synthetic reservoir response,True
2019-12-26,R1,4000000.0,94.0,synthetic_demo,synthetic reservoir response,True
2019-12-27,R1,4000000.0,94.0,synthetic_demo,synthetic reservoir response,True
2019-12-28,R1,4000000.0,94.0,synthetic_demo,synthetic reservoir response,True
2019-12-29,R1,4000000.0,94.0,synthetic_demo,synthetic reservoir response,True
2019-12-30,R1,4000000.0,94.0,synthetic_demo,synthetic reservoir response,True
2019-12-31,R1,4000000.0,94.0,synthetic_demo,synthetic reservoir response,True
