date,subbasin_id,groundwater_storage_mm,quality_status,source,synthetic_demo
2000-01-01,SB1,69.94,synthetic_demo,synthetic conceptual storage,True
2000-01-02,SB1,69.88,synthetic_demo,synthetic conceptual storage,True
2000-01-03,SB1,69.9802,synthetic_demo,synthetic conceptual storage,True
2000-01-04,SB1,69.9202,synthetic_demo,synthetic conceptual storage,True
2000-01-05,SB1,69.8602,synthetic_demo,synthetic conceptual storage,True
2000-01-06,SB1,69.8822,synthetic_demo,synthetic conceptual storage,True
2000-01-07,SB1,69.8222,synthetic_demo,synthetic conceptual storage,True
2000-01-08,SB1,69.7622,synthetic_demo,synthetic conceptual storage,True
2000-01-09,SB1,69.7022,synthetic_demo,synthetic conceptual storage,True
2000-01-10,SB1,69.6422,synthetic_demo,synthetic conceptual storage,True
2000-01-11,SB1,69.5822,synthetic_demo,synthetic conceptual storage,True
2000-01-12,SB1,69.5222,synthetic_demo,synthetic conceptual storage,True
2000-01-13,SB1,69.4622,synthetic_demo,synthetic conceptual storage,True
2000-01-14,SB1,69.4022,synthetic_demo,synthetic conceptual storage,True
2000-01-15,SB1,69.3422,synthetic_demo,synthetic conceptual storage,True
2000-01-16,SB1,69.8142,synthetic_demo,synthetic conceptual storage,True
2000-01-17,SB1,69.9366,synthetic_demo,synthetic conceptual storage,True
2000-01-18,SB1,69.8766,synthetic_demo,synthetic conceptual storage,True
2000-01-19,SB1,69.8166,synthetic_demo,synthetic conceptual storage,True
2000-01-20,SB1,69.7566,synthetic_demo,synthetic conceptual storage,True
2000-01-21,SB1,69.6966,synthetic_demo,synthetic conceptual storage,True
2000-01-22,SB1,69.6366,synthetic_demo,synthetic conceptual storage,True
2000-01-23,SB1,69.5766,synthetic_demo,synthetic conceptual storage,True
2000-01-24,SB1,69.5166,synthetic_demo,synthetic conceptual storage,True
2000-01-25,SB1,69.5991,synthetic_demo,synthetic conceptual storage,True
2000-01-26,SB1,69.5391,synthetic_demo,synthetic conceptual storage,True
2000-01-27,SB1,69.4791,synthetic_demo,synthetic conceptual storage,True
2000-01-28,SB1,69.4191,synthetic_demo,synthetic conceptual storage,True
2000-01-29,SB1,69.3591,synthetic_demo,synthetic conceptual storage,True
2000-01-30,SB1,69.2991,synthetic_demo,synthetic conceptual storage,True
2000-01-31,SB1,69.2391,synthetic_demo,synthetic conceptual storage,True
2000-02-01,SB1,69.1791,synthetic_demo,synthetic conceptual storage,True
2000-02-02,SB1,69.1191,synthetic_demo,synthetic conceptual storage,True
2000-02-03,SB1,69.0591,synthetic_demo,synthetic conceptual storage,True
2000-02-04,SB1,68.9991,synthetic_demo,synthetic conceptual storage,True
2000-02-05,SB1,68.9391,synthetic_demo,synthetic conceptual storage,True
2000-02-06,SB1,68.8791,synthetic_demo,synthetic conceptual storage,True
2000-02-07,SB1,68.8191,synthetic_demo,synthetic conceptual storage,True
2000-02-08,SB1,68.7591,synthetic_demo,synthetic conceptual storage,True
2000-02-09,SB1,68.6991,synthetic_demo,synthetic conceptual storage,True
2000-02-10,SB1,68.6391,synthetic_demo,synthetic conceptual storage,True
2000-02-11,SB1,68.7476,synthetic_demo,synthetic conceptual storage,True
2000-02-12,SB1,68.6876,synthetic_demo,synthetic conceptual storage,True
2000-02-13,SB1,68.6276,synthetic_demo,synthetic conceptual storage,True
2000-02-14,SB1,68.5676,synthetic_demo,synthetic conceptual storage,True
2000-02-15,SB1,68.5076,synthetic_demo,synthetic conceptual storage,True
2000-02-16,SB1,68.4476,synthetic_demo,synthetic conceptual storage,True
2000-02-17,SB1,68.3876,synthetic_demo,synthetic conceptual storage,True
2000-02-18,SB1,68.3276,synthetic_demo,synthetic conceptual storage,True
2000-02-19,SB1,68.2676,synthetic_demo,synthetic conceptual storage,True
2000-02-20,SB1,68.2076,synthetic_demo,synthetic conceptual storage,True
2000-02-21,SB1,68.1476,synthetic_demo,synthetic conceptual storage,True
2000-02-22,SB1,68.0876,synthetic_demo,synthetic conceptual storage,True
2000-02-23,SB1,68.0276,synthetic_demo,synthetic conceptual storage,True
2000-02-24,SB1,68.1257,synthetic_demo,synthetic conceptual storage,True
2000-02-25,SB1,68.0657,synthetic_demo,synthetic conceptual storage,True
2000-02-26,SB1,68.0057,synthetic_demo,synthetic conceptual storage,True
2000-02-27,SB1,67.9457,synthetic_demo,synthetic conceptual storage,True
2000-02-28,SB1,67.8857,synthetic_demo,synthetic conceptual storage,True
2000-02-29,SB1,67.8257,synthetic_demo,synthetic conceptual storage,True
2000-03-01,SB1,67.7657,synthetic_demo,synthetic conceptual storage,True
2000-03-02,SB1,68.1288,synthetic_demo,synthetic conceptual storage,True
2000-03-03,SB1,68.0688,synthetic_demo,synthetic conceptual storage,True
2000-03-04,SB1,68.0088,synthetic_demo,synthetic conceptual storage,True
2000-03-05,SB1,67.9488,synthetic_demo,synthetic conceptual storage,True
2000-03-06,SB1,67.8888,synthetic_demo,synthetic conceptual storage,True
2000-03-07,SB1,67.8288,synthetic_demo,synthetic conceptual storage,True
2000-03-08,SB1,67.7688,synthetic_demo,synthetic conceptual storage,True
2000-03-09,SB1,67.7088,synthetic_demo,synthetic conceptual storage,True
2000-03-10,SB1,67.6488,synthetic_demo,synthetic conceptual storage,True
2000-03-11,SB1,67.5888,synthetic_demo,synthetic conceptual storage,True
2000-03-12,SB1,67.5288,synthetic_demo,synthetic conceptual storage,True
2000-03-13,SB1,67.4688,synthetic_demo,synthetic conceptual storage,True
2000-03-14,SB1,67.4088,synthetic_demo,synthetic conceptual storage,True
2000-03-15,SB1,67.3488,synthetic_demo,synthetic conceptual storage,True
2000-03-16,SB1,67.2888,synthetic_demo,synthetic conceptual storage,True
2000-03-17,SB1,67.2288,synthetic_demo,synthetic conceptual storage,True
2000-03-18,SB1,67.1688,synthetic_demo,synthetic conceptual storage,True
2000-03-19,SB1,67.2713,synthetic_demo,synthetic conceptual storage,True
2000-03-20,SB1,67.2113,synthetic_demo,synthetic conceptual storage,True
2000-03-21,SB1,67.1513,synthetic_demo,synthetic conceptual storage,True
2000-03-22,SB1,67.0913,synthetic_demo,synthetic conceptual storage,True
2000-03-23,SB1,67.0313,synthetic_demo,synthetic conceptual storage,True
2000-03-24,SB1,66.9713,synthetic_demo,synthetic conceptual storage,True
2000-03-25,SB1,66.9113,synthetic_demo,synthetic conceptual storage,True
2000-03-26,SB1,66.8513,synthetic_demo,synthetic conceptual storage,True
2000-03-27,SB1,66.7913,synthetic_demo,synthetic conceptual storage,True
2000-03-28,SB1,66.9003,synthetic_demo,synthetic conceptual storage,True
2000-03-29,SB1,66.8403,synthetic_demo,synthetic conceptual storage,True
2000-03-30,SB1,66.7803,synthetic_demo,synthetic conceptual storage,True
2000-03-31,SB1,66.7203,synthetic_demo,synthetic conceptual storage,True
2000-04-01,SB1,66.6603,synthetic_demo,synthetic conceptual storage,True
2000-04-02,SB1,66.6003,synthetic_demo,synthetic conceptual storage,True
2000-04-03,SB1,66.5403,synthetic_demo,synthetic conceptual storage,True
2000-04-04,SB1,66.4803,synthetic_demo,synthetic conceptual storage,True
2000-04-05,SB1,66.4203,synthetic_demo,synthetic conceptual storage,True
2000-04-06,SB1,66.3603,synthetic_demo,synthetic conceptual storage,True
2000-04-07,SB1,66.3003,synthetic_demo,synthetic conceptual storage,True
2000-04-08,SB1,66.2403,synthetic_demo,synthetic conceptual storage,True
2000-04-09,SB1,66.1803,synthetic_demo,synthetic conceptual storage,True
2000-04-10,SB1,66.1203,synthetic_demo,synthetic conceptual storage,True
2000-04-11,SB1,66.0603,synthetic_demo,synthetic conceptual storage,True
2000-04-12,SB1,66.0003,synthetic_demo,synthetic conceptual storage,True
2000-04-13,SB1,65.9403,synthetic_demo,synthetic conceptual storage,True
2000-04-14,SB1,65.8803,synthetic_demo,synthetic conceptual storage,True
2000-04-15,SB1,65.8203,synthetic_demo,synthetic conceptual storage,True
2000-04-16,SB1,65.7603,synthetic_demo,synthetic conceptual storage,True
2000-04-17,SB1,65.7003,synthetic_demo,synthetic conceptual storage,True
2000-04-18,SB1,65.7618,synthetic_demo,synthetic conceptual storage,True
2000-04-19,SB1,66.6721,synthetic_demo,synthetic conceptual storage,True
2000-04-20,SB1,66.6121,synthetic_demo,synthetic conceptual storage,True
2000-04-21,SB1,66.5521,synthetic_demo,synthetic conceptual storage,True
2000-04-22,SB1,66.4921,synthetic_demo,synthetic conceptual storage,True
2000-04-23,SB1,66.4321,synthetic_demo,synthetic conceptual storage,True
2000-04-24,SB1,66.3721,synthetic_demo,synthetic conceptual storage,True
2000-04-25,SB1,66.3121,synthetic_demo,synthetic conceptual storage,True
2000-04-26,SB1,66.2521,synthetic_demo,synthetic conceptual storage,True
2000-04-27,SB1,66.1921,synthetic_demo,synthetic conceptual storage,True
2000-04-28,SB1,66.1321,synthetic_demo,synthetic conceptual storage,True
2000-04-29,SB1,66.0721,synthetic_demo,synthetic conceptual storage,True
2000-04-30,SB1,66.0121,synthetic_demo,synthetic conceptual storage,True
2000-05-01,SB1,65.9521,synthetic_demo,synthetic conceptual storage,True
2000-05-02,SB1,65.8921,synthetic_demo,synthetic conceptual storage,True
2000-05-03,SB1,65.8321,synthetic_demo,synthetic conceptual storage,True
2000-05-04,SB1,65.7721,synthetic_demo,synthetic conceptual storage,True
2000-05-05,SB1,65.7121,synthetic_demo,synthetic conceptual storage,True
2000-05-06,SB1,66.157,synthetic_demo,synthetic conceptual storage,True
2000-05-07,SB1,66.097,synthetic_demo,synthetic conceptual storage,True
2000-05-08,SB1,66.037,synthetic_demo,synthetic conceptual storage,True
2000-05-09,SB1,65.977,synthetic_demo,synthetic conceptual storage,True
2000-05-10,SB1,65.917,synthetic_demo,synthetic conceptual storage,True
2000-05-11,SB1,65.857,synthetic_demo,synthetic conceptual storage,True
2000-05-12,SB1,65.797,synthetic_demo,synthetic conceptual storage,True
2000-05-13,SB1,65.737,synthetic_demo,synthetic conceptual storage,True
2000-05-14,SB1,65.677,synthetic_demo,synthetic conceptual storage,True
2000-05-15,SB1,65.617,synthetic_demo,synthetic conceptual storage,True
2000-05-16,SB1,65.557,synthetic_demo,synthetic conceptual storage,True
2000-05-17,SB1,65.497,synthetic_demo,synthetic conceptual storage,True
2000-05-18,SB1,65.437,synthetic_demo,synthetic conceptual storage,True
2000-05-19,SB1,65.377,synthetic_demo,synthetic conceptual storage,True
2000-05-20,SB1,65.317,synthetic_demo,synthetic conceptual storage,True
2000-05-21,SB1,65.257,synthetic_demo,synthetic conceptual storage,True
2000-05-22,SB1,65.197,synthetic_demo,synthetic conceptual storage,True
2000-05-23,SB1,65.137,synthetic_demo,synthetic conceptual storage,True
2000-05-24,SB1,65.077,synthetic_demo,synthetic conceptual storage,True
2000-05-25,SB1,65.017,synthetic_demo,synthetic conceptual storage,True
2000-05-26,SB1,64.957,synthetic_demo,synthetic conceptual storage,True
2000-05-27,SB1,64.897,synthetic_demo,synthetic conceptual storage,True
2000-05-28,SB1,64.837,synthetic_demo,synthetic conceptual storage,True
2000-05-29,SB1,64.777,synthetic_demo,synthetic conceptual storage,True
2000-05-30,SB1,64.717,synthetic_demo,synthetic conceptual storage,True
2000-05-31,SB1,64.657,synthetic_demo,synthetic conceptual storage,True
2000-06-01,SB1,64.597,synthetic_demo,synthetic conceptual storage,True
2000-06-02,SB1,64.537,synthetic_demo,synthetic conceptual storage,True
2000-06-03,SB1,64.477,synthetic_demo,synthetic conceptual storage,True
2000-06-04,SB1,64.417,synthetic_demo,synthetic conceptual storage,True
2000-06-05,SB1,64.357,synthetic_demo,synthetic conceptual storage,True
2000-06-06,SB1,64.5896,synthetic_demo,synthetic conceptual storage,True
2000-06-07,SB1,64.628,synthetic_demo,synthetic conceptual storage,True
2000-06-08,SB1,64.568,synthetic_demo,synthetic conceptual storage,True
2000-06-09,SB1,64.508,synthetic_demo,synthetic conceptual storage,True
2000-06-10,SB1,64.448,synthetic_demo,synthetic conceptual storage,True
2000-06-11,SB1,64.388,synthetic_demo,synthetic conceptual storage,True
2000-06-12,SB1,64.328,synthetic_demo,synthetic conceptual storage,True
2000-06-13,SB1,64.268,synthetic_demo,synthetic conceptual storage,True
2000-06-14,SB1,64.208,synthetic_demo,synthetic conceptual storage,True
2000-06-15,SB1,64.148,synthetic_demo,synthetic conceptual storage,True
2000-06-16,SB1,64.5076,synthetic_demo,synthetic conceptual storage,True
2000-06-17,SB1,64.4476,synthetic_demo,synthetic conceptual storage,True
2000-06-18,SB1,64.3876,synthetic_demo,synthetic conceptual storage,True
2000-06-19,SB1,64.3276,synthetic_demo,synthetic conceptual storage,True
2000-06-20,SB1,64.2676,synthetic_demo,synthetic conceptual storage,True
2000-06-21,SB1,65.1134,synthetic_demo,synthetic conceptual storage,True
2000-06-22,SB1,65.0534,synthetic_demo,synthetic conceptual storage,True
2000-06-23,SB1,64.9934,synthetic_demo,synthetic conceptual storage,True
2000-06-24,SB1,64.9334,synthetic_demo,synthetic conceptual storage,True
2000-06-25,SB1,64.8734,synthetic_demo,synthetic conceptual storage,True
2000-06-26,SB1,64.8134,synthetic_demo,synthetic conceptual storage,True
2000-06-27,SB1,64.7534,synthetic_demo,synthetic conceptual storage,True
2000-06-28,SB1,64.9659,synthetic_demo,synthetic conceptual storage,True
2000-06-29,SB1,64.9059,synthetic_demo,synthetic conceptual storage,True
2000-06-30,SB1,65.2553,synthetic_demo,synthetic conceptual storage,True
2000-07-01,SB1,65.1953,synthetic_demo,synthetic conceptual storage,True
2000-07-02,SB1,65.1353,synthetic_demo,synthetic conceptual storage,True
2000-07-03,SB1,65.0753,synthetic_demo,synthetic conceptual storage,True
2000-07-04,SB1,65.0153,synthetic_demo,synthetic conceptual storage,True
2000-07-05,SB1,64.9553,synthetic_demo,synthetic conceptual storage,True
2000-07-06,SB1,64.8953,synthetic_demo,synthetic conceptual storage,True
2000-07-07,SB1,64.8353,synthetic_demo,synthetic conceptual storage,True
2000-07-08,SB1,64.7753,synthetic_demo,synthetic conceptual storage,True
2000-07-09,SB1,65.1328,synthetic_demo,synthetic conceptual storage,True
2000-07-10,SB1,65.0728,synthetic_demo,synthetic conceptual storage,True
2000-07-11,SB1,65.0128,synthetic_demo,synthetic conceptual storage,True
2000-07-12,SB1,64.9528,synthetic_demo,synthetic conceptual storage,True
2000-07-13,SB1,65.8021,synthetic_demo,synthetic conceptual storage,True
2000-07-14,SB1,65.7421,synthetic_demo,synthetic conceptual storage,True
2000-07-15,SB1,65.6821,synthetic_demo,synthetic conceptual storage,True
2000-07-16,SB1,66.0642,synthetic_demo,synthetic conceptual storage,True
2000-07-17,SB1,66.0042,synthetic_demo,synthetic conceptual storage,True
2000-07-18,SB1,66.3027,synthetic_demo,synthetic conceptual storage,True
2000-07-19,SB1,66.2427,synthetic_demo,synthetic conceptual storage,True
2000-07-20,SB1,66.6899,synthetic_demo,synthetic conceptual storage,True
2000-07-21,SB1,66.6299,synthetic_demo,synthetic conceptual storage,True
2000-07-22,SB1,66.5699,synthetic_demo,synthetic conceptual storage,True
2000-07-23,SB1,66.5099,synthetic_demo,synthetic conceptual storage,True
2000-07-24,SB1,66.4499,synthetic_demo,synthetic conceptual storage,True
2000-07-25,SB1,66.3899,synthetic_demo,synthetic conceptual storage,True
2000-07-26,SB1,66.3299,synthetic_demo,synthetic conceptual storage,True
2000-07-27,SB1,66.2863,synthetic_demo,synthetic conceptual storage,True
2000-07-28,SB1,66.2263,synthetic_demo,synthetic conceptual storage,True
2000-07-29,SB1,66.3683,synthetic_demo,synthetic conceptual storage,True
2000-07-30,SB1,66.3083,synthetic_demo,synthetic conceptual storage,True
2000-07-31,SB1,66.2483,synthetic_demo,synthetic conceptual storage,True
2000-08-01,SB1,66.366,synthetic_demo,synthetic conceptual storage,True
2000-08-02,SB1,66.306,synthetic_demo,synthetic conceptual storage,True
2000-08-03,SB1,66.3194,synthetic_demo,synthetic conceptual storage,True
2000-08-04,SB1,66.2594,synthetic_demo,synthetic conceptual storage,True
2000-08-05,SB1,66.6471,synthetic_demo,synthetic conceptual storage,True
2000-08-06,SB1,66.5871,synthetic_demo,synthetic conceptual storage,True
2000-08-07,SB1,66.6244,synthetic_demo,synthetic conceptual storage,True
2000-08-08,SB1,66.9887,synthetic_demo,synthetic conceptual storage,True
2000-08-09,SB1,66.9287,synthetic_demo,synthetic conceptual storage,True
2000-08-10,SB1,66.8687,synthetic_demo,synthetic conceptual storage,True
2000-08-11,SB1,66.8087,synthetic_demo,synthetic conceptual storage,True
2000-08-12,SB1,66.7487,synthetic_demo,synthetic conceptual storage,True
2000-08-13,SB1,66.6887,synthetic_demo,synthetic conceptual storage,True
2000-08-14,SB1,66.6287,synthetic_demo,synthetic conceptual storage,True
2000-08-15,SB1,66.5687,synthetic_demo,synthetic conceptual storage,True
2000-08-16,SB1,66.5087,synthetic_demo,synthetic conceptual storage,True
2000-08-17,SB1,66.4487,synthetic_demo,synthetic conceptual storage,True
2000-08-18,SB1,66.3887,synthetic_demo,synthetic conceptual storage,True
2000-08-19,SB1,66.3287,synthetic_demo,synthetic conceptual storage,True
2000-08-20,SB1,66.2687,synthetic_demo,synthetic conceptual storage,True
2000-08-21,SB1,66.2087,synthetic_demo,synthetic conceptual storage,True
2000-08-22,SB1,66.1487,synthetic_demo,synthetic conceptual storage,True
2000-08-23,SB1,66.0887,synthetic_demo,synthetic conceptual storage,True
2000-08-24,SB1,66.0287,synthetic_demo,synthetic conceptual storage,True
2000-08-25,SB1,66.4437,synthetic_demo,synthetic conceptual storage,True
2000-08-26,SB1,66.3837,synthetic_demo,synthetic conceptual storage,True
2000-08-27,SB1,66.3237,synthetic_demo,synthetic conceptual storage,True
2000-08-28,SB1,66.2637,synthetic_demo,synthetic conceptual storage,True
2000-08-29,SB1,66.2037,synthetic_demo,synthetic conceptual storage,True
2000-08-30,SB1,66.3845,synthetic_demo,synthetic conceptual storage,True
2000-08-31,SB1,66.3245,synthetic_demo,synthetic conceptual storage,True
2000-09-01,SB1,66.2645,synthetic_demo,synthetic conceptual storage,True
2000-09-02,SB1,66.2045,synthetic_demo,synthetic conceptual storage,True
2000-09-03,SB1,66.1445,synthetic_demo,synthetic conceptual storage,True
2000-09-04,SB1,66.0845,synthetic_demo,synthetic conceptual storage,True
2000-09-05,SB1,66.0245,synthetic_demo,synthetic conceptual storage,True
2000-09-06,SB1,65.9645,synthetic_demo,synthetic conceptual storage,True
2000-09-07,SB1,65.9162,synthetic_demo,synthetic conceptual storage,True
2000-09-08,SB1,65.8562,synthetic_demo,synthetic conceptual storage,True
2000-09-09,SB1,66.3461,synthetic_demo,synthetic conceptual storage,True
2000-09-10,SB1,66.2861,synthetic_demo,synthetic conceptual storage,True
2000-09-11,SB1,66.2261,synthetic_demo,synthetic conceptual storage,True
2000-09-12,SB1,66.1661,synthetic_demo,synthetic conceptual storage,True
2000-09-13,SB1,66.3931,synthetic_demo,synthetic conceptual storage,True
2000-09-14,SB1,66.3331,synthetic_demo,synthetic conceptual storage,True
2000-09-15,SB1,66.2731,synthetic_demo,synthetic conceptual storage,True
2000-09-16,SB1,66.2131,synthetic_demo,synthetic conceptual storage,True
2000-09-17,SB1,66.1531,synthetic_demo,synthetic conceptual storage,True
2000-09-18,SB1,66.0931,synthetic_demo,synthetic conceptual storage,True
2000-09-19,SB1,66.0331,synthetic_demo,synthetic conceptual storage,True
2000-09-20,SB1,66.13,synthetic_demo,synthetic conceptual storage,True
2000-09-21,SB1,66.4391,synthetic_demo,synthetic conceptual storage,True
2000-09-22,SB1,66.3791,synthetic_demo,synthetic conceptual storage,True
2000-09-23,SB1,66.3191,synthetic_demo,synthetic conceptual storage,True
2000-09-24,SB1,66.2591,synthetic_demo,synthetic conceptual storage,True
2000-09-25,SB1,66.1991,synthetic_demo,synthetic conceptual storage,True
2000-09-26,SB1,66.1391,synthetic_demo,synthetic conceptual storage,True
2000-09-27,SB1,66.1843,synthetic_demo,synthetic conceptual storage,True
2000-09-28,SB1,66.1243,synthetic_demo,synthetic conceptual storage,True
2000-09-29,SB1,66.3274,synthetic_demo,synthetic conceptual storage,True
2000-09-30,SB1,66.423,synthetic_demo,synthetic conceptual storage,True
2000-10-01,SB1,66.363,synthetic_demo,synthetic conceptual storage,True
2000-10-02,SB1,66.303,synthetic_demo,synthetic conceptual storage,True
2000-10-03,SB1,66.243,synthetic_demo,synthetic conceptual storage,True
2000-10-04,SB1,66.183,synthetic_demo,synthetic conceptual storage,True
2000-10-05,SB1,66.123,synthetic_demo,synthetic conceptual storage,True
2000-10-06,SB1,66.063,synthetic_demo,synthetic conceptual storage,True
2000-10-07,SB1,66.1571,synthetic_demo,synthetic conceptual storage,True
2000-10-08,SB1,66.0971,synthetic_demo,synthetic conceptual storage,True
2000-10-09,SB1,66.0371,synthetic_demo,synthetic conceptual storage,True
2000-10-10,SB1,65.9771,synthetic_demo,synthetic conceptual storage,True
2000-10-11,SB1,66.9294,synthetic_demo,synthetic conceptual storage,True
2000-10-12,SB1,66.8694,synthetic_demo,synthetic conceptual storage,True
2000-10-13,SB1,66.8338,synthetic_demo,synthetic conceptual storage,True
2000-10-14,SB1,66.9214,synthetic_demo,synthetic conceptual storage,True
2000-10-15,SB1,67.1135,synthetic_demo,synthetic conceptual storage,True
2000-10-16,SB1,67.1139,synthetic_demo,synthetic conceptual storage,True
2000-10-17,SB1,67.0539,synthetic_demo,synthetic conceptual storage,True
2000-10-18,SB1,67.3644,synthetic_demo,synthetic conceptual storage,True
2000-10-19,SB1,67.3044,synthetic_demo,synthetic conceptual storage,True
2000-10-20,SB1,67.2444,synthetic_demo,synthetic conceptual storage,True
2000-10-21,SB1,67.1844,synthetic_demo,synthetic conceptual storage,True
2000-10-22,SB1,67.1244,synthetic_demo,synthetic conceptual storage,True
2000-10-23,SB1,67.2857,synthetic_demo,synthetic conceptual storage,True
2000-10-24,SB1,67.3324,synthetic_demo,synthetic conceptual storage,True
2000-10-25,SB1,67.2724,synthetic_demo,synthetic conceptual storage,True
2000-10-26,SB1,67.2238,synthetic_demo,synthetic conceptual storage,True
2000-10-27,SB1,67.5054,synthetic_demo,synthetic conceptual storage,True
2000-10-28,SB1,67.4454,synthetic_demo,synthetic conceptual storage,True
2000-10-29,SB1,67.4146,synthetic_demo,synthetic conceptual storage,True
2000-10-30,SB1,67.3546,synthetic_demo,synthetic conceptual storage,True
2000-10-31,SB1,67.2946,synthetic_demo,synthetic conceptual storage,True
2000-11-01,SB1,67.2865,synthetic_demo,synthetic conceptual storage,True
2000-11-02,SB1,67.2265,synthetic_demo,synthetic conceptual storage,True
2000-11-03,SB1,67.3232,synthetic_demo,synthetic conceptual storage,True
2000-11-04,SB1,67.2632,synthetic_demo,synthetic conceptual storage,True
2000-11-05,SB1,67.5911,synthetic_demo,synthetic conceptual storage,True
2000-11-06,SB1,67.5311,synthetic_demo,synthetic conceptual storage,True
2000-11-07,SB1,67.4711,synthetic_demo,synthetic conceptual storage,True
2000-11-08,SB1,67.4111,synthetic_demo,synthetic conceptual storage,True
2000-11-09,SB1,67.3511,synthetic_demo,synthetic conceptual storage,True
2000-11-10,SB1,67.2911,synthetic_demo,synthetic conceptual storage,True
2000-11-11,SB1,67.2311,synthetic_demo,synthetic conceptual storage,True
2000-11-12,SB1,67.1711,synthetic_demo,synthetic conceptual storage,True
2000-11-13,SB1,67.1111,synthetic_demo,synthetic conceptual storage,True
2000-11-14,SB1,67.0511,synthetic_demo,synthetic conceptual storage,True
2000-11-15,SB1,66.9911,synthetic_demo,synthetic conceptual storage,True
2000-11-16,SB1,67.385,synthetic_demo,synthetic conceptual storage,True
2000-11-17,SB1,67.9003,synthetic_demo,synthetic conceptual storage,True
2000-11-18,SB1,68.3683,synthetic_demo,synthetic conceptual storage,True
2000-11-19,SB1,68.3083,synthetic_demo,synthetic conceptual storage,True
2000-11-20,SB1,68.2483,synthetic_demo,synthetic conceptual storage,True
2000-11-21,SB1,68.1883,synthetic_demo,synthetic conceptual storage,True
2000-11-22,SB1,68.1283,synthetic_demo,synthetic conceptual storage,True
2000-11-23,SB1,68.0683,synthetic_demo,synthetic conceptual storage,True
2000-11-24,SB1,68.0083,synthetic_demo,synthetic conceptual storage,True
2000-11-25,SB1,67.9483,synthetic_demo,synthetic conceptual storage,True
2000-11-26,SB1,67.8883,synthetic_demo,synthetic conceptual storage,True
2000-11-27,SB1,67.8283,synthetic_demo,synthetic conceptual storage,True
2000-11-28,SB1,67.7683,synthetic_demo,synthetic conceptual storage,True
2000-11-29,SB1,67.7083,synthetic_demo,synthetic conceptual storage,True
2000-11-30,SB1,67.6483,synthetic_demo,synthetic conceptual storage,True
2000-12-01,SB1,67.5883,synthetic_demo,synthetic conceptual storage,True
2000-12-02,SB1,67.5283,synthetic_demo,synthetic conceptual storage,True
2000-12-03,SB1,67.4683,synthetic_demo,synthetic conceptual storage,True
2000-12-04,SB1,67.4083,synthetic_demo,synthetic conceptual storage,True
2000-12-05,SB1,67.3483,synthetic_demo,synthetic conceptual storage,True
2000-12-06,SB1,67.2883,synthetic_demo,synthetic conceptual storage,True
2000-12-07,SB1,67.2283,synthetic_demo,synthetic conceptual storage,True
2000-12-08,SB1,67.1683,synthetic_demo,synthetic conceptual storage,True
2000-12-09,SB1,67.4715,synthetic_demo,synthetic conceptual storage,True
2000-12-10,SB1,67.4115,synthetic_demo,synthetic conceptual storage,True
2000-12-11,SB1,67.4808,synthetic_demo,synthetic conceptual storage,True
2000-12-12,SB1,67.4208,synthetic_demo,synthetic conceptual storage,True
2000-12-13,SB1,67.3608,synthetic_demo,synthetic conceptual storage,True
2000-12-14,SB1,67.3008,synthetic_demo,synthetic conceptual storage,True
2000-12-15,SB1,67.2408,synthetic_demo,synthetic conceptual storage,True
2000-12-16,SB1,67.1808,synthetic_demo,synthetic conceptual storage,True
2000-12-17,SB1,67.1973,synthetic_demo,synthetic conceptual storage,True
2000-12-18,SB1,67.4632,synthetic_demo,synthetic conceptual storage,True
2000-12-19,SB1,67.4032,synthetic_demo,synthetic conceptual storage,True
2000-12-20,SB1,67.4314,synthetic_demo,synthetic conceptual storage,True
2000-12-21,SB1,67.3714,synthetic_demo,synthetic conceptual storage,True
2000-12-22,SB1,67.3114,synthetic_demo,synthetic conceptual storage,True
2000-12-23,SB1,67.2514,synthetic_demo,synthetic conceptual storage,True
2000-12-24,SB1,67.1914,synthetic_demo,synthetic conceptual storage,True
2000-12-25,SB1,67.4019,synthetic_demo,synthetic conceptual storage,True
2000-12-26,SB1,67.3419,synthetic_demo,synthetic conceptual storage,True
2000-12-27,SB1,67.2819,synthetic_demo,synthetic conceptual storage,True
2000-12-28,SB1,67.2219,synthetic_demo,synthetic conceptual storage,True
2000-12-29,SB1,67.7812,synthetic_demo,synthetic conceptual storage,True
2000-12-30,SB1,67.7212,synthetic_demo,synthetic conceptual storage,True
2000-12-31,SB1,67.7212,synthetic_demo,synthetic conceptual storage,True
2001-01-01,SB1,67.7212,synthetic_demo,synthetic conceptual storage,True
2001-01-02,SB1,67.561,synthetic_demo,synthetic conceptual storage,True
2001-01-03,SB1,67.561,synthetic_demo,synthetic conceptual storage,True
2001-01-04,SB1,67.561,synthetic_demo,synthetic conceptual storage,True
2001-01-05,SB1,67.479,synthetic_demo,synthetic conceptual storage,True
2001-01-06,SB1,67.479,synthetic_demo,synthetic conceptual storage,True
2001-01-07,SB1,67.5511,synthetic_demo,synthetic conceptual storage,True
2001-01-08,SB1,67.5511,synthetic_demo,synthetic conceptual storage,True
2001-01-09,SB1,67.5511,synthetic_demo,synthetic conceptual storage,True
2001-01-10,SB1,67.5511,synthetic_demo,synthetic conceptual storage,True
2001-01-11,SB1,67.5511,synthetic_demo,synthetic conceptual storage,True
2001-01-12,SB1,67.5511,synthetic_demo,synthetic conceptual storage,True
2001-01-13,SB1,67.5511,synthetic_demo,synthetic conceptual storage,True
2001-01-14,SB1,67.5511,synthetic_demo,synthetic conceptual storage,True
2001-01-15,SB1,67.0192,synthetic_demo,synthetic conceptual storage,True
2001-01-16,SB1,66.8367,synthetic_demo,synthetic conceptual storage,True
2001-01-17,SB1,66.8367,synthetic_demo,synthetic conceptual storage,True
2001-01-18,SB1,66.8367,synthetic_demo,synthetic conceptual storage,True
2001-01-19,SB1,66.8367,synthetic_demo,synthetic conceptual storage,True
2001-01-20,SB1,66.8367,synthetic_demo,synthetic conceptual storage,True
2001-01-21,SB1,66.8367,synthetic_demo,synthetic conceptual storage,True
2001-01-22,SB1,66.8367,synthetic_demo,synthetic conceptual storage,True
2001-01-23,SB1,66.8367,synthetic_demo,synthetic conceptual storage,True
2001-01-24,SB1,66.6942,synthetic_demo,synthetic conceptual storage,True
2001-01-25,SB1,66.6942,synthetic_demo,synthetic conceptual storage,True
2001-01-26,SB1,66.6942,synthetic_demo,synthetic conceptual storage,True
2001-01-27,SB1,66.6942,synthetic_demo,synthetic conceptual storage,True
2001-01-28,SB1,66.6942,synthetic_demo,synthetic conceptual storage,True
2001-01-29,SB1,66.6942,synthetic_demo,synthetic conceptual storage,True
2001-01-30,SB1,66.6942,synthetic_demo,synthetic conceptual storage,True
2001-01-31,SB1,66.6942,synthetic_demo,synthetic conceptual storage,True
2001-02-01,SB1,66.6942,synthetic_demo,synthetic conceptual storage,True
2001-02-02,SB1,66.6942,synthetic_demo,synthetic conceptual storage,True
2001-02-03,SB1,66.6942,synthetic_demo,synthetic conceptual storage,True
2001-02-04,SB1,66.6942,synthetic_demo,synthetic conceptual storage,True
2001-02-05,SB1,66.6942,synthetic_demo,synthetic conceptual storage,True
2001-02-06,SB1,66.6942,synthetic_demo,synthetic conceptual storage,True
2001-02-07,SB1,66.6942,synthetic_demo,synthetic conceptual storage,True
2001-02-08,SB1,66.6942,synthetic_demo,synthetic conceptual storage,True
2001-02-09,SB1,66.6942,synthetic_demo,synthetic conceptual storage,True
2001-02-10,SB1,66.5258,synthetic_demo,synthetic conceptual storage,True
2001-02-11,SB1,66.5258,synthetic_demo,synthetic conceptual storage,True
2001-02-12,SB1,66.5258,synthetic_demo,synthetic conceptual storage,True
2001-02-13,SB1,66.5258,synthetic_demo,synthetic conceptual storage,True
2001-02-14,SB1,66.5258,synthetic_demo,synthetic conceptual storage,True
2001-02-15,SB1,66.5258,synthetic_demo,synthetic conceptual storage,True
2001-02-16,SB1,66.5258,synthetic_demo,synthetic conceptual storage,True
2001-02-17,SB1,66.5258,synthetic_demo,synthetic conceptual storage,True
2001-02-18,SB1,66.5258,synthetic_demo,synthetic conceptual storage,True
2001-02-19,SB1,66.5258,synthetic_demo,synthetic conceptual storage,True
2001-02-20,SB1,66.5258,synthetic_demo,synthetic conceptual storage,True
2001-02-21,SB1,66.5258,synthetic_demo,synthetic conceptual storage,True
2001-02-22,SB1,66.5258,synthetic_demo,synthetic conceptual storage,True
2001-02-23,SB1,66.3676,synthetic_demo,synthetic conceptual storage,True
2001-02-24,SB1,66.3676,synthetic_demo,synthetic conceptual storage,True
2001-02-25,SB1,66.3676,synthetic_demo,synthetic conceptual storage,True
2001-02-26,SB1,66.3676,synthetic_demo,synthetic conceptual storage,True
2001-02-27,SB1,66.3676,synthetic_demo,synthetic conceptual storage,True
2001-02-28,SB1,66.3676,synthetic_demo,synthetic conceptual storage,True
2001-03-01,SB1,66.3676,synthetic_demo,synthetic conceptual storage,True
2001-03-02,SB1,65.9445,synthetic_demo,synthetic conceptual storage,True
2001-03-03,SB1,65.9445,synthetic_demo,synthetic conceptual storage,True
2001-03-04,SB1,65.9445,synthetic_demo,synthetic conceptual storage,True
2001-03-05,SB1,65.9445,synthetic_demo,synthetic conceptual storage,True
2001-03-06,SB1,65.9445,synthetic_demo,synthetic conceptual storage,True
2001-03-07,SB1,65.9445,synthetic_demo,synthetic conceptual storage,True
2001-03-08,SB1,65.9445,synthetic_demo,synthetic conceptual storage,True
2001-03-09,SB1,65.9445,synthetic_demo,synthetic conceptual storage,True
2001-03-10,SB1,65.9445,synthetic_demo,synthetic conceptual storage,True
2001-03-11,SB1,65.9445,synthetic_demo,synthetic conceptual storage,True
2001-03-12,SB1,65.9445,synthetic_demo,synthetic conceptual storage,True
2001-03-13,SB1,65.9445,synthetic_demo,synthetic conceptual storage,True
2001-03-14,SB1,65.9445,synthetic_demo,synthetic conceptual storage,True
2001-03-15,SB1,65.9445,synthetic_demo,synthetic conceptual storage,True
2001-03-16,SB1,65.9445,synthetic_demo,synthetic conceptual storage,True
2001-03-17,SB1,65.9445,synthetic_demo,synthetic conceptual storage,True
2001-03-18,SB1,65.9445,synthetic_demo,synthetic conceptual storage,True
2001-03-19,SB1,65.998,synthetic_demo,synthetic conceptual storage,True
2001-03-20,SB1,65.998,synthetic_demo,synthetic conceptual storage,True
2001-03-21,SB1,65.998,synthetic_demo,synthetic conceptual storage,True
2001-03-22,SB1,65.998,synthetic_demo,synthetic conceptual storage,True
2001-03-23,SB1,65.998,synthetic_demo,synthetic conceptual storage,True
2001-03-24,SB1,65.998,synthetic_demo,synthetic conceptual storage,True
2001-03-25,SB1,65.998,synthetic_demo,synthetic conceptual storage,True
2001-03-26,SB1,65.998,synthetic_demo,synthetic conceptual storage,True
2001-03-27,SB1,65.998,synthetic_demo,synthetic conceptual storage,True
2001-03-28,SB1,65.8289,synthetic_demo,synthetic conceptual storage,True
2001-03-29,SB1,65.8289,synthetic_demo,synthetic conceptual storage,True
2001-03-30,SB1,65.8289,synthetic_demo,synthetic conceptual storage,True
2001-03-31,SB1,65.8289,synthetic_demo,synthetic conceptual storage,True
2001-04-01,SB1,65.8289,synthetic_demo,synthetic conceptual storage,True
2001-04-02,SB1,65.8851,synthetic_demo,synthetic conceptual storage,True
2001-04-03,SB1,65.8851,synthetic_demo,synthetic conceptual storage,True
2001-04-04,SB1,65.8851,synthetic_demo,synthetic conceptual storage,True
2001-04-05,SB1,65.8851,synthetic_demo,synthetic conceptual storage,True
2001-04-06,SB1,65.8851,synthetic_demo,synthetic conceptual storage,True
2001-04-07,SB1,65.8851,synthetic_demo,synthetic conceptual storage,True
2001-04-08,SB1,65.8851,synthetic_demo,synthetic conceptual storage,True
2001-04-09,SB1,66.4999,synthetic_demo,synthetic conceptual storage,True
2001-04-10,SB1,66.4999,synthetic_demo,synthetic conceptual storage,True
2001-04-11,SB1,66.4999,synthetic_demo,synthetic conceptual storage,True
2001-04-12,SB1,66.4999,synthetic_demo,synthetic conceptual storage,True
2001-04-13,SB1,66.4999,synthetic_demo,synthetic conceptual storage,True
2001-04-14,SB1,66.4999,synthetic_demo,synthetic conceptual storage,True
2001-04-15,SB1,66.6115,synthetic_demo,synthetic conceptual storage,True
2001-04-16,SB1,66.6115,synthetic_demo,synthetic conceptual storage,True
2001-04-17,SB1,66.6115,synthetic_demo,synthetic conceptual storage,True
2001-04-18,SB1,66.6565,synthetic_demo,synthetic conceptual storage,True
2001-04-19,SB1,65.6861,synthetic_demo,synthetic conceptual storage,True
2001-04-20,SB1,65.6861,synthetic_demo,synthetic conceptual storage,True
2001-04-21,SB1,65.6861,synthetic_demo,synthetic conceptual storage,True
2001-04-22,SB1,65.6861,synthetic_demo,synthetic conceptual storage,True
2001-04-23,SB1,66.3713,synthetic_demo,synthetic conceptual storage,True
2001-04-24,SB1,66.3713,synthetic_demo,synthetic conceptual storage,True
2001-04-25,SB1,66.3713,synthetic_demo,synthetic conceptual storage,True
2001-04-26,SB1,66.3713,synthetic_demo,synthetic conceptual storage,True
2001-04-27,SB1,66.5329,synthetic_demo,synthetic conceptual storage,True
2001-04-28,SB1,66.5329,synthetic_demo,synthetic conceptual storage,True
2001-04-29,SB1,66.5329,synthetic_demo,synthetic conceptual storage,True
2001-04-30,SB1,66.5329,synthetic_demo,synthetic conceptual storage,True
2001-05-01,SB1,66.7441,synthetic_demo,synthetic conceptual storage,True
2001-05-02,SB1,66.7441,synthetic_demo,synthetic conceptual storage,True
2001-05-03,SB1,67.3025,synthetic_demo,synthetic conceptual storage,True
2001-05-04,SB1,67.3025,synthetic_demo,synthetic conceptual storage,True
2001-05-05,SB1,67.3025,synthetic_demo,synthetic conceptual storage,True
2001-05-06,SB1,66.7976,synthetic_demo,synthetic conceptual storage,True
2001-05-07,SB1,66.7976,synthetic_demo,synthetic conceptual storage,True
2001-05-08,SB1,66.7976,synthetic_demo,synthetic conceptual storage,True
2001-05-09,SB1,66.7976,synthetic_demo,synthetic conceptual storage,True
2001-05-10,SB1,66.7976,synthetic_demo,synthetic conceptual storage,True
2001-05-11,SB1,66.7976,synthetic_demo,synthetic conceptual storage,True
2001-05-12,SB1,66.7976,synthetic_demo,synthetic conceptual storage,True
2001-05-13,SB1,66.7976,synthetic_demo,synthetic conceptual storage,True
2001-05-14,SB1,66.7976,synthetic_demo,synthetic conceptual storage,True
2001-05-15,SB1,66.7976,synthetic_demo,synthetic conceptual storage,True
2001-05-16,SB1,66.7976,synthetic_demo,synthetic conceptual storage,True
2001-05-17,SB1,66.7976,synthetic_demo,synthetic conceptual storage,True
2001-05-18,SB1,66.7976,synthetic_demo,synthetic conceptual storage,True
2001-05-19,SB1,66.7976,synthetic_demo,synthetic conceptual storage,True
2001-05-20,SB1,66.7976,synthetic_demo,synthetic conceptual storage,True
2001-05-21,SB1,66.7976,synthetic_demo,synthetic conceptual storage,True
2001-05-22,SB1,66.7976,synthetic_demo,synthetic conceptual storage,True
2001-05-23,SB1,66.7976,synthetic_demo,synthetic conceptual storage,True
2001-05-24,SB1,66.7976,synthetic_demo,synthetic conceptual storage,True
2001-05-25,SB1,66.7976,synthetic_demo,synthetic conceptual storage,True
2001-05-26,SB1,66.7976,synthetic_demo,synthetic conceptual storage,True
2001-05-27,SB1,66.7976,synthetic_demo,synthetic conceptual storage,True
2001-05-28,SB1,67.0732,synthetic_demo,synthetic conceptual storage,True
2001-05-29,SB1,67.0732,synthetic_demo,synthetic conceptual storage,True
2001-05-30,SB1,67.0732,synthetic_demo,synthetic conceptual storage,True
2001-05-31,SB1,67.339,synthetic_demo,synthetic conceptual storage,True
2001-06-01,SB1,67.339,synthetic_demo,synthetic conceptual storage,True
2001-06-02,SB1,67.339,synthetic_demo,synthetic conceptual storage,True
2001-06-03,SB1,67.339,synthetic_demo,synthetic conceptual storage,True
2001-06-04,SB1,67.339,synthetic_demo,synthetic conceptual storage,True
2001-06-05,SB1,67.339,synthetic_demo,synthetic conceptual storage,True
2001-06-06,SB1,67.0464,synthetic_demo,synthetic conceptual storage,True
2001-06-07,SB1,66.9481,synthetic_demo,synthetic conceptual storage,True
2001-06-08,SB1,66.9481,synthetic_demo,synthetic conceptual storage,True
2001-06-09,SB1,66.9481,synthetic_demo,synthetic conceptual storage,True
2001-06-10,SB1,66.9481,synthetic_demo,synthetic conceptual storage,True
2001-06-11,SB1,67.0375,synthetic_demo,synthetic conceptual storage,True
2001-06-12,SB1,67.0375,synthetic_demo,synthetic conceptual storage,True
2001-06-13,SB1,67.0375,synthetic_demo,synthetic conceptual storage,True
2001-06-14,SB1,67.0375,synthetic_demo,synthetic conceptual storage,True
2001-06-15,SB1,67.0375,synthetic_demo,synthetic conceptual storage,True
2001-06-16,SB1,66.6179,synthetic_demo,synthetic conceptual storage,True
2001-06-17,SB1,66.6179,synthetic_demo,synthetic conceptual storage,True
2001-06-18,SB1,66.6179,synthetic_demo,synthetic conceptual storage,True
2001-06-19,SB1,66.6179,synthetic_demo,synthetic conceptual storage,True
2001-06-20,SB1,66.6179,synthetic_demo,synthetic conceptual storage,True
2001-06-21,SB1,65.7121,synthetic_demo,synthetic conceptual storage,True
2001-06-22,SB1,65.7121,synthetic_demo,synthetic conceptual storage,True
2001-06-23,SB1,65.7121,synthetic_demo,synthetic conceptual storage,True
2001-06-24,SB1,65.7121,synthetic_demo,synthetic conceptual storage,True
2001-06-25,SB1,66.0541,synthetic_demo,synthetic conceptual storage,True
2001-06-26,SB1,66.0541,synthetic_demo,synthetic conceptual storage,True
2001-06-27,SB1,66.0541,synthetic_demo,synthetic conceptual storage,True
2001-06-28,SB1,65.7817,synthetic_demo,synthetic conceptual storage,True
2001-06-29,SB1,65.7817,synthetic_demo,synthetic conceptual storage,True
2001-06-30,SB1,65.3723,synthetic_demo,synthetic conceptual storage,True
2001-07-01,SB1,65.3723,synthetic_demo,synthetic conceptual storage,True
2001-07-02,SB1,65.5829,synthetic_demo,synthetic conceptual storage,True
2001-07-03,SB1,65.5829,synthetic_demo,synthetic conceptual storage,True
2001-07-04,SB1,65.5829,synthetic_demo,synthetic conceptual storage,True
2001-07-05,SB1,65.7144,synthetic_demo,synthetic conceptual storage,True
2001-07-06,SB1,65.7144,synthetic_demo,synthetic conceptual storage,True
2001-07-07,SB1,65.7144,synthetic_demo,synthetic conceptual storage,True
2001-07-08,SB1,65.7362,synthetic_demo,synthetic conceptual storage,True
2001-07-09,SB1,65.3186,synthetic_demo,synthetic conceptual storage,True
2001-07-10,SB1,65.3764,synthetic_demo,synthetic conceptual storage,True
2001-07-11,SB1,65.3764,synthetic_demo,synthetic conceptual storage,True
2001-07-12,SB1,65.3764,synthetic_demo,synthetic conceptual storage,True
2001-07-13,SB1,64.4671,synthetic_demo,synthetic conceptual storage,True
2001-07-14,SB1,64.4671,synthetic_demo,synthetic conceptual storage,True
2001-07-15,SB1,64.4671,synthetic_demo,synthetic conceptual storage,True
2001-07-16,SB1,64.025,synthetic_demo,synthetic conceptual storage,True
2001-07-17,SB1,64.025,synthetic_demo,synthetic conceptual storage,True
2001-07-18,SB1,63.6666,synthetic_demo,synthetic conceptual storage,True
2001-07-19,SB1,63.6666,synthetic_demo,synthetic conceptual storage,True
2001-07-20,SB1,63.1594,synthetic_demo,synthetic conceptual storage,True
2001-07-21,SB1,63.1832,synthetic_demo,synthetic conceptual storage,True
2001-07-22,SB1,63.1832,synthetic_demo,synthetic conceptual storage,True
2001-07-23,SB1,63.1832,synthetic_demo,synthetic conceptual storage,True
2001-07-24,SB1,63.6768,synthetic_demo,synthetic conceptual storage,True
2001-07-25,SB1,63.6768,synthetic_demo,synthetic conceptual storage,True
2001-07-26,SB1,63.6768,synthetic_demo,synthetic conceptual storage,True
2001-07-27,SB1,63.6604,synthetic_demo,synthetic conceptual storage,True
2001-07-28,SB1,63.6604,synthetic_demo,synthetic conceptual storage,True
2001-07-29,SB1,63.5076,synthetic_demo,synthetic conceptual storage,True
2001-07-30,SB1,63.5076,synthetic_demo,synthetic conceptual storage,True
2001-07-31,SB1,63.5076,synthetic_demo,synthetic conceptual storage,True
2001-08-01,SB1,63.7943,synthetic_demo,synthetic conceptual storage,True
2001-08-02,SB1,64.0839,synthetic_demo,synthetic conceptual storage,True
2001-08-03,SB1,64.0106,synthetic_demo,synthetic conceptual storage,True
2001-08-04,SB1,64.0106,synthetic_demo,synthetic conceptual storage,True
2001-08-05,SB1,63.8272,synthetic_demo,synthetic conceptual storage,True
2001-08-06,SB1,63.8272,synthetic_demo,synthetic conceptual storage,True
2001-08-07,SB1,63.7299,synthetic_demo,synthetic conceptual storage,True
2001-08-08,SB1,63.3056,synthetic_demo,synthetic conceptual storage,True
2001-08-09,SB1,63.3056,synthetic_demo,synthetic conceptual storage,True
2001-08-10,SB1,63.3056,synthetic_demo,synthetic conceptual storage,True
2001-08-11,SB1,63.8448,synthetic_demo,synthetic conceptual storage,True
2001-08-12,SB1,64.1888,synthetic_demo,synthetic conceptual storage,True
2001-08-13,SB1,64.1888,synthetic_demo,synthetic conceptual storage,True
2001-08-14,SB1,65.0184,synthetic_demo,synthetic conceptual storage,True
2001-08-15,SB1,65.0184,synthetic_demo,synthetic conceptual storage,True
2001-08-16,SB1,65.0184,synthetic_demo,synthetic conceptual storage,True
2001-08-17,SB1,65.0184,synthetic_demo,synthetic conceptual storage,True
2001-08-18,SB1,65.4986,synthetic_demo,synthetic conceptual storage,True
2001-08-19,SB1,65.4986,synthetic_demo,synthetic conceptual storage,True
2001-08-20,SB1,65.9133,synthetic_demo,synthetic conceptual storage,True
2001-08-21,SB1,65.9133,synthetic_demo,synthetic conceptual storage,True
2001-08-22,SB1,66.1799,synthetic_demo,synthetic conceptual storage,True
2001-08-23,SB1,66.1799,synthetic_demo,synthetic conceptual storage,True
2001-08-24,SB1,66.1799,synthetic_demo,synthetic conceptual storage,True
2001-08-25,SB1,65.8947,synthetic_demo,synthetic conceptual storage,True
2001-08-26,SB1,65.8947,synthetic_demo,synthetic conceptual storage,True
2001-08-27,SB1,65.8947,synthetic_demo,synthetic conceptual storage,True
2001-08-28,SB1,65.8947,synthetic_demo,synthetic conceptual storage,True
2001-08-29,SB1,65.9731,synthetic_demo,synthetic conceptual storage,True
2001-08-30,SB1,65.7323,synthetic_demo,synthetic conceptual storage,True
2001-08-31,SB1,66.016,synthetic_demo,synthetic conceptual storage,True
2001-09-01,SB1,66.2172,synthetic_demo,synthetic conceptual storage,True
2001-09-02,SB1,66.2172,synthetic_demo,synthetic conceptual storage,True
2001-09-03,SB1,66.2172,synthetic_demo,synthetic conceptual storage,True
2001-09-04,SB1,66.2172,synthetic_demo,synthetic conceptual storage,True
2001-09-05,SB1,66.3733,synthetic_demo,synthetic conceptual storage,True
2001-09-06,SB1,66.3733,synthetic_demo,synthetic conceptual storage,True
2001-09-07,SB1,66.8301,synthetic_demo,synthetic conceptual storage,True
2001-09-08,SB1,66.8301,synthetic_demo,synthetic conceptual storage,True
2001-09-09,SB1,66.2802,synthetic_demo,synthetic conceptual storage,True
2001-09-10,SB1,66.375,synthetic_demo,synthetic conceptual storage,True
2001-09-11,SB1,66.375,synthetic_demo,synthetic conceptual storage,True
2001-09-12,SB1,66.375,synthetic_demo,synthetic conceptual storage,True
2001-09-13,SB1,66.0881,synthetic_demo,synthetic conceptual storage,True
2001-09-14,SB1,66.0881,synthetic_demo,synthetic conceptual storage,True
2001-09-15,SB1,66.3423,synthetic_demo,synthetic conceptual storage,True
2001-09-16,SB1,66.3423,synthetic_demo,synthetic conceptual storage,True
2001-09-17,SB1,66.6803,synthetic_demo,synthetic conceptual storage,True
2001-09-18,SB1,66.6803,synthetic_demo,synthetic conceptual storage,True
2001-09-19,SB1,66.6803,synthetic_demo,synthetic conceptual storage,True
2001-09-20,SB1,66.5233,synthetic_demo,synthetic conceptual storage,True
2001-09-21,SB1,66.2459,synthetic_demo,synthetic conceptual storage,True
2001-09-22,SB1,66.992,synthetic_demo,synthetic conceptual storage,True
2001-09-23,SB1,66.992,synthetic_demo,synthetic conceptual storage,True
2001-09-24,SB1,67.1103,synthetic_demo,synthetic conceptual storage,True
2001-09-25,SB1,67.4581,synthetic_demo,synthetic conceptual storage,True
2001-09-26,SB1,67.4581,synthetic_demo,synthetic conceptual storage,True
2001-09-27,SB1,67.9407,synthetic_demo,synthetic conceptual storage,True
2001-09-28,SB1,67.9407,synthetic_demo,synthetic conceptual storage,True
2001-09-29,SB1,67.6776,synthetic_demo,synthetic conceptual storage,True
2001-09-30,SB1,67.522,synthetic_demo,synthetic conceptual storage,True
2001-10-01,SB1,67.522,synthetic_demo,synthetic conceptual storage,True
2001-10-02,SB1,67.5784,synthetic_demo,synthetic conceptual storage,True
2001-10-03,SB1,67.7089,synthetic_demo,synthetic conceptual storage,True
2001-10-04,SB1,67.7089,synthetic_demo,synthetic conceptual storage,True
2001-10-05,SB1,67.7089,synthetic_demo,synthetic conceptual storage,True
2001-10-06,SB1,67.8754,synthetic_demo,synthetic conceptual storage,True
2001-10-07,SB1,68.0373,synthetic_demo,synthetic conceptual storage,True
2001-10-08,SB1,68.2811,synthetic_demo,synthetic conceptual storage,True
2001-10-09,SB1,68.2811,synthetic_demo,synthetic conceptual storage,True
2001-10-10,SB1,68.2811,synthetic_demo,synthetic conceptual storage,True
2001-10-11,SB1,67.2688,synthetic_demo,synthetic conceptual storage,True
2001-10-12,SB1,67.4981,synthetic_demo,synthetic conceptual storage,True
2001-10-13,SB1,67.5273,synthetic_demo,synthetic conceptual storage,True
2001-10-14,SB1,67.3797,synthetic_demo,synthetic conceptual storage,True
2001-10-15,SB1,67.1276,synthetic_demo,synthetic conceptual storage,True
2001-10-16,SB1,67.6195,synthetic_demo,synthetic conceptual storage,True
2001-10-17,SB1,67.6195,synthetic_demo,synthetic conceptual storage,True
2001-10-18,SB1,67.5599,synthetic_demo,synthetic conceptual storage,True
2001-10-19,SB1,68.2792,synthetic_demo,synthetic conceptual storage,True
2001-10-20,SB1,68.6188,synthetic_demo,synthetic conceptual storage,True
2001-10-21,SB1,69.049,synthetic_demo,synthetic conceptual storage,True
2001-10-22,SB1,69.049,synthetic_demo,synthetic conceptual storage,True
2001-10-23,SB1,68.8277,synthetic_demo,synthetic conceptual storage,True
2001-10-24,SB1,68.721,synthetic_demo,synthetic conceptual storage,True
2001-10-25,SB1,69.1318,synthetic_demo,synthetic conceptual storage,True
2001-10-26,SB1,69.1203,synthetic_demo,synthetic conceptual storage,True
2001-10-27,SB1,68.7886,synthetic_demo,synthetic conceptual storage,True
2001-10-28,SB1,69.1215,synthetic_demo,synthetic conceptual storage,True
2001-10-29,SB1,69.3191,synthetic_demo,synthetic conceptual storage,True
2001-10-30,SB1,69.3385,synthetic_demo,synthetic conceptual storage,True
2001-10-31,SB1,69.3385,synthetic_demo,synthetic conceptual storage,True
2001-11-01,SB1,69.2865,synthetic_demo,synthetic conceptual storage,True
2001-11-02,SB1,69.5322,synthetic_demo,synthetic conceptual storage,True
2001-11-03,SB1,69.3755,synthetic_demo,synthetic conceptual storage,True
2001-11-04,SB1,69.3755,synthetic_demo,synthetic conceptual storage,True
2001-11-05,SB1,68.9876,synthetic_demo,synthetic conceptual storage,True
2001-11-06,SB1,69.3142,synthetic_demo,synthetic conceptual storage,True
2001-11-07,SB1,69.3467,synthetic_demo,synthetic conceptual storage,True
2001-11-08,SB1,69.3467,synthetic_demo,synthetic conceptual storage,True
2001-11-09,SB1,69.3467,synthetic_demo,synthetic conceptual storage,True
2001-11-10,SB1,69.3467,synthetic_demo,synthetic conceptual storage,True
2001-11-11,SB1,69.3467,synthetic_demo,synthetic conceptual storage,True
2001-11-12,SB1,69.3467,synthetic_demo,synthetic conceptual storage,True
2001-11-13,SB1,69.3467,synthetic_demo,synthetic conceptual storage,True
2001-11-14,SB1,70.0745,synthetic_demo,synthetic conceptual storage,True
2001-11-15,SB1,70.0745,synthetic_demo,synthetic conceptual storage,True
2001-11-16,SB1,69.6206,synthetic_demo,synthetic conceptual storage,True
2001-11-17,SB1,69.0454,synthetic_demo,synthetic conceptual storage,True
2001-11-18,SB1,69.3476,synthetic_demo,synthetic conceptual storage,True
2001-11-19,SB1,69.3476,synthetic_demo,synthetic conceptual storage,True
2001-11-20,SB1,69.3476,synthetic_demo,synthetic conceptual storage,True
2001-11-21,SB1,69.3476,synthetic_demo,synthetic conceptual storage,True
2001-11-22,SB1,69.559,synthetic_demo,synthetic conceptual storage,True
2001-11-23,SB1,69.559,synthetic_demo,synthetic conceptual storage,True
2001-11-24,SB1,69.559,synthetic_demo,synthetic conceptual storage,True
2001-11-25,SB1,69.559,synthetic_demo,synthetic conceptual storage,True
2001-11-26,SB1,69.7957,synthetic_demo,synthetic conceptual storage,True
2001-11-27,SB1,70.0368,synthetic_demo,synthetic conceptual storage,True
2001-11-28,SB1,70.0368,synthetic_demo,synthetic conceptual storage,True
2001-11-29,SB1,70.0368,synthetic_demo,synthetic conceptual storage,True
2001-11-30,SB1,70.0368,synthetic_demo,synthetic conceptual storage,True
2001-12-01,SB1,70.0368,synthetic_demo,synthetic conceptual storage,True
2001-12-02,SB1,70.0368,synthetic_demo,synthetic conceptual storage,True
2001-12-03,SB1,70.0368,synthetic_demo,synthetic conceptual storage,True
2001-12-04,SB1,70.0368,synthetic_demo,synthetic conceptual storage,True
2001-12-05,SB1,70.4009,synthetic_demo,synthetic conceptual storage,True
2001-12-06,SB1,70.4009,synthetic_demo,synthetic conceptual storage,True
2001-12-07,SB1,70.5824,synthetic_demo,synthetic conceptual storage,True
2001-12-08,SB1,70.5824,synthetic_demo,synthetic conceptual storage,True
2001-12-09,SB1,70.2192,synthetic_demo,synthetic conceptual storage,True
2001-12-10,SB1,70.7828,synthetic_demo,synthetic conceptual storage,True
2001-12-11,SB1,71.0265,synthetic_demo,synthetic conceptual storage,True
2001-12-12,SB1,71.0265,synthetic_demo,synthetic conceptual storage,True
2001-12-13,SB1,71.1473,synthetic_demo,synthetic conceptual storage,True
2001-12-14,SB1,71.1473,synthetic_demo,synthetic conceptual storage,True
2001-12-15,SB1,71.1473,synthetic_demo,synthetic conceptual storage,True
2001-12-16,SB1,71.3018,synthetic_demo,synthetic conceptual storage,True
2001-12-17,SB1,71.2253,synthetic_demo,synthetic conceptual storage,True
2001-12-18,SB1,70.8994,synthetic_demo,synthetic conceptual storage,True
2001-12-19,SB1,70.8994,synthetic_demo,synthetic conceptual storage,True
2001-12-20,SB1,70.8112,synthetic_demo,synthetic conceptual storage,True
2001-12-21,SB1,70.8112,synthetic_demo,synthetic conceptual storage,True
2001-12-22,SB1,70.8112,synthetic_demo,synthetic conceptual storage,True
2001-12-23,SB1,70.8112,synthetic_demo,synthetic conceptual storage,True
2001-12-24,SB1,70.8112,synthetic_demo,synthetic conceptual storage,True
2001-12-25,SB1,70.5407,synthetic_demo,synthetic conceptual storage,True
2001-12-26,SB1,70.7669,synthetic_demo,synthetic conceptual storage,True
2001-12-27,SB1,70.7669,synthetic_demo,synthetic conceptual storage,True
2001-12-28,SB1,70.7669,synthetic_demo,synthetic conceptual storage,True
2001-12-29,SB1,70.1476,synthetic_demo,synthetic conceptual storage,True
2001-12-30,SB1,70.1476,synthetic_demo,synthetic conceptual storage,True
2001-12-31,SB1,70.1476,synthetic_demo,synthetic conceptual storage,True
2002-01-01,SB1,70.1476,synthetic_demo,synthetic conceptual storage,True
2002-01-02,SB1,70.1476,synthetic_demo,synthetic conceptual storage,True
2002-01-03,SB1,70.1476,synthetic_demo,synthetic conceptual storage,True
2002-01-04,SB1,70.1476,synthetic_demo,synthetic conceptual storage,True
2002-01-05,SB1,70.1476,synthetic_demo,synthetic conceptual storage,True
2002-01-06,SB1,70.1476,synthetic_demo,synthetic conceptual storage,True
2002-01-07,SB1,70.0754,synthetic_demo,synthetic conceptual storage,True
2002-01-08,SB1,70.0754,synthetic_demo,synthetic conceptual storage,True
2002-01-09,SB1,70.0754,synthetic_demo,synthetic conceptual storage,True
2002-01-10,SB1,70.0754,synthetic_demo,synthetic conceptual storage,True
2002-01-11,SB1,70.0754,synthetic_demo,synthetic conceptual storage,True
2002-01-12,SB1,70.0754,synthetic_demo,synthetic conceptual storage,True
2002-01-13,SB1,70.0754,synthetic_demo,synthetic conceptual storage,True
2002-01-14,SB1,70.0754,synthetic_demo,synthetic conceptual storage,True
2002-01-15,SB1,70.0754,synthetic_demo,synthetic conceptual storage,True
2002-01-16,SB1,70.0754,synthetic_demo,synthetic conceptual storage,True
2002-01-17,SB1,70.0754,synthetic_demo,synthetic conceptual storage,True
2002-01-18,SB1,70.0754,synthetic_demo,synthetic conceptual storage,True
2002-01-19,SB1,70.0754,synthetic_demo,synthetic conceptual storage,True
2002-01-20,SB1,70.0754,synthetic_demo,synthetic conceptual storage,True
2002-01-21,SB1,70.0754,synthetic_demo,synthetic conceptual storage,True
2002-01-22,SB1,70.0754,synthetic_demo,synthetic conceptual storage,True
2002-01-23,SB1,70.0754,synthetic_demo,synthetic conceptual storage,True
2002-01-24,SB1,70.0754,synthetic_demo,synthetic conceptual storage,True
2002-01-25,SB1,70.0754,synthetic_demo,synthetic conceptual storage,True
2002-01-26,SB1,70.0754,synthetic_demo,synthetic conceptual storage,True
2002-01-27,SB1,70.0754,synthetic_demo,synthetic conceptual storage,True
2002-01-28,SB1,70.0754,synthetic_demo,synthetic conceptual storage,True
2002-01-29,SB1,70.0754,synthetic_demo,synthetic conceptual storage,True
2002-01-30,SB1,70.0754,synthetic_demo,synthetic conceptual storage,True
2002-01-31,SB1,70.0754,synthetic_demo,synthetic conceptual storage,True
2002-02-01,SB1,70.0754,synthetic_demo,synthetic conceptual storage,True
2002-02-02,SB1,70.0754,synthetic_demo,synthetic conceptual storage,True
2002-02-03,SB1,70.0754,synthetic_demo,synthetic conceptual storage,True
2002-02-04,SB1,70.0754,synthetic_demo,synthetic conceptual storage,True
2002-02-05,SB1,70.0754,synthetic_demo,synthetic conceptual storage,True
2002-02-06,SB1,70.0754,synthetic_demo,synthetic conceptual storage,True
2002-02-07,SB1,70.0754,synthetic_demo,synthetic conceptual storage,True
2002-02-08,SB1,70.0754,synthetic_demo,synthetic conceptual storage,True
2002-02-09,SB1,70.4474,synthetic_demo,synthetic conceptual storage,True
2002-02-10,SB1,70.4474,synthetic_demo,synthetic conceptual storage,True
2002-02-11,SB1,70.4474,synthetic_demo,synthetic conceptual storage,True
2002-02-12,SB1,70.4474,synthetic_demo,synthetic conceptual storage,True
2002-02-13,SB1,70.4474,synthetic_demo,synthetic conceptual storage,True
2002-02-14,SB1,70.4474,synthetic_demo,synthetic conceptual storage,True
2002-02-15,SB1,70.4474,synthetic_demo,synthetic conceptual storage,True
2002-02-16,SB1,70.4474,synthetic_demo,synthetic conceptual storage,True
2002-02-17,SB1,70.4474,synthetic_demo,synthetic conceptual storage,True
2002-02-18,SB1,71.3926,synthetic_demo,synthetic conceptual storage,True
2002-02-19,SB1,71.3926,synthetic_demo,synthetic conceptual storage,True
2002-02-20,SB1,71.3926,synthetic_demo,synthetic conceptual storage,True
2002-02-21,SB1,71.3926,synthetic_demo,synthetic conceptual storage,True
2002-02-22,SB1,71.3926,synthetic_demo,synthetic conceptual storage,True
2002-02-23,SB1,71.3926,synthetic_demo,synthetic conceptual storage,True
2002-02-24,SB1,71.3926,synthetic_demo,synthetic conceptual storage,True
2002-02-25,SB1,71.3926,synthetic_demo,synthetic conceptual storage,True
2002-02-26,SB1,71.3926,synthetic_demo,synthetic conceptual storage,True
2002-02-27,SB1,71.3926,synthetic_demo,synthetic conceptual storage,True
2002-02-28,SB1,71.3926,synthetic_demo,synthetic conceptual storage,True
2002-03-01,SB1,71.3926,synthetic_demo,synthetic conceptual storage,True
2002-03-02,SB1,71.3926,synthetic_demo,synthetic conceptual storage,True
2002-03-03,SB1,71.3926,synthetic_demo,synthetic conceptual storage,True
2002-03-04,SB1,71.3926,synthetic_demo,synthetic conceptual storage,True
2002-03-05,SB1,71.3926,synthetic_demo,synthetic conceptual storage,True
2002-03-06,SB1,71.3926,synthetic_demo,synthetic conceptual storage,True
2002-03-07,SB1,71.3926,synthetic_demo,synthetic conceptual storage,True
2002-03-08,SB1,71.3926,synthetic_demo,synthetic conceptual storage,True
2002-03-09,SB1,71.6377,synthetic_demo,synthetic conceptual storage,True
2002-03-10,SB1,71.6377,synthetic_demo,synthetic conceptual storage,True
2002-03-11,SB1,71.6377,synthetic_demo,synthetic conceptual storage,True
2002-03-12,SB1,71.6377,synthetic_demo,synthetic conceptual storage,True
2002-03-13,SB1,71.6377,synthetic_demo,synthetic conceptual storage,True
2002-03-14,SB1,71.6377,synthetic_demo,synthetic conceptual storage,True
2002-03-15,SB1,71.6377,synthetic_demo,synthetic conceptual storage,True
2002-03-16,SB1,71.7489,synthetic_demo,synthetic conceptual storage,True
2002-03-17,SB1,71.7489,synthetic_demo,synthetic conceptual storage,True
2002-03-18,SB1,71.7489,synthetic_demo,synthetic conceptual storage,True
2002-03-19,SB1,71.533,synthetic_demo,synthetic conceptual storage,True
2002-03-20,SB1,71.533,synthetic_demo,synthetic conceptual storage,True
2002-03-21,SB1,71.533,synthetic_demo,synthetic conceptual storage,True
2002-03-22,SB1,71.533,synthetic_demo,synthetic conceptual storage,True
2002-03-23,SB1,71.533,synthetic_demo,synthetic conceptual storage,True
2002-03-24,SB1,71.533,synthetic_demo,synthetic conceptual storage,True
2002-03-25,SB1,71.533,synthetic_demo,synthetic conceptual storage,True
2002-03-26,SB1,71.533,synthetic_demo,synthetic conceptual storage,True
2002-03-27,SB1,71.6466,synthetic_demo,synthetic conceptual storage,True
2002-03-28,SB1,71.6466,synthetic_demo,synthetic conceptual storage,True
2002-03-29,SB1,71.6466,synthetic_demo,synthetic conceptual storage,True
2002-03-30,SB1,71.6466,synthetic_demo,synthetic conceptual storage,True
2002-03-31,SB1,71.6466,synthetic_demo,synthetic conceptual storage,True
2002-04-01,SB1,71.6466,synthetic_demo,synthetic conceptual storage,True
2002-04-02,SB1,71.5904,synthetic_demo,synthetic conceptual storage,True
2002-04-03,SB1,71.5904,synthetic_demo,synthetic conceptual storage,True
2002-04-04,SB1,71.5904,synthetic_demo,synthetic conceptual storage,True
2002-04-05,SB1,71.6503,synthetic_demo,synthetic conceptual storage,True
2002-04-06,SB1,71.6503,synthetic_demo,synthetic conceptual storage,True
2002-04-07,SB1,71.6503,synthetic_demo,synthetic conceptual storage,True
2002-04-08,SB1,71.6503,synthetic_demo,synthetic conceptual storage,True
2002-04-09,SB1,71.0355,synthetic_demo,synthetic conceptual storage,True
2002-04-10,SB1,71.0355,synthetic_demo,synthetic conceptual storage,True
2002-04-11,SB1,71.0355,synthetic_demo,synthetic conceptual storage,True
2002-04-12,SB1,71.0355,synthetic_demo,synthetic conceptual storage,True
2002-04-13,SB1,71.0355,synthetic_demo,synthetic conceptual storage,True
2002-04-14,SB1,71.0355,synthetic_demo,synthetic conceptual storage,True
2002-04-15,SB1,70.924,synthetic_demo,synthetic conceptual storage,True
2002-04-16,SB1,71.0077,synthetic_demo,synthetic conceptual storage,True
2002-04-17,SB1,71.0077,synthetic_demo,synthetic conceptual storage,True
2002-04-18,SB1,70.8412,synthetic_demo,synthetic conceptual storage,True
2002-04-19,SB1,70.8412,synthetic_demo,synthetic conceptual storage,True
2002-04-20,SB1,70.8412,synthetic_demo,synthetic conceptual storage,True
2002-04-21,SB1,70.8412,synthetic_demo,synthetic conceptual storage,True
2002-04-22,SB1,70.8412,synthetic_demo,synthetic conceptual storage,True
2002-04-23,SB1,70.156,synthetic_demo,synthetic conceptual storage,True
2002-04-24,SB1,70.156,synthetic_demo,synthetic conceptual storage,True
2002-04-25,SB1,70.156,synthetic_demo,synthetic conceptual storage,True
2002-04-26,SB1,70.156,synthetic_demo,synthetic conceptual storage,True
2002-04-27,SB1,69.9944,synthetic_demo,synthetic conceptual storage,True
2002-04-28,SB1,69.9944,synthetic_demo,synthetic conceptual storage,True
2002-04-29,SB1,69.9944,synthetic_demo,synthetic conceptual storage,True
2002-04-30,SB1,69.9944,synthetic_demo,synthetic conceptual storage,True
2002-05-01,SB1,69.7833,synthetic_demo,synthetic conceptual storage,True
2002-05-02,SB1,69.7833,synthetic_demo,synthetic conceptual storage,True
2002-05-03,SB1,69.2248,synthetic_demo,synthetic conceptual storage,True
2002-05-04,SB1,69.2248,synthetic_demo,synthetic conceptual storage,True
2002-05-05,SB1,69.2248,synthetic_demo,synthetic conceptual storage,True
2002-05-06,SB1,69.2248,synthetic_demo,synthetic conceptual storage,True
2002-05-07,SB1,69.2248,synthetic_demo,synthetic conceptual storage,True
2002-05-08,SB1,69.2248,synthetic_demo,synthetic conceptual storage,True
2002-05-09,SB1,69.2248,synthetic_demo,synthetic conceptual storage,True
2002-05-10,SB1,69.2248,synthetic_demo,synthetic conceptual storage,True
2002-05-11,SB1,69.2248,synthetic_demo,synthetic conceptual storage,True
2002-05-12,SB1,69.2248,synthetic_demo,synthetic conceptual storage,True
2002-05-13,SB1,69.2248,synthetic_demo,synthetic conceptual storage,True
2002-05-14,SB1,69.2248,synthetic_demo,synthetic conceptual storage,True
2002-05-15,SB1,69.2248,synthetic_demo,synthetic conceptual storage,True
2002-05-16,SB1,69.2248,synthetic_demo,synthetic conceptual storage,True
2002-05-17,SB1,69.2248,synthetic_demo,synthetic conceptual storage,True
2002-05-18,SB1,69.2248,synthetic_demo,synthetic conceptual storage,True
2002-05-19,SB1,69.2248,synthetic_demo,synthetic conceptual storage,True
2002-05-20,SB1,69.2248,synthetic_demo,synthetic conceptual storage,True
2002-05-21,SB1,69.4341,synthetic_demo,synthetic conceptual storage,True
2002-05-22,SB1,69.4341,synthetic_demo,synthetic conceptual storage,True
2002-05-23,SB1,69.4341,synthetic_demo,synthetic conceptual storage,True
2002-05-24,SB1,69.4341,synthetic_demo,synthetic conceptual storage,True
2002-05-25,SB1,69.4341,synthetic_demo,synthetic conceptual storage,True
2002-05-26,SB1,69.4341,synthetic_demo,synthetic conceptual storage,True
2002-05-27,SB1,69.5604,synthetic_demo,synthetic conceptual storage,True
2002-05-28,SB1,69.2848,synthetic_demo,synthetic conceptual storage,True
2002-05-29,SB1,69.2848,synthetic_demo,synthetic conceptual storage,True
2002-05-30,SB1,69.2848,synthetic_demo,synthetic conceptual storage,True
2002-05-31,SB1,69.019,synthetic_demo,synthetic conceptual storage,True
2002-06-01,SB1,69.019,synthetic_demo,synthetic conceptual storage,True
2002-06-02,SB1,69.019,synthetic_demo,synthetic conceptual storage,True
2002-06-03,SB1,69.019,synthetic_demo,synthetic conceptual storage,True
2002-06-04,SB1,69.019,synthetic_demo,synthetic conceptual storage,True
2002-06-05,SB1,69.019,synthetic_demo,synthetic conceptual storage,True
2002-06-06,SB1,69.019,synthetic_demo,synthetic conceptual storage,True
2002-06-07,SB1,69.019,synthetic_demo,synthetic conceptual storage,True
2002-06-08,SB1,69.019,synthetic_demo,synthetic conceptual storage,True
2002-06-09,SB1,69.019,synthetic_demo,synthetic conceptual storage,True
2002-06-10,SB1,69.019,synthetic_demo,synthetic conceptual storage,True
2002-06-11,SB1,68.9295,synthetic_demo,synthetic conceptual storage,True
2002-06-12,SB1,68.9295,synthetic_demo,synthetic conceptual storage,True
2002-06-13,SB1,68.9295,synthetic_demo,synthetic conceptual storage,True
2002-06-14,SB1,68.9295,synthetic_demo,synthetic conceptual storage,True
2002-06-15,SB1,68.9742,synthetic_demo,synthetic conceptual storage,True
2002-06-16,SB1,68.9742,synthetic_demo,synthetic conceptual storage,True
2002-06-17,SB1,68.9742,synthetic_demo,synthetic conceptual storage,True
2002-06-18,SB1,68.9742,synthetic_demo,synthetic conceptual storage,True
2002-06-19,SB1,68.9742,synthetic_demo,synthetic conceptual storage,True
2002-06-20,SB1,68.9742,synthetic_demo,synthetic conceptual storage,True
2002-06-21,SB1,68.9742,synthetic_demo,synthetic conceptual storage,True
2002-06-22,SB1,68.9742,synthetic_demo,synthetic conceptual storage,True
2002-06-23,SB1,68.9742,synthetic_demo,synthetic conceptual storage,True
2002-06-24,SB1,68.9742,synthetic_demo,synthetic conceptual storage,True
2002-06-25,SB1,68.6321,synthetic_demo,synthetic conceptual storage,True
2002-06-26,SB1,68.6321,synthetic_demo,synthetic conceptual storage,True
2002-06-27,SB1,68.6321,synthetic_demo,synthetic conceptual storage,True
2002-06-28,SB1,68.6321,synthetic_demo,synthetic conceptual storage,True
2002-06-29,SB1,68.7647,synthetic_demo,synthetic conceptual storage,True
2002-06-30,SB1,68.7647,synthetic_demo,synthetic conceptual storage,True
2002-07-01,SB1,68.8375,synthetic_demo,synthetic conceptual storage,True
2002-07-02,SB1,68.6268,synthetic_demo,synthetic conceptual storage,True
2002-07-03,SB1,68.6268,synthetic_demo,synthetic conceptual storage,True
2002-07-04,SB1,68.6268,synthetic_demo,synthetic conceptual storage,True
2002-07-05,SB1,68.5884,synthetic_demo,synthetic conceptual storage,True
2002-07-06,SB1,68.9609,synthetic_demo,synthetic conceptual storage,True
2002-07-07,SB1,69.0674,synthetic_demo,synthetic conceptual storage,True
2002-07-08,SB1,69.0457,synthetic_demo,synthetic conceptual storage,True
2002-07-09,SB1,69.0457,synthetic_demo,synthetic conceptual storage,True
2002-07-10,SB1,68.9879,synthetic_demo,synthetic conceptual storage,True
2002-07-11,SB1,69.0844,synthetic_demo,synthetic conceptual storage,True
2002-07-12,SB1,69.0844,synthetic_demo,synthetic conceptual storage,True
2002-07-13,SB1,69.0844,synthetic_demo,synthetic conceptual storage,True
2002-07-14,SB1,69.0844,synthetic_demo,synthetic conceptual storage,True
2002-07-15,SB1,69.0844,synthetic_demo,synthetic conceptual storage,True
2002-07-16,SB1,69.2009,synthetic_demo,synthetic conceptual storage,True
2002-07-17,SB1,69.3244,synthetic_demo,synthetic conceptual storage,True
2002-07-18,SB1,69.3244,synthetic_demo,synthetic conceptual storage,True
2002-07-19,SB1,69.3244,synthetic_demo,synthetic conceptual storage,True
2002-07-20,SB1,69.3444,synthetic_demo,synthetic conceptual storage,True
2002-07-21,SB1,69.3207,synthetic_demo,synthetic conceptual storage,True
2002-07-22,SB1,69.43,synthetic_demo,synthetic conceptual storage,True
2002-07-23,SB1,69.43,synthetic_demo,synthetic conceptual storage,True
2002-07-24,SB1,68.9364,synthetic_demo,synthetic conceptual storage,True
2002-07-25,SB1,69.0323,synthetic_demo,synthetic conceptual storage,True
2002-07-26,SB1,69.2044,synthetic_demo,synthetic conceptual storage,True
2002-07-27,SB1,69.3056,synthetic_demo,synthetic conceptual storage,True
2002-07-28,SB1,69.3056,synthetic_demo,synthetic conceptual storage,True
2002-07-29,SB1,69.2564,synthetic_demo,synthetic conceptual storage,True
2002-07-30,SB1,69.2564,synthetic_demo,synthetic conceptual storage,True
2002-07-31,SB1,69.2564,synthetic_demo,synthetic conceptual storage,True
2002-08-01,SB1,68.8879,synthetic_demo,synthetic conceptual storage,True
2002-08-02,SB1,68.6514,synthetic_demo,synthetic conceptual storage,True
2002-08-03,SB1,68.6514,synthetic_demo,synthetic conceptual storage,True
2002-08-04,SB1,68.6514,synthetic_demo,synthetic conceptual storage,True
2002-08-05,SB1,68.4081,synthetic_demo,synthetic conceptual storage,True
2002-08-06,SB1,68.4081,synthetic_demo,synthetic conceptual storage,True
2002-08-07,SB1,68.4081,synthetic_demo,synthetic conceptual storage,True
2002-08-08,SB1,68.5676,synthetic_demo,synthetic conceptual storage,True
2002-08-09,SB1,68.5676,synthetic_demo,synthetic conceptual storage,True
2002-08-10,SB1,68.5676,synthetic_demo,synthetic conceptual storage,True
2002-08-11,SB1,68.0285,synthetic_demo,synthetic conceptual storage,True
2002-08-12,SB1,67.6844,synthetic_demo,synthetic conceptual storage,True
2002-08-13,SB1,67.6844,synthetic_demo,synthetic conceptual storage,True
2002-08-14,SB1,66.8549,synthetic_demo,synthetic conceptual storage,True
2002-08-15,SB1,66.9095,synthetic_demo,synthetic conceptual storage,True
2002-08-16,SB1,67.0388,synthetic_demo,synthetic conceptual storage,True
2002-08-17,SB1,67.0388,synthetic_demo,synthetic conceptual storage,True
2002-08-18,SB1,66.715,synthetic_demo,synthetic conceptual storage,True
2002-08-19,SB1,66.715,synthetic_demo,synthetic conceptual storage,True
2002-08-20,SB1,66.3003,synthetic_demo,synthetic conceptual storage,True
2002-08-21,SB1,66.3003,synthetic_demo,synthetic conceptual storage,True
2002-08-22,SB1,66.2228,synthetic_demo,synthetic conceptual storage,True
2002-08-23,SB1,66.2228,synthetic_demo,synthetic conceptual storage,True
2002-08-24,SB1,66.2228,synthetic_demo,synthetic conceptual storage,True
2002-08-25,SB1,66.0329,synthetic_demo,synthetic conceptual storage,True
2002-08-26,SB1,66.0329,synthetic_demo,synthetic conceptual storage,True
2002-08-27,SB1,66.0329,synthetic_demo,synthetic conceptual storage,True
2002-08-28,SB1,66.0329,synthetic_demo,synthetic conceptual storage,True
2002-08-29,SB1,66.1051,synthetic_demo,synthetic conceptual storage,True
2002-08-30,SB1,66.1051,synthetic_demo,synthetic conceptual storage,True
2002-08-31,SB1,66.1381,synthetic_demo,synthetic conceptual storage,True
2002-09-01,SB1,65.9369,synthetic_demo,synthetic conceptual storage,True
2002-09-02,SB1,65.9369,synthetic_demo,synthetic conceptual storage,True
2002-09-03,SB1,65.9369,synthetic_demo,synthetic conceptual storage,True
2002-09-04,SB1,65.9369,synthetic_demo,synthetic conceptual storage,True
2002-09-05,SB1,65.9586,synthetic_demo,synthetic conceptual storage,True
2002-09-06,SB1,65.9586,synthetic_demo,synthetic conceptual storage,True
2002-09-07,SB1,65.49,synthetic_demo,synthetic conceptual storage,True
2002-09-08,SB1,65.49,synthetic_demo,synthetic conceptual storage,True
2002-09-09,SB1,65.8367,synthetic_demo,synthetic conceptual storage,True
2002-09-10,SB1,65.7419,synthetic_demo,synthetic conceptual storage,True
2002-09-11,SB1,65.952,synthetic_demo,synthetic conceptual storage,True
2002-09-12,SB1,65.952,synthetic_demo,synthetic conceptual storage,True
2002-09-13,SB1,66.0319,synthetic_demo,synthetic conceptual storage,True
2002-09-14,SB1,66.0319,synthetic_demo,synthetic conceptual storage,True
2002-09-15,SB1,65.7777,synthetic_demo,synthetic conceptual storage,True
2002-09-16,SB1,65.7777,synthetic_demo,synthetic conceptual storage,True
2002-09-17,SB1,65.4397,synthetic_demo,synthetic conceptual storage,True
2002-09-18,SB1,65.4397,synthetic_demo,synthetic conceptual storage,True
2002-09-19,SB1,65.4397,synthetic_demo,synthetic conceptual storage,True
2002-09-20,SB1,65.5002,synthetic_demo,synthetic conceptual storage,True
2002-09-21,SB1,65.4085,synthetic_demo,synthetic conceptual storage,True
2002-09-22,SB1,64.7597,synthetic_demo,synthetic conceptual storage,True
2002-09-23,SB1,64.7597,synthetic_demo,synthetic conceptual storage,True
2002-09-24,SB1,64.6414,synthetic_demo,synthetic conceptual storage,True
2002-09-25,SB1,64.2936,synthetic_demo,synthetic conceptual storage,True
2002-09-26,SB1,64.2936,synthetic_demo,synthetic conceptual storage,True
2002-09-27,SB1,63.7058,synthetic_demo,synthetic conceptual storage,True
2002-09-28,SB1,63.7058,synthetic_demo,synthetic conceptual storage,True
2002-09-29,SB1,63.7501,synthetic_demo,synthetic conceptual storage,True
2002-09-30,SB1,63.7805,synthetic_demo,synthetic conceptual storage,True
2002-10-01,SB1,63.7805,synthetic_demo,synthetic conceptual storage,True
2002-10-02,SB1,63.7241,synthetic_demo,synthetic conceptual storage,True
2002-10-03,SB1,63.5936,synthetic_demo,synthetic conceptual storage,True
2002-10-04,SB1,63.6788,synthetic_demo,synthetic conceptual storage,True
2002-10-05,SB1,63.8405,synthetic_demo,synthetic conceptual storage,True
2002-10-06,SB1,63.966,synthetic_demo,synthetic conceptual storage,True
2002-10-07,SB1,63.7889,synthetic_demo,synthetic conceptual storage,True
2002-10-08,SB1,63.8236,synthetic_demo,synthetic conceptual storage,True
2002-10-09,SB1,63.8236,synthetic_demo,synthetic conceptual storage,True
2002-10-10,SB1,63.8236,synthetic_demo,synthetic conceptual storage,True
2002-10-11,SB1,63.8236,synthetic_demo,synthetic conceptual storage,True
2002-10-12,SB1,63.7063,synthetic_demo,synthetic conceptual storage,True
2002-10-13,SB1,63.6723,synthetic_demo,synthetic conceptual storage,True
2002-10-14,SB1,63.6723,synthetic_demo,synthetic conceptual storage,True
2002-10-15,SB1,63.7695,synthetic_demo,synthetic conceptual storage,True
2002-10-16,SB1,63.3257,synthetic_demo,synthetic conceptual storage,True
2002-10-17,SB1,63.3257,synthetic_demo,synthetic conceptual storage,True
2002-10-18,SB1,63.1161,synthetic_demo,synthetic conceptual storage,True
2002-10-19,SB1,62.3968,synthetic_demo,synthetic conceptual storage,True
2002-10-20,SB1,62.1558,synthetic_demo,synthetic conceptual storage,True
2002-10-21,SB1,61.7256,synthetic_demo,synthetic conceptual storage,True
2002-10-22,SB1,61.919,synthetic_demo,synthetic conceptual storage,True
2002-10-23,SB1,61.9657,synthetic_demo,synthetic conceptual storage,True
2002-10-24,SB1,61.9657,synthetic_demo,synthetic conceptual storage,True
2002-10-25,SB1,61.555,synthetic_demo,synthetic conceptual storage,True
2002-10-26,SB1,61.555,synthetic_demo,synthetic conceptual storage,True
2002-10-27,SB1,61.5451,synthetic_demo,synthetic conceptual storage,True
2002-10-28,SB1,61.2122,synthetic_demo,synthetic conceptual storage,True
2002-10-29,SB1,60.9855,synthetic_demo,synthetic conceptual storage,True
2002-10-30,SB1,61.0843,synthetic_demo,synthetic conceptual storage,True
2002-10-31,SB1,61.0843,synthetic_demo,synthetic conceptual storage,True
2002-11-01,SB1,61.0843,synthetic_demo,synthetic conceptual storage,True
2002-11-02,SB1,60.9066,synthetic_demo,synthetic conceptual storage,True
2002-11-03,SB1,61.1455,synthetic_demo,synthetic conceptual storage,True
2002-11-04,SB1,61.1455,synthetic_demo,synthetic conceptual storage,True
2002-11-05,SB1,61.1455,synthetic_demo,synthetic conceptual storage,True
2002-11-06,SB1,60.8188,synthetic_demo,synthetic conceptual storage,True
2002-11-07,SB1,60.7863,synthetic_demo,synthetic conceptual storage,True
2002-11-08,SB1,60.8867,synthetic_demo,synthetic conceptual storage,True
2002-11-09,SB1,60.8867,synthetic_demo,synthetic conceptual storage,True
2002-11-10,SB1,60.8867,synthetic_demo,synthetic conceptual storage,True
2002-11-11,SB1,60.8867,synthetic_demo,synthetic conceptual storage,True
2002-11-12,SB1,60.8867,synthetic_demo,synthetic conceptual storage,True
2002-11-13,SB1,61.2965,synthetic_demo,synthetic conceptual storage,True
2002-11-14,SB1,60.5687,synthetic_demo,synthetic conceptual storage,True
2002-11-15,SB1,60.5687,synthetic_demo,synthetic conceptual storage,True
2002-11-16,SB1,60.5687,synthetic_demo,synthetic conceptual storage,True
2002-11-17,SB1,60.5687,synthetic_demo,synthetic conceptual storage,True
2002-11-18,SB1,59.7385,synthetic_demo,synthetic conceptual storage,True
2002-11-19,SB1,60.0082,synthetic_demo,synthetic conceptual storage,True
2002-11-20,SB1,60.048,synthetic_demo,synthetic conceptual storage,True
2002-11-21,SB1,60.048,synthetic_demo,synthetic conceptual storage,True
2002-11-22,SB1,59.8365,synthetic_demo,synthetic conceptual storage,True
2002-11-23,SB1,59.8365,synthetic_demo,synthetic conceptual storage,True
2002-11-24,SB1,59.8365,synthetic_demo,synthetic conceptual storage,True
2002-11-25,SB1,59.8879,synthetic_demo,synthetic conceptual storage,True
2002-11-26,SB1,59.6512,synthetic_demo,synthetic conceptual storage,True
2002-11-27,SB1,59.4101,synthetic_demo,synthetic conceptual storage,True
2002-11-28,SB1,59.4101,synthetic_demo,synthetic conceptual storage,True
2002-11-29,SB1,59.4101,synthetic_demo,synthetic conceptual storage,True
2002-11-30,SB1,59.4101,synthetic_demo,synthetic conceptual storage,True
2002-12-01,SB1,59.4101,synthetic_demo,synthetic conceptual storage,True
2002-12-02,SB1,59.4101,synthetic_demo,synthetic conceptual storage,True
2002-12-03,SB1,59.6585,synthetic_demo,synthetic conceptual storage,True
2002-12-04,SB1,59.6585,synthetic_demo,synthetic conceptual storage,True
2002-12-05,SB1,59.2943,synthetic_demo,synthetic conceptual storage,True
2002-12-06,SB1,59.2943,synthetic_demo,synthetic conceptual storage,True
2002-12-07,SB1,59.1128,synthetic_demo,synthetic conceptual storage,True
2002-12-08,SB1,59.1128,synthetic_demo,synthetic conceptual storage,True
2002-12-09,SB1,59.1128,synthetic_demo,synthetic conceptual storage,True
2002-12-10,SB1,58.5492,synthetic_demo,synthetic conceptual storage,True
2002-12-11,SB1,58.1762,synthetic_demo,synthetic conceptual storage,True
2002-12-12,SB1,58.1762,synthetic_demo,synthetic conceptual storage,True
2002-12-13,SB1,58.0554,synthetic_demo,synthetic conceptual storage,True
2002-12-14,SB1,58.0554,synthetic_demo,synthetic conceptual storage,True
2002-12-15,SB1,58.0554,synthetic_demo,synthetic conceptual storage,True
2002-12-16,SB1,57.901,synthetic_demo,synthetic conceptual storage,True
2002-12-17,SB1,57.901,synthetic_demo,synthetic conceptual storage,True
2002-12-18,SB1,57.901,synthetic_demo,synthetic conceptual storage,True
2002-12-19,SB1,57.9172,synthetic_demo,synthetic conceptual storage,True
2002-12-20,SB1,57.9172,synthetic_demo,synthetic conceptual storage,True
2002-12-21,SB1,57.9172,synthetic_demo,synthetic conceptual storage,True
2002-12-22,SB1,57.9172,synthetic_demo,synthetic conceptual storage,True
2002-12-23,SB1,57.9172,synthetic_demo,synthetic conceptual storage,True
2002-12-24,SB1,57.9172,synthetic_demo,synthetic conceptual storage,True
2002-12-25,SB1,57.9172,synthetic_demo,synthetic conceptual storage,True
2002-12-26,SB1,57.691,synthetic_demo,synthetic conceptual storage,True
2002-12-27,SB1,57.9615,synthetic_demo,synthetic conceptual storage,True
2002-12-28,SB1,58.2511,synthetic_demo,synthetic conceptual storage,True
2002-12-29,SB1,58.2511,synthetic_demo,synthetic conceptual storage,True
2002-12-30,SB1,58.3458,synthetic_demo,synthetic conceptual storage,True
2002-12-31,SB1,58.3458,synthetic_demo,synthetic conceptual storage,True
2003-01-01,SB1,58.3458,synthetic_demo,synthetic conceptual storage,True
2003-01-02,SB1,58.3458,synthetic_demo,synthetic conceptual storage,True
2003-01-03,SB1,58.3458,synthetic_demo,synthetic conceptual storage,True
2003-01-04,SB1,58.3458,synthetic_demo,synthetic conceptual storage,True
2003-01-05,SB1,58.3458,synthetic_demo,synthetic conceptual storage,True
2003-01-06,SB1,58.3458,synthetic_demo,synthetic conceptual storage,True
2003-01-07,SB1,58.3458,synthetic_demo,synthetic conceptual storage,True
2003-01-08,SB1,58.3458,synthetic_demo,synthetic conceptual storage,True
2003-01-09,SB1,58.3458,synthetic_demo,synthetic conceptual storage,True
2003-01-10,SB1,58.3458,synthetic_demo,synthetic conceptual storage,True
2003-01-11,SB1,58.3458,synthetic_demo,synthetic conceptual storage,True
2003-01-12,SB1,58.3458,synthetic_demo,synthetic conceptual storage,True
2003-01-13,SB1,58.3458,synthetic_demo,synthetic conceptual storage,True
2003-01-14,SB1,58.6417,synthetic_demo,synthetic conceptual storage,True
2003-01-15,SB1,58.6417,synthetic_demo,synthetic conceptual storage,True
2003-01-16,SB1,58.6417,synthetic_demo,synthetic conceptual storage,True
2003-01-17,SB1,58.6417,synthetic_demo,synthetic conceptual storage,True
2003-01-18,SB1,58.6417,synthetic_demo,synthetic conceptual storage,True
2003-01-19,SB1,58.6417,synthetic_demo,synthetic conceptual storage,True
2003-01-20,SB1,58.6417,synthetic_demo,synthetic conceptual storage,True
2003-01-21,SB1,58.6417,synthetic_demo,synthetic conceptual storage,True
2003-01-22,SB1,58.6417,synthetic_demo,synthetic conceptual storage,True
2003-01-23,SB1,58.6417,synthetic_demo,synthetic conceptual storage,True
2003-01-24,SB1,58.733,synthetic_demo,synthetic conceptual storage,True
2003-01-25,SB1,58.733,synthetic_demo,synthetic conceptual storage,True
2003-01-26,SB1,58.733,synthetic_demo,synthetic conceptual storage,True
2003-01-27,SB1,58.733,synthetic_demo,synthetic conceptual storage,True
2003-01-28,SB1,58.733,synthetic_demo,synthetic conceptual storage,True
2003-01-29,SB1,58.733,synthetic_demo,synthetic conceptual storage,True
2003-01-30,SB1,58.733,synthetic_demo,synthetic conceptual storage,True
2003-01-31,SB1,58.733,synthetic_demo,synthetic conceptual storage,True
2003-02-01,SB1,58.733,synthetic_demo,synthetic conceptual storage,True
2003-02-02,SB1,58.733,synthetic_demo,synthetic conceptual storage,True
2003-02-03,SB1,58.733,synthetic_demo,synthetic conceptual storage,True
2003-02-04,SB1,58.733,synthetic_demo,synthetic conceptual storage,True
2003-02-05,SB1,58.733,synthetic_demo,synthetic conceptual storage,True
2003-02-06,SB1,58.733,synthetic_demo,synthetic conceptual storage,True
2003-02-07,SB1,58.733,synthetic_demo,synthetic conceptual storage,True
2003-02-08,SB1,58.733,synthetic_demo,synthetic conceptual storage,True
2003-02-09,SB1,58.3611,synthetic_demo,synthetic conceptual storage,True
2003-02-10,SB1,58.3611,synthetic_demo,synthetic conceptual storage,True
2003-02-11,SB1,58.3611,synthetic_demo,synthetic conceptual storage,True
2003-02-12,SB1,58.3611,synthetic_demo,synthetic conceptual storage,True
2003-02-13,SB1,58.3611,synthetic_demo,synthetic conceptual storage,True
2003-02-14,SB1,58.3611,synthetic_demo,synthetic conceptual storage,True
2003-02-15,SB1,58.3611,synthetic_demo,synthetic conceptual storage,True
2003-02-16,SB1,58.3611,synthetic_demo,synthetic conceptual storage,True
2003-02-17,SB1,58.3611,synthetic_demo,synthetic conceptual storage,True
2003-02-18,SB1,57.4159,synthetic_demo,synthetic conceptual storage,True
2003-02-19,SB1,57.4159,synthetic_demo,synthetic conceptual storage,True
2003-02-20,SB1,57.4159,synthetic_demo,synthetic conceptual storage,True
2003-02-21,SB1,57.4159,synthetic_demo,synthetic conceptual storage,True
2003-02-22,SB1,57.4159,synthetic_demo,synthetic conceptual storage,True
2003-02-23,SB1,57.4159,synthetic_demo,synthetic conceptual storage,True
2003-02-24,SB1,57.4159,synthetic_demo,synthetic conceptual storage,True
2003-02-25,SB1,57.4159,synthetic_demo,synthetic conceptual storage,True
2003-02-26,SB1,57.4159,synthetic_demo,synthetic conceptual storage,True
2003-02-27,SB1,57.4159,synthetic_demo,synthetic conceptual storage,True
2003-02-28,SB1,57.4159,synthetic_demo,synthetic conceptual storage,True
2003-03-01,SB1,57.4159,synthetic_demo,synthetic conceptual storage,True
2003-03-02,SB1,57.4159,synthetic_demo,synthetic conceptual storage,True
2003-03-03,SB1,57.5058,synthetic_demo,synthetic conceptual storage,True
2003-03-04,SB1,57.5058,synthetic_demo,synthetic conceptual storage,True
2003-03-05,SB1,57.5058,synthetic_demo,synthetic conceptual storage,True
2003-03-06,SB1,57.5058,synthetic_demo,synthetic conceptual storage,True
2003-03-07,SB1,57.5058,synthetic_demo,synthetic conceptual storage,True
2003-03-08,SB1,57.5058,synthetic_demo,synthetic conceptual storage,True
2003-03-09,SB1,57.2607,synthetic_demo,synthetic conceptual storage,True
2003-03-10,SB1,57.2607,synthetic_demo,synthetic conceptual storage,True
2003-03-11,SB1,57.2607,synthetic_demo,synthetic conceptual storage,True
2003-03-12,SB1,57.2607,synthetic_demo,synthetic conceptual storage,True
2003-03-13,SB1,57.2607,synthetic_demo,synthetic conceptual storage,True
2003-03-14,SB1,57.2607,synthetic_demo,synthetic conceptual storage,True
2003-03-15,SB1,57.2607,synthetic_demo,synthetic conceptual storage,True
2003-03-16,SB1,57.1495,synthetic_demo,synthetic conceptual storage,True
2003-03-17,SB1,57.1495,synthetic_demo,synthetic conceptual storage,True
2003-03-18,SB1,57.1495,synthetic_demo,synthetic conceptual storage,True
2003-03-19,SB1,57.1495,synthetic_demo,synthetic conceptual storage,True
2003-03-20,SB1,57.1495,synthetic_demo,synthetic conceptual storage,True
2003-03-21,SB1,57.1495,synthetic_demo,synthetic conceptual storage,True
2003-03-22,SB1,57.1495,synthetic_demo,synthetic conceptual storage,True
2003-03-23,SB1,57.1495,synthetic_demo,synthetic conceptual storage,True
2003-03-24,SB1,57.1495,synthetic_demo,synthetic conceptual storage,True
2003-03-25,SB1,57.1495,synthetic_demo,synthetic conceptual storage,True
2003-03-26,SB1,57.1495,synthetic_demo,synthetic conceptual storage,True
2003-03-27,SB1,57.0359,synthetic_demo,synthetic conceptual storage,True
2003-03-28,SB1,57.0359,synthetic_demo,synthetic conceptual storage,True
2003-03-29,SB1,57.0359,synthetic_demo,synthetic conceptual storage,True
2003-03-30,SB1,57.0359,synthetic_demo,synthetic conceptual storage,True
2003-03-31,SB1,57.0359,synthetic_demo,synthetic conceptual storage,True
2003-04-01,SB1,57.0359,synthetic_demo,synthetic conceptual storage,True
2003-04-02,SB1,57.0359,synthetic_demo,synthetic conceptual storage,True
2003-04-03,SB1,57.0359,synthetic_demo,synthetic conceptual storage,True
2003-04-04,SB1,57.0359,synthetic_demo,synthetic conceptual storage,True
2003-04-05,SB1,56.976,synthetic_demo,synthetic conceptual storage,True
2003-04-06,SB1,56.976,synthetic_demo,synthetic conceptual storage,True
2003-04-07,SB1,57.1466,synthetic_demo,synthetic conceptual storage,True
2003-04-08,SB1,57.1466,synthetic_demo,synthetic conceptual storage,True
2003-04-09,SB1,57.1466,synthetic_demo,synthetic conceptual storage,True
2003-04-10,SB1,57.1466,synthetic_demo,synthetic conceptual storage,True
2003-04-11,SB1,57.1466,synthetic_demo,synthetic conceptual storage,True
2003-04-12,SB1,57.1466,synthetic_demo,synthetic conceptual storage,True
2003-04-13,SB1,57.3996,synthetic_demo,synthetic conceptual storage,True
2003-04-14,SB1,57.4268,synthetic_demo,synthetic conceptual storage,True
2003-04-15,SB1,57.4268,synthetic_demo,synthetic conceptual storage,True
2003-04-16,SB1,57.343,synthetic_demo,synthetic conceptual storage,True
2003-04-17,SB1,57.343,synthetic_demo,synthetic conceptual storage,True
2003-04-18,SB1,57.343,synthetic_demo,synthetic conceptual storage,True
2003-04-19,SB1,57.343,synthetic_demo,synthetic conceptual storage,True
2003-04-20,SB1,57.4837,synthetic_demo,synthetic conceptual storage,True
2003-04-21,SB1,57.4837,synthetic_demo,synthetic conceptual storage,True
2003-04-22,SB1,57.4837,synthetic_demo,synthetic conceptual storage,True
2003-04-23,SB1,57.4837,synthetic_demo,synthetic conceptual storage,True
2003-04-24,SB1,57.4837,synthetic_demo,synthetic conceptual storage,True
2003-04-25,SB1,57.5289,synthetic_demo,synthetic conceptual storage,True
2003-04-26,SB1,57.5289,synthetic_demo,synthetic conceptual storage,True
2003-04-27,SB1,57.5289,synthetic_demo,synthetic conceptual storage,True
2003-04-28,SB1,57.5289,synthetic_demo,synthetic conceptual storage,True
2003-04-29,SB1,57.5289,synthetic_demo,synthetic conceptual storage,True
2003-04-30,SB1,57.5289,synthetic_demo,synthetic conceptual storage,True
2003-05-01,SB1,57.5289,synthetic_demo,synthetic conceptual storage,True
2003-05-02,SB1,57.5289,synthetic_demo,synthetic conceptual storage,True
2003-05-03,SB1,57.5289,synthetic_demo,synthetic conceptual storage,True
2003-05-04,SB1,57.5289,synthetic_demo,synthetic conceptual storage,True
2003-05-05,SB1,57.5289,synthetic_demo,synthetic conceptual storage,True
2003-05-06,SB1,57.5289,synthetic_demo,synthetic conceptual storage,True
2003-05-07,SB1,57.5289,synthetic_demo,synthetic conceptual storage,True
2003-05-08,SB1,57.5289,synthetic_demo,synthetic conceptual storage,True
2003-05-09,SB1,57.5289,synthetic_demo,synthetic conceptual storage,True
2003-05-10,SB1,57.6201,synthetic_demo,synthetic conceptual storage,True
2003-05-11,SB1,57.6201,synthetic_demo,synthetic conceptual storage,True
2003-05-12,SB1,57.6201,synthetic_demo,synthetic conceptual storage,True
2003-05-13,SB1,57.6201,synthetic_demo,synthetic conceptual storage,True
2003-05-14,SB1,57.6201,synthetic_demo,synthetic conceptual storage,True
2003-05-15,SB1,57.6201,synthetic_demo,synthetic conceptual storage,True
2003-05-16,SB1,57.6201,synthetic_demo,synthetic conceptual storage,True
2003-05-17,SB1,57.6201,synthetic_demo,synthetic conceptual storage,True
2003-05-18,SB1,57.6201,synthetic_demo,synthetic conceptual storage,True
2003-05-19,SB1,57.6201,synthetic_demo,synthetic conceptual storage,True
2003-05-20,SB1,57.6201,synthetic_demo,synthetic conceptual storage,True
2003-05-21,SB1,57.4108,synthetic_demo,synthetic conceptual storage,True
2003-05-22,SB1,57.4108,synthetic_demo,synthetic conceptual storage,True
2003-05-23,SB1,57.4108,synthetic_demo,synthetic conceptual storage,True
2003-05-24,SB1,57.4108,synthetic_demo,synthetic conceptual storage,True
2003-05-25,SB1,57.4748,synthetic_demo,synthetic conceptual storage,True
2003-05-26,SB1,57.4748,synthetic_demo,synthetic conceptual storage,True
2003-05-27,SB1,57.3485,synthetic_demo,synthetic conceptual storage,True
2003-05-28,SB1,57.3485,synthetic_demo,synthetic conceptual storage,True
2003-05-29,SB1,57.4586,synthetic_demo,synthetic conceptual storage,True
2003-05-30,SB1,57.4586,synthetic_demo,synthetic conceptual storage,True
2003-05-31,SB1,57.4586,synthetic_demo,synthetic conceptual storage,True
2003-06-01,SB1,57.4586,synthetic_demo,synthetic conceptual storage,True
2003-06-02,SB1,57.4586,synthetic_demo,synthetic conceptual storage,True
2003-06-03,SB1,57.4586,synthetic_demo,synthetic conceptual storage,True
2003-06-04,SB1,57.4586,synthetic_demo,synthetic conceptual storage,True
2003-06-05,SB1,57.4586,synthetic_demo,synthetic conceptual storage,True
2003-06-06,SB1,57.4586,synthetic_demo,synthetic conceptual storage,True
2003-06-07,SB1,57.4586,synthetic_demo,synthetic conceptual storage,True
2003-06-08,SB1,57.4586,synthetic_demo,synthetic conceptual storage,True
2003-06-09,SB1,57.4586,synthetic_demo,synthetic conceptual storage,True
2003-06-10,SB1,57.4586,synthetic_demo,synthetic conceptual storage,True
2003-06-11,SB1,57.4586,synthetic_demo,synthetic conceptual storage,True
2003-06-12,SB1,57.4586,synthetic_demo,synthetic conceptual storage,True
2003-06-13,SB1,57.4586,synthetic_demo,synthetic conceptual storage,True
2003-06-14,SB1,57.4586,synthetic_demo,synthetic conceptual storage,True
2003-06-15,SB1,57.4139,synthetic_demo,synthetic conceptual storage,True
2003-06-16,SB1,57.4139,synthetic_demo,synthetic conceptual storage,True
2003-06-17,SB1,57.4139,synthetic_demo,synthetic conceptual storage,True
2003-06-18,SB1,57.4139,synthetic_demo,synthetic conceptual storage,True
2003-06-19,SB1,57.4139,synthetic_demo,synthetic conceptual storage,True
2003-06-20,SB1,57.4139,synthetic_demo,synthetic conceptual storage,True
2003-06-21,SB1,57.4139,synthetic_demo,synthetic conceptual storage,True
2003-06-22,SB1,57.4139,synthetic_demo,synthetic conceptual storage,True
2003-06-23,SB1,57.4139,synthetic_demo,synthetic conceptual storage,True
2003-06-24,SB1,57.4139,synthetic_demo,synthetic conceptual storage,True
2003-06-25,SB1,57.6013,synthetic_demo,synthetic conceptual storage,True
2003-06-26,SB1,57.6013,synthetic_demo,synthetic conceptual storage,True
2003-06-27,SB1,57.6013,synthetic_demo,synthetic conceptual storage,True
2003-06-28,SB1,57.6013,synthetic_demo,synthetic conceptual storage,True
2003-06-29,SB1,57.4686,synthetic_demo,synthetic conceptual storage,True
2003-06-30,SB1,57.5785,synthetic_demo,synthetic conceptual storage,True
2003-07-01,SB1,57.637,synthetic_demo,synthetic conceptual storage,True
2003-07-02,SB1,57.7528,synthetic_demo,synthetic conceptual storage,True
2003-07-03,SB1,57.9914,synthetic_demo,synthetic conceptual storage,True
2003-07-04,SB1,57.9914,synthetic_demo,synthetic conceptual storage,True
2003-07-05,SB1,57.8983,synthetic_demo,synthetic conceptual storage,True
2003-07-06,SB1,57.5259,synthetic_demo,synthetic conceptual storage,True
2003-07-07,SB1,57.4767,synthetic_demo,synthetic conceptual storage,True
2003-07-08,SB1,57.4767,synthetic_demo,synthetic conceptual storage,True
2003-07-09,SB1,57.4767,synthetic_demo,synthetic conceptual storage,True
2003-07-10,SB1,57.5223,synthetic_demo,synthetic conceptual storage,True
2003-07-11,SB1,57.4258,synthetic_demo,synthetic conceptual storage,True
2003-07-12,SB1,57.5176,synthetic_demo,synthetic conceptual storage,True
2003-07-13,SB1,57.5176,synthetic_demo,synthetic conceptual storage,True
2003-07-14,SB1,57.5176,synthetic_demo,synthetic conceptual storage,True
2003-07-15,SB1,57.5176,synthetic_demo,synthetic conceptual storage,True
2003-07-16,SB1,57.401,synthetic_demo,synthetic conceptual storage,True
2003-07-17,SB1,57.5166,synthetic_demo,synthetic conceptual storage,True
2003-07-18,SB1,57.7101,synthetic_demo,synthetic conceptual storage,True
2003-07-19,SB1,57.8026,synthetic_demo,synthetic conceptual storage,True
2003-07-20,SB1,57.7826,synthetic_demo,synthetic conceptual storage,True
2003-07-21,SB1,57.7826,synthetic_demo,synthetic conceptual storage,True
2003-07-22,SB1,57.6732,synthetic_demo,synthetic conceptual storage,True
2003-07-23,SB1,57.6732,synthetic_demo,synthetic conceptual storage,True
2003-07-24,SB1,57.6732,synthetic_demo,synthetic conceptual storage,True
2003-07-25,SB1,57.5774,synthetic_demo,synthetic conceptual storage,True
2003-07-26,SB1,57.4052,synthetic_demo,synthetic conceptual storage,True
2003-07-27,SB1,57.304,synthetic_demo,synthetic conceptual storage,True
2003-07-28,SB1,57.304,synthetic_demo,synthetic conceptual storage,True
2003-07-29,SB1,57.304,synthetic_demo,synthetic conceptual storage,True
2003-07-30,SB1,57.304,synthetic_demo,synthetic conceptual storage,True
2003-07-31,SB1,57.304,synthetic_demo,synthetic conceptual storage,True
2003-08-01,SB1,57.2081,synthetic_demo,synthetic conceptual storage,True
2003-08-02,SB1,57.2469,synthetic_demo,synthetic conceptual storage,True
2003-08-03,SB1,57.2469,synthetic_demo,synthetic conceptual storage,True
2003-08-04,SB1,57.3339,synthetic_demo,synthetic conceptual storage,True
2003-08-05,SB1,57.3128,synthetic_demo,synthetic conceptual storage,True
2003-08-06,SB1,57.3739,synthetic_demo,synthetic conceptual storage,True
2003-08-07,SB1,57.8804,synthetic_demo,synthetic conceptual storage,True
2003-08-08,SB1,57.7209,synthetic_demo,synthetic conceptual storage,True
2003-08-09,SB1,57.7209,synthetic_demo,synthetic conceptual storage,True
2003-08-10,SB1,57.8222,synthetic_demo,synthetic conceptual storage,True
2003-08-11,SB1,57.8222,synthetic_demo,synthetic conceptual storage,True
2003-08-12,SB1,57.8222,synthetic_demo,synthetic conceptual storage,True
2003-08-13,SB1,57.9487,synthetic_demo,synthetic conceptual storage,True
2003-08-14,SB1,57.9487,synthetic_demo,synthetic conceptual storage,True
2003-08-15,SB1,57.8941,synthetic_demo,synthetic conceptual storage,True
2003-08-16,SB1,57.7647,synthetic_demo,synthetic conceptual storage,True
2003-08-17,SB1,57.8339,synthetic_demo,synthetic conceptual storage,True
2003-08-18,SB1,57.6774,synthetic_demo,synthetic conceptual storage,True
2003-08-19,SB1,57.7663,synthetic_demo,synthetic conceptual storage,True
2003-08-20,SB1,58.3609,synthetic_demo,synthetic conceptual storage,True
2003-08-21,SB1,58.3609,synthetic_demo,synthetic conceptual storage,True
2003-08-22,SB1,58.2005,synthetic_demo,synthetic conceptual storage,True
2003-08-23,SB1,58.3113,synthetic_demo,synthetic conceptual storage,True
2003-08-24,SB1,58.3762,synthetic_demo,synthetic conceptual storage,True
2003-08-25,SB1,58.3762,synthetic_demo,synthetic conceptual storage,True
2003-08-26,SB1,58.4782,synthetic_demo,synthetic conceptual storage,True
2003-08-27,SB1,58.4932,synthetic_demo,synthetic conceptual storage,True
2003-08-28,SB1,58.6248,synthetic_demo,synthetic conceptual storage,True
2003-08-29,SB1,58.4742,synthetic_demo,synthetic conceptual storage,True
2003-08-30,SB1,58.4742,synthetic_demo,synthetic conceptual storage,True
2003-08-31,SB1,58.2623,synthetic_demo,synthetic conceptual storage,True
2003-09-01,SB1,58.2623,synthetic_demo,synthetic conceptual storage,True
2003-09-02,SB1,58.2623,synthetic_demo,synthetic conceptual storage,True
2003-09-03,SB1,58.2623,synthetic_demo,synthetic conceptual storage,True
2003-09-04,SB1,58.2623,synthetic_demo,synthetic conceptual storage,True
2003-09-05,SB1,58.4289,synthetic_demo,synthetic conceptual storage,True
2003-09-06,SB1,58.4289,synthetic_demo,synthetic conceptual storage,True
2003-09-07,SB1,58.4289,synthetic_demo,synthetic conceptual storage,True
2003-09-08,SB1,58.4289,synthetic_demo,synthetic conceptual storage,True
2003-09-09,SB1,58.0822,synthetic_demo,synthetic conceptual storage,True
2003-09-10,SB1,58.0822,synthetic_demo,synthetic conceptual storage,True
2003-09-11,SB1,57.872,synthetic_demo,synthetic conceptual storage,True
2003-09-12,SB1,57.872,synthetic_demo,synthetic conceptual storage,True
2003-09-13,SB1,57.7922,synthetic_demo,synthetic conceptual storage,True
2003-09-14,SB1,57.7922,synthetic_demo,synthetic conceptual storage,True
2003-09-15,SB1,57.7922,synthetic_demo,synthetic conceptual storage,True
2003-09-16,SB1,57.9014,synthetic_demo,synthetic conceptual storage,True
2003-09-17,SB1,57.9271,synthetic_demo,synthetic conceptual storage,True
2003-09-18,SB1,57.9271,synthetic_demo,synthetic conceptual storage,True
2003-09-19,SB1,57.9271,synthetic_demo,synthetic conceptual storage,True
2003-09-20,SB1,57.8666,synthetic_demo,synthetic conceptual storage,True
2003-09-21,SB1,57.8666,synthetic_demo,synthetic conceptual storage,True
2003-09-22,SB1,57.7693,synthetic_demo,synthetic conceptual storage,True
2003-09-23,SB1,57.7693,synthetic_demo,synthetic conceptual storage,True
2003-09-24,SB1,57.7693,synthetic_demo,synthetic conceptual storage,True
2003-09-25,SB1,57.962,synthetic_demo,synthetic conceptual storage,True
2003-09-26,SB1,57.962,synthetic_demo,synthetic conceptual storage,True
2003-09-27,SB1,57.962,synthetic_demo,synthetic conceptual storage,True
2003-09-28,SB1,57.962,synthetic_demo,synthetic conceptual storage,True
2003-09-29,SB1,57.9177,synthetic_demo,synthetic conceptual storage,True
2003-09-30,SB1,57.9875,synthetic_demo,synthetic conceptual storage,True
2003-10-01,SB1,57.9875,synthetic_demo,synthetic conceptual storage,True
2003-10-02,SB1,57.9875,synthetic_demo,synthetic conceptual storage,True
2003-10-03,SB1,58.0811,synthetic_demo,synthetic conceptual storage,True
2003-10-04,SB1,58.1734,synthetic_demo,synthetic conceptual storage,True
2003-10-05,SB1,58.1176,synthetic_demo,synthetic conceptual storage,True
2003-10-06,SB1,57.8255,synthetic_demo,synthetic conceptual storage,True
2003-10-07,SB1,57.7741,synthetic_demo,synthetic conceptual storage,True
2003-10-08,SB1,57.4957,synthetic_demo,synthetic conceptual storage,True
2003-10-09,SB1,57.4957,synthetic_demo,synthetic conceptual storage,True
2003-10-10,SB1,57.4957,synthetic_demo,synthetic conceptual storage,True
2003-10-11,SB1,57.4957,synthetic_demo,synthetic conceptual storage,True
2003-10-12,SB1,57.4551,synthetic_demo,synthetic conceptual storage,True
2003-10-13,SB1,57.4354,synthetic_demo,synthetic conceptual storage,True
2003-10-14,SB1,57.4354,synthetic_demo,synthetic conceptual storage,True
2003-10-15,SB1,57.3383,synthetic_demo,synthetic conceptual storage,True
2003-10-16,SB1,57.2297,synthetic_demo,synthetic conceptual storage,True
2003-10-17,SB1,57.2297,synthetic_demo,synthetic conceptual storage,True
2003-10-18,SB1,57.1284,synthetic_demo,synthetic conceptual storage,True
2003-10-19,SB1,57.1284,synthetic_demo,synthetic conceptual storage,True
2003-10-20,SB1,57.0501,synthetic_demo,synthetic conceptual storage,True
2003-10-21,SB1,57.0501,synthetic_demo,synthetic conceptual storage,True
2003-10-22,SB1,56.8723,synthetic_demo,synthetic conceptual storage,True
2003-10-23,SB1,56.8256,synthetic_demo,synthetic conceptual storage,True
2003-10-24,SB1,57.0768,synthetic_demo,synthetic conceptual storage,True
2003-10-25,SB1,57.0768,synthetic_demo,synthetic conceptual storage,True
2003-10-26,SB1,57.2615,synthetic_demo,synthetic conceptual storage,True
2003-10-27,SB1,57.4367,synthetic_demo,synthetic conceptual storage,True
2003-10-28,SB1,57.6916,synthetic_demo,synthetic conceptual storage,True
2003-10-29,SB1,57.9072,synthetic_demo,synthetic conceptual storage,True
2003-10-30,SB1,57.7889,synthetic_demo,synthetic conceptual storage,True
2003-10-31,SB1,58.0243,synthetic_demo,synthetic conceptual storage,True
2003-11-01,SB1,58.149,synthetic_demo,synthetic conceptual storage,True
2003-11-02,SB1,58.081,synthetic_demo,synthetic conceptual storage,True
2003-11-03,SB1,57.9841,synthetic_demo,synthetic conceptual storage,True
2003-11-04,SB1,58.1916,synthetic_demo,synthetic conceptual storage,True
2003-11-05,SB1,58.1916,synthetic_demo,synthetic conceptual storage,True
2003-11-06,SB1,58.4106,synthetic_demo,synthetic conceptual storage,True
2003-11-07,SB1,58.507,synthetic_demo,synthetic conceptual storage,True
2003-11-08,SB1,58.6617,synthetic_demo,synthetic conceptual storage,True
2003-11-09,SB1,58.9534,synthetic_demo,synthetic conceptual storage,True
2003-11-10,SB1,58.9534,synthetic_demo,synthetic conceptual storage,True
2003-11-11,SB1,58.9534,synthetic_demo,synthetic conceptual storage,True
2003-11-12,SB1,58.9786,synthetic_demo,synthetic conceptual storage,True
2003-11-13,SB1,58.5687,synthetic_demo,synthetic conceptual storage,True
2003-11-14,SB1,58.7451,synthetic_demo,synthetic conceptual storage,True
2003-11-15,SB1,58.7451,synthetic_demo,synthetic conceptual storage,True
2003-11-16,SB1,58.7835,synthetic_demo,synthetic conceptual storage,True
2003-11-17,SB1,58.7835,synthetic_demo,synthetic conceptual storage,True
2003-11-18,SB1,58.7835,synthetic_demo,synthetic conceptual storage,True
2003-11-19,SB1,58.6757,synthetic_demo,synthetic conceptual storage,True
2003-11-20,SB1,58.9044,synthetic_demo,synthetic conceptual storage,True
2003-11-21,SB1,58.9044,synthetic_demo,synthetic conceptual storage,True
2003-11-22,SB1,58.9044,synthetic_demo,synthetic conceptual storage,True
2003-11-23,SB1,58.9044,synthetic_demo,synthetic conceptual storage,True
2003-11-24,SB1,58.9044,synthetic_demo,synthetic conceptual storage,True
2003-11-25,SB1,58.8531,synthetic_demo,synthetic conceptual storage,True
2003-11-26,SB1,58.8531,synthetic_demo,synthetic conceptual storage,True
2003-11-27,SB1,58.9307,synthetic_demo,synthetic conceptual storage,True
2003-11-28,SB1,58.9802,synthetic_demo,synthetic conceptual storage,True
2003-11-29,SB1,58.9802,synthetic_demo,synthetic conceptual storage,True
2003-11-30,SB1,58.9802,synthetic_demo,synthetic conceptual storage,True
2003-12-01,SB1,58.9802,synthetic_demo,synthetic conceptual storage,True
2003-12-02,SB1,58.9802,synthetic_demo,synthetic conceptual storage,True
2003-12-03,SB1,58.7318,synthetic_demo,synthetic conceptual storage,True
2003-12-04,SB1,58.7318,synthetic_demo,synthetic conceptual storage,True
2003-12-05,SB1,58.7318,synthetic_demo,synthetic conceptual storage,True
2003-12-06,SB1,58.7442,synthetic_demo,synthetic conceptual storage,True
2003-12-07,SB1,58.7442,synthetic_demo,synthetic conceptual storage,True
2003-12-08,SB1,58.7442,synthetic_demo,synthetic conceptual storage,True
2003-12-09,SB1,58.9056,synthetic_demo,synthetic conceptual storage,True
2003-12-10,SB1,58.9056,synthetic_demo,synthetic conceptual storage,True
2003-12-11,SB1,58.9056,synthetic_demo,synthetic conceptual storage,True
2003-12-12,SB1,58.9056,synthetic_demo,synthetic conceptual storage,True
2003-12-13,SB1,58.9056,synthetic_demo,synthetic conceptual storage,True
2003-12-14,SB1,58.9056,synthetic_demo,synthetic conceptual storage,True
2003-12-15,SB1,58.9056,synthetic_demo,synthetic conceptual storage,True
2003-12-16,SB1,58.9056,synthetic_demo,synthetic conceptual storage,True
2003-12-17,SB1,58.9056,synthetic_demo,synthetic conceptual storage,True
2003-12-18,SB1,58.9056,synthetic_demo,synthetic conceptual storage,True
2003-12-19,SB1,58.8894,synthetic_demo,synthetic conceptual storage,True
2003-12-20,SB1,58.8894,synthetic_demo,synthetic conceptual storage,True
2003-12-21,SB1,59.0121,synthetic_demo,synthetic conceptual storage,True
2003-12-22,SB1,59.0121,synthetic_demo,synthetic conceptual storage,True
2003-12-23,SB1,59.0121,synthetic_demo,synthetic conceptual storage,True
2003-12-24,SB1,59.0121,synthetic_demo,synthetic conceptual storage,True
2003-12-25,SB1,59.0121,synthetic_demo,synthetic conceptual storage,True
2003-12-26,SB1,59.0121,synthetic_demo,synthetic conceptual storage,True
2003-12-27,SB1,58.7415,synthetic_demo,synthetic conceptual storage,True
2003-12-28,SB1,58.4519,synthetic_demo,synthetic conceptual storage,True
2003-12-29,SB1,58.4519,synthetic_demo,synthetic conceptual storage,True
2003-12-30,SB1,58.3573,synthetic_demo,synthetic conceptual storage,True
2003-12-31,SB1,58.3573,synthetic_demo,synthetic conceptual storage,True
2004-01-01,SB1,58.3573,synthetic_demo,synthetic conceptual storage,True
2004-01-02,SB1,58.3573,synthetic_demo,synthetic conceptual storage,True
2004-01-03,SB1,58.3573,synthetic_demo,synthetic conceptual storage,True
2004-01-04,SB1,58.3573,synthetic_demo,synthetic conceptual storage,True
2004-01-05,SB1,58.3573,synthetic_demo,synthetic conceptual storage,True
2004-01-06,SB1,58.3573,synthetic_demo,synthetic conceptual storage,True
2004-01-07,SB1,58.7283,synthetic_demo,synthetic conceptual storage,True
2004-01-08,SB1,58.8694,synthetic_demo,synthetic conceptual storage,True
2004-01-09,SB1,58.8694,synthetic_demo,synthetic conceptual storage,True
2004-01-10,SB1,58.8694,synthetic_demo,synthetic conceptual storage,True
2004-01-11,SB1,58.8694,synthetic_demo,synthetic conceptual storage,True
2004-01-12,SB1,58.8694,synthetic_demo,synthetic conceptual storage,True
2004-01-13,SB1,58.8694,synthetic_demo,synthetic conceptual storage,True
2004-01-14,SB1,58.5735,synthetic_demo,synthetic conceptual storage,True
2004-01-15,SB1,58.736,synthetic_demo,synthetic conceptual storage,True
2004-01-16,SB1,58.736,synthetic_demo,synthetic conceptual storage,True
2004-01-17,SB1,58.736,synthetic_demo,synthetic conceptual storage,True
2004-01-18,SB1,58.736,synthetic_demo,synthetic conceptual storage,True
2004-01-19,SB1,58.736,synthetic_demo,synthetic conceptual storage,True
2004-01-20,SB1,58.736,synthetic_demo,synthetic conceptual storage,True
2004-01-21,SB1,58.736,synthetic_demo,synthetic conceptual storage,True
2004-01-22,SB1,58.736,synthetic_demo,synthetic conceptual storage,True
2004-01-23,SB1,58.736,synthetic_demo,synthetic conceptual storage,True
2004-01-24,SB1,58.6446,synthetic_demo,synthetic conceptual storage,True
2004-01-25,SB1,58.6446,synthetic_demo,synthetic conceptual storage,True
2004-01-26,SB1,58.7155,synthetic_demo,synthetic conceptual storage,True
2004-01-27,SB1,58.7155,synthetic_demo,synthetic conceptual storage,True
2004-01-28,SB1,58.7155,synthetic_demo,synthetic conceptual storage,True
2004-01-29,SB1,58.7155,synthetic_demo,synthetic conceptual storage,True
2004-01-30,SB1,58.7155,synthetic_demo,synthetic conceptual storage,True
2004-01-31,SB1,58.7155,synthetic_demo,synthetic conceptual storage,True
2004-02-01,SB1,58.7155,synthetic_demo,synthetic conceptual storage,True
2004-02-02,SB1,58.7155,synthetic_demo,synthetic conceptual storage,True
2004-02-03,SB1,58.7155,synthetic_demo,synthetic conceptual storage,True
2004-02-04,SB1,58.7495,synthetic_demo,synthetic conceptual storage,True
2004-02-05,SB1,58.7495,synthetic_demo,synthetic conceptual storage,True
2004-02-06,SB1,58.7495,synthetic_demo,synthetic conceptual storage,True
2004-02-07,SB1,58.7495,synthetic_demo,synthetic conceptual storage,True
2004-02-08,SB1,58.7495,synthetic_demo,synthetic conceptual storage,True
2004-02-09,SB1,58.7495,synthetic_demo,synthetic conceptual storage,True
2004-02-10,SB1,58.7495,synthetic_demo,synthetic conceptual storage,True
2004-02-11,SB1,58.7495,synthetic_demo,synthetic conceptual storage,True
2004-02-12,SB1,58.7495,synthetic_demo,synthetic conceptual storage,True
2004-02-13,SB1,58.7495,synthetic_demo,synthetic conceptual storage,True
2004-02-14,SB1,58.7495,synthetic_demo,synthetic conceptual storage,True
2004-02-15,SB1,58.7495,synthetic_demo,synthetic conceptual storage,True
2004-02-16,SB1,58.7495,synthetic_demo,synthetic conceptual storage,True
2004-02-17,SB1,58.7495,synthetic_demo,synthetic conceptual storage,True
2004-02-18,SB1,58.7495,synthetic_demo,synthetic conceptual storage,True
2004-02-19,SB1,58.7495,synthetic_demo,synthetic conceptual storage,True
2004-02-20,SB1,58.7495,synthetic_demo,synthetic conceptual storage,True
2004-02-21,SB1,58.7495,synthetic_demo,synthetic conceptual storage,True
2004-02-22,SB1,58.7495,synthetic_demo,synthetic conceptual storage,True
2004-02-23,SB1,58.7495,synthetic_demo,synthetic conceptual storage,True
2004-02-24,SB1,58.7495,synthetic_demo,synthetic conceptual storage,True
2004-02-25,SB1,58.7966,synthetic_demo,synthetic conceptual storage,True
2004-02-26,SB1,58.7966,synthetic_demo,synthetic conceptual storage,True
2004-02-27,SB1,58.889,synthetic_demo,synthetic conceptual storage,True
2004-02-28,SB1,58.889,synthetic_demo,synthetic conceptual storage,True
2004-02-29,SB1,58.889,synthetic_demo,synthetic conceptual storage,True
2004-03-01,SB1,58.889,synthetic_demo,synthetic conceptual storage,True
2004-03-02,SB1,58.7991,synthetic_demo,synthetic conceptual storage,True
2004-03-03,SB1,58.7991,synthetic_demo,synthetic conceptual storage,True
2004-03-04,SB1,58.7991,synthetic_demo,synthetic conceptual storage,True
2004-03-05,SB1,58.7991,synthetic_demo,synthetic conceptual storage,True
2004-03-06,SB1,58.8212,synthetic_demo,synthetic conceptual storage,True
2004-03-07,SB1,58.8212,synthetic_demo,synthetic conceptual storage,True
2004-03-08,SB1,58.8212,synthetic_demo,synthetic conceptual storage,True
2004-03-09,SB1,58.8212,synthetic_demo,synthetic conceptual storage,True
2004-03-10,SB1,58.8212,synthetic_demo,synthetic conceptual storage,True
2004-03-11,SB1,58.8212,synthetic_demo,synthetic conceptual storage,True
2004-03-12,SB1,58.8212,synthetic_demo,synthetic conceptual storage,True
2004-03-13,SB1,58.8212,synthetic_demo,synthetic conceptual storage,True
2004-03-14,SB1,58.8212,synthetic_demo,synthetic conceptual storage,True
2004-03-15,SB1,58.8212,synthetic_demo,synthetic conceptual storage,True
2004-03-16,SB1,58.8212,synthetic_demo,synthetic conceptual storage,True
2004-03-17,SB1,58.8212,synthetic_demo,synthetic conceptual storage,True
2004-03-18,SB1,58.8212,synthetic_demo,synthetic conceptual storage,True
2004-03-19,SB1,58.8549,synthetic_demo,synthetic conceptual storage,True
2004-03-20,SB1,58.8549,synthetic_demo,synthetic conceptual storage,True
2004-03-21,SB1,58.8549,synthetic_demo,synthetic conceptual storage,True
2004-03-22,SB1,58.8549,synthetic_demo,synthetic conceptual storage,True
2004-03-23,SB1,58.8549,synthetic_demo,synthetic conceptual storage,True
2004-03-24,SB1,58.8549,synthetic_demo,synthetic conceptual storage,True
2004-03-25,SB1,58.8549,synthetic_demo,synthetic conceptual storage,True
2004-03-26,SB1,58.8549,synthetic_demo,synthetic conceptual storage,True
2004-03-27,SB1,58.8549,synthetic_demo,synthetic conceptual storage,True
2004-03-28,SB1,58.8549,synthetic_demo,synthetic conceptual storage,True
2004-03-29,SB1,58.8549,synthetic_demo,synthetic conceptual storage,True
2004-03-30,SB1,58.9914,synthetic_demo,synthetic conceptual storage,True
2004-03-31,SB1,58.9914,synthetic_demo,synthetic conceptual storage,True
2004-04-01,SB1,58.9914,synthetic_demo,synthetic conceptual storage,True
2004-04-02,SB1,58.9914,synthetic_demo,synthetic conceptual storage,True
2004-04-03,SB1,58.9914,synthetic_demo,synthetic conceptual storage,True
2004-04-04,SB1,58.9914,synthetic_demo,synthetic conceptual storage,True
2004-04-05,SB1,58.9914,synthetic_demo,synthetic conceptual storage,True
2004-04-06,SB1,58.8207,synthetic_demo,synthetic conceptual storage,True
2004-04-07,SB1,58.8207,synthetic_demo,synthetic conceptual storage,True
2004-04-08,SB1,58.8207,synthetic_demo,synthetic conceptual storage,True
2004-04-09,SB1,58.8207,synthetic_demo,synthetic conceptual storage,True
2004-04-10,SB1,58.8207,synthetic_demo,synthetic conceptual storage,True
2004-04-11,SB1,58.8207,synthetic_demo,synthetic conceptual storage,True
2004-04-12,SB1,58.5677,synthetic_demo,synthetic conceptual storage,True
2004-04-13,SB1,58.5406,synthetic_demo,synthetic conceptual storage,True
2004-04-14,SB1,58.5406,synthetic_demo,synthetic conceptual storage,True
2004-04-15,SB1,58.9242,synthetic_demo,synthetic conceptual storage,True
2004-04-16,SB1,58.9242,synthetic_demo,synthetic conceptual storage,True
2004-04-17,SB1,58.9242,synthetic_demo,synthetic conceptual storage,True
2004-04-18,SB1,58.9242,synthetic_demo,synthetic conceptual storage,True
2004-04-19,SB1,58.7835,synthetic_demo,synthetic conceptual storage,True
2004-04-20,SB1,58.7835,synthetic_demo,synthetic conceptual storage,True
2004-04-21,SB1,58.7835,synthetic_demo,synthetic conceptual storage,True
2004-04-22,SB1,59.303,synthetic_demo,synthetic conceptual storage,True
2004-04-23,SB1,59.303,synthetic_demo,synthetic conceptual storage,True
2004-04-24,SB1,59.2579,synthetic_demo,synthetic conceptual storage,True
2004-04-25,SB1,59.2579,synthetic_demo,synthetic conceptual storage,True
2004-04-26,SB1,59.4291,synthetic_demo,synthetic conceptual storage,True
2004-04-27,SB1,59.4291,synthetic_demo,synthetic conceptual storage,True
2004-04-28,SB1,59.4291,synthetic_demo,synthetic conceptual storage,True
2004-04-29,SB1,59.4291,synthetic_demo,synthetic conceptual storage,True
2004-04-30,SB1,59.4291,synthetic_demo,synthetic conceptual storage,True
2004-05-01,SB1,59.4291,synthetic_demo,synthetic conceptual storage,True
2004-05-02,SB1,59.4291,synthetic_demo,synthetic conceptual storage,True
2004-05-03,SB1,59.4291,synthetic_demo,synthetic conceptual storage,True
2004-05-04,SB1,59.5822,synthetic_demo,synthetic conceptual storage,True
2004-05-05,SB1,59.5822,synthetic_demo,synthetic conceptual storage,True
2004-05-06,SB1,59.5822,synthetic_demo,synthetic conceptual storage,True
2004-05-07,SB1,59.5822,synthetic_demo,synthetic conceptual storage,True
2004-05-08,SB1,59.5822,synthetic_demo,synthetic conceptual storage,True
2004-05-09,SB1,59.491,synthetic_demo,synthetic conceptual storage,True
2004-05-10,SB1,59.491,synthetic_demo,synthetic conceptual storage,True
2004-05-11,SB1,59.491,synthetic_demo,synthetic conceptual storage,True
2004-05-12,SB1,59.491,synthetic_demo,synthetic conceptual storage,True
2004-05-13,SB1,59.491,synthetic_demo,synthetic conceptual storage,True
2004-05-14,SB1,59.491,synthetic_demo,synthetic conceptual storage,True
2004-05-15,SB1,59.491,synthetic_demo,synthetic conceptual storage,True
2004-05-16,SB1,59.491,synthetic_demo,synthetic conceptual storage,True
2004-05-17,SB1,59.491,synthetic_demo,synthetic conceptual storage,True
2004-05-18,SB1,60.1148,synthetic_demo,synthetic conceptual storage,True
2004-05-19,SB1,60.1148,synthetic_demo,synthetic conceptual storage,True
2004-05-20,SB1,60.1148,synthetic_demo,synthetic conceptual storage,True
2004-05-21,SB1,60.1148,synthetic_demo,synthetic conceptual storage,True
2004-05-22,SB1,60.1148,synthetic_demo,synthetic conceptual storage,True
2004-05-23,SB1,60.1148,synthetic_demo,synthetic conceptual storage,True
2004-05-24,SB1,60.0508,synthetic_demo,synthetic conceptual storage,True
2004-05-25,SB1,60.0508,synthetic_demo,synthetic conceptual storage,True
2004-05-26,SB1,60.0508,synthetic_demo,synthetic conceptual storage,True
2004-05-27,SB1,60.0508,synthetic_demo,synthetic conceptual storage,True
2004-05-28,SB1,59.9408,synthetic_demo,synthetic conceptual storage,True
2004-05-29,SB1,59.9408,synthetic_demo,synthetic conceptual storage,True
2004-05-30,SB1,59.9408,synthetic_demo,synthetic conceptual storage,True
2004-05-31,SB1,60.3202,synthetic_demo,synthetic conceptual storage,True
2004-06-01,SB1,60.3202,synthetic_demo,synthetic conceptual storage,True
2004-06-02,SB1,60.3736,synthetic_demo,synthetic conceptual storage,True
2004-06-03,SB1,60.5394,synthetic_demo,synthetic conceptual storage,True
2004-06-04,SB1,60.5394,synthetic_demo,synthetic conceptual storage,True
2004-06-05,SB1,60.5394,synthetic_demo,synthetic conceptual storage,True
2004-06-06,SB1,60.5394,synthetic_demo,synthetic conceptual storage,True
2004-06-07,SB1,60.7553,synthetic_demo,synthetic conceptual storage,True
2004-06-08,SB1,60.7553,synthetic_demo,synthetic conceptual storage,True
2004-06-09,SB1,61.124,synthetic_demo,synthetic conceptual storage,True
2004-06-10,SB1,61.124,synthetic_demo,synthetic conceptual storage,True
2004-06-11,SB1,61.124,synthetic_demo,synthetic conceptual storage,True
2004-06-12,SB1,61.124,synthetic_demo,synthetic conceptual storage,True
2004-06-13,SB1,61.124,synthetic_demo,synthetic conceptual storage,True
2004-06-14,SB1,61.124,synthetic_demo,synthetic conceptual storage,True
2004-06-15,SB1,61.124,synthetic_demo,synthetic conceptual storage,True
2004-06-16,SB1,61.124,synthetic_demo,synthetic conceptual storage,True
2004-06-17,SB1,61.124,synthetic_demo,synthetic conceptual storage,True
2004-06-18,SB1,61.124,synthetic_demo,synthetic conceptual storage,True
2004-06-19,SB1,61.124,synthetic_demo,synthetic conceptual storage,True
2004-06-20,SB1,61.1619,synthetic_demo,synthetic conceptual storage,True
2004-06-21,SB1,61.1619,synthetic_demo,synthetic conceptual storage,True
2004-06-22,SB1,61.2923,synthetic_demo,synthetic conceptual storage,True
2004-06-23,SB1,61.2923,synthetic_demo,synthetic conceptual storage,True
2004-06-24,SB1,61.105,synthetic_demo,synthetic conceptual storage,True
2004-06-25,SB1,61.1766,synthetic_demo,synthetic conceptual storage,True
2004-06-26,SB1,61.1766,synthetic_demo,synthetic conceptual storage,True
2004-06-27,SB1,61.1766,synthetic_demo,synthetic conceptual storage,True
2004-06-28,SB1,61.1766,synthetic_demo,synthetic conceptual storage,True
2004-06-29,SB1,61.2291,synthetic_demo,synthetic conceptual storage,True
2004-06-30,SB1,61.5435,synthetic_demo,synthetic conceptual storage,True
2004-07-01,SB1,61.4277,synthetic_demo,synthetic conceptual storage,True
2004-07-02,SB1,61.1891,synthetic_demo,synthetic conceptual storage,True
2004-07-03,SB1,61.1891,synthetic_demo,synthetic conceptual storage,True
2004-07-04,SB1,61.1891,synthetic_demo,synthetic conceptual storage,True
2004-07-05,SB1,61.1891,synthetic_demo,synthetic conceptual storage,True
2004-07-06,SB1,61.1316,synthetic_demo,synthetic conceptual storage,True
2004-07-07,SB1,61.3989,synthetic_demo,synthetic conceptual storage,True
2004-07-08,SB1,61.3989,synthetic_demo,synthetic conceptual storage,True
2004-07-09,SB1,61.4486,synthetic_demo,synthetic conceptual storage,True
2004-07-10,SB1,61.4486,synthetic_demo,synthetic conceptual storage,True
2004-07-11,SB1,61.3568,synthetic_demo,synthetic conceptual storage,True
2004-07-12,SB1,61.9732,synthetic_demo,synthetic conceptual storage,True
2004-07-13,SB1,61.9732,synthetic_demo,synthetic conceptual storage,True
2004-07-14,SB1,62.011,synthetic_demo,synthetic conceptual storage,True
2004-07-15,SB1,62.011,synthetic_demo,synthetic conceptual storage,True
2004-07-16,SB1,62.3989,synthetic_demo,synthetic conceptual storage,True
2004-07-17,SB1,62.2053,synthetic_demo,synthetic conceptual storage,True
2004-07-18,SB1,62.1129,synthetic_demo,synthetic conceptual storage,True
2004-07-19,SB1,62.4246,synthetic_demo,synthetic conceptual storage,True
2004-07-20,SB1,62.4246,synthetic_demo,synthetic conceptual storage,True
2004-07-21,SB1,62.4246,synthetic_demo,synthetic conceptual storage,True
2004-07-22,SB1,62.4246,synthetic_demo,synthetic conceptual storage,True
2004-07-23,SB1,62.4246,synthetic_demo,synthetic conceptual storage,True
2004-07-24,SB1,62.4954,synthetic_demo,synthetic conceptual storage,True
2004-07-25,SB1,62.4954,synthetic_demo,synthetic conceptual storage,True
2004-07-26,SB1,62.4954,synthetic_demo,synthetic conceptual storage,True
2004-07-27,SB1,62.7934,synthetic_demo,synthetic conceptual storage,True
2004-07-28,SB1,62.7934,synthetic_demo,synthetic conceptual storage,True
2004-07-29,SB1,62.7934,synthetic_demo,synthetic conceptual storage,True
2004-07-30,SB1,62.7934,synthetic_demo,synthetic conceptual storage,True
2004-07-31,SB1,63.0683,synthetic_demo,synthetic conceptual storage,True
2004-08-01,SB1,63.2828,synthetic_demo,synthetic conceptual storage,True
2004-08-02,SB1,63.2828,synthetic_demo,synthetic conceptual storage,True
2004-08-03,SB1,63.1958,synthetic_demo,synthetic conceptual storage,True
2004-08-04,SB1,63.6936,synthetic_demo,synthetic conceptual storage,True
2004-08-05,SB1,63.6326,synthetic_demo,synthetic conceptual storage,True
2004-08-06,SB1,63.1261,synthetic_demo,synthetic conceptual storage,True
2004-08-07,SB1,63.1261,synthetic_demo,synthetic conceptual storage,True
2004-08-08,SB1,63.1261,synthetic_demo,synthetic conceptual storage,True
2004-08-09,SB1,63.2445,synthetic_demo,synthetic conceptual storage,True
2004-08-10,SB1,63.2445,synthetic_demo,synthetic conceptual storage,True
2004-08-11,SB1,63.2445,synthetic_demo,synthetic conceptual storage,True
2004-08-12,SB1,63.118,synthetic_demo,synthetic conceptual storage,True
2004-08-13,SB1,63.118,synthetic_demo,synthetic conceptual storage,True
2004-08-14,SB1,63.199,synthetic_demo,synthetic conceptual storage,True
2004-08-15,SB1,63.199,synthetic_demo,synthetic conceptual storage,True
2004-08-16,SB1,63.1298,synthetic_demo,synthetic conceptual storage,True
2004-08-17,SB1,63.1298,synthetic_demo,synthetic conceptual storage,True
2004-08-18,SB1,63.0409,synthetic_demo,synthetic conceptual storage,True
2004-08-19,SB1,62.5732,synthetic_demo,synthetic conceptual storage,True
2004-08-20,SB1,62.5732,synthetic_demo,synthetic conceptual storage,True
2004-08-21,SB1,62.5699,synthetic_demo,synthetic conceptual storage,True
2004-08-22,SB1,62.4591,synthetic_demo,synthetic conceptual storage,True
2004-08-23,SB1,62.3942,synthetic_demo,synthetic conceptual storage,True
2004-08-24,SB1,62.3942,synthetic_demo,synthetic conceptual storage,True
2004-08-25,SB1,62.4224,synthetic_demo,synthetic conceptual storage,True
2004-08-26,SB1,62.6223,synthetic_demo,synthetic conceptual storage,True
2004-08-27,SB1,62.4907,synthetic_demo,synthetic conceptual storage,True
2004-08-28,SB1,62.4907,synthetic_demo,synthetic conceptual storage,True
2004-08-29,SB1,62.9445,synthetic_demo,synthetic conceptual storage,True
2004-08-30,SB1,63.1841,synthetic_demo,synthetic conceptual storage,True
2004-08-31,SB1,63.1841,synthetic_demo,synthetic conceptual storage,True
2004-09-01,SB1,63.1841,synthetic_demo,synthetic conceptual storage,True
2004-09-02,SB1,63.1841,synthetic_demo,synthetic conceptual storage,True
2004-09-03,SB1,63.2539,synthetic_demo,synthetic conceptual storage,True
2004-09-04,SB1,62.9096,synthetic_demo,synthetic conceptual storage,True
2004-09-05,SB1,63.2588,synthetic_demo,synthetic conceptual storage,True
2004-09-06,SB1,63.2588,synthetic_demo,synthetic conceptual storage,True
2004-09-07,SB1,63.2588,synthetic_demo,synthetic conceptual storage,True
2004-09-08,SB1,63.2588,synthetic_demo,synthetic conceptual storage,True
2004-09-09,SB1,63.4173,synthetic_demo,synthetic conceptual storage,True
2004-09-10,SB1,63.4173,synthetic_demo,synthetic conceptual storage,True
2004-09-11,SB1,63.4173,synthetic_demo,synthetic conceptual storage,True
2004-09-12,SB1,63.4173,synthetic_demo,synthetic conceptual storage,True
2004-09-13,SB1,63.4173,synthetic_demo,synthetic conceptual storage,True
2004-09-14,SB1,63.4173,synthetic_demo,synthetic conceptual storage,True
2004-09-15,SB1,63.582,synthetic_demo,synthetic conceptual storage,True
2004-09-16,SB1,63.5563,synthetic_demo,synthetic conceptual storage,True
2004-09-17,SB1,63.5563,synthetic_demo,synthetic conceptual storage,True
2004-09-18,SB1,63.5563,synthetic_demo,synthetic conceptual storage,True
2004-09-19,SB1,63.6999,synthetic_demo,synthetic conceptual storage,True
2004-09-20,SB1,63.8459,synthetic_demo,synthetic conceptual storage,True
2004-09-21,SB1,63.8459,synthetic_demo,synthetic conceptual storage,True
2004-09-22,SB1,63.8459,synthetic_demo,synthetic conceptual storage,True
2004-09-23,SB1,63.8459,synthetic_demo,synthetic conceptual storage,True
2004-09-24,SB1,63.6532,synthetic_demo,synthetic conceptual storage,True
2004-09-25,SB1,63.6532,synthetic_demo,synthetic conceptual storage,True
2004-09-26,SB1,63.6532,synthetic_demo,synthetic conceptual storage,True
2004-09-27,SB1,63.6532,synthetic_demo,synthetic conceptual storage,True
2004-09-28,SB1,63.8594,synthetic_demo,synthetic conceptual storage,True
2004-09-29,SB1,63.8652,synthetic_demo,synthetic conceptual storage,True
2004-09-30,SB1,64.0077,synthetic_demo,synthetic conceptual storage,True
2004-10-01,SB1,64.3144,synthetic_demo,synthetic conceptual storage,True
2004-10-02,SB1,64.2209,synthetic_demo,synthetic conceptual storage,True
2004-10-03,SB1,64.0434,synthetic_demo,synthetic conceptual storage,True
2004-10-04,SB1,64.1225,synthetic_demo,synthetic conceptual storage,True
2004-10-05,SB1,64.1225,synthetic_demo,synthetic conceptual storage,True
2004-10-06,SB1,64.0955,synthetic_demo,synthetic conceptual storage,True
2004-10-07,SB1,64.0955,synthetic_demo,synthetic conceptual storage,True
2004-10-08,SB1,64.3412,synthetic_demo,synthetic conceptual storage,True
2004-10-09,SB1,64.3786,synthetic_demo,synthetic conceptual storage,True
2004-10-10,SB1,64.3786,synthetic_demo,synthetic conceptual storage,True
2004-10-11,SB1,64.3073,synthetic_demo,synthetic conceptual storage,True
2004-10-12,SB1,64.3073,synthetic_demo,synthetic conceptual storage,True
2004-10-13,SB1,64.3073,synthetic_demo,synthetic conceptual storage,True
2004-10-14,SB1,64.6379,synthetic_demo,synthetic conceptual storage,True
2004-10-15,SB1,64.6379,synthetic_demo,synthetic conceptual storage,True
2004-10-16,SB1,64.6379,synthetic_demo,synthetic conceptual storage,True
2004-10-17,SB1,64.7937,synthetic_demo,synthetic conceptual storage,True
2004-10-18,SB1,64.8858,synthetic_demo,synthetic conceptual storage,True
2004-10-19,SB1,65.0528,synthetic_demo,synthetic conceptual storage,True
2004-10-20,SB1,65.0528,synthetic_demo,synthetic conceptual storage,True
2004-10-21,SB1,65.378,synthetic_demo,synthetic conceptual storage,True
2004-10-22,SB1,65.378,synthetic_demo,synthetic conceptual storage,True
2004-10-23,SB1,65.1268,synthetic_demo,synthetic conceptual storage,True
2004-10-24,SB1,65.1268,synthetic_demo,synthetic conceptual storage,True
2004-10-25,SB1,64.9421,synthetic_demo,synthetic conceptual storage,True
2004-10-26,SB1,64.9423,synthetic_demo,synthetic conceptual storage,True
2004-10-27,SB1,64.6873,synthetic_demo,synthetic conceptual storage,True
2004-10-28,SB1,64.8327,synthetic_demo,synthetic conceptual storage,True
2004-10-29,SB1,64.8327,synthetic_demo,synthetic conceptual storage,True
2004-10-30,SB1,64.5973,synthetic_demo,synthetic conceptual storage,True
2004-10-31,SB1,64.4726,synthetic_demo,synthetic conceptual storage,True
2004-11-01,SB1,64.4726,synthetic_demo,synthetic conceptual storage,True
2004-11-02,SB1,64.3306,synthetic_demo,synthetic conceptual storage,True
2004-11-03,SB1,64.1231,synthetic_demo,synthetic conceptual storage,True
2004-11-04,SB1,64.1231,synthetic_demo,synthetic conceptual storage,True
2004-11-05,SB1,63.9042,synthetic_demo,synthetic conceptual storage,True
2004-11-06,SB1,63.8077,synthetic_demo,synthetic conceptual storage,True
2004-11-07,SB1,63.5527,synthetic_demo,synthetic conceptual storage,True
2004-11-08,SB1,63.6985,synthetic_demo,synthetic conceptual storage,True
2004-11-09,SB1,63.6985,synthetic_demo,synthetic conceptual storage,True
2004-11-10,SB1,63.6985,synthetic_demo,synthetic conceptual storage,True
2004-11-11,SB1,63.8657,synthetic_demo,synthetic conceptual storage,True
2004-11-12,SB1,63.8657,synthetic_demo,synthetic conceptual storage,True
2004-11-13,SB1,64.1452,synthetic_demo,synthetic conceptual storage,True
2004-11-14,SB1,64.5142,synthetic_demo,synthetic conceptual storage,True
2004-11-15,SB1,64.4758,synthetic_demo,synthetic conceptual storage,True
2004-11-16,SB1,64.4758,synthetic_demo,synthetic conceptual storage,True
2004-11-17,SB1,64.4758,synthetic_demo,synthetic conceptual storage,True
2004-11-18,SB1,64.3686,synthetic_demo,synthetic conceptual storage,True
2004-11-19,SB1,64.1001,synthetic_demo,synthetic conceptual storage,True
2004-11-20,SB1,64.1001,synthetic_demo,synthetic conceptual storage,True
2004-11-21,SB1,64.1001,synthetic_demo,synthetic conceptual storage,True
2004-11-22,SB1,64.1001,synthetic_demo,synthetic conceptual storage,True
2004-11-23,SB1,64.1001,synthetic_demo,synthetic conceptual storage,True
2004-11-24,SB1,64.1001,synthetic_demo,synthetic conceptual storage,True
2004-11-25,SB1,64.1001,synthetic_demo,synthetic conceptual storage,True
2004-11-26,SB1,64.0225,synthetic_demo,synthetic conceptual storage,True
2004-11-27,SB1,63.973,synthetic_demo,synthetic conceptual storage,True
2004-11-28,SB1,63.973,synthetic_demo,synthetic conceptual storage,True
2004-11-29,SB1,63.973,synthetic_demo,synthetic conceptual storage,True
2004-11-30,SB1,63.973,synthetic_demo,synthetic conceptual storage,True
2004-12-01,SB1,63.973,synthetic_demo,synthetic conceptual storage,True
2004-12-02,SB1,63.973,synthetic_demo,synthetic conceptual storage,True
2004-12-03,SB1,63.973,synthetic_demo,synthetic conceptual storage,True
2004-12-04,SB1,64.2271,synthetic_demo,synthetic conceptual storage,True
2004-12-05,SB1,64.2148,synthetic_demo,synthetic conceptual storage,True
2004-12-06,SB1,64.2148,synthetic_demo,synthetic conceptual storage,True
2004-12-07,SB1,64.2148,synthetic_demo,synthetic conceptual storage,True
2004-12-08,SB1,64.38,synthetic_demo,synthetic conceptual storage,True
2004-12-09,SB1,64.38,synthetic_demo,synthetic conceptual storage,True
2004-12-10,SB1,64.38,synthetic_demo,synthetic conceptual storage,True
2004-12-11,SB1,64.4203,synthetic_demo,synthetic conceptual storage,True
2004-12-12,SB1,64.6222,synthetic_demo,synthetic conceptual storage,True
2004-12-13,SB1,64.6222,synthetic_demo,synthetic conceptual storage,True
2004-12-14,SB1,64.6222,synthetic_demo,synthetic conceptual storage,True
2004-12-15,SB1,64.6222,synthetic_demo,synthetic conceptual storage,True
2004-12-16,SB1,64.6222,synthetic_demo,synthetic conceptual storage,True
2004-12-17,SB1,64.6222,synthetic_demo,synthetic conceptual storage,True
2004-12-18,SB1,64.6222,synthetic_demo,synthetic conceptual storage,True
2004-12-19,SB1,64.6222,synthetic_demo,synthetic conceptual storage,True
2004-12-20,SB1,64.4994,synthetic_demo,synthetic conceptual storage,True
2004-12-21,SB1,64.4994,synthetic_demo,synthetic conceptual storage,True
2004-12-22,SB1,64.4994,synthetic_demo,synthetic conceptual storage,True
2004-12-23,SB1,64.4994,synthetic_demo,synthetic conceptual storage,True
2004-12-24,SB1,64.4994,synthetic_demo,synthetic conceptual storage,True
2004-12-25,SB1,64.4994,synthetic_demo,synthetic conceptual storage,True
2004-12-26,SB1,64.5427,synthetic_demo,synthetic conceptual storage,True
2004-12-27,SB1,64.5427,synthetic_demo,synthetic conceptual storage,True
2004-12-28,SB1,64.5427,synthetic_demo,synthetic conceptual storage,True
2004-12-29,SB1,64.5427,synthetic_demo,synthetic conceptual storage,True
2004-12-30,SB1,64.5427,synthetic_demo,synthetic conceptual storage,True
2004-12-31,SB1,64.5851,synthetic_demo,synthetic conceptual storage,True
2005-01-01,SB1,64.5851,synthetic_demo,synthetic conceptual storage,True
2005-01-02,SB1,64.5851,synthetic_demo,synthetic conceptual storage,True
2005-01-03,SB1,64.5851,synthetic_demo,synthetic conceptual storage,True
2005-01-04,SB1,64.6285,synthetic_demo,synthetic conceptual storage,True
2005-01-05,SB1,64.6285,synthetic_demo,synthetic conceptual storage,True
2005-01-06,SB1,64.2574,synthetic_demo,synthetic conceptual storage,True
2005-01-07,SB1,64.1163,synthetic_demo,synthetic conceptual storage,True
2005-01-08,SB1,64.1163,synthetic_demo,synthetic conceptual storage,True
2005-01-09,SB1,64.1163,synthetic_demo,synthetic conceptual storage,True
2005-01-10,SB1,64.1163,synthetic_demo,synthetic conceptual storage,True
2005-01-11,SB1,64.2898,synthetic_demo,synthetic conceptual storage,True
2005-01-12,SB1,64.2898,synthetic_demo,synthetic conceptual storage,True
2005-01-13,SB1,64.2898,synthetic_demo,synthetic conceptual storage,True
2005-01-14,SB1,64.1273,synthetic_demo,synthetic conceptual storage,True
2005-01-15,SB1,64.1273,synthetic_demo,synthetic conceptual storage,True
2005-01-16,SB1,64.1273,synthetic_demo,synthetic conceptual storage,True
2005-01-17,SB1,64.1273,synthetic_demo,synthetic conceptual storage,True
2005-01-18,SB1,64.1273,synthetic_demo,synthetic conceptual storage,True
2005-01-19,SB1,64.1273,synthetic_demo,synthetic conceptual storage,True
2005-01-20,SB1,64.1273,synthetic_demo,synthetic conceptual storage,True
2005-01-21,SB1,64.1273,synthetic_demo,synthetic conceptual storage,True
2005-01-22,SB1,64.1273,synthetic_demo,synthetic conceptual storage,True
2005-01-23,SB1,64.1273,synthetic_demo,synthetic conceptual storage,True
2005-01-24,SB1,64.1273,synthetic_demo,synthetic conceptual storage,True
2005-01-25,SB1,64.0564,synthetic_demo,synthetic conceptual storage,True
2005-01-26,SB1,64.0564,synthetic_demo,synthetic conceptual storage,True
2005-01-27,SB1,64.0564,synthetic_demo,synthetic conceptual storage,True
2005-01-28,SB1,64.0564,synthetic_demo,synthetic conceptual storage,True
2005-01-29,SB1,64.0564,synthetic_demo,synthetic conceptual storage,True
2005-01-30,SB1,64.0564,synthetic_demo,synthetic conceptual storage,True
2005-01-31,SB1,64.0564,synthetic_demo,synthetic conceptual storage,True
2005-02-01,SB1,64.0564,synthetic_demo,synthetic conceptual storage,True
2005-02-02,SB1,64.0564,synthetic_demo,synthetic conceptual storage,True
2005-02-03,SB1,64.0225,synthetic_demo,synthetic conceptual storage,True
2005-02-04,SB1,64.0225,synthetic_demo,synthetic conceptual storage,True
2005-02-05,SB1,64.0225,synthetic_demo,synthetic conceptual storage,True
2005-02-06,SB1,64.0225,synthetic_demo,synthetic conceptual storage,True
2005-02-07,SB1,64.0225,synthetic_demo,synthetic conceptual storage,True
2005-02-08,SB1,64.0225,synthetic_demo,synthetic conceptual storage,True
2005-02-09,SB1,64.0225,synthetic_demo,synthetic conceptual storage,True
2005-02-10,SB1,64.0225,synthetic_demo,synthetic conceptual storage,True
2005-02-11,SB1,64.0225,synthetic_demo,synthetic conceptual storage,True
2005-02-12,SB1,64.394,synthetic_demo,synthetic conceptual storage,True
2005-02-13,SB1,64.6747,synthetic_demo,synthetic conceptual storage,True
2005-02-14,SB1,64.6747,synthetic_demo,synthetic conceptual storage,True
2005-02-15,SB1,64.6747,synthetic_demo,synthetic conceptual storage,True
2005-02-16,SB1,64.6747,synthetic_demo,synthetic conceptual storage,True
2005-02-17,SB1,64.6747,synthetic_demo,synthetic conceptual storage,True
2005-02-18,SB1,64.6747,synthetic_demo,synthetic conceptual storage,True
2005-02-19,SB1,64.6747,synthetic_demo,synthetic conceptual storage,True
2005-02-20,SB1,64.6747,synthetic_demo,synthetic conceptual storage,True
2005-02-21,SB1,64.6747,synthetic_demo,synthetic conceptual storage,True
2005-02-22,SB1,64.6747,synthetic_demo,synthetic conceptual storage,True
2005-02-23,SB1,64.6747,synthetic_demo,synthetic conceptual storage,True
2005-02-24,SB1,64.6276,synthetic_demo,synthetic conceptual storage,True
2005-02-25,SB1,64.6276,synthetic_demo,synthetic conceptual storage,True
2005-02-26,SB1,64.5352,synthetic_demo,synthetic conceptual storage,True
2005-02-27,SB1,64.5352,synthetic_demo,synthetic conceptual storage,True
2005-02-28,SB1,64.5352,synthetic_demo,synthetic conceptual storage,True
2005-03-01,SB1,64.5352,synthetic_demo,synthetic conceptual storage,True
2005-03-02,SB1,64.5352,synthetic_demo,synthetic conceptual storage,True
2005-03-03,SB1,64.5352,synthetic_demo,synthetic conceptual storage,True
2005-03-04,SB1,64.5352,synthetic_demo,synthetic conceptual storage,True
2005-03-05,SB1,64.5352,synthetic_demo,synthetic conceptual storage,True
2005-03-06,SB1,64.513,synthetic_demo,synthetic conceptual storage,True
2005-03-07,SB1,64.513,synthetic_demo,synthetic conceptual storage,True
2005-03-08,SB1,64.513,synthetic_demo,synthetic conceptual storage,True
2005-03-09,SB1,64.513,synthetic_demo,synthetic conceptual storage,True
2005-03-10,SB1,64.513,synthetic_demo,synthetic conceptual storage,True
2005-03-11,SB1,64.513,synthetic_demo,synthetic conceptual storage,True
2005-03-12,SB1,64.513,synthetic_demo,synthetic conceptual storage,True
2005-03-13,SB1,64.513,synthetic_demo,synthetic conceptual storage,True
2005-03-14,SB1,64.513,synthetic_demo,synthetic conceptual storage,True
2005-03-15,SB1,64.513,synthetic_demo,synthetic conceptual storage,True
2005-03-16,SB1,64.513,synthetic_demo,synthetic conceptual storage,True
2005-03-17,SB1,64.513,synthetic_demo,synthetic conceptual storage,True
2005-03-18,SB1,64.513,synthetic_demo,synthetic conceptual storage,True
2005-03-19,SB1,64.4793,synthetic_demo,synthetic conceptual storage,True
2005-03-20,SB1,64.4793,synthetic_demo,synthetic conceptual storage,True
2005-03-21,SB1,64.4793,synthetic_demo,synthetic conceptual storage,True
2005-03-22,SB1,64.4793,synthetic_demo,synthetic conceptual storage,True
2005-03-23,SB1,64.4793,synthetic_demo,synthetic conceptual storage,True
2005-03-24,SB1,64.4793,synthetic_demo,synthetic conceptual storage,True
2005-03-25,SB1,64.4793,synthetic_demo,synthetic conceptual storage,True
2005-03-26,SB1,64.4793,synthetic_demo,synthetic conceptual storage,True
2005-03-27,SB1,64.8405,synthetic_demo,synthetic conceptual storage,True
2005-03-28,SB1,64.8405,synthetic_demo,synthetic conceptual storage,True
2005-03-29,SB1,64.8405,synthetic_demo,synthetic conceptual storage,True
2005-03-30,SB1,64.7041,synthetic_demo,synthetic conceptual storage,True
2005-03-31,SB1,64.7041,synthetic_demo,synthetic conceptual storage,True
2005-04-01,SB1,64.7041,synthetic_demo,synthetic conceptual storage,True
2005-04-02,SB1,64.7041,synthetic_demo,synthetic conceptual storage,True
2005-04-03,SB1,64.7041,synthetic_demo,synthetic conceptual storage,True
2005-04-04,SB1,64.7041,synthetic_demo,synthetic conceptual storage,True
2005-04-05,SB1,64.7041,synthetic_demo,synthetic conceptual storage,True
2005-04-06,SB1,65.3362,synthetic_demo,synthetic conceptual storage,True
2005-04-07,SB1,65.4902,synthetic_demo,synthetic conceptual storage,True
2005-04-08,SB1,65.4902,synthetic_demo,synthetic conceptual storage,True
2005-04-09,SB1,65.4902,synthetic_demo,synthetic conceptual storage,True
2005-04-10,SB1,65.4902,synthetic_demo,synthetic conceptual storage,True
2005-04-11,SB1,65.4902,synthetic_demo,synthetic conceptual storage,True
2005-04-12,SB1,65.4902,synthetic_demo,synthetic conceptual storage,True
2005-04-13,SB1,65.4902,synthetic_demo,synthetic conceptual storage,True
2005-04-14,SB1,65.4902,synthetic_demo,synthetic conceptual storage,True
2005-04-15,SB1,65.1065,synthetic_demo,synthetic conceptual storage,True
2005-04-16,SB1,65.1065,synthetic_demo,synthetic conceptual storage,True
2005-04-17,SB1,65.1065,synthetic_demo,synthetic conceptual storage,True
2005-04-18,SB1,65.1065,synthetic_demo,synthetic conceptual storage,True
2005-04-19,SB1,65.1065,synthetic_demo,synthetic conceptual storage,True
2005-04-20,SB1,65.1065,synthetic_demo,synthetic conceptual storage,True
2005-04-21,SB1,65.1065,synthetic_demo,synthetic conceptual storage,True
2005-04-22,SB1,64.5871,synthetic_demo,synthetic conceptual storage,True
2005-04-23,SB1,65.1834,synthetic_demo,synthetic conceptual storage,True
2005-04-24,SB1,65.1834,synthetic_demo,synthetic conceptual storage,True
2005-04-25,SB1,65.2292,synthetic_demo,synthetic conceptual storage,True
2005-04-26,SB1,65.058,synthetic_demo,synthetic conceptual storage,True
2005-04-27,SB1,65.058,synthetic_demo,synthetic conceptual storage,True
2005-04-28,SB1,65.058,synthetic_demo,synthetic conceptual storage,True
2005-04-29,SB1,65.1879,synthetic_demo,synthetic conceptual storage,True
2005-04-30,SB1,65.1879,synthetic_demo,synthetic conceptual storage,True
2005-05-01,SB1,65.1879,synthetic_demo,synthetic conceptual storage,True
2005-05-02,SB1,65.1879,synthetic_demo,synthetic conceptual storage,True
2005-05-03,SB1,65.1879,synthetic_demo,synthetic conceptual storage,True
2005-05-04,SB1,65.0348,synthetic_demo,synthetic conceptual storage,True
2005-05-05,SB1,65.0348,synthetic_demo,synthetic conceptual storage,True
2005-05-06,SB1,65.0348,synthetic_demo,synthetic conceptual storage,True
2005-05-07,SB1,65.0348,synthetic_demo,synthetic conceptual storage,True
2005-05-08,SB1,65.0348,synthetic_demo,synthetic conceptual storage,True
2005-05-09,SB1,65.0348,synthetic_demo,synthetic conceptual storage,True
2005-05-10,SB1,65.0348,synthetic_demo,synthetic conceptual storage,True
2005-05-11,SB1,65.0348,synthetic_demo,synthetic conceptual storage,True
2005-05-12,SB1,65.0348,synthetic_demo,synthetic conceptual storage,True
2005-05-13,SB1,65.0348,synthetic_demo,synthetic conceptual storage,True
2005-05-14,SB1,65.0348,synthetic_demo,synthetic conceptual storage,True
2005-05-15,SB1,65.0348,synthetic_demo,synthetic conceptual storage,True
2005-05-16,SB1,65.0348,synthetic_demo,synthetic conceptual storage,True
2005-05-17,SB1,65.0348,synthetic_demo,synthetic conceptual storage,True
2005-05-18,SB1,64.411,synthetic_demo,synthetic conceptual storage,True
2005-05-19,SB1,64.411,synthetic_demo,synthetic conceptual storage,True
2005-05-20,SB1,64.411,synthetic_demo,synthetic conceptual storage,True
2005-05-21,SB1,64.411,synthetic_demo,synthetic conceptual storage,True
2005-05-22,SB1,64.411,synthetic_demo,synthetic conceptual storage,True
2005-05-23,SB1,64.411,synthetic_demo,synthetic conceptual storage,True
2005-05-24,SB1,64.4642,synthetic_demo,synthetic conceptual storage,True
2005-05-25,SB1,64.4642,synthetic_demo,synthetic conceptual storage,True
2005-05-26,SB1,64.4642,synthetic_demo,synthetic conceptual storage,True
2005-05-27,SB1,64.4642,synthetic_demo,synthetic conceptual storage,True
2005-05-28,SB1,64.4642,synthetic_demo,synthetic conceptual storage,True
2005-05-29,SB1,64.4642,synthetic_demo,synthetic conceptual storage,True
2005-05-30,SB1,64.4642,synthetic_demo,synthetic conceptual storage,True
2005-05-31,SB1,64.0848,synthetic_demo,synthetic conceptual storage,True
2005-06-01,SB1,64.0848,synthetic_demo,synthetic conceptual storage,True
2005-06-02,SB1,64.0314,synthetic_demo,synthetic conceptual storage,True
2005-06-03,SB1,64.1403,synthetic_demo,synthetic conceptual storage,True
2005-06-04,SB1,64.1403,synthetic_demo,synthetic conceptual storage,True
2005-06-05,SB1,64.1403,synthetic_demo,synthetic conceptual storage,True
2005-06-06,SB1,64.3575,synthetic_demo,synthetic conceptual storage,True
2005-06-07,SB1,64.1417,synthetic_demo,synthetic conceptual storage,True
2005-06-08,SB1,64.2952,synthetic_demo,synthetic conceptual storage,True
2005-06-09,SB1,63.9264,synthetic_demo,synthetic conceptual storage,True
2005-06-10,SB1,63.9264,synthetic_demo,synthetic conceptual storage,True
2005-06-11,SB1,63.9264,synthetic_demo,synthetic conceptual storage,True
2005-06-12,SB1,64.2057,synthetic_demo,synthetic conceptual storage,True
2005-06-13,SB1,64.2057,synthetic_demo,synthetic conceptual storage,True
2005-06-14,SB1,64.2057,synthetic_demo,synthetic conceptual storage,True
2005-06-15,SB1,64.2314,synthetic_demo,synthetic conceptual storage,True
2005-06-16,SB1,64.2314,synthetic_demo,synthetic conceptual storage,True
2005-06-17,SB1,64.2314,synthetic_demo,synthetic conceptual storage,True
2005-06-18,SB1,64.7105,synthetic_demo,synthetic conceptual storage,True
2005-06-19,SB1,64.7105,synthetic_demo,synthetic conceptual storage,True
2005-06-20,SB1,64.6727,synthetic_demo,synthetic conceptual storage,True
2005-06-21,SB1,64.6727,synthetic_demo,synthetic conceptual storage,True
2005-06-22,SB1,64.5422,synthetic_demo,synthetic conceptual storage,True
2005-06-23,SB1,64.5422,synthetic_demo,synthetic conceptual storage,True
2005-06-24,SB1,64.5422,synthetic_demo,synthetic conceptual storage,True
2005-06-25,SB1,64.4706,synthetic_demo,synthetic conceptual storage,True
2005-06-26,SB1,64.4706,synthetic_demo,synthetic conceptual storage,True
2005-06-27,SB1,64.9318,synthetic_demo,synthetic conceptual storage,True
2005-06-28,SB1,64.9318,synthetic_demo,synthetic conceptual storage,True
2005-06-29,SB1,64.7695,synthetic_demo,synthetic conceptual storage,True
2005-06-30,SB1,64.3238,synthetic_demo,synthetic conceptual storage,True
2005-07-01,SB1,64.3238,synthetic_demo,synthetic conceptual storage,True
2005-07-02,SB1,64.3238,synthetic_demo,synthetic conceptual storage,True
2005-07-03,SB1,64.3238,synthetic_demo,synthetic conceptual storage,True
2005-07-04,SB1,64.3238,synthetic_demo,synthetic conceptual storage,True
2005-07-05,SB1,64.3238,synthetic_demo,synthetic conceptual storage,True
2005-07-06,SB1,64.6712,synthetic_demo,synthetic conceptual storage,True
2005-07-07,SB1,64.4039,synthetic_demo,synthetic conceptual storage,True
2005-07-08,SB1,65.045,synthetic_demo,synthetic conceptual storage,True
2005-07-09,SB1,64.9497,synthetic_demo,synthetic conceptual storage,True
2005-07-10,SB1,64.9497,synthetic_demo,synthetic conceptual storage,True
2005-07-11,SB1,65.0485,synthetic_demo,synthetic conceptual storage,True
2005-07-12,SB1,64.4321,synthetic_demo,synthetic conceptual storage,True
2005-07-13,SB1,64.4321,synthetic_demo,synthetic conceptual storage,True
2005-07-14,SB1,65.0276,synthetic_demo,synthetic conceptual storage,True
2005-07-15,SB1,66.0117,synthetic_demo,synthetic conceptual storage,True
2005-07-16,SB1,65.6914,synthetic_demo,synthetic conceptual storage,True
2005-07-17,SB1,65.6914,synthetic_demo,synthetic conceptual storage,True
2005-07-18,SB1,65.6914,synthetic_demo,synthetic conceptual storage,True
2005-07-19,SB1,65.3797,synthetic_demo,synthetic conceptual storage,True
2005-07-20,SB1,65.3797,synthetic_demo,synthetic conceptual storage,True
2005-07-21,SB1,65.3797,synthetic_demo,synthetic conceptual storage,True
2005-07-22,SB1,65.3797,synthetic_demo,synthetic conceptual storage,True
2005-07-23,SB1,65.3797,synthetic_demo,synthetic conceptual storage,True
2005-07-24,SB1,65.3089,synthetic_demo,synthetic conceptual storage,True
2005-07-25,SB1,65.3089,synthetic_demo,synthetic conceptual storage,True
2005-07-26,SB1,65.3089,synthetic_demo,synthetic conceptual storage,True
2005-07-27,SB1,65.0109,synthetic_demo,synthetic conceptual storage,True
2005-07-28,SB1,65.4048,synthetic_demo,synthetic conceptual storage,True
2005-07-29,SB1,65.5577,synthetic_demo,synthetic conceptual storage,True
2005-07-30,SB1,65.8418,synthetic_demo,synthetic conceptual storage,True
2005-07-31,SB1,65.5669,synthetic_demo,synthetic conceptual storage,True
2005-08-01,SB1,65.2604,synthetic_demo,synthetic conceptual storage,True
2005-08-02,SB1,65.2604,synthetic_demo,synthetic conceptual storage,True
2005-08-03,SB1,65.4755,synthetic_demo,synthetic conceptual storage,True
2005-08-04,SB1,65.2264,synthetic_demo,synthetic conceptual storage,True
2005-08-05,SB1,65.2264,synthetic_demo,synthetic conceptual storage,True
2005-08-06,SB1,65.2264,synthetic_demo,synthetic conceptual storage,True
2005-08-07,SB1,65.2264,synthetic_demo,synthetic conceptual storage,True
2005-08-08,SB1,65.3439,synthetic_demo,synthetic conceptual storage,True
2005-08-09,SB1,65.344,synthetic_demo,synthetic conceptual storage,True
2005-08-10,SB1,65.344,synthetic_demo,synthetic conceptual storage,True
2005-08-11,SB1,66.2095,synthetic_demo,synthetic conceptual storage,True
2005-08-12,SB1,66.2095,synthetic_demo,synthetic conceptual storage,True
2005-08-13,SB1,66.2424,synthetic_demo,synthetic conceptual storage,True
2005-08-14,SB1,66.1615,synthetic_demo,synthetic conceptual storage,True
2005-08-15,SB1,66.1615,synthetic_demo,synthetic conceptual storage,True
2005-08-16,SB1,66.3958,synthetic_demo,synthetic conceptual storage,True
2005-08-17,SB1,66.3958,synthetic_demo,synthetic conceptual storage,True
2005-08-18,SB1,66.3958,synthetic_demo,synthetic conceptual storage,True
2005-08-19,SB1,66.269,synthetic_demo,synthetic conceptual storage,True
2005-08-20,SB1,66.269,synthetic_demo,synthetic conceptual storage,True
2005-08-21,SB1,66.3196,synthetic_demo,synthetic conceptual storage,True
2005-08-22,SB1,66.3196,synthetic_demo,synthetic conceptual storage,True
2005-08-23,SB1,66.3196,synthetic_demo,synthetic conceptual storage,True
2005-08-24,SB1,66.3196,synthetic_demo,synthetic conceptual storage,True
2005-08-25,SB1,66.1894,synthetic_demo,synthetic conceptual storage,True
2005-08-26,SB1,65.9744,synthetic_demo,synthetic conceptual storage,True
2005-08-27,SB1,65.9744,synthetic_demo,synthetic conceptual storage,True
2005-08-28,SB1,66.1063,synthetic_demo,synthetic conceptual storage,True
2005-08-29,SB1,66.082,synthetic_demo,synthetic conceptual storage,True
2005-08-30,SB1,65.7377,synthetic_demo,synthetic conceptual storage,True
2005-08-31,SB1,65.7377,synthetic_demo,synthetic conceptual storage,True
2005-09-01,SB1,65.7377,synthetic_demo,synthetic conceptual storage,True
2005-09-02,SB1,65.7377,synthetic_demo,synthetic conceptual storage,True
2005-09-03,SB1,65.6679,synthetic_demo,synthetic conceptual storage,True
2005-09-04,SB1,65.6679,synthetic_demo,synthetic conceptual storage,True
2005-09-05,SB1,65.3188,synthetic_demo,synthetic conceptual storage,True
2005-09-06,SB1,65.3188,synthetic_demo,synthetic conceptual storage,True
2005-09-07,SB1,65.3188,synthetic_demo,synthetic conceptual storage,True
2005-09-08,SB1,65.3188,synthetic_demo,synthetic conceptual storage,True
2005-09-09,SB1,65.5607,synthetic_demo,synthetic conceptual storage,True
2005-09-10,SB1,65.5607,synthetic_demo,synthetic conceptual storage,True
2005-09-11,SB1,65.5607,synthetic_demo,synthetic conceptual storage,True
2005-09-12,SB1,65.6834,synthetic_demo,synthetic conceptual storage,True
2005-09-13,SB1,65.6834,synthetic_demo,synthetic conceptual storage,True
2005-09-14,SB1,65.8038,synthetic_demo,synthetic conceptual storage,True
2005-09-15,SB1,65.5299,synthetic_demo,synthetic conceptual storage,True
2005-09-16,SB1,65.5838,synthetic_demo,synthetic conceptual storage,True
2005-09-17,SB1,65.5838,synthetic_demo,synthetic conceptual storage,True
2005-09-18,SB1,65.5838,synthetic_demo,synthetic conceptual storage,True
2005-09-19,SB1,65.4677,synthetic_demo,synthetic conceptual storage,True
2005-09-20,SB1,65.3579,synthetic_demo,synthetic conceptual storage,True
2005-09-21,SB1,65.6818,synthetic_demo,synthetic conceptual storage,True
2005-09-22,SB1,65.822,synthetic_demo,synthetic conceptual storage,True
2005-09-23,SB1,66.1852,synthetic_demo,synthetic conceptual storage,True
2005-09-24,SB1,66.3556,synthetic_demo,synthetic conceptual storage,True
2005-09-25,SB1,66.5084,synthetic_demo,synthetic conceptual storage,True
2005-09-26,SB1,66.8191,synthetic_demo,synthetic conceptual storage,True
2005-09-27,SB1,67.0051,synthetic_demo,synthetic conceptual storage,True
2005-09-28,SB1,66.8293,synthetic_demo,synthetic conceptual storage,True
2005-09-29,SB1,66.7234,synthetic_demo,synthetic conceptual storage,True
2005-09-30,SB1,66.5808,synthetic_demo,synthetic conceptual storage,True
2005-10-01,SB1,66.8454,synthetic_demo,synthetic conceptual storage,True
2005-10-02,SB1,66.8454,synthetic_demo,synthetic conceptual storage,True
2005-10-03,SB1,67.0352,synthetic_demo,synthetic conceptual storage,True
2005-10-04,SB1,66.8502,synthetic_demo,synthetic conceptual storage,True
2005-10-05,SB1,67.2235,synthetic_demo,synthetic conceptual storage,True
2005-10-06,SB1,67.1631,synthetic_demo,synthetic conceptual storage,True
2005-10-07,SB1,67.1631,synthetic_demo,synthetic conceptual storage,True
2005-10-08,SB1,66.9173,synthetic_demo,synthetic conceptual storage,True
2005-10-09,SB1,66.8799,synthetic_demo,synthetic conceptual storage,True
2005-10-10,SB1,66.8799,synthetic_demo,synthetic conceptual storage,True
2005-10-11,SB1,67.4452,synthetic_demo,synthetic conceptual storage,True
2005-10-12,SB1,67.4452,synthetic_demo,synthetic conceptual storage,True
2005-10-13,SB1,67.4452,synthetic_demo,synthetic conceptual storage,True
2005-10-14,SB1,67.1145,synthetic_demo,synthetic conceptual storage,True
2005-10-15,SB1,67.3772,synthetic_demo,synthetic conceptual storage,True
2005-10-16,SB1,67.3772,synthetic_demo,synthetic conceptual storage,True
2005-10-17,SB1,67.2708,synthetic_demo,synthetic conceptual storage,True
2005-10-18,SB1,67.1786,synthetic_demo,synthetic conceptual storage,True
2005-10-19,SB1,66.9913,synthetic_demo,synthetic conceptual storage,True
2005-10-20,SB1,66.9913,synthetic_demo,synthetic conceptual storage,True
2005-10-21,SB1,66.6506,synthetic_demo,synthetic conceptual storage,True
2005-10-22,SB1,66.7258,synthetic_demo,synthetic conceptual storage,True
2005-10-23,SB1,66.7258,synthetic_demo,synthetic conceptual storage,True
2005-10-24,SB1,67.1407,synthetic_demo,synthetic conceptual storage,True
2005-10-25,SB1,67.1407,synthetic_demo,synthetic conceptual storage,True
2005-10-26,SB1,67.4344,synthetic_demo,synthetic conceptual storage,True
2005-10-27,SB1,67.6884,synthetic_demo,synthetic conceptual storage,True
2005-10-28,SB1,67.3275,synthetic_demo,synthetic conceptual storage,True
2005-10-29,SB1,67.3544,synthetic_demo,synthetic conceptual storage,True
2005-10-30,SB1,67.3544,synthetic_demo,synthetic conceptual storage,True
2005-10-31,SB1,67.8552,synthetic_demo,synthetic conceptual storage,True
2005-11-01,SB1,67.8552,synthetic_demo,synthetic conceptual storage,True
2005-11-02,SB1,67.9197,synthetic_demo,synthetic conceptual storage,True
2005-11-03,SB1,68.412,synthetic_demo,synthetic conceptual storage,True
2005-11-04,SB1,68.412,synthetic_demo,synthetic conceptual storage,True
2005-11-05,SB1,68.412,synthetic_demo,synthetic conceptual storage,True
2005-11-06,SB1,68.412,synthetic_demo,synthetic conceptual storage,True
2005-11-07,SB1,68.412,synthetic_demo,synthetic conceptual storage,True
2005-11-08,SB1,68.3827,synthetic_demo,synthetic conceptual storage,True
2005-11-09,SB1,68.3827,synthetic_demo,synthetic conceptual storage,True
2005-11-10,SB1,68.3827,synthetic_demo,synthetic conceptual storage,True
2005-11-11,SB1,68.1904,synthetic_demo,synthetic conceptual storage,True
2005-11-12,SB1,68.2732,synthetic_demo,synthetic conceptual storage,True
2005-11-13,SB1,68.1425,synthetic_demo,synthetic conceptual storage,True
2005-11-14,SB1,67.7734,synthetic_demo,synthetic conceptual storage,True
2005-11-15,SB1,67.9439,synthetic_demo,synthetic conceptual storage,True
2005-11-16,SB1,67.9439,synthetic_demo,synthetic conceptual storage,True
2005-11-17,SB1,67.9439,synthetic_demo,synthetic conceptual storage,True
2005-11-18,SB1,67.8892,synthetic_demo,synthetic conceptual storage,True
2005-11-19,SB1,67.8892,synthetic_demo,synthetic conceptual storage,True
2005-11-20,SB1,67.8892,synthetic_demo,synthetic conceptual storage,True
2005-11-21,SB1,67.8892,synthetic_demo,synthetic conceptual storage,True
2005-11-22,SB1,67.9333,synthetic_demo,synthetic conceptual storage,True
2005-11-23,SB1,67.9333,synthetic_demo,synthetic conceptual storage,True
2005-11-24,SB1,67.9333,synthetic_demo,synthetic conceptual storage,True
2005-11-25,SB1,67.9333,synthetic_demo,synthetic conceptual storage,True
2005-11-26,SB1,67.9333,synthetic_demo,synthetic conceptual storage,True
2005-11-27,SB1,67.9333,synthetic_demo,synthetic conceptual storage,True
2005-11-28,SB1,68.4854,synthetic_demo,synthetic conceptual storage,True
2005-11-29,SB1,68.8874,synthetic_demo,synthetic conceptual storage,True
2005-11-30,SB1,68.8874,synthetic_demo,synthetic conceptual storage,True
2005-12-01,SB1,68.8874,synthetic_demo,synthetic conceptual storage,True
2005-12-02,SB1,68.9297,synthetic_demo,synthetic conceptual storage,True
2005-12-03,SB1,69.2904,synthetic_demo,synthetic conceptual storage,True
2005-12-04,SB1,69.1049,synthetic_demo,synthetic conceptual storage,True
2005-12-05,SB1,69.2178,synthetic_demo,synthetic conceptual storage,True
2005-12-06,SB1,69.6682,synthetic_demo,synthetic conceptual storage,True
2005-12-07,SB1,70.1057,synthetic_demo,synthetic conceptual storage,True
2005-12-08,SB1,69.7791,synthetic_demo,synthetic conceptual storage,True
2005-12-09,SB1,69.9128,synthetic_demo,synthetic conceptual storage,True
2005-12-10,SB1,69.9128,synthetic_demo,synthetic conceptual storage,True
2005-12-11,SB1,69.8726,synthetic_demo,synthetic conceptual storage,True
2005-12-12,SB1,69.6707,synthetic_demo,synthetic conceptual storage,True
2005-12-13,SB1,69.8477,synthetic_demo,synthetic conceptual storage,True
2005-12-14,SB1,69.8477,synthetic_demo,synthetic conceptual storage,True
2005-12-15,SB1,69.8477,synthetic_demo,synthetic conceptual storage,True
2005-12-16,SB1,69.8477,synthetic_demo,synthetic conceptual storage,True
2005-12-17,SB1,70.5054,synthetic_demo,synthetic conceptual storage,True
2005-12-18,SB1,70.5388,synthetic_demo,synthetic conceptual storage,True
2005-12-19,SB1,70.6586,synthetic_demo,synthetic conceptual storage,True
2005-12-20,SB1,70.6586,synthetic_demo,synthetic conceptual storage,True
2005-12-21,SB1,70.6586,synthetic_demo,synthetic conceptual storage,True
2005-12-22,SB1,70.6586,synthetic_demo,synthetic conceptual storage,True
2005-12-23,SB1,70.6586,synthetic_demo,synthetic conceptual storage,True
2005-12-24,SB1,70.6586,synthetic_demo,synthetic conceptual storage,True
2005-12-25,SB1,70.6586,synthetic_demo,synthetic conceptual storage,True
2005-12-26,SB1,70.6153,synthetic_demo,synthetic conceptual storage,True
2005-12-27,SB1,70.6153,synthetic_demo,synthetic conceptual storage,True
2005-12-28,SB1,70.6153,synthetic_demo,synthetic conceptual storage,True
2005-12-29,SB1,70.6153,synthetic_demo,synthetic conceptual storage,True
2005-12-30,SB1,70.6153,synthetic_demo,synthetic conceptual storage,True
2005-12-31,SB1,70.5729,synthetic_demo,synthetic conceptual storage,True
2006-01-01,SB1,70.5729,synthetic_demo,synthetic conceptual storage,True
2006-01-02,SB1,70.5729,synthetic_demo,synthetic conceptual storage,True
2006-01-03,SB1,70.5729,synthetic_demo,synthetic conceptual storage,True
2006-01-04,SB1,70.5296,synthetic_demo,synthetic conceptual storage,True
2006-01-05,SB1,70.5296,synthetic_demo,synthetic conceptual storage,True
2006-01-06,SB1,70.5296,synthetic_demo,synthetic conceptual storage,True
2006-01-07,SB1,70.5296,synthetic_demo,synthetic conceptual storage,True
2006-01-08,SB1,70.613,synthetic_demo,synthetic conceptual storage,True
2006-01-09,SB1,70.613,synthetic_demo,synthetic conceptual storage,True
2006-01-10,SB1,70.613,synthetic_demo,synthetic conceptual storage,True
2006-01-11,SB1,70.4396,synthetic_demo,synthetic conceptual storage,True
2006-01-12,SB1,70.4396,synthetic_demo,synthetic conceptual storage,True
2006-01-13,SB1,70.4396,synthetic_demo,synthetic conceptual storage,True
2006-01-14,SB1,70.4396,synthetic_demo,synthetic conceptual storage,True
2006-01-15,SB1,70.4396,synthetic_demo,synthetic conceptual storage,True
2006-01-16,SB1,70.4396,synthetic_demo,synthetic conceptual storage,True
2006-01-17,SB1,70.4396,synthetic_demo,synthetic conceptual storage,True
2006-01-18,SB1,70.4396,synthetic_demo,synthetic conceptual storage,True
2006-01-19,SB1,70.4396,synthetic_demo,synthetic conceptual storage,True
2006-01-20,SB1,70.4396,synthetic_demo,synthetic conceptual storage,True
2006-01-21,SB1,70.4396,synthetic_demo,synthetic conceptual storage,True
2006-01-22,SB1,70.4396,synthetic_demo,synthetic conceptual storage,True
2006-01-23,SB1,70.4396,synthetic_demo,synthetic conceptual storage,True
2006-01-24,SB1,70.4396,synthetic_demo,synthetic conceptual storage,True
2006-01-25,SB1,70.4396,synthetic_demo,synthetic conceptual storage,True
2006-01-26,SB1,70.4396,synthetic_demo,synthetic conceptual storage,True
2006-01-27,SB1,70.4396,synthetic_demo,synthetic conceptual storage,True
2006-01-28,SB1,70.4396,synthetic_demo,synthetic conceptual storage,True
2006-01-29,SB1,70.4396,synthetic_demo,synthetic conceptual storage,True
2006-01-30,SB1,70.4396,synthetic_demo,synthetic conceptual storage,True
2006-01-31,SB1,70.4396,synthetic_demo,synthetic conceptual storage,True
2006-02-01,SB1,70.5709,synthetic_demo,synthetic conceptual storage,True
2006-02-02,SB1,70.5709,synthetic_demo,synthetic conceptual storage,True
2006-02-03,SB1,70.5709,synthetic_demo,synthetic conceptual storage,True
2006-02-04,SB1,70.5709,synthetic_demo,synthetic conceptual storage,True
2006-02-05,SB1,70.7767,synthetic_demo,synthetic conceptual storage,True
2006-02-06,SB1,70.7767,synthetic_demo,synthetic conceptual storage,True
2006-02-07,SB1,70.7767,synthetic_demo,synthetic conceptual storage,True
2006-02-08,SB1,70.7767,synthetic_demo,synthetic conceptual storage,True
2006-02-09,SB1,70.7767,synthetic_demo,synthetic conceptual storage,True
2006-02-10,SB1,70.7767,synthetic_demo,synthetic conceptual storage,True
2006-02-11,SB1,70.7767,synthetic_demo,synthetic conceptual storage,True
2006-02-12,SB1,70.4052,synthetic_demo,synthetic conceptual storage,True
2006-02-13,SB1,70.1245,synthetic_demo,synthetic conceptual storage,True
2006-02-14,SB1,70.1245,synthetic_demo,synthetic conceptual storage,True
2006-02-15,SB1,70.1245,synthetic_demo,synthetic conceptual storage,True
2006-02-16,SB1,70.1245,synthetic_demo,synthetic conceptual storage,True
2006-02-17,SB1,70.1245,synthetic_demo,synthetic conceptual storage,True
2006-02-18,SB1,70.2966,synthetic_demo,synthetic conceptual storage,True
2006-02-19,SB1,70.2966,synthetic_demo,synthetic conceptual storage,True
2006-02-20,SB1,70.2966,synthetic_demo,synthetic conceptual storage,True
2006-02-21,SB1,70.2966,synthetic_demo,synthetic conceptual storage,True
2006-02-22,SB1,70.2966,synthetic_demo,synthetic conceptual storage,True
2006-02-23,SB1,70.2966,synthetic_demo,synthetic conceptual storage,True
2006-02-24,SB1,70.2966,synthetic_demo,synthetic conceptual storage,True
2006-02-25,SB1,70.2966,synthetic_demo,synthetic conceptual storage,True
2006-02-26,SB1,70.2966,synthetic_demo,synthetic conceptual storage,True
2006-02-27,SB1,70.2966,synthetic_demo,synthetic conceptual storage,True
2006-02-28,SB1,70.2966,synthetic_demo,synthetic conceptual storage,True
2006-03-01,SB1,70.2966,synthetic_demo,synthetic conceptual storage,True
2006-03-02,SB1,70.9161,synthetic_demo,synthetic conceptual storage,True
2006-03-03,SB1,70.9161,synthetic_demo,synthetic conceptual storage,True
2006-03-04,SB1,70.9161,synthetic_demo,synthetic conceptual storage,True
2006-03-05,SB1,70.9161,synthetic_demo,synthetic conceptual storage,True
2006-03-06,SB1,70.9161,synthetic_demo,synthetic conceptual storage,True
2006-03-07,SB1,70.9161,synthetic_demo,synthetic conceptual storage,True
2006-03-08,SB1,70.9161,synthetic_demo,synthetic conceptual storage,True
2006-03-09,SB1,70.9161,synthetic_demo,synthetic conceptual storage,True
2006-03-10,SB1,70.9161,synthetic_demo,synthetic conceptual storage,True
2006-03-11,SB1,70.9161,synthetic_demo,synthetic conceptual storage,True
2006-03-12,SB1,70.9161,synthetic_demo,synthetic conceptual storage,True
2006-03-13,SB1,70.9161,synthetic_demo,synthetic conceptual storage,True
2006-03-14,SB1,70.9161,synthetic_demo,synthetic conceptual storage,True
2006-03-15,SB1,70.9161,synthetic_demo,synthetic conceptual storage,True
2006-03-16,SB1,70.9161,synthetic_demo,synthetic conceptual storage,True
2006-03-17,SB1,70.9161,synthetic_demo,synthetic conceptual storage,True
2006-03-18,SB1,70.9161,synthetic_demo,synthetic conceptual storage,True
2006-03-19,SB1,70.9161,synthetic_demo,synthetic conceptual storage,True
2006-03-20,SB1,70.9161,synthetic_demo,synthetic conceptual storage,True
2006-03-21,SB1,70.9864,synthetic_demo,synthetic conceptual storage,True
2006-03-22,SB1,70.9864,synthetic_demo,synthetic conceptual storage,True
2006-03-23,SB1,70.9864,synthetic_demo,synthetic conceptual storage,True
2006-03-24,SB1,70.9864,synthetic_demo,synthetic conceptual storage,True
2006-03-25,SB1,70.9864,synthetic_demo,synthetic conceptual storage,True
2006-03-26,SB1,70.9864,synthetic_demo,synthetic conceptual storage,True
2006-03-27,SB1,70.6252,synthetic_demo,synthetic conceptual storage,True
2006-03-28,SB1,70.6252,synthetic_demo,synthetic conceptual storage,True
2006-03-29,SB1,70.6252,synthetic_demo,synthetic conceptual storage,True
2006-03-30,SB1,70.6252,synthetic_demo,synthetic conceptual storage,True
2006-03-31,SB1,70.6252,synthetic_demo,synthetic conceptual storage,True
2006-04-01,SB1,70.6252,synthetic_demo,synthetic conceptual storage,True
2006-04-02,SB1,70.6252,synthetic_demo,synthetic conceptual storage,True
2006-04-03,SB1,70.6252,synthetic_demo,synthetic conceptual storage,True
2006-04-04,SB1,70.7333,synthetic_demo,synthetic conceptual storage,True
2006-04-05,SB1,70.7333,synthetic_demo,synthetic conceptual storage,True
2006-04-06,SB1,70.1012,synthetic_demo,synthetic conceptual storage,True
2006-04-07,SB1,69.9471,synthetic_demo,synthetic conceptual storage,True
2006-04-08,SB1,69.9471,synthetic_demo,synthetic conceptual storage,True
2006-04-09,SB1,69.9471,synthetic_demo,synthetic conceptual storage,True
2006-04-10,SB1,69.9471,synthetic_demo,synthetic conceptual storage,True
2006-04-11,SB1,69.9471,synthetic_demo,synthetic conceptual storage,True
2006-04-12,SB1,69.9471,synthetic_demo,synthetic conceptual storage,True
2006-04-13,SB1,69.9471,synthetic_demo,synthetic conceptual storage,True
2006-04-14,SB1,69.9471,synthetic_demo,synthetic conceptual storage,True
2006-04-15,SB1,69.9471,synthetic_demo,synthetic conceptual storage,True
2006-04-16,SB1,69.9471,synthetic_demo,synthetic conceptual storage,True
2006-04-17,SB1,69.9471,synthetic_demo,synthetic conceptual storage,True
2006-04-18,SB1,69.9471,synthetic_demo,synthetic conceptual storage,True
2006-04-19,SB1,69.9471,synthetic_demo,synthetic conceptual storage,True
2006-04-20,SB1,69.9471,synthetic_demo,synthetic conceptual storage,True
2006-04-21,SB1,69.9471,synthetic_demo,synthetic conceptual storage,True
2006-04-22,SB1,69.9471,synthetic_demo,synthetic conceptual storage,True
2006-04-23,SB1,69.3508,synthetic_demo,synthetic conceptual storage,True
2006-04-24,SB1,69.3508,synthetic_demo,synthetic conceptual storage,True
2006-04-25,SB1,69.305,synthetic_demo,synthetic conceptual storage,True
2006-04-26,SB1,69.305,synthetic_demo,synthetic conceptual storage,True
2006-04-27,SB1,69.305,synthetic_demo,synthetic conceptual storage,True
2006-04-28,SB1,69.6216,synthetic_demo,synthetic conceptual storage,True
2006-04-29,SB1,69.4917,synthetic_demo,synthetic conceptual storage,True
2006-04-30,SB1,69.4917,synthetic_demo,synthetic conceptual storage,True
2006-05-01,SB1,69.4917,synthetic_demo,synthetic conceptual storage,True
2006-05-02,SB1,69.4917,synthetic_demo,synthetic conceptual storage,True
2006-05-03,SB1,69.4917,synthetic_demo,synthetic conceptual storage,True
2006-05-04,SB1,69.4917,synthetic_demo,synthetic conceptual storage,True
2006-05-05,SB1,69.4917,synthetic_demo,synthetic conceptual storage,True
2006-05-06,SB1,69.4917,synthetic_demo,synthetic conceptual storage,True
2006-05-07,SB1,69.6081,synthetic_demo,synthetic conceptual storage,True
2006-05-08,SB1,69.6081,synthetic_demo,synthetic conceptual storage,True
2006-05-09,SB1,69.6081,synthetic_demo,synthetic conceptual storage,True
2006-05-10,SB1,69.6081,synthetic_demo,synthetic conceptual storage,True
2006-05-11,SB1,69.6081,synthetic_demo,synthetic conceptual storage,True
2006-05-12,SB1,69.6081,synthetic_demo,synthetic conceptual storage,True
2006-05-13,SB1,69.6081,synthetic_demo,synthetic conceptual storage,True
2006-05-14,SB1,69.6081,synthetic_demo,synthetic conceptual storage,True
2006-05-15,SB1,69.6081,synthetic_demo,synthetic conceptual storage,True
2006-05-16,SB1,69.6081,synthetic_demo,synthetic conceptual storage,True
2006-05-17,SB1,69.6081,synthetic_demo,synthetic conceptual storage,True
2006-05-18,SB1,69.6081,synthetic_demo,synthetic conceptual storage,True
2006-05-19,SB1,69.6081,synthetic_demo,synthetic conceptual storage,True
2006-05-20,SB1,69.6081,synthetic_demo,synthetic conceptual storage,True
2006-05-21,SB1,69.6081,synthetic_demo,synthetic conceptual storage,True
2006-05-22,SB1,69.6081,synthetic_demo,synthetic conceptual storage,True
2006-05-23,SB1,69.6081,synthetic_demo,synthetic conceptual storage,True
2006-05-24,SB1,70.1353,synthetic_demo,synthetic conceptual storage,True
2006-05-25,SB1,70.1353,synthetic_demo,synthetic conceptual storage,True
2006-05-26,SB1,70.1353,synthetic_demo,synthetic conceptual storage,True
2006-05-27,SB1,70.1353,synthetic_demo,synthetic conceptual storage,True
2006-05-28,SB1,70.1353,synthetic_demo,synthetic conceptual storage,True
2006-05-29,SB1,70.1353,synthetic_demo,synthetic conceptual storage,True
2006-05-30,SB1,70.1353,synthetic_demo,synthetic conceptual storage,True
2006-05-31,SB1,70.1353,synthetic_demo,synthetic conceptual storage,True
2006-06-01,SB1,70.1353,synthetic_demo,synthetic conceptual storage,True
2006-06-02,SB1,70.1353,synthetic_demo,synthetic conceptual storage,True
2006-06-03,SB1,69.8606,synthetic_demo,synthetic conceptual storage,True
2006-06-04,SB1,69.8606,synthetic_demo,synthetic conceptual storage,True
2006-06-05,SB1,69.8606,synthetic_demo,synthetic conceptual storage,True
2006-06-06,SB1,69.6434,synthetic_demo,synthetic conceptual storage,True
2006-06-07,SB1,69.6434,synthetic_demo,synthetic conceptual storage,True
2006-06-08,SB1,69.4899,synthetic_demo,synthetic conceptual storage,True
2006-06-09,SB1,69.4899,synthetic_demo,synthetic conceptual storage,True
2006-06-10,SB1,69.5236,synthetic_demo,synthetic conceptual storage,True
2006-06-11,SB1,69.5236,synthetic_demo,synthetic conceptual storage,True
2006-06-12,SB1,69.2443,synthetic_demo,synthetic conceptual storage,True
2006-06-13,SB1,69.6143,synthetic_demo,synthetic conceptual storage,True
2006-06-14,SB1,69.6143,synthetic_demo,synthetic conceptual storage,True
2006-06-15,SB1,69.6587,synthetic_demo,synthetic conceptual storage,True
2006-06-16,SB1,69.6587,synthetic_demo,synthetic conceptual storage,True
2006-06-17,SB1,70.1586,synthetic_demo,synthetic conceptual storage,True
2006-06-18,SB1,69.6795,synthetic_demo,synthetic conceptual storage,True
2006-06-19,SB1,69.6795,synthetic_demo,synthetic conceptual storage,True
2006-06-20,SB1,69.6795,synthetic_demo,synthetic conceptual storage,True
2006-06-21,SB1,69.6795,synthetic_demo,synthetic conceptual storage,True
2006-06-22,SB1,69.7915,synthetic_demo,synthetic conceptual storage,True
2006-06-23,SB1,69.7915,synthetic_demo,synthetic conceptual storage,True
2006-06-24,SB1,69.7915,synthetic_demo,synthetic conceptual storage,True
2006-06-25,SB1,69.7915,synthetic_demo,synthetic conceptual storage,True
2006-06-26,SB1,69.7915,synthetic_demo,synthetic conceptual storage,True
2006-06-27,SB1,69.3303,synthetic_demo,synthetic conceptual storage,True
2006-06-28,SB1,69.3303,synthetic_demo,synthetic conceptual storage,True
2006-06-29,SB1,69.8813,synthetic_demo,synthetic conceptual storage,True
2006-06-30,SB1,69.8813,synthetic_demo,synthetic conceptual storage,True
2006-07-01,SB1,70.2368,synthetic_demo,synthetic conceptual storage,True
2006-07-02,SB1,70.2368,synthetic_demo,synthetic conceptual storage,True
2006-07-03,SB1,70.2368,synthetic_demo,synthetic conceptual storage,True
2006-07-04,SB1,70.2368,synthetic_demo,synthetic conceptual storage,True
2006-07-05,SB1,70.2368,synthetic_demo,synthetic conceptual storage,True
2006-07-06,SB1,69.9251,synthetic_demo,synthetic conceptual storage,True
2006-07-07,SB1,69.9251,synthetic_demo,synthetic conceptual storage,True
2006-07-08,SB1,69.2841,synthetic_demo,synthetic conceptual storage,True
2006-07-09,SB1,69.2841,synthetic_demo,synthetic conceptual storage,True
2006-07-10,SB1,69.3589,synthetic_demo,synthetic conceptual storage,True
2006-07-11,SB1,69.2601,synthetic_demo,synthetic conceptual storage,True
2006-07-12,SB1,69.2601,synthetic_demo,synthetic conceptual storage,True
2006-07-13,SB1,69.2601,synthetic_demo,synthetic conceptual storage,True
2006-07-14,SB1,69.0961,synthetic_demo,synthetic conceptual storage,True
2006-07-15,SB1,68.112,synthetic_demo,synthetic conceptual storage,True
2006-07-16,SB1,67.9047,synthetic_demo,synthetic conceptual storage,True
2006-07-17,SB1,68.5867,synthetic_demo,synthetic conceptual storage,True
2006-07-18,SB1,68.5867,synthetic_demo,synthetic conceptual storage,True
2006-07-19,SB1,68.5867,synthetic_demo,synthetic conceptual storage,True
2006-07-20,SB1,68.5867,synthetic_demo,synthetic conceptual storage,True
2006-07-21,SB1,68.5867,synthetic_demo,synthetic conceptual storage,True
2006-07-22,SB1,68.5867,synthetic_demo,synthetic conceptual storage,True
2006-07-23,SB1,68.5867,synthetic_demo,synthetic conceptual storage,True
2006-07-24,SB1,68.5867,synthetic_demo,synthetic conceptual storage,True
2006-07-25,SB1,68.5867,synthetic_demo,synthetic conceptual storage,True
2006-07-26,SB1,68.5867,synthetic_demo,synthetic conceptual storage,True
2006-07-27,SB1,68.894,synthetic_demo,synthetic conceptual storage,True
2006-07-28,SB1,68.5002,synthetic_demo,synthetic conceptual storage,True
2006-07-29,SB1,68.729,synthetic_demo,synthetic conceptual storage,True
2006-07-30,SB1,68.6478,synthetic_demo,synthetic conceptual storage,True
2006-07-31,SB1,68.6478,synthetic_demo,synthetic conceptual storage,True
2006-08-01,SB1,68.6478,synthetic_demo,synthetic conceptual storage,True
2006-08-02,SB1,68.6478,synthetic_demo,synthetic conceptual storage,True
2006-08-03,SB1,68.4328,synthetic_demo,synthetic conceptual storage,True
2006-08-04,SB1,68.184,synthetic_demo,synthetic conceptual storage,True
2006-08-05,SB1,68.4983,synthetic_demo,synthetic conceptual storage,True
2006-08-06,SB1,68.5679,synthetic_demo,synthetic conceptual storage,True
2006-08-07,SB1,68.5679,synthetic_demo,synthetic conceptual storage,True
2006-08-08,SB1,68.6483,synthetic_demo,synthetic conceptual storage,True
2006-08-09,SB1,68.4284,synthetic_demo,synthetic conceptual storage,True
2006-08-10,SB1,68.4284,synthetic_demo,synthetic conceptual storage,True
2006-08-11,SB1,67.5629,synthetic_demo,synthetic conceptual storage,True
2006-08-12,SB1,67.6044,synthetic_demo,synthetic conceptual storage,True
2006-08-13,SB1,67.5715,synthetic_demo,synthetic conceptual storage,True
2006-08-14,SB1,67.5715,synthetic_demo,synthetic conceptual storage,True
2006-08-15,SB1,67.5839,synthetic_demo,synthetic conceptual storage,True
2006-08-16,SB1,67.3495,synthetic_demo,synthetic conceptual storage,True
2006-08-17,SB1,67.3495,synthetic_demo,synthetic conceptual storage,True
2006-08-18,SB1,67.7543,synthetic_demo,synthetic conceptual storage,True
2006-08-19,SB1,67.7543,synthetic_demo,synthetic conceptual storage,True
2006-08-20,SB1,67.914,synthetic_demo,synthetic conceptual storage,True
2006-08-21,SB1,67.8379,synthetic_demo,synthetic conceptual storage,True
2006-08-22,SB1,67.8379,synthetic_demo,synthetic conceptual storage,True
2006-08-23,SB1,67.8379,synthetic_demo,synthetic conceptual storage,True
2006-08-24,SB1,67.8379,synthetic_demo,synthetic conceptual storage,True
2006-08-25,SB1,67.9498,synthetic_demo,synthetic conceptual storage,True
2006-08-26,SB1,67.9498,synthetic_demo,synthetic conceptual storage,True
2006-08-27,SB1,67.9498,synthetic_demo,synthetic conceptual storage,True
2006-08-28,SB1,68.0061,synthetic_demo,synthetic conceptual storage,True
2006-08-29,SB1,67.9196,synthetic_demo,synthetic conceptual storage,True
2006-08-30,SB1,68.4113,synthetic_demo,synthetic conceptual storage,True
2006-08-31,SB1,68.4113,synthetic_demo,synthetic conceptual storage,True
2006-09-01,SB1,68.4357,synthetic_demo,synthetic conceptual storage,True
2006-09-02,SB1,68.4357,synthetic_demo,synthetic conceptual storage,True
2006-09-03,SB1,68.4357,synthetic_demo,synthetic conceptual storage,True
2006-09-04,SB1,68.4357,synthetic_demo,synthetic conceptual storage,True
2006-09-05,SB1,68.4357,synthetic_demo,synthetic conceptual storage,True
2006-09-06,SB1,68.4357,synthetic_demo,synthetic conceptual storage,True
2006-09-07,SB1,68.4357,synthetic_demo,synthetic conceptual storage,True
2006-09-08,SB1,68.4357,synthetic_demo,synthetic conceptual storage,True
2006-09-09,SB1,68.2314,synthetic_demo,synthetic conceptual storage,True
2006-09-10,SB1,68.2314,synthetic_demo,synthetic conceptual storage,True
2006-09-11,SB1,68.2314,synthetic_demo,synthetic conceptual storage,True
2006-09-12,SB1,68.1516,synthetic_demo,synthetic conceptual storage,True
2006-09-13,SB1,68.1516,synthetic_demo,synthetic conceptual storage,True
2006-09-14,SB1,68.2093,synthetic_demo,synthetic conceptual storage,True
2006-09-15,SB1,68.2093,synthetic_demo,synthetic conceptual storage,True
2006-09-16,SB1,68.1554,synthetic_demo,synthetic conceptual storage,True
2006-09-17,SB1,68.1918,synthetic_demo,synthetic conceptual storage,True
2006-09-18,SB1,68.1918,synthetic_demo,synthetic conceptual storage,True
2006-09-19,SB1,68.1643,synthetic_demo,synthetic conceptual storage,True
2006-09-20,SB1,68.1281,synthetic_demo,synthetic conceptual storage,True
2006-09-21,SB1,67.8042,synthetic_demo,synthetic conceptual storage,True
2006-09-22,SB1,67.664,synthetic_demo,synthetic conceptual storage,True
2006-09-23,SB1,67.3009,synthetic_demo,synthetic conceptual storage,True
2006-09-24,SB1,67.3536,synthetic_demo,synthetic conceptual storage,True
2006-09-25,SB1,67.2008,synthetic_demo,synthetic conceptual storage,True
2006-09-26,SB1,66.8901,synthetic_demo,synthetic conceptual storage,True
2006-09-27,SB1,66.7041,synthetic_demo,synthetic conceptual storage,True
2006-09-28,SB1,66.6737,synthetic_demo,synthetic conceptual storage,True
2006-09-29,SB1,66.6737,synthetic_demo,synthetic conceptual storage,True
2006-09-30,SB1,66.6737,synthetic_demo,synthetic conceptual storage,True
2006-10-01,SB1,66.1025,synthetic_demo,synthetic conceptual storage,True
2006-10-02,SB1,66.1025,synthetic_demo,synthetic conceptual storage,True
2006-10-03,SB1,65.9126,synthetic_demo,synthetic conceptual storage,True
2006-10-04,SB1,65.9126,synthetic_demo,synthetic conceptual storage,True
2006-10-05,SB1,65.5393,synthetic_demo,synthetic conceptual storage,True
2006-10-06,SB1,65.9527,synthetic_demo,synthetic conceptual storage,True
2006-10-07,SB1,66.0763,synthetic_demo,synthetic conceptual storage,True
2006-10-08,SB1,66.0763,synthetic_demo,synthetic conceptual storage,True
2006-10-09,SB1,66.0763,synthetic_demo,synthetic conceptual storage,True
2006-10-10,SB1,66.1441,synthetic_demo,synthetic conceptual storage,True
2006-10-11,SB1,65.5788,synthetic_demo,synthetic conceptual storage,True
2006-10-12,SB1,65.5788,synthetic_demo,synthetic conceptual storage,True
2006-10-13,SB1,65.5788,synthetic_demo,synthetic conceptual storage,True
2006-10-14,SB1,65.5788,synthetic_demo,synthetic conceptual storage,True
2006-10-15,SB1,65.6422,synthetic_demo,synthetic conceptual storage,True
2006-10-16,SB1,65.6916,synthetic_demo,synthetic conceptual storage,True
2006-10-17,SB1,65.6422,synthetic_demo,synthetic conceptual storage,True
2006-10-18,SB1,65.6422,synthetic_demo,synthetic conceptual storage,True
2006-10-19,SB1,65.6422,synthetic_demo,synthetic conceptual storage,True
2006-10-20,SB1,65.6422,synthetic_demo,synthetic conceptual storage,True
2006-10-21,SB1,65.6422,synthetic_demo,synthetic conceptual storage,True
2006-10-22,SB1,65.5793,synthetic_demo,synthetic conceptual storage,True
2006-10-23,SB1,65.5793,synthetic_demo,synthetic conceptual storage,True
2006-10-24,SB1,65.1643,synthetic_demo,synthetic conceptual storage,True
2006-10-25,SB1,65.1643,synthetic_demo,synthetic conceptual storage,True
2006-10-26,SB1,64.6952,synthetic_demo,synthetic conceptual storage,True
2006-10-27,SB1,64.4412,synthetic_demo,synthetic conceptual storage,True
2006-10-28,SB1,64.4412,synthetic_demo,synthetic conceptual storage,True
2006-10-29,SB1,64.4143,synthetic_demo,synthetic conceptual storage,True
2006-10-30,SB1,64.9044,synthetic_demo,synthetic conceptual storage,True
2006-10-31,SB1,64.4203,synthetic_demo,synthetic conceptual storage,True
2006-11-01,SB1,64.7646,synthetic_demo,synthetic conceptual storage,True
2006-11-02,SB1,64.7001,synthetic_demo,synthetic conceptual storage,True
2006-11-03,SB1,64.7367,synthetic_demo,synthetic conceptual storage,True
2006-11-04,SB1,64.7367,synthetic_demo,synthetic conceptual storage,True
2006-11-05,SB1,64.9295,synthetic_demo,synthetic conceptual storage,True
2006-11-06,SB1,65.0795,synthetic_demo,synthetic conceptual storage,True
2006-11-07,SB1,65.3376,synthetic_demo,synthetic conceptual storage,True
2006-11-08,SB1,65.3712,synthetic_demo,synthetic conceptual storage,True
2006-11-09,SB1,65.3712,synthetic_demo,synthetic conceptual storage,True
2006-11-10,SB1,65.3712,synthetic_demo,synthetic conceptual storage,True
2006-11-11,SB1,65.961,synthetic_demo,synthetic conceptual storage,True
2006-11-12,SB1,65.8781,synthetic_demo,synthetic conceptual storage,True
2006-11-13,SB1,65.6953,synthetic_demo,synthetic conceptual storage,True
2006-11-14,SB1,65.6953,synthetic_demo,synthetic conceptual storage,True
2006-11-15,SB1,65.5248,synthetic_demo,synthetic conceptual storage,True
2006-11-16,SB1,65.5248,synthetic_demo,synthetic conceptual storage,True
2006-11-17,SB1,65.5248,synthetic_demo,synthetic conceptual storage,True
2006-11-18,SB1,65.5248,synthetic_demo,synthetic conceptual storage,True
2006-11-19,SB1,65.5248,synthetic_demo,synthetic conceptual storage,True
2006-11-20,SB1,65.5248,synthetic_demo,synthetic conceptual storage,True
2006-11-21,SB1,65.5248,synthetic_demo,synthetic conceptual storage,True
2006-11-22,SB1,65.4807,synthetic_demo,synthetic conceptual storage,True
2006-11-23,SB1,65.4885,synthetic_demo,synthetic conceptual storage,True
2006-11-24,SB1,65.4885,synthetic_demo,synthetic conceptual storage,True
2006-11-25,SB1,65.4885,synthetic_demo,synthetic conceptual storage,True
2006-11-26,SB1,65.4885,synthetic_demo,synthetic conceptual storage,True
2006-11-27,SB1,65.4885,synthetic_demo,synthetic conceptual storage,True
2006-11-28,SB1,65.2202,synthetic_demo,synthetic conceptual storage,True
2006-11-29,SB1,64.8181,synthetic_demo,synthetic conceptual storage,True
2006-11-30,SB1,64.8181,synthetic_demo,synthetic conceptual storage,True
2006-12-01,SB1,64.9067,synthetic_demo,synthetic conceptual storage,True
2006-12-02,SB1,64.8644,synthetic_demo,synthetic conceptual storage,True
2006-12-03,SB1,65.1196,synthetic_demo,synthetic conceptual storage,True
2006-12-04,SB1,65.0509,synthetic_demo,synthetic conceptual storage,True
2006-12-05,SB1,65.3337,synthetic_demo,synthetic conceptual storage,True
2006-12-06,SB1,64.8833,synthetic_demo,synthetic conceptual storage,True
2006-12-07,SB1,64.4458,synthetic_demo,synthetic conceptual storage,True
2006-12-08,SB1,64.4458,synthetic_demo,synthetic conceptual storage,True
2006-12-09,SB1,64.3121,synthetic_demo,synthetic conceptual storage,True
2006-12-10,SB1,64.3121,synthetic_demo,synthetic conceptual storage,True
2006-12-11,SB1,64.3121,synthetic_demo,synthetic conceptual storage,True
2006-12-12,SB1,64.3121,synthetic_demo,synthetic conceptual storage,True
2006-12-13,SB1,64.135,synthetic_demo,synthetic conceptual storage,True
2006-12-14,SB1,64.135,synthetic_demo,synthetic conceptual storage,True
2006-12-15,SB1,64.135,synthetic_demo,synthetic conceptual storage,True
2006-12-16,SB1,64.135,synthetic_demo,synthetic conceptual storage,True
2006-12-17,SB1,63.4774,synthetic_demo,synthetic conceptual storage,True
2006-12-18,SB1,63.444,synthetic_demo,synthetic conceptual storage,True
2006-12-19,SB1,63.3242,synthetic_demo,synthetic conceptual storage,True
2006-12-20,SB1,63.3242,synthetic_demo,synthetic conceptual storage,True
2006-12-21,SB1,63.3242,synthetic_demo,synthetic conceptual storage,True
2006-12-22,SB1,63.3242,synthetic_demo,synthetic conceptual storage,True
2006-12-23,SB1,63.656,synthetic_demo,synthetic conceptual storage,True
2006-12-24,SB1,64.2115,synthetic_demo,synthetic conceptual storage,True
2006-12-25,SB1,64.3735,synthetic_demo,synthetic conceptual storage,True
2006-12-26,SB1,64.3735,synthetic_demo,synthetic conceptual storage,True
2006-12-27,SB1,64.3735,synthetic_demo,synthetic conceptual storage,True
2006-12-28,SB1,64.9413,synthetic_demo,synthetic conceptual storage,True
2006-12-29,SB1,64.9413,synthetic_demo,synthetic conceptual storage,True
2006-12-30,SB1,64.9413,synthetic_demo,synthetic conceptual storage,True
2006-12-31,SB1,64.9413,synthetic_demo,synthetic conceptual storage,True
2007-01-01,SB1,64.9413,synthetic_demo,synthetic conceptual storage,True
2007-01-02,SB1,64.9413,synthetic_demo,synthetic conceptual storage,True
2007-01-03,SB1,65.0731,synthetic_demo,synthetic conceptual storage,True
2007-01-04,SB1,65.0731,synthetic_demo,synthetic conceptual storage,True
2007-01-05,SB1,65.0731,synthetic_demo,synthetic conceptual storage,True
2007-01-06,SB1,65.0731,synthetic_demo,synthetic conceptual storage,True
2007-01-07,SB1,65.0731,synthetic_demo,synthetic conceptual storage,True
2007-01-08,SB1,64.9896,synthetic_demo,synthetic conceptual storage,True
2007-01-09,SB1,64.9896,synthetic_demo,synthetic conceptual storage,True
2007-01-10,SB1,64.9896,synthetic_demo,synthetic conceptual storage,True
2007-01-11,SB1,64.9896,synthetic_demo,synthetic conceptual storage,True
2007-01-12,SB1,64.9896,synthetic_demo,synthetic conceptual storage,True
2007-01-13,SB1,64.9896,synthetic_demo,synthetic conceptual storage,True
2007-01-14,SB1,64.9896,synthetic_demo,synthetic conceptual storage,True
2007-01-15,SB1,64.9896,synthetic_demo,synthetic conceptual storage,True
2007-01-16,SB1,64.9896,synthetic_demo,synthetic conceptual storage,True
2007-01-17,SB1,64.9896,synthetic_demo,synthetic conceptual storage,True
2007-01-18,SB1,64.9896,synthetic_demo,synthetic conceptual storage,True
2007-01-19,SB1,64.9896,synthetic_demo,synthetic conceptual storage,True
2007-01-20,SB1,64.9896,synthetic_demo,synthetic conceptual storage,True
2007-01-21,SB1,64.9896,synthetic_demo,synthetic conceptual storage,True
2007-01-22,SB1,64.9896,synthetic_demo,synthetic conceptual storage,True
2007-01-23,SB1,64.9896,synthetic_demo,synthetic conceptual storage,True
2007-01-24,SB1,64.9896,synthetic_demo,synthetic conceptual storage,True
2007-01-25,SB1,64.9896,synthetic_demo,synthetic conceptual storage,True
2007-01-26,SB1,65.397,synthetic_demo,synthetic conceptual storage,True
2007-01-27,SB1,65.397,synthetic_demo,synthetic conceptual storage,True
2007-01-28,SB1,65.397,synthetic_demo,synthetic conceptual storage,True
2007-01-29,SB1,65.397,synthetic_demo,synthetic conceptual storage,True
2007-01-30,SB1,65.397,synthetic_demo,synthetic conceptual storage,True
2007-01-31,SB1,65.397,synthetic_demo,synthetic conceptual storage,True
2007-02-01,SB1,65.2656,synthetic_demo,synthetic conceptual storage,True
2007-02-02,SB1,65.2656,synthetic_demo,synthetic conceptual storage,True
2007-02-03,SB1,65.2656,synthetic_demo,synthetic conceptual storage,True
2007-02-04,SB1,65.2656,synthetic_demo,synthetic conceptual storage,True
2007-02-05,SB1,65.0599,synthetic_demo,synthetic conceptual storage,True
2007-02-06,SB1,65.0599,synthetic_demo,synthetic conceptual storage,True
2007-02-07,SB1,65.0599,synthetic_demo,synthetic conceptual storage,True
2007-02-08,SB1,65.0599,synthetic_demo,synthetic conceptual storage,True
2007-02-09,SB1,65.0599,synthetic_demo,synthetic conceptual storage,True
2007-02-10,SB1,65.0599,synthetic_demo,synthetic conceptual storage,True
2007-02-11,SB1,65.0599,synthetic_demo,synthetic conceptual storage,True
2007-02-12,SB1,65.0599,synthetic_demo,synthetic conceptual storage,True
2007-02-13,SB1,65.0599,synthetic_demo,synthetic conceptual storage,True
2007-02-14,SB1,65.0599,synthetic_demo,synthetic conceptual storage,True
2007-02-15,SB1,65.0599,synthetic_demo,synthetic conceptual storage,True
2007-02-16,SB1,65.0599,synthetic_demo,synthetic conceptual storage,True
2007-02-17,SB1,65.0599,synthetic_demo,synthetic conceptual storage,True
2007-02-18,SB1,64.8877,synthetic_demo,synthetic conceptual storage,True
2007-02-19,SB1,64.8877,synthetic_demo,synthetic conceptual storage,True
2007-02-20,SB1,64.8877,synthetic_demo,synthetic conceptual storage,True
2007-02-21,SB1,64.8877,synthetic_demo,synthetic conceptual storage,True
2007-02-22,SB1,64.8877,synthetic_demo,synthetic conceptual storage,True
2007-02-23,SB1,64.8877,synthetic_demo,synthetic conceptual storage,True
2007-02-24,SB1,64.8877,synthetic_demo,synthetic conceptual storage,True
2007-02-25,SB1,64.8877,synthetic_demo,synthetic conceptual storage,True
2007-02-26,SB1,64.9595,synthetic_demo,synthetic conceptual storage,True
2007-02-27,SB1,64.9595,synthetic_demo,synthetic conceptual storage,True
2007-02-28,SB1,64.9595,synthetic_demo,synthetic conceptual storage,True
2007-03-01,SB1,64.9595,synthetic_demo,synthetic conceptual storage,True
2007-03-02,SB1,64.34,synthetic_demo,synthetic conceptual storage,True
2007-03-03,SB1,64.34,synthetic_demo,synthetic conceptual storage,True
2007-03-04,SB1,64.34,synthetic_demo,synthetic conceptual storage,True
2007-03-05,SB1,64.34,synthetic_demo,synthetic conceptual storage,True
2007-03-06,SB1,64.34,synthetic_demo,synthetic conceptual storage,True
2007-03-07,SB1,64.34,synthetic_demo,synthetic conceptual storage,True
2007-03-08,SB1,64.34,synthetic_demo,synthetic conceptual storage,True
2007-03-09,SB1,64.34,synthetic_demo,synthetic conceptual storage,True
2007-03-10,SB1,64.34,synthetic_demo,synthetic conceptual storage,True
2007-03-11,SB1,64.34,synthetic_demo,synthetic conceptual storage,True
2007-03-12,SB1,64.34,synthetic_demo,synthetic conceptual storage,True
2007-03-13,SB1,64.34,synthetic_demo,synthetic conceptual storage,True
2007-03-14,SB1,64.34,synthetic_demo,synthetic conceptual storage,True
2007-03-15,SB1,64.34,synthetic_demo,synthetic conceptual storage,True
2007-03-16,SB1,64.34,synthetic_demo,synthetic conceptual storage,True
2007-03-17,SB1,64.34,synthetic_demo,synthetic conceptual storage,True
2007-03-18,SB1,64.34,synthetic_demo,synthetic conceptual storage,True
2007-03-19,SB1,64.34,synthetic_demo,synthetic conceptual storage,True
2007-03-20,SB1,64.6929,synthetic_demo,synthetic conceptual storage,True
2007-03-21,SB1,64.6226,synthetic_demo,synthetic conceptual storage,True
2007-03-22,SB1,64.6226,synthetic_demo,synthetic conceptual storage,True
2007-03-23,SB1,64.6226,synthetic_demo,synthetic conceptual storage,True
2007-03-24,SB1,64.6226,synthetic_demo,synthetic conceptual storage,True
2007-03-25,SB1,64.6226,synthetic_demo,synthetic conceptual storage,True
2007-03-26,SB1,64.6226,synthetic_demo,synthetic conceptual storage,True
2007-03-27,SB1,64.6226,synthetic_demo,synthetic conceptual storage,True
2007-03-28,SB1,64.6226,synthetic_demo,synthetic conceptual storage,True
2007-03-29,SB1,64.6226,synthetic_demo,synthetic conceptual storage,True
2007-03-30,SB1,64.6226,synthetic_demo,synthetic conceptual storage,True
2007-03-31,SB1,64.6226,synthetic_demo,synthetic conceptual storage,True
2007-04-01,SB1,64.6226,synthetic_demo,synthetic conceptual storage,True
2007-04-02,SB1,64.6226,synthetic_demo,synthetic conceptual storage,True
2007-04-03,SB1,64.6226,synthetic_demo,synthetic conceptual storage,True
2007-04-04,SB1,64.5145,synthetic_demo,synthetic conceptual storage,True
2007-04-05,SB1,64.5145,synthetic_demo,synthetic conceptual storage,True
2007-04-06,SB1,64.5145,synthetic_demo,synthetic conceptual storage,True
2007-04-07,SB1,64.5145,synthetic_demo,synthetic conceptual storage,True
2007-04-08,SB1,64.5145,synthetic_demo,synthetic conceptual storage,True
2007-04-09,SB1,64.5145,synthetic_demo,synthetic conceptual storage,True
2007-04-10,SB1,64.5145,synthetic_demo,synthetic conceptual storage,True
2007-04-11,SB1,64.5145,synthetic_demo,synthetic conceptual storage,True
2007-04-12,SB1,64.5145,synthetic_demo,synthetic conceptual storage,True
2007-04-13,SB1,64.5145,synthetic_demo,synthetic conceptual storage,True
2007-04-14,SB1,64.5145,synthetic_demo,synthetic conceptual storage,True
2007-04-15,SB1,64.5145,synthetic_demo,synthetic conceptual storage,True
2007-04-16,SB1,64.5145,synthetic_demo,synthetic conceptual storage,True
2007-04-17,SB1,64.5145,synthetic_demo,synthetic conceptual storage,True
2007-04-18,SB1,64.5145,synthetic_demo,synthetic conceptual storage,True
2007-04-19,SB1,64.5145,synthetic_demo,synthetic conceptual storage,True
2007-04-20,SB1,64.5145,synthetic_demo,synthetic conceptual storage,True
2007-04-21,SB1,64.5145,synthetic_demo,synthetic conceptual storage,True
2007-04-22,SB1,64.5145,synthetic_demo,synthetic conceptual storage,True
2007-04-23,SB1,64.5145,synthetic_demo,synthetic conceptual storage,True
2007-04-24,SB1,65.2069,synthetic_demo,synthetic conceptual storage,True
2007-04-25,SB1,65.2069,synthetic_demo,synthetic conceptual storage,True
2007-04-26,SB1,65.2069,synthetic_demo,synthetic conceptual storage,True
2007-04-27,SB1,65.2069,synthetic_demo,synthetic conceptual storage,True
2007-04-28,SB1,64.8903,synthetic_demo,synthetic conceptual storage,True
2007-04-29,SB1,64.8903,synthetic_demo,synthetic conceptual storage,True
2007-04-30,SB1,64.8903,synthetic_demo,synthetic conceptual storage,True
2007-05-01,SB1,64.8903,synthetic_demo,synthetic conceptual storage,True
2007-05-02,SB1,64.8903,synthetic_demo,synthetic conceptual storage,True
2007-05-03,SB1,64.8903,synthetic_demo,synthetic conceptual storage,True
2007-05-04,SB1,64.8903,synthetic_demo,synthetic conceptual storage,True
2007-05-05,SB1,64.8903,synthetic_demo,synthetic conceptual storage,True
2007-05-06,SB1,64.8903,synthetic_demo,synthetic conceptual storage,True
2007-05-07,SB1,64.7739,synthetic_demo,synthetic conceptual storage,True
2007-05-08,SB1,64.7739,synthetic_demo,synthetic conceptual storage,True
2007-05-09,SB1,64.7739,synthetic_demo,synthetic conceptual storage,True
2007-05-10,SB1,64.7739,synthetic_demo,synthetic conceptual storage,True
2007-05-11,SB1,64.7739,synthetic_demo,synthetic conceptual storage,True
2007-05-12,SB1,64.7739,synthetic_demo,synthetic conceptual storage,True
2007-05-13,SB1,64.7739,synthetic_demo,synthetic conceptual storage,True
2007-05-14,SB1,64.7739,synthetic_demo,synthetic conceptual storage,True
2007-05-15,SB1,64.7739,synthetic_demo,synthetic conceptual storage,True
2007-05-16,SB1,64.7739,synthetic_demo,synthetic conceptual storage,True
2007-05-17,SB1,65.0035,synthetic_demo,synthetic conceptual storage,True
2007-05-18,SB1,65.0035,synthetic_demo,synthetic conceptual storage,True
2007-05-19,SB1,65.0035,synthetic_demo,synthetic conceptual storage,True
2007-05-20,SB1,65.0035,synthetic_demo,synthetic conceptual storage,True
2007-05-21,SB1,65.0035,synthetic_demo,synthetic conceptual storage,True
2007-05-22,SB1,65.0716,synthetic_demo,synthetic conceptual storage,True
2007-05-23,SB1,65.0716,synthetic_demo,synthetic conceptual storage,True
2007-05-24,SB1,64.4911,synthetic_demo,synthetic conceptual storage,True
2007-05-25,SB1,64.4911,synthetic_demo,synthetic conceptual storage,True
2007-05-26,SB1,64.4911,synthetic_demo,synthetic conceptual storage,True
2007-05-27,SB1,64.4911,synthetic_demo,synthetic conceptual storage,True
2007-05-28,SB1,64.4911,synthetic_demo,synthetic conceptual storage,True
2007-05-29,SB1,64.4911,synthetic_demo,synthetic conceptual storage,True
2007-05-30,SB1,64.4911,synthetic_demo,synthetic conceptual storage,True
2007-05-31,SB1,64.6019,synthetic_demo,synthetic conceptual storage,True
2007-06-01,SB1,64.6019,synthetic_demo,synthetic conceptual storage,True
2007-06-02,SB1,64.6019,synthetic_demo,synthetic conceptual storage,True
2007-06-03,SB1,64.6019,synthetic_demo,synthetic conceptual storage,True
2007-06-04,SB1,64.6019,synthetic_demo,synthetic conceptual storage,True
2007-06-05,SB1,64.6019,synthetic_demo,synthetic conceptual storage,True
2007-06-06,SB1,64.6019,synthetic_demo,synthetic conceptual storage,True
2007-06-07,SB1,64.6019,synthetic_demo,synthetic conceptual storage,True
2007-06-08,SB1,64.6019,synthetic_demo,synthetic conceptual storage,True
2007-06-09,SB1,64.6019,synthetic_demo,synthetic conceptual storage,True
2007-06-10,SB1,64.5682,synthetic_demo,synthetic conceptual storage,True
2007-06-11,SB1,64.5682,synthetic_demo,synthetic conceptual storage,True
2007-06-12,SB1,64.5682,synthetic_demo,synthetic conceptual storage,True
2007-06-13,SB1,64.1982,synthetic_demo,synthetic conceptual storage,True
2007-06-14,SB1,64.1982,synthetic_demo,synthetic conceptual storage,True
2007-06-15,SB1,64.1281,synthetic_demo,synthetic conceptual storage,True
2007-06-16,SB1,64.1281,synthetic_demo,synthetic conceptual storage,True
2007-06-17,SB1,64.7189,synthetic_demo,synthetic conceptual storage,True
2007-06-18,SB1,64.9694,synthetic_demo,synthetic conceptual storage,True
2007-06-19,SB1,64.9694,synthetic_demo,synthetic conceptual storage,True
2007-06-20,SB1,64.9694,synthetic_demo,synthetic conceptual storage,True
2007-06-21,SB1,64.9694,synthetic_demo,synthetic conceptual storage,True
2007-06-22,SB1,64.8575,synthetic_demo,synthetic conceptual storage,True
2007-06-23,SB1,64.8575,synthetic_demo,synthetic conceptual storage,True
2007-06-24,SB1,64.9777,synthetic_demo,synthetic conceptual storage,True
2007-06-25,SB1,65.0476,synthetic_demo,synthetic conceptual storage,True
2007-06-26,SB1,65.0476,synthetic_demo,synthetic conceptual storage,True
2007-06-27,SB1,65.0476,synthetic_demo,synthetic conceptual storage,True
2007-06-28,SB1,65.0476,synthetic_demo,synthetic conceptual storage,True
2007-06-29,SB1,64.4966,synthetic_demo,synthetic conceptual storage,True
2007-06-30,SB1,64.4966,synthetic_demo,synthetic conceptual storage,True
2007-07-01,SB1,64.4044,synthetic_demo,synthetic conceptual storage,True
2007-07-02,SB1,64.4044,synthetic_demo,synthetic conceptual storage,True
2007-07-03,SB1,64.4044,synthetic_demo,synthetic conceptual storage,True
2007-07-04,SB1,64.4808,synthetic_demo,synthetic conceptual storage,True
2007-07-05,SB1,64.4808,synthetic_demo,synthetic conceptual storage,True
2007-07-06,SB1,64.7008,synthetic_demo,synthetic conceptual storage,True
2007-07-07,SB1,65.1163,synthetic_demo,synthetic conceptual storage,True
2007-07-08,SB1,65.2685,synthetic_demo,synthetic conceptual storage,True
2007-07-09,SB1,65.2685,synthetic_demo,synthetic conceptual storage,True
2007-07-10,SB1,65.1937,synthetic_demo,synthetic conceptual storage,True
2007-07-11,SB1,65.3128,synthetic_demo,synthetic conceptual storage,True
2007-07-12,SB1,65.3128,synthetic_demo,synthetic conceptual storage,True
2007-07-13,SB1,65.3128,synthetic_demo,synthetic conceptual storage,True
2007-07-14,SB1,64.8436,synthetic_demo,synthetic conceptual storage,True
2007-07-15,SB1,65.5013,synthetic_demo,synthetic conceptual storage,True
2007-07-16,SB1,65.4019,synthetic_demo,synthetic conceptual storage,True
2007-07-17,SB1,64.72,synthetic_demo,synthetic conceptual storage,True
2007-07-18,SB1,64.72,synthetic_demo,synthetic conceptual storage,True
2007-07-19,SB1,64.986,synthetic_demo,synthetic conceptual storage,True
2007-07-20,SB1,64.986,synthetic_demo,synthetic conceptual storage,True
2007-07-21,SB1,64.986,synthetic_demo,synthetic conceptual storage,True
2007-07-22,SB1,64.986,synthetic_demo,synthetic conceptual storage,True
2007-07-23,SB1,64.986,synthetic_demo,synthetic conceptual storage,True
2007-07-24,SB1,64.986,synthetic_demo,synthetic conceptual storage,True
2007-07-25,SB1,65.1368,synthetic_demo,synthetic conceptual storage,True
2007-07-26,SB1,65.1368,synthetic_demo,synthetic conceptual storage,True
2007-07-27,SB1,64.8294,synthetic_demo,synthetic conceptual storage,True
2007-07-28,SB1,64.8294,synthetic_demo,synthetic conceptual storage,True
2007-07-29,SB1,64.566,synthetic_demo,synthetic conceptual storage,True
2007-07-30,SB1,64.3631,synthetic_demo,synthetic conceptual storage,True
2007-07-31,SB1,64.9847,synthetic_demo,synthetic conceptual storage,True
2007-08-01,SB1,64.9847,synthetic_demo,synthetic conceptual storage,True
2007-08-02,SB1,64.9847,synthetic_demo,synthetic conceptual storage,True
2007-08-03,SB1,65.2132,synthetic_demo,synthetic conceptual storage,True
2007-08-04,SB1,65.2132,synthetic_demo,synthetic conceptual storage,True
2007-08-05,SB1,64.899,synthetic_demo,synthetic conceptual storage,True
2007-08-06,SB1,65.0851,synthetic_demo,synthetic conceptual storage,True
2007-08-07,SB1,65.0851,synthetic_demo,synthetic conceptual storage,True
2007-08-08,SB1,64.9457,synthetic_demo,synthetic conceptual storage,True
2007-08-09,SB1,64.9457,synthetic_demo,synthetic conceptual storage,True
2007-08-10,SB1,64.9457,synthetic_demo,synthetic conceptual storage,True
2007-08-11,SB1,65.0381,synthetic_demo,synthetic conceptual storage,True
2007-08-12,SB1,65.7042,synthetic_demo,synthetic conceptual storage,True
2007-08-13,SB1,65.7042,synthetic_demo,synthetic conceptual storage,True
2007-08-14,SB1,65.7042,synthetic_demo,synthetic conceptual storage,True
2007-08-15,SB1,65.6919,synthetic_demo,synthetic conceptual storage,True
2007-08-16,SB1,65.6919,synthetic_demo,synthetic conceptual storage,True
2007-08-17,SB1,65.6919,synthetic_demo,synthetic conceptual storage,True
2007-08-18,SB1,65.2871,synthetic_demo,synthetic conceptual storage,True
2007-08-19,SB1,65.2871,synthetic_demo,synthetic conceptual storage,True
2007-08-20,SB1,65.3224,synthetic_demo,synthetic conceptual storage,True
2007-08-21,SB1,65.3224,synthetic_demo,synthetic conceptual storage,True
2007-08-22,SB1,65.4431,synthetic_demo,synthetic conceptual storage,True
2007-08-23,SB1,65.4431,synthetic_demo,synthetic conceptual storage,True
2007-08-24,SB1,66.0939,synthetic_demo,synthetic conceptual storage,True
2007-08-25,SB1,65.9821,synthetic_demo,synthetic conceptual storage,True
2007-08-26,SB1,66.0478,synthetic_demo,synthetic conceptual storage,True
2007-08-27,SB1,66.4252,synthetic_demo,synthetic conceptual storage,True
2007-08-28,SB1,66.4289,synthetic_demo,synthetic conceptual storage,True
2007-08-29,SB1,66.3965,synthetic_demo,synthetic conceptual storage,True
2007-08-30,SB1,65.9048,synthetic_demo,synthetic conceptual storage,True
2007-08-31,SB1,66.7793,synthetic_demo,synthetic conceptual storage,True
2007-09-01,SB1,66.7549,synthetic_demo,synthetic conceptual storage,True
2007-09-02,SB1,66.7549,synthetic_demo,synthetic conceptual storage,True
2007-09-03,SB1,66.7992,synthetic_demo,synthetic conceptual storage,True
2007-09-04,SB1,66.9954,synthetic_demo,synthetic conceptual storage,True
2007-09-05,SB1,67.1408,synthetic_demo,synthetic conceptual storage,True
2007-09-06,SB1,67.1408,synthetic_demo,synthetic conceptual storage,True
2007-09-07,SB1,67.3713,synthetic_demo,synthetic conceptual storage,True
2007-09-08,SB1,67.756,synthetic_demo,synthetic conceptual storage,True
2007-09-09,SB1,67.691,synthetic_demo,synthetic conceptual storage,True
2007-09-10,SB1,67.7361,synthetic_demo,synthetic conceptual storage,True
2007-09-11,SB1,67.9975,synthetic_demo,synthetic conceptual storage,True
2007-09-12,SB1,67.9546,synthetic_demo,synthetic conceptual storage,True
2007-09-13,SB1,68.0482,synthetic_demo,synthetic conceptual storage,True
2007-09-14,SB1,68.3634,synthetic_demo,synthetic conceptual storage,True
2007-09-15,SB1,68.5946,synthetic_demo,synthetic conceptual storage,True
2007-09-16,SB1,68.5946,synthetic_demo,synthetic conceptual storage,True
2007-09-17,SB1,68.5582,synthetic_demo,synthetic conceptual storage,True
2007-09-18,SB1,68.5582,synthetic_demo,synthetic conceptual storage,True
2007-09-19,SB1,68.5582,synthetic_demo,synthetic conceptual storage,True
2007-09-20,SB1,68.7524,synthetic_demo,synthetic conceptual storage,True
2007-09-21,SB1,68.7524,synthetic_demo,synthetic conceptual storage,True
2007-09-22,SB1,68.7524,synthetic_demo,synthetic conceptual storage,True
2007-09-23,SB1,68.7524,synthetic_demo,synthetic conceptual storage,True
2007-09-24,SB1,68.5292,synthetic_demo,synthetic conceptual storage,True
2007-09-25,SB1,68.8056,synthetic_demo,synthetic conceptual storage,True
2007-09-26,SB1,68.8056,synthetic_demo,synthetic conceptual storage,True
2007-09-27,SB1,68.8056,synthetic_demo,synthetic conceptual storage,True
2007-09-28,SB1,68.8056,synthetic_demo,synthetic conceptual storage,True
2007-09-29,SB1,68.9504,synthetic_demo,synthetic conceptual storage,True
2007-09-30,SB1,68.996,synthetic_demo,synthetic conceptual storage,True
2007-10-01,SB1,68.996,synthetic_demo,synthetic conceptual storage,True
2007-10-02,SB1,68.996,synthetic_demo,synthetic conceptual storage,True
2007-10-03,SB1,69.4439,synthetic_demo,synthetic conceptual storage,True
2007-10-04,SB1,69.4439,synthetic_demo,synthetic conceptual storage,True
2007-10-05,SB1,69.4439,synthetic_demo,synthetic conceptual storage,True
2007-10-06,SB1,69.0306,synthetic_demo,synthetic conceptual storage,True
2007-10-07,SB1,68.907,synthetic_demo,synthetic conceptual storage,True
2007-10-08,SB1,68.907,synthetic_demo,synthetic conceptual storage,True
2007-10-09,SB1,68.907,synthetic_demo,synthetic conceptual storage,True
2007-10-10,SB1,68.8391,synthetic_demo,synthetic conceptual storage,True
2007-10-11,SB1,68.9177,synthetic_demo,synthetic conceptual storage,True
2007-10-12,SB1,69.2376,synthetic_demo,synthetic conceptual storage,True
2007-10-13,SB1,69.2376,synthetic_demo,synthetic conceptual storage,True
2007-10-14,SB1,69.2376,synthetic_demo,synthetic conceptual storage,True
2007-10-15,SB1,68.9115,synthetic_demo,synthetic conceptual storage,True
2007-10-16,SB1,68.8622,synthetic_demo,synthetic conceptual storage,True
2007-10-17,SB1,69.2649,synthetic_demo,synthetic conceptual storage,True
2007-10-18,SB1,69.2649,synthetic_demo,synthetic conceptual storage,True
2007-10-19,SB1,69.2649,synthetic_demo,synthetic conceptual storage,True
2007-10-20,SB1,69.2649,synthetic_demo,synthetic conceptual storage,True
2007-10-21,SB1,69.2649,synthetic_demo,synthetic conceptual storage,True
2007-10-22,SB1,69.2527,synthetic_demo,synthetic conceptual storage,True
2007-10-23,SB1,69.2527,synthetic_demo,synthetic conceptual storage,True
2007-10-24,SB1,70.1971,synthetic_demo,synthetic conceptual storage,True
2007-10-25,SB1,70.1971,synthetic_demo,synthetic conceptual storage,True
2007-10-26,SB1,70.1971,synthetic_demo,synthetic conceptual storage,True
2007-10-27,SB1,70.1971,synthetic_demo,synthetic conceptual storage,True
2007-10-28,SB1,70.1971,synthetic_demo,synthetic conceptual storage,True
2007-10-29,SB1,70.3976,synthetic_demo,synthetic conceptual storage,True
2007-10-30,SB1,69.934,synthetic_demo,synthetic conceptual storage,True
2007-10-31,SB1,69.9173,synthetic_demo,synthetic conceptual storage,True
2007-11-01,SB1,69.573,synthetic_demo,synthetic conceptual storage,True
2007-11-02,SB1,69.573,synthetic_demo,synthetic conceptual storage,True
2007-11-03,SB1,69.0441,synthetic_demo,synthetic conceptual storage,True
2007-11-04,SB1,69.0441,synthetic_demo,synthetic conceptual storage,True
2007-11-05,SB1,68.8513,synthetic_demo,synthetic conceptual storage,True
2007-11-06,SB1,68.7013,synthetic_demo,synthetic conceptual storage,True
2007-11-07,SB1,68.4432,synthetic_demo,synthetic conceptual storage,True
2007-11-08,SB1,68.0333,synthetic_demo,synthetic conceptual storage,True
2007-11-09,SB1,68.1916,synthetic_demo,synthetic conceptual storage,True
2007-11-10,SB1,68.1916,synthetic_demo,synthetic conceptual storage,True
2007-11-11,SB1,67.6018,synthetic_demo,synthetic conceptual storage,True
2007-11-12,SB1,67.6018,synthetic_demo,synthetic conceptual storage,True
2007-11-13,SB1,67.4596,synthetic_demo,synthetic conceptual storage,True
2007-11-14,SB1,67.4596,synthetic_demo,synthetic conceptual storage,True
2007-11-15,SB1,67.4596,synthetic_demo,synthetic conceptual storage,True
2007-11-16,SB1,67.6746,synthetic_demo,synthetic conceptual storage,True
2007-11-17,SB1,67.6746,synthetic_demo,synthetic conceptual storage,True
2007-11-18,SB1,67.6746,synthetic_demo,synthetic conceptual storage,True
2007-11-19,SB1,67.6746,synthetic_demo,synthetic conceptual storage,True
2007-11-20,SB1,68.2269,synthetic_demo,synthetic conceptual storage,True
2007-11-21,SB1,68.8073,synthetic_demo,synthetic conceptual storage,True
2007-11-22,SB1,68.8073,synthetic_demo,synthetic conceptual storage,True
2007-11-23,SB1,68.7994,synthetic_demo,synthetic conceptual storage,True
2007-11-24,SB1,68.7994,synthetic_demo,synthetic conceptual storage,True
2007-11-25,SB1,68.7994,synthetic_demo,synthetic conceptual storage,True
2007-11-26,SB1,68.7994,synthetic_demo,synthetic conceptual storage,True
2007-11-27,SB1,68.7994,synthetic_demo,synthetic conceptual storage,True
2007-11-28,SB1,68.5157,synthetic_demo,synthetic conceptual storage,True
2007-11-29,SB1,68.5157,synthetic_demo,synthetic conceptual storage,True
2007-11-30,SB1,68.5157,synthetic_demo,synthetic conceptual storage,True
2007-12-01,SB1,68.7445,synthetic_demo,synthetic conceptual storage,True
2007-12-02,SB1,68.7445,synthetic_demo,synthetic conceptual storage,True
2007-12-03,SB1,68.1286,synthetic_demo,synthetic conceptual storage,True
2007-12-04,SB1,68.1286,synthetic_demo,synthetic conceptual storage,True
2007-12-05,SB1,67.8606,synthetic_demo,synthetic conceptual storage,True
2007-12-06,SB1,67.8606,synthetic_demo,synthetic conceptual storage,True
2007-12-07,SB1,67.8606,synthetic_demo,synthetic conceptual storage,True
2007-12-08,SB1,67.8606,synthetic_demo,synthetic conceptual storage,True
2007-12-09,SB1,67.8606,synthetic_demo,synthetic conceptual storage,True
2007-12-10,SB1,67.8606,synthetic_demo,synthetic conceptual storage,True
2007-12-11,SB1,67.8606,synthetic_demo,synthetic conceptual storage,True
2007-12-12,SB1,67.8606,synthetic_demo,synthetic conceptual storage,True
2007-12-13,SB1,68.2101,synthetic_demo,synthetic conceptual storage,True
2007-12-14,SB1,68.2101,synthetic_demo,synthetic conceptual storage,True
2007-12-15,SB1,68.2101,synthetic_demo,synthetic conceptual storage,True
2007-12-16,SB1,68.2101,synthetic_demo,synthetic conceptual storage,True
2007-12-17,SB1,68.2101,synthetic_demo,synthetic conceptual storage,True
2007-12-18,SB1,68.2101,synthetic_demo,synthetic conceptual storage,True
2007-12-19,SB1,68.4504,synthetic_demo,synthetic conceptual storage,True
2007-12-20,SB1,68.6745,synthetic_demo,synthetic conceptual storage,True
2007-12-21,SB1,68.6745,synthetic_demo,synthetic conceptual storage,True
2007-12-22,SB1,68.6745,synthetic_demo,synthetic conceptual storage,True
2007-12-23,SB1,68.3427,synthetic_demo,synthetic conceptual storage,True
2007-12-24,SB1,68.1503,synthetic_demo,synthetic conceptual storage,True
2007-12-25,SB1,67.9883,synthetic_demo,synthetic conceptual storage,True
2007-12-26,SB1,67.9883,synthetic_demo,synthetic conceptual storage,True
2007-12-27,SB1,67.9883,synthetic_demo,synthetic conceptual storage,True
2007-12-28,SB1,67.4205,synthetic_demo,synthetic conceptual storage,True
2007-12-29,SB1,67.4205,synthetic_demo,synthetic conceptual storage,True
2007-12-30,SB1,67.4205,synthetic_demo,synthetic conceptual storage,True
2007-12-31,SB1,67.4205,synthetic_demo,synthetic conceptual storage,True
2008-01-01,SB1,67.4205,synthetic_demo,synthetic conceptual storage,True
2008-01-02,SB1,67.4205,synthetic_demo,synthetic conceptual storage,True
2008-01-03,SB1,67.2887,synthetic_demo,synthetic conceptual storage,True
2008-01-04,SB1,67.2887,synthetic_demo,synthetic conceptual storage,True
2008-01-05,SB1,67.2887,synthetic_demo,synthetic conceptual storage,True
2008-01-06,SB1,67.2887,synthetic_demo,synthetic conceptual storage,True
2008-01-07,SB1,67.2887,synthetic_demo,synthetic conceptual storage,True
2008-01-08,SB1,67.2887,synthetic_demo,synthetic conceptual storage,True
2008-01-09,SB1,67.2887,synthetic_demo,synthetic conceptual storage,True
2008-01-10,SB1,67.2887,synthetic_demo,synthetic conceptual storage,True
2008-01-11,SB1,67.2887,synthetic_demo,synthetic conceptual storage,True
2008-01-12,SB1,67.2887,synthetic_demo,synthetic conceptual storage,True
2008-01-13,SB1,67.2887,synthetic_demo,synthetic conceptual storage,True
2008-01-14,SB1,67.6147,synthetic_demo,synthetic conceptual storage,True
2008-01-15,SB1,67.6147,synthetic_demo,synthetic conceptual storage,True
2008-01-16,SB1,67.6147,synthetic_demo,synthetic conceptual storage,True
2008-01-17,SB1,67.6147,synthetic_demo,synthetic conceptual storage,True
2008-01-18,SB1,67.6147,synthetic_demo,synthetic conceptual storage,True
2008-01-19,SB1,67.6147,synthetic_demo,synthetic conceptual storage,True
2008-01-20,SB1,67.6147,synthetic_demo,synthetic conceptual storage,True
2008-01-21,SB1,67.6147,synthetic_demo,synthetic conceptual storage,True
2008-01-22,SB1,67.6147,synthetic_demo,synthetic conceptual storage,True
2008-01-23,SB1,67.8272,synthetic_demo,synthetic conceptual storage,True
2008-01-24,SB1,67.8272,synthetic_demo,synthetic conceptual storage,True
2008-01-25,SB1,67.8272,synthetic_demo,synthetic conceptual storage,True
2008-01-26,SB1,67.4199,synthetic_demo,synthetic conceptual storage,True
2008-01-27,SB1,67.4199,synthetic_demo,synthetic conceptual storage,True
2008-01-28,SB1,67.6303,synthetic_demo,synthetic conceptual storage,True
2008-01-29,SB1,67.6303,synthetic_demo,synthetic conceptual storage,True
2008-01-30,SB1,67.6303,synthetic_demo,synthetic conceptual storage,True
2008-01-31,SB1,67.6303,synthetic_demo,synthetic conceptual storage,True
2008-02-01,SB1,67.6303,synthetic_demo,synthetic conceptual storage,True
2008-02-02,SB1,67.6303,synthetic_demo,synthetic conceptual storage,True
2008-02-03,SB1,67.6303,synthetic_demo,synthetic conceptual storage,True
2008-02-04,SB1,67.6303,synthetic_demo,synthetic conceptual storage,True
2008-02-05,SB1,67.7663,synthetic_demo,synthetic conceptual storage,True
2008-02-06,SB1,67.7663,synthetic_demo,synthetic conceptual storage,True
2008-02-07,SB1,67.7663,synthetic_demo,synthetic conceptual storage,True
2008-02-08,SB1,67.7663,synthetic_demo,synthetic conceptual storage,True
2008-02-09,SB1,68.0342,synthetic_demo,synthetic conceptual storage,True
2008-02-10,SB1,68.0342,synthetic_demo,synthetic conceptual storage,True
2008-02-11,SB1,68.1294,synthetic_demo,synthetic conceptual storage,True
2008-02-12,SB1,68.1294,synthetic_demo,synthetic conceptual storage,True
2008-02-13,SB1,68.1294,synthetic_demo,synthetic conceptual storage,True
2008-02-14,SB1,68.1294,synthetic_demo,synthetic conceptual storage,True
2008-02-15,SB1,68.1294,synthetic_demo,synthetic conceptual storage,True
2008-02-16,SB1,68.1294,synthetic_demo,synthetic conceptual storage,True
2008-02-17,SB1,68.1294,synthetic_demo,synthetic conceptual storage,True
2008-02-18,SB1,68.1294,synthetic_demo,synthetic conceptual storage,True
2008-02-19,SB1,68.1294,synthetic_demo,synthetic conceptual storage,True
2008-02-20,SB1,68.1294,synthetic_demo,synthetic conceptual storage,True
2008-02-21,SB1,68.1294,synthetic_demo,synthetic conceptual storage,True
2008-02-22,SB1,68.1294,synthetic_demo,synthetic conceptual storage,True
2008-02-23,SB1,68.1294,synthetic_demo,synthetic conceptual storage,True
2008-02-24,SB1,68.1294,synthetic_demo,synthetic conceptual storage,True
2008-02-25,SB1,68.1294,synthetic_demo,synthetic conceptual storage,True
2008-02-26,SB1,68.0577,synthetic_demo,synthetic conceptual storage,True
2008-02-27,SB1,68.2283,synthetic_demo,synthetic conceptual storage,True
2008-02-28,SB1,68.2283,synthetic_demo,synthetic conceptual storage,True
2008-02-29,SB1,68.2283,synthetic_demo,synthetic conceptual storage,True
2008-03-01,SB1,68.754,synthetic_demo,synthetic conceptual storage,True
2008-03-02,SB1,68.754,synthetic_demo,synthetic conceptual storage,True
2008-03-03,SB1,68.754,synthetic_demo,synthetic conceptual storage,True
2008-03-04,SB1,68.754,synthetic_demo,synthetic conceptual storage,True
2008-03-05,SB1,68.754,synthetic_demo,synthetic conceptual storage,True
2008-03-06,SB1,68.754,synthetic_demo,synthetic conceptual storage,True
2008-03-07,SB1,68.754,synthetic_demo,synthetic conceptual storage,True
2008-03-08,SB1,68.754,synthetic_demo,synthetic conceptual storage,True
2008-03-09,SB1,68.754,synthetic_demo,synthetic conceptual storage,True
2008-03-10,SB1,69.255,synthetic_demo,synthetic conceptual storage,True
2008-03-11,SB1,69.255,synthetic_demo,synthetic conceptual storage,True
2008-03-12,SB1,69.255,synthetic_demo,synthetic conceptual storage,True
2008-03-13,SB1,69.255,synthetic_demo,synthetic conceptual storage,True
2008-03-14,SB1,69.4545,synthetic_demo,synthetic conceptual storage,True
2008-03-15,SB1,69.4545,synthetic_demo,synthetic conceptual storage,True
2008-03-16,SB1,69.4545,synthetic_demo,synthetic conceptual storage,True
2008-03-17,SB1,69.4545,synthetic_demo,synthetic conceptual storage,True
2008-03-18,SB1,69.4545,synthetic_demo,synthetic conceptual storage,True
2008-03-19,SB1,69.1016,synthetic_demo,synthetic conceptual storage,True
2008-03-20,SB1,69.1016,synthetic_demo,synthetic conceptual storage,True
2008-03-21,SB1,69.1016,synthetic_demo,synthetic conceptual storage,True
2008-03-22,SB1,69.1016,synthetic_demo,synthetic conceptual storage,True
2008-03-23,SB1,69.1016,synthetic_demo,synthetic conceptual storage,True
2008-03-24,SB1,69.1016,synthetic_demo,synthetic conceptual storage,True
2008-03-25,SB1,69.1016,synthetic_demo,synthetic conceptual storage,True
2008-03-26,SB1,69.1016,synthetic_demo,synthetic conceptual storage,True
2008-03-27,SB1,69.1016,synthetic_demo,synthetic conceptual storage,True
2008-03-28,SB1,69.1016,synthetic_demo,synthetic conceptual storage,True
2008-03-29,SB1,69.1016,synthetic_demo,synthetic conceptual storage,True
2008-03-30,SB1,69.1016,synthetic_demo,synthetic conceptual storage,True
2008-03-31,SB1,69.1016,synthetic_demo,synthetic conceptual storage,True
2008-04-01,SB1,69.1016,synthetic_demo,synthetic conceptual storage,True
2008-04-02,SB1,69.1016,synthetic_demo,synthetic conceptual storage,True
2008-04-03,SB1,69.2557,synthetic_demo,synthetic conceptual storage,True
2008-04-04,SB1,69.2557,synthetic_demo,synthetic conceptual storage,True
2008-04-05,SB1,69.5373,synthetic_demo,synthetic conceptual storage,True
2008-04-06,SB1,69.5373,synthetic_demo,synthetic conceptual storage,True
2008-04-07,SB1,69.5373,synthetic_demo,synthetic conceptual storage,True
2008-04-08,SB1,69.5373,synthetic_demo,synthetic conceptual storage,True
2008-04-09,SB1,69.7402,synthetic_demo,synthetic conceptual storage,True
2008-04-10,SB1,69.7402,synthetic_demo,synthetic conceptual storage,True
2008-04-11,SB1,69.7402,synthetic_demo,synthetic conceptual storage,True
2008-04-12,SB1,69.7402,synthetic_demo,synthetic conceptual storage,True
2008-04-13,SB1,69.7402,synthetic_demo,synthetic conceptual storage,True
2008-04-14,SB1,69.7402,synthetic_demo,synthetic conceptual storage,True
2008-04-15,SB1,69.7402,synthetic_demo,synthetic conceptual storage,True
2008-04-16,SB1,69.7402,synthetic_demo,synthetic conceptual storage,True
2008-04-17,SB1,70.2802,synthetic_demo,synthetic conceptual storage,True
2008-04-18,SB1,70.2802,synthetic_demo,synthetic conceptual storage,True
2008-04-19,SB1,70.2802,synthetic_demo,synthetic conceptual storage,True
2008-04-20,SB1,70.302,synthetic_demo,synthetic conceptual storage,True
2008-04-21,SB1,70.302,synthetic_demo,synthetic conceptual storage,True
2008-04-22,SB1,70.302,synthetic_demo,synthetic conceptual storage,True
2008-04-23,SB1,69.6096,synthetic_demo,synthetic conceptual storage,True
2008-04-24,SB1,69.6096,synthetic_demo,synthetic conceptual storage,True
2008-04-25,SB1,69.6096,synthetic_demo,synthetic conceptual storage,True
2008-04-26,SB1,69.6096,synthetic_demo,synthetic conceptual storage,True
2008-04-27,SB1,69.6096,synthetic_demo,synthetic conceptual storage,True
2008-04-28,SB1,69.6096,synthetic_demo,synthetic conceptual storage,True
2008-04-29,SB1,69.6096,synthetic_demo,synthetic conceptual storage,True
2008-04-30,SB1,69.6096,synthetic_demo,synthetic conceptual storage,True
2008-05-01,SB1,69.6096,synthetic_demo,synthetic conceptual storage,True
2008-05-02,SB1,69.6096,synthetic_demo,synthetic conceptual storage,True
2008-05-03,SB1,69.6096,synthetic_demo,synthetic conceptual storage,True
2008-05-04,SB1,69.6096,synthetic_demo,synthetic conceptual storage,True
2008-05-05,SB1,69.6096,synthetic_demo,synthetic conceptual storage,True
2008-05-06,SB1,69.6096,synthetic_demo,synthetic conceptual storage,True
2008-05-07,SB1,69.6096,synthetic_demo,synthetic conceptual storage,True
2008-05-08,SB1,69.6096,synthetic_demo,synthetic conceptual storage,True
2008-05-09,SB1,69.6096,synthetic_demo,synthetic conceptual storage,True
2008-05-10,SB1,69.6096,synthetic_demo,synthetic conceptual storage,True
2008-05-11,SB1,69.7985,synthetic_demo,synthetic conceptual storage,True
2008-05-12,SB1,69.7985,synthetic_demo,synthetic conceptual storage,True
2008-05-13,SB1,69.7985,synthetic_demo,synthetic conceptual storage,True
2008-05-14,SB1,69.7985,synthetic_demo,synthetic conceptual storage,True
2008-05-15,SB1,69.7985,synthetic_demo,synthetic conceptual storage,True
2008-05-16,SB1,69.5689,synthetic_demo,synthetic conceptual storage,True
2008-05-17,SB1,69.5689,synthetic_demo,synthetic conceptual storage,True
2008-05-18,SB1,69.5689,synthetic_demo,synthetic conceptual storage,True
2008-05-19,SB1,69.5689,synthetic_demo,synthetic conceptual storage,True
2008-05-20,SB1,69.5689,synthetic_demo,synthetic conceptual storage,True
2008-05-21,SB1,69.5009,synthetic_demo,synthetic conceptual storage,True
2008-05-22,SB1,69.5009,synthetic_demo,synthetic conceptual storage,True
2008-05-23,SB1,69.5009,synthetic_demo,synthetic conceptual storage,True
2008-05-24,SB1,69.5009,synthetic_demo,synthetic conceptual storage,True
2008-05-25,SB1,69.5009,synthetic_demo,synthetic conceptual storage,True
2008-05-26,SB1,69.5009,synthetic_demo,synthetic conceptual storage,True
2008-05-27,SB1,69.5009,synthetic_demo,synthetic conceptual storage,True
2008-05-28,SB1,69.5009,synthetic_demo,synthetic conceptual storage,True
2008-05-29,SB1,69.5009,synthetic_demo,synthetic conceptual storage,True
2008-05-30,SB1,70.4012,synthetic_demo,synthetic conceptual storage,True
2008-05-31,SB1,70.4012,synthetic_demo,synthetic conceptual storage,True
2008-06-01,SB1,70.4012,synthetic_demo,synthetic conceptual storage,True
2008-06-02,SB1,70.4012,synthetic_demo,synthetic conceptual storage,True
2008-06-03,SB1,70.4012,synthetic_demo,synthetic conceptual storage,True
2008-06-04,SB1,70.6553,synthetic_demo,synthetic conceptual storage,True
2008-06-05,SB1,70.6553,synthetic_demo,synthetic conceptual storage,True
2008-06-06,SB1,70.6553,synthetic_demo,synthetic conceptual storage,True
2008-06-07,SB1,70.6553,synthetic_demo,synthetic conceptual storage,True
2008-06-08,SB1,71.0269,synthetic_demo,synthetic conceptual storage,True
2008-06-09,SB1,71.0269,synthetic_demo,synthetic conceptual storage,True
2008-06-10,SB1,71.0269,synthetic_demo,synthetic conceptual storage,True
2008-06-11,SB1,71.0269,synthetic_demo,synthetic conceptual storage,True
2008-06-12,SB1,71.0269,synthetic_demo,synthetic conceptual storage,True
2008-06-13,SB1,71.0269,synthetic_demo,synthetic conceptual storage,True
2008-06-14,SB1,71.0269,synthetic_demo,synthetic conceptual storage,True
2008-06-15,SB1,71.0269,synthetic_demo,synthetic conceptual storage,True
2008-06-16,SB1,70.1053,synthetic_demo,synthetic conceptual storage,True
2008-06-17,SB1,69.8547,synthetic_demo,synthetic conceptual storage,True
2008-06-18,SB1,69.8547,synthetic_demo,synthetic conceptual storage,True
2008-06-19,SB1,69.8547,synthetic_demo,synthetic conceptual storage,True
2008-06-20,SB1,69.8547,synthetic_demo,synthetic conceptual storage,True
2008-06-21,SB1,69.8547,synthetic_demo,synthetic conceptual storage,True
2008-06-22,SB1,70.1429,synthetic_demo,synthetic conceptual storage,True
2008-06-23,SB1,70.0227,synthetic_demo,synthetic conceptual storage,True
2008-06-24,SB1,69.9527,synthetic_demo,synthetic conceptual storage,True
2008-06-25,SB1,69.9527,synthetic_demo,synthetic conceptual storage,True
2008-06-26,SB1,69.9527,synthetic_demo,synthetic conceptual storage,True
2008-06-27,SB1,69.9527,synthetic_demo,synthetic conceptual storage,True
2008-06-28,SB1,69.9527,synthetic_demo,synthetic conceptual storage,True
2008-06-29,SB1,69.9527,synthetic_demo,synthetic conceptual storage,True
2008-06-30,SB1,69.6895,synthetic_demo,synthetic conceptual storage,True
2008-07-01,SB1,69.6895,synthetic_demo,synthetic conceptual storage,True
2008-07-02,SB1,69.8257,synthetic_demo,synthetic conceptual storage,True
2008-07-03,SB1,69.7492,synthetic_demo,synthetic conceptual storage,True
2008-07-04,SB1,69.7492,synthetic_demo,synthetic conceptual storage,True
2008-07-05,SB1,69.4935,synthetic_demo,synthetic conceptual storage,True
2008-07-06,SB1,69.532,synthetic_demo,synthetic conceptual storage,True
2008-07-07,SB1,69.3799,synthetic_demo,synthetic conceptual storage,True
2008-07-08,SB1,69.3799,synthetic_demo,synthetic conceptual storage,True
2008-07-09,SB1,69.3799,synthetic_demo,synthetic conceptual storage,True
2008-07-10,SB1,69.2608,synthetic_demo,synthetic conceptual storage,True
2008-07-11,SB1,69.3443,synthetic_demo,synthetic conceptual storage,True
2008-07-12,SB1,69.3443,synthetic_demo,synthetic conceptual storage,True
2008-07-13,SB1,69.587,synthetic_demo,synthetic conceptual storage,True
2008-07-14,SB1,68.9293,synthetic_demo,synthetic conceptual storage,True
2008-07-15,SB1,68.9293,synthetic_demo,synthetic conceptual storage,True
2008-07-16,SB1,68.9293,synthetic_demo,synthetic conceptual storage,True
2008-07-17,SB1,68.9293,synthetic_demo,synthetic conceptual storage,True
2008-07-18,SB1,68.6632,synthetic_demo,synthetic conceptual storage,True
2008-07-19,SB1,68.6632,synthetic_demo,synthetic conceptual storage,True
2008-07-20,SB1,68.6632,synthetic_demo,synthetic conceptual storage,True
2008-07-21,SB1,68.6632,synthetic_demo,synthetic conceptual storage,True
2008-07-22,SB1,68.7538,synthetic_demo,synthetic conceptual storage,True
2008-07-23,SB1,68.7538,synthetic_demo,synthetic conceptual storage,True
2008-07-24,SB1,68.603,synthetic_demo,synthetic conceptual storage,True
2008-07-25,SB1,68.603,synthetic_demo,synthetic conceptual storage,True
2008-07-26,SB1,68.603,synthetic_demo,synthetic conceptual storage,True
2008-07-27,SB1,68.603,synthetic_demo,synthetic conceptual storage,True
2008-07-28,SB1,68.4846,synthetic_demo,synthetic conceptual storage,True
2008-07-29,SB1,68.4846,synthetic_demo,synthetic conceptual storage,True
2008-07-30,SB1,67.983,synthetic_demo,synthetic conceptual storage,True
2008-07-31,SB1,68.236,synthetic_demo,synthetic conceptual storage,True
2008-08-01,SB1,68.236,synthetic_demo,synthetic conceptual storage,True
2008-08-02,SB1,68.0075,synthetic_demo,synthetic conceptual storage,True
2008-08-03,SB1,68.0075,synthetic_demo,synthetic conceptual storage,True
2008-08-04,SB1,68.2282,synthetic_demo,synthetic conceptual storage,True
2008-08-05,SB1,67.9725,synthetic_demo,synthetic conceptual storage,True
2008-08-06,SB1,67.9725,synthetic_demo,synthetic conceptual storage,True
2008-08-07,SB1,67.9141,synthetic_demo,synthetic conceptual storage,True
2008-08-08,SB1,68.2927,synthetic_demo,synthetic conceptual storage,True
2008-08-09,SB1,68.2927,synthetic_demo,synthetic conceptual storage,True
2008-08-10,SB1,68.2002,synthetic_demo,synthetic conceptual storage,True
2008-08-11,SB1,67.4927,synthetic_demo,synthetic conceptual storage,True
2008-08-12,SB1,67.6695,synthetic_demo,synthetic conceptual storage,True
2008-08-13,SB1,67.6695,synthetic_demo,synthetic conceptual storage,True
2008-08-14,SB1,67.6695,synthetic_demo,synthetic conceptual storage,True
2008-08-15,SB1,68.0458,synthetic_demo,synthetic conceptual storage,True
2008-08-16,SB1,68.0458,synthetic_demo,synthetic conceptual storage,True
2008-08-17,SB1,68.1186,synthetic_demo,synthetic conceptual storage,True
2008-08-18,SB1,68.1186,synthetic_demo,synthetic conceptual storage,True
2008-08-19,SB1,67.9237,synthetic_demo,synthetic conceptual storage,True
2008-08-20,SB1,67.9237,synthetic_demo,synthetic conceptual storage,True
2008-08-21,SB1,68.0507,synthetic_demo,synthetic conceptual storage,True
2008-08-22,SB1,68.1887,synthetic_demo,synthetic conceptual storage,True
2008-08-23,SB1,67.6716,synthetic_demo,synthetic conceptual storage,True
2008-08-24,SB1,68.2394,synthetic_demo,synthetic conceptual storage,True
2008-08-25,SB1,68.4704,synthetic_demo,synthetic conceptual storage,True
2008-08-26,SB1,68.3139,synthetic_demo,synthetic conceptual storage,True
2008-08-27,SB1,68.1663,synthetic_demo,synthetic conceptual storage,True
2008-08-28,SB1,67.8556,synthetic_demo,synthetic conceptual storage,True
2008-08-29,SB1,68.3967,synthetic_demo,synthetic conceptual storage,True
2008-08-30,SB1,67.5222,synthetic_demo,synthetic conceptual storage,True
2008-08-31,SB1,67.5222,synthetic_demo,synthetic conceptual storage,True
2008-09-01,SB1,67.5222,synthetic_demo,synthetic conceptual storage,True
2008-09-02,SB1,68.0793,synthetic_demo,synthetic conceptual storage,True
2008-09-03,SB1,67.9499,synthetic_demo,synthetic conceptual storage,True
2008-09-04,SB1,67.8045,synthetic_demo,synthetic conceptual storage,True
2008-09-05,SB1,67.9781,synthetic_demo,synthetic conceptual storage,True
2008-09-06,SB1,68.1682,synthetic_demo,synthetic conceptual storage,True
2008-09-07,SB1,68.5243,synthetic_demo,synthetic conceptual storage,True
2008-09-08,SB1,68.3932,synthetic_demo,synthetic conceptual storage,True
2008-09-09,SB1,68.7949,synthetic_demo,synthetic conceptual storage,True
2008-09-10,SB1,68.5335,synthetic_demo,synthetic conceptual storage,True
2008-09-11,SB1,68.5335,synthetic_demo,synthetic conceptual storage,True
2008-09-12,SB1,68.8349,synthetic_demo,synthetic conceptual storage,True
2008-09-13,SB1,68.3415,synthetic_demo,synthetic conceptual storage,True
2008-09-14,SB1,68.21,synthetic_demo,synthetic conceptual storage,True
2008-09-15,SB1,68.6245,synthetic_demo,synthetic conceptual storage,True
2008-09-16,SB1,68.6245,synthetic_demo,synthetic conceptual storage,True
2008-09-17,SB1,68.6245,synthetic_demo,synthetic conceptual storage,True
2008-09-18,SB1,69.2758,synthetic_demo,synthetic conceptual storage,True
2008-09-19,SB1,69.0816,synthetic_demo,synthetic conceptual storage,True
2008-09-20,SB1,69.5238,synthetic_demo,synthetic conceptual storage,True
2008-09-21,SB1,69.5238,synthetic_demo,synthetic conceptual storage,True
2008-09-22,SB1,69.5876,synthetic_demo,synthetic conceptual storage,True
2008-09-23,SB1,69.6372,synthetic_demo,synthetic conceptual storage,True
2008-09-24,SB1,69.3608,synthetic_demo,synthetic conceptual storage,True
2008-09-25,SB1,69.3608,synthetic_demo,synthetic conceptual storage,True
2008-09-26,SB1,69.3608,synthetic_demo,synthetic conceptual storage,True
2008-09-27,SB1,69.3608,synthetic_demo,synthetic conceptual storage,True
2008-09-28,SB1,69.216,synthetic_demo,synthetic conceptual storage,True
2008-09-29,SB1,69.3789,synthetic_demo,synthetic conceptual storage,True
2008-09-30,SB1,69.3789,synthetic_demo,synthetic conceptual storage,True
2008-10-01,SB1,69.5866,synthetic_demo,synthetic conceptual storage,True
2008-10-02,SB1,69.7383,synthetic_demo,synthetic conceptual storage,True
2008-10-03,SB1,70.492,synthetic_demo,synthetic conceptual storage,True
2008-10-04,SB1,70.6094,synthetic_demo,synthetic conceptual storage,True
2008-10-05,SB1,70.6094,synthetic_demo,synthetic conceptual storage,True
2008-10-06,SB1,71.0808,synthetic_demo,synthetic conceptual storage,True
2008-10-07,SB1,71.2048,synthetic_demo,synthetic conceptual storage,True
2008-10-08,SB1,71.2048,synthetic_demo,synthetic conceptual storage,True
2008-10-09,SB1,71.3038,synthetic_demo,synthetic conceptual storage,True
2008-10-10,SB1,71.2252,synthetic_demo,synthetic conceptual storage,True
2008-10-11,SB1,70.9053,synthetic_demo,synthetic conceptual storage,True
2008-10-12,SB1,71.3618,synthetic_demo,synthetic conceptual storage,True
2008-10-13,SB1,71.3618,synthetic_demo,synthetic conceptual storage,True
2008-10-14,SB1,71.3618,synthetic_demo,synthetic conceptual storage,True
2008-10-15,SB1,71.3618,synthetic_demo,synthetic conceptual storage,True
2008-10-16,SB1,70.9592,synthetic_demo,synthetic conceptual storage,True
2008-10-17,SB1,70.9592,synthetic_demo,synthetic conceptual storage,True
2008-10-18,SB1,71.3141,synthetic_demo,synthetic conceptual storage,True
2008-10-19,SB1,71.3141,synthetic_demo,synthetic conceptual storage,True
2008-10-20,SB1,71.5837,synthetic_demo,synthetic conceptual storage,True
2008-10-21,SB1,71.5837,synthetic_demo,synthetic conceptual storage,True
2008-10-22,SB1,71.5837,synthetic_demo,synthetic conceptual storage,True
2008-10-23,SB1,70.6392,synthetic_demo,synthetic conceptual storage,True
2008-10-24,SB1,70.6392,synthetic_demo,synthetic conceptual storage,True
2008-10-25,SB1,71.0487,synthetic_demo,synthetic conceptual storage,True
2008-10-26,SB1,71.0487,synthetic_demo,synthetic conceptual storage,True
2008-10-27,SB1,71.4911,synthetic_demo,synthetic conceptual storage,True
2008-10-28,SB1,71.2906,synthetic_demo,synthetic conceptual storage,True
2008-10-29,SB1,71.2641,synthetic_demo,synthetic conceptual storage,True
2008-10-30,SB1,71.2641,synthetic_demo,synthetic conceptual storage,True
2008-10-31,SB1,71.2641,synthetic_demo,synthetic conceptual storage,True
2008-11-01,SB1,71.2641,synthetic_demo,synthetic conceptual storage,True
2008-11-02,SB1,71.2641,synthetic_demo,synthetic conceptual storage,True
2008-11-03,SB1,71.2641,synthetic_demo,synthetic conceptual storage,True
2008-11-04,SB1,71.2641,synthetic_demo,synthetic conceptual storage,True
2008-11-05,SB1,71.2641,synthetic_demo,synthetic conceptual storage,True
2008-11-06,SB1,71.2641,synthetic_demo,synthetic conceptual storage,True
2008-11-07,SB1,71.2321,synthetic_demo,synthetic conceptual storage,True
2008-11-08,SB1,71.1945,synthetic_demo,synthetic conceptual storage,True
2008-11-09,SB1,71.1945,synthetic_demo,synthetic conceptual storage,True
2008-11-10,SB1,71.1945,synthetic_demo,synthetic conceptual storage,True
2008-11-11,SB1,71.1945,synthetic_demo,synthetic conceptual storage,True
2008-11-12,SB1,71.2551,synthetic_demo,synthetic conceptual storage,True
2008-11-13,SB1,71.4776,synthetic_demo,synthetic conceptual storage,True
2008-11-14,SB1,71.4776,synthetic_demo,synthetic conceptual storage,True
2008-11-15,SB1,71.2625,synthetic_demo,synthetic conceptual storage,True
2008-11-16,SB1,71.2625,synthetic_demo,synthetic conceptual storage,True
2008-11-17,SB1,71.2625,synthetic_demo,synthetic conceptual storage,True
2008-11-18,SB1,71.2625,synthetic_demo,synthetic conceptual storage,True
2008-11-19,SB1,70.7103,synthetic_demo,synthetic conceptual storage,True
2008-11-20,SB1,70.1821,synthetic_demo,synthetic conceptual storage,True
2008-11-21,SB1,70.7981,synthetic_demo,synthetic conceptual storage,True
2008-11-22,SB1,70.7981,synthetic_demo,synthetic conceptual storage,True
2008-11-23,SB1,70.7981,synthetic_demo,synthetic conceptual storage,True
2008-11-24,SB1,70.7981,synthetic_demo,synthetic conceptual storage,True
2008-11-25,SB1,71.0486,synthetic_demo,synthetic conceptual storage,True
2008-11-26,SB1,71.0486,synthetic_demo,synthetic conceptual storage,True
2008-11-27,SB1,71.0486,synthetic_demo,synthetic conceptual storage,True
2008-11-28,SB1,71.0486,synthetic_demo,synthetic conceptual storage,True
2008-11-29,SB1,71.0486,synthetic_demo,synthetic conceptual storage,True
2008-11-30,SB1,70.7313,synthetic_demo,synthetic conceptual storage,True
2008-12-01,SB1,70.7313,synthetic_demo,synthetic conceptual storage,True
2008-12-02,SB1,70.7313,synthetic_demo,synthetic conceptual storage,True
2008-12-03,SB1,70.7313,synthetic_demo,synthetic conceptual storage,True
2008-12-04,SB1,70.6037,synthetic_demo,synthetic conceptual storage,True
2008-12-05,SB1,70.6037,synthetic_demo,synthetic conceptual storage,True
2008-12-06,SB1,70.6037,synthetic_demo,synthetic conceptual storage,True
2008-12-07,SB1,70.6282,synthetic_demo,synthetic conceptual storage,True
2008-12-08,SB1,70.6282,synthetic_demo,synthetic conceptual storage,True
2008-12-09,SB1,70.6282,synthetic_demo,synthetic conceptual storage,True
2008-12-10,SB1,70.8949,synthetic_demo,synthetic conceptual storage,True
2008-12-11,SB1,70.8949,synthetic_demo,synthetic conceptual storage,True
2008-12-12,SB1,70.5455,synthetic_demo,synthetic conceptual storage,True
2008-12-13,SB1,70.5455,synthetic_demo,synthetic conceptual storage,True
2008-12-14,SB1,71.1904,synthetic_demo,synthetic conceptual storage,True
2008-12-15,SB1,71.1904,synthetic_demo,synthetic conceptual storage,True
2008-12-16,SB1,71.1904,synthetic_demo,synthetic conceptual storage,True
2008-12-17,SB1,71.1904,synthetic_demo,synthetic conceptual storage,True
2008-12-18,SB1,70.9501,synthetic_demo,synthetic conceptual storage,True
2008-12-19,SB1,70.7259,synthetic_demo,synthetic conceptual storage,True
2008-12-20,SB1,70.7259,synthetic_demo,synthetic conceptual storage,True
2008-12-21,SB1,70.7259,synthetic_demo,synthetic conceptual storage,True
2008-12-22,SB1,70.7259,synthetic_demo,synthetic conceptual storage,True
2008-12-23,SB1,70.3628,synthetic_demo,synthetic conceptual storage,True
2008-12-24,SB1,70.3628,synthetic_demo,synthetic conceptual storage,True
2008-12-25,SB1,70.6588,synthetic_demo,synthetic conceptual storage,True
2008-12-26,SB1,70.6588,synthetic_demo,synthetic conceptual storage,True
2008-12-27,SB1,70.6588,synthetic_demo,synthetic conceptual storage,True
2008-12-28,SB1,70.7356,synthetic_demo,synthetic conceptual storage,True
2008-12-29,SB1,70.7356,synthetic_demo,synthetic conceptual storage,True
2008-12-30,SB1,70.8397,synthetic_demo,synthetic conceptual storage,True
2008-12-31,SB1,70.8397,synthetic_demo,synthetic conceptual storage,True
2009-01-01,SB1,70.8397,synthetic_demo,synthetic conceptual storage,True
2009-01-02,SB1,71.2356,synthetic_demo,synthetic conceptual storage,True
2009-01-03,SB1,71.2356,synthetic_demo,synthetic conceptual storage,True
2009-01-04,SB1,71.2356,synthetic_demo,synthetic conceptual storage,True
2009-01-05,SB1,71.2356,synthetic_demo,synthetic conceptual storage,True
2009-01-06,SB1,71.2356,synthetic_demo,synthetic conceptual storage,True
2009-01-07,SB1,71.3717,synthetic_demo,synthetic conceptual storage,True
2009-01-08,SB1,71.3717,synthetic_demo,synthetic conceptual storage,True
2009-01-09,SB1,71.3717,synthetic_demo,synthetic conceptual storage,True
2009-01-10,SB1,71.3717,synthetic_demo,synthetic conceptual storage,True
2009-01-11,SB1,71.3717,synthetic_demo,synthetic conceptual storage,True
2009-01-12,SB1,71.6913,synthetic_demo,synthetic conceptual storage,True
2009-01-13,SB1,71.4249,synthetic_demo,synthetic conceptual storage,True
2009-01-14,SB1,71.4249,synthetic_demo,synthetic conceptual storage,True
2009-01-15,SB1,71.4249,synthetic_demo,synthetic conceptual storage,True
2009-01-16,SB1,71.4249,synthetic_demo,synthetic conceptual storage,True
2009-01-17,SB1,71.4249,synthetic_demo,synthetic conceptual storage,True
2009-01-18,SB1,71.4249,synthetic_demo,synthetic conceptual storage,True
2009-01-19,SB1,71.4249,synthetic_demo,synthetic conceptual storage,True
2009-01-20,SB1,71.4249,synthetic_demo,synthetic conceptual storage,True
2009-01-21,SB1,71.4249,synthetic_demo,synthetic conceptual storage,True
2009-01-22,SB1,71.2124,synthetic_demo,synthetic conceptual storage,True
2009-01-23,SB1,71.2124,synthetic_demo,synthetic conceptual storage,True
2009-01-24,SB1,71.2124,synthetic_demo,synthetic conceptual storage,True
2009-01-25,SB1,71.4522,synthetic_demo,synthetic conceptual storage,True
2009-01-26,SB1,71.4522,synthetic_demo,synthetic conceptual storage,True
2009-01-27,SB1,71.2418,synthetic_demo,synthetic conceptual storage,True
2009-01-28,SB1,71.2418,synthetic_demo,synthetic conceptual storage,True
2009-01-29,SB1,71.2418,synthetic_demo,synthetic conceptual storage,True
2009-01-30,SB1,71.2418,synthetic_demo,synthetic conceptual storage,True
2009-01-31,SB1,71.2418,synthetic_demo,synthetic conceptual storage,True
2009-02-01,SB1,71.2557,synthetic_demo,synthetic conceptual storage,True
2009-02-02,SB1,71.2557,synthetic_demo,synthetic conceptual storage,True
2009-02-03,SB1,71.2557,synthetic_demo,synthetic conceptual storage,True
2009-02-04,SB1,71.1198,synthetic_demo,synthetic conceptual storage,True
2009-02-05,SB1,71.1198,synthetic_demo,synthetic conceptual storage,True
2009-02-06,SB1,71.1198,synthetic_demo,synthetic conceptual storage,True
2009-02-07,SB1,71.1198,synthetic_demo,synthetic conceptual storage,True
2009-02-08,SB1,70.8518,synthetic_demo,synthetic conceptual storage,True
2009-02-09,SB1,70.8518,synthetic_demo,synthetic conceptual storage,True
2009-02-10,SB1,70.7566,synthetic_demo,synthetic conceptual storage,True
2009-02-11,SB1,71.4946,synthetic_demo,synthetic conceptual storage,True
2009-02-12,SB1,71.4946,synthetic_demo,synthetic conceptual storage,True
2009-02-13,SB1,71.4946,synthetic_demo,synthetic conceptual storage,True
2009-02-14,SB1,71.4946,synthetic_demo,synthetic conceptual storage,True
2009-02-15,SB1,71.4946,synthetic_demo,synthetic conceptual storage,True
2009-02-16,SB1,71.4946,synthetic_demo,synthetic conceptual storage,True
2009-02-17,SB1,71.7207,synthetic_demo,synthetic conceptual storage,True
2009-02-18,SB1,71.7207,synthetic_demo,synthetic conceptual storage,True
2009-02-19,SB1,71.7207,synthetic_demo,synthetic conceptual storage,True
2009-02-20,SB1,71.7207,synthetic_demo,synthetic conceptual storage,True
2009-02-21,SB1,71.7207,synthetic_demo,synthetic conceptual storage,True
2009-02-22,SB1,71.7207,synthetic_demo,synthetic conceptual storage,True
2009-02-23,SB1,72.2679,synthetic_demo,synthetic conceptual storage,True
2009-02-24,SB1,72.2679,synthetic_demo,synthetic conceptual storage,True
2009-02-25,SB1,73.0338,synthetic_demo,synthetic conceptual storage,True
2009-02-26,SB1,73.0162,synthetic_demo,synthetic conceptual storage,True
2009-02-27,SB1,73.0162,synthetic_demo,synthetic conceptual storage,True
2009-02-28,SB1,73.0162,synthetic_demo,synthetic conceptual storage,True
2009-03-01,SB1,72.4906,synthetic_demo,synthetic conceptual storage,True
2009-03-02,SB1,73.0276,synthetic_demo,synthetic conceptual storage,True
2009-03-03,SB1,73.0276,synthetic_demo,synthetic conceptual storage,True
2009-03-04,SB1,73.0276,synthetic_demo,synthetic conceptual storage,True
2009-03-05,SB1,73.0276,synthetic_demo,synthetic conceptual storage,True
2009-03-06,SB1,73.2772,synthetic_demo,synthetic conceptual storage,True
2009-03-07,SB1,73.2772,synthetic_demo,synthetic conceptual storage,True
2009-03-08,SB1,73.2772,synthetic_demo,synthetic conceptual storage,True
2009-03-09,SB1,73.2772,synthetic_demo,synthetic conceptual storage,True
2009-03-10,SB1,72.7762,synthetic_demo,synthetic conceptual storage,True
2009-03-11,SB1,72.7762,synthetic_demo,synthetic conceptual storage,True
2009-03-12,SB1,72.7762,synthetic_demo,synthetic conceptual storage,True
2009-03-13,SB1,72.7762,synthetic_demo,synthetic conceptual storage,True
2009-03-14,SB1,72.5767,synthetic_demo,synthetic conceptual storage,True
2009-03-15,SB1,72.5767,synthetic_demo,synthetic conceptual storage,True
2009-03-16,SB1,72.5767,synthetic_demo,synthetic conceptual storage,True
2009-03-17,SB1,72.5767,synthetic_demo,synthetic conceptual storage,True
2009-03-18,SB1,72.5767,synthetic_demo,synthetic conceptual storage,True
2009-03-19,SB1,72.6421,synthetic_demo,synthetic conceptual storage,True
2009-03-20,SB1,72.6421,synthetic_demo,synthetic conceptual storage,True
2009-03-21,SB1,72.6421,synthetic_demo,synthetic conceptual storage,True
2009-03-22,SB1,72.6421,synthetic_demo,synthetic conceptual storage,True
2009-03-23,SB1,72.6421,synthetic_demo,synthetic conceptual storage,True
2009-03-24,SB1,72.6421,synthetic_demo,synthetic conceptual storage,True
2009-03-25,SB1,72.6421,synthetic_demo,synthetic conceptual storage,True
2009-03-26,SB1,72.6421,synthetic_demo,synthetic conceptual storage,True
2009-03-27,SB1,72.6421,synthetic_demo,synthetic conceptual storage,True
2009-03-28,SB1,72.6421,synthetic_demo,synthetic conceptual storage,True
2009-03-29,SB1,73.0473,synthetic_demo,synthetic conceptual storage,True
2009-03-30,SB1,73.0473,synthetic_demo,synthetic conceptual storage,True
2009-03-31,SB1,73.0473,synthetic_demo,synthetic conceptual storage,True
2009-04-01,SB1,73.0473,synthetic_demo,synthetic conceptual storage,True
2009-04-02,SB1,73.0473,synthetic_demo,synthetic conceptual storage,True
2009-04-03,SB1,72.8932,synthetic_demo,synthetic conceptual storage,True
2009-04-04,SB1,72.8932,synthetic_demo,synthetic conceptual storage,True
2009-04-05,SB1,72.6116,synthetic_demo,synthetic conceptual storage,True
2009-04-06,SB1,72.6116,synthetic_demo,synthetic conceptual storage,True
2009-04-07,SB1,72.6116,synthetic_demo,synthetic conceptual storage,True
2009-04-08,SB1,73.0003,synthetic_demo,synthetic conceptual storage,True
2009-04-09,SB1,72.7973,synthetic_demo,synthetic conceptual storage,True
2009-04-10,SB1,72.7973,synthetic_demo,synthetic conceptual storage,True
2009-04-11,SB1,72.7973,synthetic_demo,synthetic conceptual storage,True
2009-04-12,SB1,72.7973,synthetic_demo,synthetic conceptual storage,True
2009-04-13,SB1,72.7973,synthetic_demo,synthetic conceptual storage,True
2009-04-14,SB1,72.7973,synthetic_demo,synthetic conceptual storage,True
2009-04-15,SB1,72.7973,synthetic_demo,synthetic conceptual storage,True
2009-04-16,SB1,72.7973,synthetic_demo,synthetic conceptual storage,True
2009-04-17,SB1,72.2574,synthetic_demo,synthetic conceptual storage,True
2009-04-18,SB1,72.2574,synthetic_demo,synthetic conceptual storage,True
2009-04-19,SB1,72.2574,synthetic_demo,synthetic conceptual storage,True
2009-04-20,SB1,72.2356,synthetic_demo,synthetic conceptual storage,True
2009-04-21,SB1,72.2356,synthetic_demo,synthetic conceptual storage,True
2009-04-22,SB1,72.2356,synthetic_demo,synthetic conceptual storage,True
2009-04-23,SB1,72.2356,synthetic_demo,synthetic conceptual storage,True
2009-04-24,SB1,72.2356,synthetic_demo,synthetic conceptual storage,True
2009-04-25,SB1,72.3023,synthetic_demo,synthetic conceptual storage,True
2009-04-26,SB1,72.3023,synthetic_demo,synthetic conceptual storage,True
2009-04-27,SB1,72.3023,synthetic_demo,synthetic conceptual storage,True
2009-04-28,SB1,72.3023,synthetic_demo,synthetic conceptual storage,True
2009-04-29,SB1,72.3023,synthetic_demo,synthetic conceptual storage,True
2009-04-30,SB1,72.3023,synthetic_demo,synthetic conceptual storage,True
2009-05-01,SB1,72.3023,synthetic_demo,synthetic conceptual storage,True
2009-05-02,SB1,72.3023,synthetic_demo,synthetic conceptual storage,True
2009-05-03,SB1,72.3023,synthetic_demo,synthetic conceptual storage,True
2009-05-04,SB1,72.3023,synthetic_demo,synthetic conceptual storage,True
2009-05-05,SB1,72.3023,synthetic_demo,synthetic conceptual storage,True
2009-05-06,SB1,72.3023,synthetic_demo,synthetic conceptual storage,True
2009-05-07,SB1,72.3023,synthetic_demo,synthetic conceptual storage,True
2009-05-08,SB1,72.3023,synthetic_demo,synthetic conceptual storage,True
2009-05-09,SB1,72.3023,synthetic_demo,synthetic conceptual storage,True
2009-05-10,SB1,72.3023,synthetic_demo,synthetic conceptual storage,True
2009-05-11,SB1,72.1133,synthetic_demo,synthetic conceptual storage,True
2009-05-12,SB1,72.1133,synthetic_demo,synthetic conceptual storage,True
2009-05-13,SB1,72.1133,synthetic_demo,synthetic conceptual storage,True
2009-05-14,SB1,72.1133,synthetic_demo,synthetic conceptual storage,True
2009-05-15,SB1,72.1133,synthetic_demo,synthetic conceptual storage,True
2009-05-16,SB1,72.1133,synthetic_demo,synthetic conceptual storage,True
2009-05-17,SB1,72.1133,synthetic_demo,synthetic conceptual storage,True
2009-05-18,SB1,72.2388,synthetic_demo,synthetic conceptual storage,True
2009-05-19,SB1,72.6259,synthetic_demo,synthetic conceptual storage,True
2009-05-20,SB1,72.6259,synthetic_demo,synthetic conceptual storage,True
2009-05-21,SB1,72.6259,synthetic_demo,synthetic conceptual storage,True
2009-05-22,SB1,72.6259,synthetic_demo,synthetic conceptual storage,True
2009-05-23,SB1,72.6259,synthetic_demo,synthetic conceptual storage,True
2009-05-24,SB1,72.6259,synthetic_demo,synthetic conceptual storage,True
2009-05-25,SB1,72.6259,synthetic_demo,synthetic conceptual storage,True
2009-05-26,SB1,72.6259,synthetic_demo,synthetic conceptual storage,True
2009-05-27,SB1,72.6259,synthetic_demo,synthetic conceptual storage,True
2009-05-28,SB1,72.6259,synthetic_demo,synthetic conceptual storage,True
2009-05-29,SB1,72.6259,synthetic_demo,synthetic conceptual storage,True
2009-05-30,SB1,71.6147,synthetic_demo,synthetic conceptual storage,True
2009-05-31,SB1,71.6147,synthetic_demo,synthetic conceptual storage,True
2009-06-01,SB1,71.6147,synthetic_demo,synthetic conceptual storage,True
2009-06-02,SB1,71.6147,synthetic_demo,synthetic conceptual storage,True
2009-06-03,SB1,71.6147,synthetic_demo,synthetic conceptual storage,True
2009-06-04,SB1,71.3606,synthetic_demo,synthetic conceptual storage,True
2009-06-05,SB1,71.3606,synthetic_demo,synthetic conceptual storage,True
2009-06-06,SB1,71.3606,synthetic_demo,synthetic conceptual storage,True
2009-06-07,SB1,71.3606,synthetic_demo,synthetic conceptual storage,True
2009-06-08,SB1,70.989,synthetic_demo,synthetic conceptual storage,True
2009-06-09,SB1,70.989,synthetic_demo,synthetic conceptual storage,True
2009-06-10,SB1,70.989,synthetic_demo,synthetic conceptual storage,True
2009-06-11,SB1,70.989,synthetic_demo,synthetic conceptual storage,True
2009-06-12,SB1,70.989,synthetic_demo,synthetic conceptual storage,True
2009-06-13,SB1,70.989,synthetic_demo,synthetic conceptual storage,True
2009-06-14,SB1,70.989,synthetic_demo,synthetic conceptual storage,True
2009-06-15,SB1,70.989,synthetic_demo,synthetic conceptual storage,True
2009-06-16,SB1,70.8464,synthetic_demo,synthetic conceptual storage,True
2009-06-17,SB1,70.8464,synthetic_demo,synthetic conceptual storage,True
2009-06-18,SB1,70.8464,synthetic_demo,synthetic conceptual storage,True
2009-06-19,SB1,70.8464,synthetic_demo,synthetic conceptual storage,True
2009-06-20,SB1,70.8464,synthetic_demo,synthetic conceptual storage,True
2009-06-21,SB1,70.8464,synthetic_demo,synthetic conceptual storage,True
2009-06-22,SB1,70.5582,synthetic_demo,synthetic conceptual storage,True
2009-06-23,SB1,70.5582,synthetic_demo,synthetic conceptual storage,True
2009-06-24,SB1,70.5582,synthetic_demo,synthetic conceptual storage,True
2009-06-25,SB1,70.5582,synthetic_demo,synthetic conceptual storage,True
2009-06-26,SB1,70.5582,synthetic_demo,synthetic conceptual storage,True
2009-06-27,SB1,70.5582,synthetic_demo,synthetic conceptual storage,True
2009-06-28,SB1,70.5582,synthetic_demo,synthetic conceptual storage,True
2009-06-29,SB1,70.5582,synthetic_demo,synthetic conceptual storage,True
2009-06-30,SB1,70.5582,synthetic_demo,synthetic conceptual storage,True
2009-07-01,SB1,70.5582,synthetic_demo,synthetic conceptual storage,True
2009-07-02,SB1,70.4221,synthetic_demo,synthetic conceptual storage,True
2009-07-03,SB1,70.4221,synthetic_demo,synthetic conceptual storage,True
2009-07-04,SB1,70.4221,synthetic_demo,synthetic conceptual storage,True
2009-07-05,SB1,70.4221,synthetic_demo,synthetic conceptual storage,True
2009-07-06,SB1,70.4047,synthetic_demo,synthetic conceptual storage,True
2009-07-07,SB1,70.4047,synthetic_demo,synthetic conceptual storage,True
2009-07-08,SB1,70.4047,synthetic_demo,synthetic conceptual storage,True
2009-07-09,SB1,70.4047,synthetic_demo,synthetic conceptual storage,True
2009-07-10,SB1,70.4047,synthetic_demo,synthetic conceptual storage,True
2009-07-11,SB1,70.3212,synthetic_demo,synthetic conceptual storage,True
2009-07-12,SB1,70.3212,synthetic_demo,synthetic conceptual storage,True
2009-07-13,SB1,70.0785,synthetic_demo,synthetic conceptual storage,True
2009-07-14,SB1,70.0785,synthetic_demo,synthetic conceptual storage,True
2009-07-15,SB1,70.0785,synthetic_demo,synthetic conceptual storage,True
2009-07-16,SB1,70.0785,synthetic_demo,synthetic conceptual storage,True
2009-07-17,SB1,70.2381,synthetic_demo,synthetic conceptual storage,True
2009-07-18,SB1,70.2381,synthetic_demo,synthetic conceptual storage,True
2009-07-19,SB1,70.263,synthetic_demo,synthetic conceptual storage,True
2009-07-20,SB1,70.387,synthetic_demo,synthetic conceptual storage,True
2009-07-21,SB1,70.5338,synthetic_demo,synthetic conceptual storage,True
2009-07-22,SB1,70.4432,synthetic_demo,synthetic conceptual storage,True
2009-07-23,SB1,70.4432,synthetic_demo,synthetic conceptual storage,True
2009-07-24,SB1,70.4432,synthetic_demo,synthetic conceptual storage,True
2009-07-25,SB1,70.4432,synthetic_demo,synthetic conceptual storage,True
2009-07-26,SB1,70.4432,synthetic_demo,synthetic conceptual storage,True
2009-07-27,SB1,70.4432,synthetic_demo,synthetic conceptual storage,True
2009-07-28,SB1,70.4432,synthetic_demo,synthetic conceptual storage,True
2009-07-29,SB1,70.4545,synthetic_demo,synthetic conceptual storage,True
2009-07-30,SB1,70.3584,synthetic_demo,synthetic conceptual storage,True
2009-07-31,SB1,70.2593,synthetic_demo,synthetic conceptual storage,True
2009-08-01,SB1,70.2593,synthetic_demo,synthetic conceptual storage,True
2009-08-02,SB1,70.2593,synthetic_demo,synthetic conceptual storage,True
2009-08-03,SB1,70.2593,synthetic_demo,synthetic conceptual storage,True
2009-08-04,SB1,70.2176,synthetic_demo,synthetic conceptual storage,True
2009-08-05,SB1,70.2454,synthetic_demo,synthetic conceptual storage,True
2009-08-06,SB1,70.2454,synthetic_demo,synthetic conceptual storage,True
2009-08-07,SB1,70.2454,synthetic_demo,synthetic conceptual storage,True
2009-08-08,SB1,69.8669,synthetic_demo,synthetic conceptual storage,True
2009-08-09,SB1,69.8669,synthetic_demo,synthetic conceptual storage,True
2009-08-10,SB1,70.0597,synthetic_demo,synthetic conceptual storage,True
2009-08-11,SB1,70.3147,synthetic_demo,synthetic conceptual storage,True
2009-08-12,SB1,70.1378,synthetic_demo,synthetic conceptual storage,True
2009-08-13,SB1,70.1378,synthetic_demo,synthetic conceptual storage,True
2009-08-14,SB1,70.3249,synthetic_demo,synthetic conceptual storage,True
2009-08-15,SB1,70.1014,synthetic_demo,synthetic conceptual storage,True
2009-08-16,SB1,70.1014,synthetic_demo,synthetic conceptual storage,True
2009-08-17,SB1,70.0485,synthetic_demo,synthetic conceptual storage,True
2009-08-18,SB1,70.0485,synthetic_demo,synthetic conceptual storage,True
2009-08-19,SB1,70.0485,synthetic_demo,synthetic conceptual storage,True
2009-08-20,SB1,70.0726,synthetic_demo,synthetic conceptual storage,True
2009-08-21,SB1,69.8249,synthetic_demo,synthetic conceptual storage,True
2009-08-22,SB1,69.7445,synthetic_demo,synthetic conceptual storage,True
2009-08-23,SB1,69.6703,synthetic_demo,synthetic conceptual storage,True
2009-08-24,SB1,69.1025,synthetic_demo,synthetic conceptual storage,True
2009-08-25,SB1,68.8058,synthetic_demo,synthetic conceptual storage,True
2009-08-26,SB1,68.5849,synthetic_demo,synthetic conceptual storage,True
2009-08-27,SB1,68.5406,synthetic_demo,synthetic conceptual storage,True
2009-08-28,SB1,68.5406,synthetic_demo,synthetic conceptual storage,True
2009-08-29,SB1,67.9996,synthetic_demo,synthetic conceptual storage,True
2009-08-30,SB1,68.1083,synthetic_demo,synthetic conceptual storage,True
2009-08-31,SB1,68.1083,synthetic_demo,synthetic conceptual storage,True
2009-09-01,SB1,68.1808,synthetic_demo,synthetic conceptual storage,True
2009-09-02,SB1,67.7816,synthetic_demo,synthetic conceptual storage,True
2009-09-03,SB1,67.7149,synthetic_demo,synthetic conceptual storage,True
2009-09-04,SB1,67.9338,synthetic_demo,synthetic conceptual storage,True
2009-09-05,SB1,67.8464,synthetic_demo,synthetic conceptual storage,True
2009-09-06,SB1,67.4991,synthetic_demo,synthetic conceptual storage,True
2009-09-07,SB1,66.7584,synthetic_demo,synthetic conceptual storage,True
2009-09-08,SB1,66.842,synthetic_demo,synthetic conceptual storage,True
2009-09-09,SB1,66.3952,synthetic_demo,synthetic conceptual storage,True
2009-09-10,SB1,66.3952,synthetic_demo,synthetic conceptual storage,True
2009-09-11,SB1,66.6055,synthetic_demo,synthetic conceptual storage,True
2009-09-12,SB1,66.2104,synthetic_demo,synthetic conceptual storage,True
2009-09-13,SB1,66.2104,synthetic_demo,synthetic conceptual storage,True
2009-09-14,SB1,66.1574,synthetic_demo,synthetic conceptual storage,True
2009-09-15,SB1,65.7428,synthetic_demo,synthetic conceptual storage,True
2009-09-16,SB1,66.0635,synthetic_demo,synthetic conceptual storage,True
2009-09-17,SB1,66.1944,synthetic_demo,synthetic conceptual storage,True
2009-09-18,SB1,65.5432,synthetic_demo,synthetic conceptual storage,True
2009-09-19,SB1,65.6,synthetic_demo,synthetic conceptual storage,True
2009-09-20,SB1,65.3581,synthetic_demo,synthetic conceptual storage,True
2009-09-21,SB1,65.3581,synthetic_demo,synthetic conceptual storage,True
2009-09-22,SB1,65.2943,synthetic_demo,synthetic conceptual storage,True
2009-09-23,SB1,65.3921,synthetic_demo,synthetic conceptual storage,True
2009-09-24,SB1,65.3921,synthetic_demo,synthetic conceptual storage,True
2009-09-25,SB1,65.3921,synthetic_demo,synthetic conceptual storage,True
2009-09-26,SB1,65.4805,synthetic_demo,synthetic conceptual storage,True
2009-09-27,SB1,65.5396,synthetic_demo,synthetic conceptual storage,True
2009-09-28,SB1,65.5396,synthetic_demo,synthetic conceptual storage,True
2009-09-29,SB1,65.3311,synthetic_demo,synthetic conceptual storage,True
2009-09-30,SB1,65.3311,synthetic_demo,synthetic conceptual storage,True
2009-10-01,SB1,65.1551,synthetic_demo,synthetic conceptual storage,True
2009-10-02,SB1,64.5555,synthetic_demo,synthetic conceptual storage,True
2009-10-03,SB1,64.0322,synthetic_demo,synthetic conceptual storage,True
2009-10-04,SB1,64.0056,synthetic_demo,synthetic conceptual storage,True
2009-10-05,SB1,64.3787,synthetic_demo,synthetic conceptual storage,True
2009-10-06,SB1,64.052,synthetic_demo,synthetic conceptual storage,True
2009-10-07,SB1,64.2478,synthetic_demo,synthetic conceptual storage,True
2009-10-08,SB1,64.2478,synthetic_demo,synthetic conceptual storage,True
2009-10-09,SB1,64.1488,synthetic_demo,synthetic conceptual storage,True
2009-10-10,SB1,64.2666,synthetic_demo,synthetic conceptual storage,True
2009-10-11,SB1,64.2666,synthetic_demo,synthetic conceptual storage,True
2009-10-12,SB1,63.8101,synthetic_demo,synthetic conceptual storage,True
2009-10-13,SB1,63.8101,synthetic_demo,synthetic conceptual storage,True
2009-10-14,SB1,63.8101,synthetic_demo,synthetic conceptual storage,True
2009-10-15,SB1,63.8101,synthetic_demo,synthetic conceptual storage,True
2009-10-16,SB1,64.0897,synthetic_demo,synthetic conceptual storage,True
2009-10-17,SB1,64.0897,synthetic_demo,synthetic conceptual storage,True
2009-10-18,SB1,63.7348,synthetic_demo,synthetic conceptual storage,True
2009-10-19,SB1,63.9566,synthetic_demo,synthetic conceptual storage,True
2009-10-20,SB1,63.8284,synthetic_demo,synthetic conceptual storage,True
2009-10-21,SB1,63.8284,synthetic_demo,synthetic conceptual storage,True
2009-10-22,SB1,63.8284,synthetic_demo,synthetic conceptual storage,True
2009-10-23,SB1,63.8543,synthetic_demo,synthetic conceptual storage,True
2009-10-24,SB1,63.8543,synthetic_demo,synthetic conceptual storage,True
2009-10-25,SB1,63.4449,synthetic_demo,synthetic conceptual storage,True
2009-10-26,SB1,63.4449,synthetic_demo,synthetic conceptual storage,True
2009-10-27,SB1,63.0578,synthetic_demo,synthetic conceptual storage,True
2009-10-28,SB1,63.4995,synthetic_demo,synthetic conceptual storage,True
2009-10-29,SB1,63.4995,synthetic_demo,synthetic conceptual storage,True
2009-10-30,SB1,63.4995,synthetic_demo,synthetic conceptual storage,True
2009-10-31,SB1,63.4995,synthetic_demo,synthetic conceptual storage,True
2009-11-01,SB1,63.6133,synthetic_demo,synthetic conceptual storage,True
2009-11-02,SB1,63.6133,synthetic_demo,synthetic conceptual storage,True
2009-11-03,SB1,63.6133,synthetic_demo,synthetic conceptual storage,True
2009-11-04,SB1,63.6133,synthetic_demo,synthetic conceptual storage,True
2009-11-05,SB1,63.6133,synthetic_demo,synthetic conceptual storage,True
2009-11-06,SB1,63.6605,synthetic_demo,synthetic conceptual storage,True
2009-11-07,SB1,63.6605,synthetic_demo,synthetic conceptual storage,True
2009-11-08,SB1,63.5399,synthetic_demo,synthetic conceptual storage,True
2009-11-09,SB1,63.5606,synthetic_demo,synthetic conceptual storage,True
2009-11-10,SB1,63.6454,synthetic_demo,synthetic conceptual storage,True
2009-11-11,SB1,63.6454,synthetic_demo,synthetic conceptual storage,True
2009-11-12,SB1,63.9041,synthetic_demo,synthetic conceptual storage,True
2009-11-13,SB1,63.6817,synthetic_demo,synthetic conceptual storage,True
2009-11-14,SB1,63.6817,synthetic_demo,synthetic conceptual storage,True
2009-11-15,SB1,63.6817,synthetic_demo,synthetic conceptual storage,True
2009-11-16,SB1,63.6817,synthetic_demo,synthetic conceptual storage,True
2009-11-17,SB1,63.7457,synthetic_demo,synthetic conceptual storage,True
2009-11-18,SB1,63.7457,synthetic_demo,synthetic conceptual storage,True
2009-11-19,SB1,63.7646,synthetic_demo,synthetic conceptual storage,True
2009-11-20,SB1,63.7123,synthetic_demo,synthetic conceptual storage,True
2009-11-21,SB1,63.2442,synthetic_demo,synthetic conceptual storage,True
2009-11-22,SB1,63.2442,synthetic_demo,synthetic conceptual storage,True
2009-11-23,SB1,63.2442,synthetic_demo,synthetic conceptual storage,True
2009-11-24,SB1,63.2442,synthetic_demo,synthetic conceptual storage,True
2009-11-25,SB1,62.9937,synthetic_demo,synthetic conceptual storage,True
2009-11-26,SB1,62.9937,synthetic_demo,synthetic conceptual storage,True
2009-11-27,SB1,62.9937,synthetic_demo,synthetic conceptual storage,True
2009-11-28,SB1,62.9937,synthetic_demo,synthetic conceptual storage,True
2009-11-29,SB1,62.9937,synthetic_demo,synthetic conceptual storage,True
2009-11-30,SB1,62.9937,synthetic_demo,synthetic conceptual storage,True
2009-12-01,SB1,62.9937,synthetic_demo,synthetic conceptual storage,True
2009-12-02,SB1,62.9937,synthetic_demo,synthetic conceptual storage,True
2009-12-03,SB1,62.9937,synthetic_demo,synthetic conceptual storage,True
2009-12-04,SB1,63.1303,synthetic_demo,synthetic conceptual storage,True
2009-12-05,SB1,63.1303,synthetic_demo,synthetic conceptual storage,True
2009-12-06,SB1,63.1303,synthetic_demo,synthetic conceptual storage,True
2009-12-07,SB1,63.1058,synthetic_demo,synthetic conceptual storage,True
2009-12-08,SB1,63.3543,synthetic_demo,synthetic conceptual storage,True
2009-12-09,SB1,63.3543,synthetic_demo,synthetic conceptual storage,True
2009-12-10,SB1,63.0875,synthetic_demo,synthetic conceptual storage,True
2009-12-11,SB1,63.0875,synthetic_demo,synthetic conceptual storage,True
2009-12-12,SB1,63.0875,synthetic_demo,synthetic conceptual storage,True
2009-12-13,SB1,63.1582,synthetic_demo,synthetic conceptual storage,True
2009-12-14,SB1,62.5133,synthetic_demo,synthetic conceptual storage,True
2009-12-15,SB1,62.5133,synthetic_demo,synthetic conceptual storage,True
2009-12-16,SB1,62.5133,synthetic_demo,synthetic conceptual storage,True
2009-12-17,SB1,62.878,synthetic_demo,synthetic conceptual storage,True
2009-12-18,SB1,62.878,synthetic_demo,synthetic conceptual storage,True
2009-12-19,SB1,62.878,synthetic_demo,synthetic conceptual storage,True
2009-12-20,SB1,62.878,synthetic_demo,synthetic conceptual storage,True
2009-12-21,SB1,63.1868,synthetic_demo,synthetic conceptual storage,True
2009-12-22,SB1,63.4561,synthetic_demo,synthetic conceptual storage,True
2009-12-23,SB1,63.4561,synthetic_demo,synthetic conceptual storage,True
2009-12-24,SB1,63.4561,synthetic_demo,synthetic conceptual storage,True
2009-12-25,SB1,63.1601,synthetic_demo,synthetic conceptual storage,True
2009-12-26,SB1,63.1601,synthetic_demo,synthetic conceptual storage,True
2009-12-27,SB1,63.1601,synthetic_demo,synthetic conceptual storage,True
2009-12-28,SB1,63.0833,synthetic_demo,synthetic conceptual storage,True
2009-12-29,SB1,63.0833,synthetic_demo,synthetic conceptual storage,True
2009-12-30,SB1,62.9792,synthetic_demo,synthetic conceptual storage,True
2009-12-31,SB1,62.9792,synthetic_demo,synthetic conceptual storage,True
2010-01-01,SB1,62.9792,synthetic_demo,synthetic conceptual storage,True
2010-01-02,SB1,62.671,synthetic_demo,synthetic conceptual storage,True
2010-01-03,SB1,62.671,synthetic_demo,synthetic conceptual storage,True
2010-01-04,SB1,62.671,synthetic_demo,synthetic conceptual storage,True
2010-01-05,SB1,62.671,synthetic_demo,synthetic conceptual storage,True
2010-01-06,SB1,62.671,synthetic_demo,synthetic conceptual storage,True
2010-01-07,SB1,62.5349,synthetic_demo,synthetic conceptual storage,True
2010-01-08,SB1,62.5427,synthetic_demo,synthetic conceptual storage,True
2010-01-09,SB1,62.5427,synthetic_demo,synthetic conceptual storage,True
2010-01-10,SB1,62.5427,synthetic_demo,synthetic conceptual storage,True
2010-01-11,SB1,62.5427,synthetic_demo,synthetic conceptual storage,True
2010-01-12,SB1,62.2231,synthetic_demo,synthetic conceptual storage,True
2010-01-13,SB1,62.1635,synthetic_demo,synthetic conceptual storage,True
2010-01-14,SB1,62.1635,synthetic_demo,synthetic conceptual storage,True
2010-01-15,SB1,62.1635,synthetic_demo,synthetic conceptual storage,True
2010-01-16,SB1,62.1635,synthetic_demo,synthetic conceptual storage,True
2010-01-17,SB1,62.1635,synthetic_demo,synthetic conceptual storage,True
2010-01-18,SB1,62.1635,synthetic_demo,synthetic conceptual storage,True
2010-01-19,SB1,62.1635,synthetic_demo,synthetic conceptual storage,True
2010-01-20,SB1,62.1635,synthetic_demo,synthetic conceptual storage,True
2010-01-21,SB1,62.1635,synthetic_demo,synthetic conceptual storage,True
2010-01-22,SB1,62.1635,synthetic_demo,synthetic conceptual storage,True
2010-01-23,SB1,62.1635,synthetic_demo,synthetic conceptual storage,True
2010-01-24,SB1,62.1635,synthetic_demo,synthetic conceptual storage,True
2010-01-25,SB1,61.9236,synthetic_demo,synthetic conceptual storage,True
2010-01-26,SB1,61.9236,synthetic_demo,synthetic conceptual storage,True
2010-01-27,SB1,61.9236,synthetic_demo,synthetic conceptual storage,True
2010-01-28,SB1,61.9236,synthetic_demo,synthetic conceptual storage,True
2010-01-29,SB1,61.9236,synthetic_demo,synthetic conceptual storage,True
2010-01-30,SB1,61.9236,synthetic_demo,synthetic conceptual storage,True
2010-01-31,SB1,61.9236,synthetic_demo,synthetic conceptual storage,True
2010-02-01,SB1,61.9096,synthetic_demo,synthetic conceptual storage,True
2010-02-02,SB1,61.9096,synthetic_demo,synthetic conceptual storage,True
2010-02-03,SB1,61.9096,synthetic_demo,synthetic conceptual storage,True
2010-02-04,SB1,61.9096,synthetic_demo,synthetic conceptual storage,True
2010-02-05,SB1,61.9096,synthetic_demo,synthetic conceptual storage,True
2010-02-06,SB1,61.9096,synthetic_demo,synthetic conceptual storage,True
2010-02-07,SB1,62.0959,synthetic_demo,synthetic conceptual storage,True
2010-02-08,SB1,62.0959,synthetic_demo,synthetic conceptual storage,True
2010-02-09,SB1,62.0959,synthetic_demo,synthetic conceptual storage,True
2010-02-10,SB1,62.0959,synthetic_demo,synthetic conceptual storage,True
2010-02-11,SB1,61.3578,synthetic_demo,synthetic conceptual storage,True
2010-02-12,SB1,61.3578,synthetic_demo,synthetic conceptual storage,True
2010-02-13,SB1,61.3578,synthetic_demo,synthetic conceptual storage,True
2010-02-14,SB1,61.3578,synthetic_demo,synthetic conceptual storage,True
2010-02-15,SB1,61.3578,synthetic_demo,synthetic conceptual storage,True
2010-02-16,SB1,61.3578,synthetic_demo,synthetic conceptual storage,True
2010-02-17,SB1,61.1318,synthetic_demo,synthetic conceptual storage,True
2010-02-18,SB1,61.235,synthetic_demo,synthetic conceptual storage,True
2010-02-19,SB1,61.235,synthetic_demo,synthetic conceptual storage,True
2010-02-20,SB1,61.235,synthetic_demo,synthetic conceptual storage,True
2010-02-21,SB1,61.235,synthetic_demo,synthetic conceptual storage,True
2010-02-22,SB1,61.235,synthetic_demo,synthetic conceptual storage,True
2010-02-23,SB1,60.6877,synthetic_demo,synthetic conceptual storage,True
2010-02-24,SB1,60.6877,synthetic_demo,synthetic conceptual storage,True
2010-02-25,SB1,59.9218,synthetic_demo,synthetic conceptual storage,True
2010-02-26,SB1,59.7688,synthetic_demo,synthetic conceptual storage,True
2010-02-27,SB1,59.7688,synthetic_demo,synthetic conceptual storage,True
2010-02-28,SB1,59.8382,synthetic_demo,synthetic conceptual storage,True
2010-03-01,SB1,59.8382,synthetic_demo,synthetic conceptual storage,True
2010-03-02,SB1,59.3012,synthetic_demo,synthetic conceptual storage,True
2010-03-03,SB1,59.3012,synthetic_demo,synthetic conceptual storage,True
2010-03-04,SB1,59.3012,synthetic_demo,synthetic conceptual storage,True
2010-03-05,SB1,59.3012,synthetic_demo,synthetic conceptual storage,True
2010-03-06,SB1,59.0516,synthetic_demo,synthetic conceptual storage,True
2010-03-07,SB1,59.0516,synthetic_demo,synthetic conceptual storage,True
2010-03-08,SB1,59.0516,synthetic_demo,synthetic conceptual storage,True
2010-03-09,SB1,59.0516,synthetic_demo,synthetic conceptual storage,True
2010-03-10,SB1,59.0516,synthetic_demo,synthetic conceptual storage,True
2010-03-11,SB1,59.0516,synthetic_demo,synthetic conceptual storage,True
2010-03-12,SB1,59.0516,synthetic_demo,synthetic conceptual storage,True
2010-03-13,SB1,59.0516,synthetic_demo,synthetic conceptual storage,True
2010-03-14,SB1,59.0516,synthetic_demo,synthetic conceptual storage,True
2010-03-15,SB1,59.0516,synthetic_demo,synthetic conceptual storage,True
2010-03-16,SB1,59.0516,synthetic_demo,synthetic conceptual storage,True
2010-03-17,SB1,59.0516,synthetic_demo,synthetic conceptual storage,True
2010-03-18,SB1,59.0516,synthetic_demo,synthetic conceptual storage,True
2010-03-19,SB1,58.9862,synthetic_demo,synthetic conceptual storage,True
2010-03-20,SB1,58.9862,synthetic_demo,synthetic conceptual storage,True
2010-03-21,SB1,58.9862,synthetic_demo,synthetic conceptual storage,True
2010-03-22,SB1,58.9862,synthetic_demo,synthetic conceptual storage,True
2010-03-23,SB1,58.9862,synthetic_demo,synthetic conceptual storage,True
2010-03-24,SB1,58.9862,synthetic_demo,synthetic conceptual storage,True
2010-03-25,SB1,58.9862,synthetic_demo,synthetic conceptual storage,True
2010-03-26,SB1,58.9862,synthetic_demo,synthetic conceptual storage,True
2010-03-27,SB1,58.9862,synthetic_demo,synthetic conceptual storage,True
2010-03-28,SB1,58.9862,synthetic_demo,synthetic conceptual storage,True
2010-03-29,SB1,58.581,synthetic_demo,synthetic conceptual storage,True
2010-03-30,SB1,58.581,synthetic_demo,synthetic conceptual storage,True
2010-03-31,SB1,58.581,synthetic_demo,synthetic conceptual storage,True
2010-04-01,SB1,58.581,synthetic_demo,synthetic conceptual storage,True
2010-04-02,SB1,58.581,synthetic_demo,synthetic conceptual storage,True
2010-04-03,SB1,58.8645,synthetic_demo,synthetic conceptual storage,True
2010-04-04,SB1,58.8645,synthetic_demo,synthetic conceptual storage,True
2010-04-05,SB1,58.8645,synthetic_demo,synthetic conceptual storage,True
2010-04-06,SB1,58.8645,synthetic_demo,synthetic conceptual storage,True
2010-04-07,SB1,58.8645,synthetic_demo,synthetic conceptual storage,True
2010-04-08,SB1,58.4758,synthetic_demo,synthetic conceptual storage,True
2010-04-09,SB1,58.4758,synthetic_demo,synthetic conceptual storage,True
2010-04-10,SB1,58.4758,synthetic_demo,synthetic conceptual storage,True
2010-04-11,SB1,58.4758,synthetic_demo,synthetic conceptual storage,True
2010-04-12,SB1,58.5048,synthetic_demo,synthetic conceptual storage,True
2010-04-13,SB1,58.5048,synthetic_demo,synthetic conceptual storage,True
2010-04-14,SB1,58.7909,synthetic_demo,synthetic conceptual storage,True
2010-04-15,SB1,58.7909,synthetic_demo,synthetic conceptual storage,True
2010-04-16,SB1,58.7909,synthetic_demo,synthetic conceptual storage,True
2010-04-17,SB1,58.7909,synthetic_demo,synthetic conceptual storage,True
2010-04-18,SB1,58.7909,synthetic_demo,synthetic conceptual storage,True
2010-04-19,SB1,58.7909,synthetic_demo,synthetic conceptual storage,True
2010-04-20,SB1,58.7909,synthetic_demo,synthetic conceptual storage,True
2010-04-21,SB1,58.7909,synthetic_demo,synthetic conceptual storage,True
2010-04-22,SB1,58.7909,synthetic_demo,synthetic conceptual storage,True
2010-04-23,SB1,58.7909,synthetic_demo,synthetic conceptual storage,True
2010-04-24,SB1,58.7909,synthetic_demo,synthetic conceptual storage,True
2010-04-25,SB1,58.7242,synthetic_demo,synthetic conceptual storage,True
2010-04-26,SB1,58.7242,synthetic_demo,synthetic conceptual storage,True
2010-04-27,SB1,58.7242,synthetic_demo,synthetic conceptual storage,True
2010-04-28,SB1,58.7242,synthetic_demo,synthetic conceptual storage,True
2010-04-29,SB1,58.7242,synthetic_demo,synthetic conceptual storage,True
2010-04-30,SB1,58.7242,synthetic_demo,synthetic conceptual storage,True
2010-05-01,SB1,58.7242,synthetic_demo,synthetic conceptual storage,True
2010-05-02,SB1,58.7242,synthetic_demo,synthetic conceptual storage,True
2010-05-03,SB1,58.7242,synthetic_demo,synthetic conceptual storage,True
2010-05-04,SB1,58.7242,synthetic_demo,synthetic conceptual storage,True
2010-05-05,SB1,58.7242,synthetic_demo,synthetic conceptual storage,True
2010-05-06,SB1,58.7242,synthetic_demo,synthetic conceptual storage,True
2010-05-07,SB1,58.7242,synthetic_demo,synthetic conceptual storage,True
2010-05-08,SB1,58.7242,synthetic_demo,synthetic conceptual storage,True
2010-05-09,SB1,58.7242,synthetic_demo,synthetic conceptual storage,True
2010-05-10,SB1,58.7242,synthetic_demo,synthetic conceptual storage,True
2010-05-11,SB1,58.7242,synthetic_demo,synthetic conceptual storage,True
2010-05-12,SB1,58.7242,synthetic_demo,synthetic conceptual storage,True
2010-05-13,SB1,58.7242,synthetic_demo,synthetic conceptual storage,True
2010-05-14,SB1,58.7242,synthetic_demo,synthetic conceptual storage,True
2010-05-15,SB1,58.7242,synthetic_demo,synthetic conceptual storage,True
2010-05-16,SB1,58.7242,synthetic_demo,synthetic conceptual storage,True
2010-05-17,SB1,58.7242,synthetic_demo,synthetic conceptual storage,True
2010-05-18,SB1,59.0682,synthetic_demo,synthetic conceptual storage,True
2010-05-19,SB1,58.6811,synthetic_demo,synthetic conceptual storage,True
2010-05-20,SB1,58.6811,synthetic_demo,synthetic conceptual storage,True
2010-05-21,SB1,58.6811,synthetic_demo,synthetic conceptual storage,True
2010-05-22,SB1,58.6811,synthetic_demo,synthetic conceptual storage,True
2010-05-23,SB1,58.6811,synthetic_demo,synthetic conceptual storage,True
2010-05-24,SB1,58.6811,synthetic_demo,synthetic conceptual storage,True
2010-05-25,SB1,58.6811,synthetic_demo,synthetic conceptual storage,True
2010-05-26,SB1,58.6811,synthetic_demo,synthetic conceptual storage,True
2010-05-27,SB1,58.6811,synthetic_demo,synthetic conceptual storage,True
2010-05-28,SB1,58.6811,synthetic_demo,synthetic conceptual storage,True
2010-05-29,SB1,58.6811,synthetic_demo,synthetic conceptual storage,True
2010-05-30,SB1,58.6811,synthetic_demo,synthetic conceptual storage,True
2010-05-31,SB1,58.6811,synthetic_demo,synthetic conceptual storage,True
2010-06-01,SB1,58.6811,synthetic_demo,synthetic conceptual storage,True
2010-06-02,SB1,58.6811,synthetic_demo,synthetic conceptual storage,True
2010-06-03,SB1,58.6811,synthetic_demo,synthetic conceptual storage,True
2010-06-04,SB1,58.6811,synthetic_demo,synthetic conceptual storage,True
2010-06-05,SB1,58.6811,synthetic_demo,synthetic conceptual storage,True
2010-06-06,SB1,58.6811,synthetic_demo,synthetic conceptual storage,True
2010-06-07,SB1,58.6811,synthetic_demo,synthetic conceptual storage,True
2010-06-08,SB1,58.7813,synthetic_demo,synthetic conceptual storage,True
2010-06-09,SB1,58.7813,synthetic_demo,synthetic conceptual storage,True
2010-06-10,SB1,58.7813,synthetic_demo,synthetic conceptual storage,True
2010-06-11,SB1,58.9705,synthetic_demo,synthetic conceptual storage,True
2010-06-12,SB1,58.9705,synthetic_demo,synthetic conceptual storage,True
2010-06-13,SB1,58.9705,synthetic_demo,synthetic conceptual storage,True
2010-06-14,SB1,58.9705,synthetic_demo,synthetic conceptual storage,True
2010-06-15,SB1,58.9705,synthetic_demo,synthetic conceptual storage,True
2010-06-16,SB1,58.944,synthetic_demo,synthetic conceptual storage,True
2010-06-17,SB1,59.2787,synthetic_demo,synthetic conceptual storage,True
2010-06-18,SB1,59.2787,synthetic_demo,synthetic conceptual storage,True
2010-06-19,SB1,59.2787,synthetic_demo,synthetic conceptual storage,True
2010-06-20,SB1,59.2787,synthetic_demo,synthetic conceptual storage,True
2010-06-21,SB1,59.2787,synthetic_demo,synthetic conceptual storage,True
2010-06-22,SB1,59.2787,synthetic_demo,synthetic conceptual storage,True
2010-06-23,SB1,59.2787,synthetic_demo,synthetic conceptual storage,True
2010-06-24,SB1,59.2787,synthetic_demo,synthetic conceptual storage,True
2010-06-25,SB1,59.2787,synthetic_demo,synthetic conceptual storage,True
2010-06-26,SB1,59.2787,synthetic_demo,synthetic conceptual storage,True
2010-06-27,SB1,59.2787,synthetic_demo,synthetic conceptual storage,True
2010-06-28,SB1,59.2787,synthetic_demo,synthetic conceptual storage,True
2010-06-29,SB1,59.2787,synthetic_demo,synthetic conceptual storage,True
2010-06-30,SB1,59.2787,synthetic_demo,synthetic conceptual storage,True
2010-07-01,SB1,59.2787,synthetic_demo,synthetic conceptual storage,True
2010-07-02,SB1,59.2787,synthetic_demo,synthetic conceptual storage,True
2010-07-03,SB1,59.2787,synthetic_demo,synthetic conceptual storage,True
2010-07-04,SB1,59.6301,synthetic_demo,synthetic conceptual storage,True
2010-07-05,SB1,59.6301,synthetic_demo,synthetic conceptual storage,True
2010-07-06,SB1,59.1933,synthetic_demo,synthetic conceptual storage,True
2010-07-07,SB1,59.1933,synthetic_demo,synthetic conceptual storage,True
2010-07-08,SB1,59.1933,synthetic_demo,synthetic conceptual storage,True
2010-07-09,SB1,59.2732,synthetic_demo,synthetic conceptual storage,True
2010-07-10,SB1,59.2732,synthetic_demo,synthetic conceptual storage,True
2010-07-11,SB1,59.7162,synthetic_demo,synthetic conceptual storage,True
2010-07-12,SB1,59.958,synthetic_demo,synthetic conceptual storage,True
2010-07-13,SB1,59.958,synthetic_demo,synthetic conceptual storage,True
2010-07-14,SB1,60.005,synthetic_demo,synthetic conceptual storage,True
2010-07-15,SB1,60.0169,synthetic_demo,synthetic conceptual storage,True
2010-07-16,SB1,60.0169,synthetic_demo,synthetic conceptual storage,True
2010-07-17,SB1,59.8573,synthetic_demo,synthetic conceptual storage,True
2010-07-18,SB1,59.9154,synthetic_demo,synthetic conceptual storage,True
2010-07-19,SB1,59.8904,synthetic_demo,synthetic conceptual storage,True
2010-07-20,SB1,59.7665,synthetic_demo,synthetic conceptual storage,True
2010-07-21,SB1,59.6196,synthetic_demo,synthetic conceptual storage,True
2010-07-22,SB1,59.6196,synthetic_demo,synthetic conceptual storage,True
2010-07-23,SB1,59.6196,synthetic_demo,synthetic conceptual storage,True
2010-07-24,SB1,59.6196,synthetic_demo,synthetic conceptual storage,True
2010-07-25,SB1,59.6196,synthetic_demo,synthetic conceptual storage,True
2010-07-26,SB1,59.6196,synthetic_demo,synthetic conceptual storage,True
2010-07-27,SB1,59.7511,synthetic_demo,synthetic conceptual storage,True
2010-07-28,SB1,59.7511,synthetic_demo,synthetic conceptual storage,True
2010-07-29,SB1,59.7399,synthetic_demo,synthetic conceptual storage,True
2010-07-30,SB1,59.7159,synthetic_demo,synthetic conceptual storage,True
2010-07-31,SB1,59.562,synthetic_demo,synthetic conceptual storage,True
2010-08-01,SB1,59.562,synthetic_demo,synthetic conceptual storage,True
2010-08-02,SB1,59.6986,synthetic_demo,synthetic conceptual storage,True
2010-08-03,SB1,59.8727,synthetic_demo,synthetic conceptual storage,True
2010-08-04,SB1,59.6936,synthetic_demo,synthetic conceptual storage,True
2010-08-05,SB1,59.6658,synthetic_demo,synthetic conceptual storage,True
2010-08-06,SB1,59.6658,synthetic_demo,synthetic conceptual storage,True
2010-08-07,SB1,59.9712,synthetic_demo,synthetic conceptual storage,True
2010-08-08,SB1,59.9712,synthetic_demo,synthetic conceptual storage,True
2010-08-09,SB1,60.095,synthetic_demo,synthetic conceptual storage,True
2010-08-10,SB1,59.9022,synthetic_demo,synthetic conceptual storage,True
2010-08-11,SB1,59.6472,synthetic_demo,synthetic conceptual storage,True
2010-08-12,SB1,59.6472,synthetic_demo,synthetic conceptual storage,True
2010-08-13,SB1,59.6472,synthetic_demo,synthetic conceptual storage,True
2010-08-14,SB1,59.484,synthetic_demo,synthetic conceptual storage,True
2010-08-15,SB1,59.3761,synthetic_demo,synthetic conceptual storage,True
2010-08-16,SB1,59.3761,synthetic_demo,synthetic conceptual storage,True
2010-08-17,SB1,59.6054,synthetic_demo,synthetic conceptual storage,True
2010-08-18,SB1,59.6054,synthetic_demo,synthetic conceptual storage,True
2010-08-19,SB1,59.6322,synthetic_demo,synthetic conceptual storage,True
2010-08-20,SB1,60.3057,synthetic_demo,synthetic conceptual storage,True
2010-08-21,SB1,60.5603,synthetic_demo,synthetic conceptual storage,True
2010-08-22,SB1,60.5026,synthetic_demo,synthetic conceptual storage,True
2010-08-23,SB1,60.4431,synthetic_demo,synthetic conceptual storage,True
2010-08-24,SB1,60.4431,synthetic_demo,synthetic conceptual storage,True
2010-08-25,SB1,60.4431,synthetic_demo,synthetic conceptual storage,True
2010-08-26,SB1,60.4431,synthetic_demo,synthetic conceptual storage,True
2010-08-27,SB1,61.0469,synthetic_demo,synthetic conceptual storage,True
2010-08-28,SB1,61.0469,synthetic_demo,synthetic conceptual storage,True
2010-08-29,SB1,61.0469,synthetic_demo,synthetic conceptual storage,True
2010-08-30,SB1,60.9706,synthetic_demo,synthetic conceptual storage,True
2010-08-31,SB1,60.9706,synthetic_demo,synthetic conceptual storage,True
2010-09-01,SB1,60.9153,synthetic_demo,synthetic conceptual storage,True
2010-09-02,SB1,60.7131,synthetic_demo,synthetic conceptual storage,True
2010-09-03,SB1,60.7131,synthetic_demo,synthetic conceptual storage,True
2010-09-04,SB1,60.7084,synthetic_demo,synthetic conceptual storage,True
2010-09-05,SB1,60.6222,synthetic_demo,synthetic conceptual storage,True
2010-09-06,SB1,60.5488,synthetic_demo,synthetic conceptual storage,True
2010-09-07,SB1,61.2518,synthetic_demo,synthetic conceptual storage,True
2010-09-08,SB1,61.1682,synthetic_demo,synthetic conceptual storage,True
2010-09-09,SB1,61.1798,synthetic_demo,synthetic conceptual storage,True
2010-09-10,SB1,61.2868,synthetic_demo,synthetic conceptual storage,True
2010-09-11,SB1,61.0765,synthetic_demo,synthetic conceptual storage,True
2010-09-12,SB1,61.0765,synthetic_demo,synthetic conceptual storage,True
2010-09-13,SB1,61.5987,synthetic_demo,synthetic conceptual storage,True
2010-09-14,SB1,61.5521,synthetic_demo,synthetic conceptual storage,True
2010-09-15,SB1,61.5521,synthetic_demo,synthetic conceptual storage,True
2010-09-16,SB1,61.3158,synthetic_demo,synthetic conceptual storage,True
2010-09-17,SB1,61.361,synthetic_demo,synthetic conceptual storage,True
2010-09-18,SB1,61.361,synthetic_demo,synthetic conceptual storage,True
2010-09-19,SB1,61.3476,synthetic_demo,synthetic conceptual storage,True
2010-09-20,SB1,61.3853,synthetic_demo,synthetic conceptual storage,True
2010-09-21,SB1,61.3853,synthetic_demo,synthetic conceptual storage,True
2010-09-22,SB1,61.3853,synthetic_demo,synthetic conceptual storage,True
2010-09-23,SB1,61.2379,synthetic_demo,synthetic conceptual storage,True
2010-09-24,SB1,61.4505,synthetic_demo,synthetic conceptual storage,True
2010-09-25,SB1,61.6481,synthetic_demo,synthetic conceptual storage,True
2010-09-26,SB1,61.5597,synthetic_demo,synthetic conceptual storage,True
2010-09-27,SB1,61.6731,synthetic_demo,synthetic conceptual storage,True
2010-09-28,SB1,61.7986,synthetic_demo,synthetic conceptual storage,True
2010-09-29,SB1,61.9546,synthetic_demo,synthetic conceptual storage,True
2010-09-30,SB1,61.9546,synthetic_demo,synthetic conceptual storage,True
2010-10-01,SB1,62.088,synthetic_demo,synthetic conceptual storage,True
2010-10-02,SB1,62.088,synthetic_demo,synthetic conceptual storage,True
2010-10-03,SB1,61.8575,synthetic_demo,synthetic conceptual storage,True
2010-10-04,SB1,61.8969,synthetic_demo,synthetic conceptual storage,True
2010-10-05,SB1,61.6564,synthetic_demo,synthetic conceptual storage,True
2010-10-06,SB1,61.5116,synthetic_demo,synthetic conceptual storage,True
2010-10-07,SB1,61.1919,synthetic_demo,synthetic conceptual storage,True
2010-10-08,SB1,61.1919,synthetic_demo,synthetic conceptual storage,True
2010-10-09,SB1,61.206,synthetic_demo,synthetic conceptual storage,True
2010-10-10,SB1,61.1562,synthetic_demo,synthetic conceptual storage,True
2010-10-11,SB1,61.2977,synthetic_demo,synthetic conceptual storage,True
2010-10-12,SB1,61.2977,synthetic_demo,synthetic conceptual storage,True
2010-10-13,SB1,61.2977,synthetic_demo,synthetic conceptual storage,True
2010-10-14,SB1,61.2977,synthetic_demo,synthetic conceptual storage,True
2010-10-15,SB1,61.4237,synthetic_demo,synthetic conceptual storage,True
2010-10-16,SB1,61.1441,synthetic_demo,synthetic conceptual storage,True
2010-10-17,SB1,61.1441,synthetic_demo,synthetic conceptual storage,True
2010-10-18,SB1,61.2088,synthetic_demo,synthetic conceptual storage,True
2010-10-19,SB1,60.987,synthetic_demo,synthetic conceptual storage,True
2010-10-20,SB1,60.8457,synthetic_demo,synthetic conceptual storage,True
2010-10-21,SB1,60.8457,synthetic_demo,synthetic conceptual storage,True
2010-10-22,SB1,60.8457,synthetic_demo,synthetic conceptual storage,True
2010-10-23,SB1,60.9335,synthetic_demo,synthetic conceptual storage,True
2010-10-24,SB1,60.9335,synthetic_demo,synthetic conceptual storage,True
2010-10-25,SB1,60.9335,synthetic_demo,synthetic conceptual storage,True
2010-10-26,SB1,60.9335,synthetic_demo,synthetic conceptual storage,True
2010-10-27,SB1,60.8941,synthetic_demo,synthetic conceptual storage,True
2010-10-28,SB1,60.4524,synthetic_demo,synthetic conceptual storage,True
2010-10-29,SB1,60.4524,synthetic_demo,synthetic conceptual storage,True
2010-10-30,SB1,60.4524,synthetic_demo,synthetic conceptual storage,True
2010-10-31,SB1,60.4524,synthetic_demo,synthetic conceptual storage,True
2010-11-01,SB1,60.3386,synthetic_demo,synthetic conceptual storage,True
2010-11-02,SB1,60.3386,synthetic_demo,synthetic conceptual storage,True
2010-11-03,SB1,60.3386,synthetic_demo,synthetic conceptual storage,True
2010-11-04,SB1,60.3627,synthetic_demo,synthetic conceptual storage,True
2010-11-05,SB1,60.3627,synthetic_demo,synthetic conceptual storage,True
2010-11-06,SB1,60.5013,synthetic_demo,synthetic conceptual storage,True
2010-11-07,SB1,60.5013,synthetic_demo,synthetic conceptual storage,True
2010-11-08,SB1,60.5013,synthetic_demo,synthetic conceptual storage,True
2010-11-09,SB1,60.4806,synthetic_demo,synthetic conceptual storage,True
2010-11-10,SB1,60.5167,synthetic_demo,synthetic conceptual storage,True
2010-11-11,SB1,60.5738,synthetic_demo,synthetic conceptual storage,True
2010-11-12,SB1,60.5714,synthetic_demo,synthetic conceptual storage,True
2010-11-13,SB1,60.5714,synthetic_demo,synthetic conceptual storage,True
2010-11-14,SB1,60.5714,synthetic_demo,synthetic conceptual storage,True
2010-11-15,SB1,60.6342,synthetic_demo,synthetic conceptual storage,True
2010-11-16,SB1,60.6342,synthetic_demo,synthetic conceptual storage,True
2010-11-17,SB1,61.2966,synthetic_demo,synthetic conceptual storage,True
2010-11-18,SB1,61.2966,synthetic_demo,synthetic conceptual storage,True
2010-11-19,SB1,61.2776,synthetic_demo,synthetic conceptual storage,True
2010-11-20,SB1,61.2776,synthetic_demo,synthetic conceptual storage,True
2010-11-21,SB1,61.1298,synthetic_demo,synthetic conceptual storage,True
2010-11-22,SB1,61.2529,synthetic_demo,synthetic conceptual storage,True
2010-11-23,SB1,61.3373,synthetic_demo,synthetic conceptual storage,True
2010-11-24,SB1,61.3373,synthetic_demo,synthetic conceptual storage,True
2010-11-25,SB1,61.3373,synthetic_demo,synthetic conceptual storage,True
2010-11-26,SB1,61.3373,synthetic_demo,synthetic conceptual storage,True
2010-11-27,SB1,61.3373,synthetic_demo,synthetic conceptual storage,True
2010-11-28,SB1,61.3373,synthetic_demo,synthetic conceptual storage,True
2010-11-29,SB1,61.3373,synthetic_demo,synthetic conceptual storage,True
2010-11-30,SB1,61.4408,synthetic_demo,synthetic conceptual storage,True
2010-12-01,SB1,61.4935,synthetic_demo,synthetic conceptual storage,True
2010-12-02,SB1,61.6892,synthetic_demo,synthetic conceptual storage,True
2010-12-03,SB1,61.6892,synthetic_demo,synthetic conceptual storage,True
2010-12-04,SB1,61.5526,synthetic_demo,synthetic conceptual storage,True
2010-12-05,SB1,61.5526,synthetic_demo,synthetic conceptual storage,True
2010-12-06,SB1,61.5526,synthetic_demo,synthetic conceptual storage,True
2010-12-07,SB1,61.798,synthetic_demo,synthetic conceptual storage,True
2010-12-08,SB1,61.64,synthetic_demo,synthetic conceptual storage,True
2010-12-09,SB1,61.64,synthetic_demo,synthetic conceptual storage,True
2010-12-10,SB1,61.64,synthetic_demo,synthetic conceptual storage,True
2010-12-11,SB1,61.7049,synthetic_demo,synthetic conceptual storage,True
2010-12-12,SB1,61.7433,synthetic_demo,synthetic conceptual storage,True
2010-12-13,SB1,61.6727,synthetic_demo,synthetic conceptual storage,True
2010-12-14,SB1,61.6727,synthetic_demo,synthetic conceptual storage,True
2010-12-15,SB1,61.6727,synthetic_demo,synthetic conceptual storage,True
2010-12-16,SB1,61.6727,synthetic_demo,synthetic conceptual storage,True
2010-12-17,SB1,61.3744,synthetic_demo,synthetic conceptual storage,True
2010-12-18,SB1,61.3744,synthetic_demo,synthetic conceptual storage,True
2010-12-19,SB1,61.3744,synthetic_demo,synthetic conceptual storage,True
2010-12-20,SB1,61.3744,synthetic_demo,synthetic conceptual storage,True
2010-12-21,SB1,61.0656,synthetic_demo,synthetic conceptual storage,True
2010-12-22,SB1,60.7963,synthetic_demo,synthetic conceptual storage,True
2010-12-23,SB1,60.7963,synthetic_demo,synthetic conceptual storage,True
2010-12-24,SB1,60.7963,synthetic_demo,synthetic conceptual storage,True
2010-12-25,SB1,60.7963,synthetic_demo,synthetic conceptual storage,True
2010-12-26,SB1,60.7963,synthetic_demo,synthetic conceptual storage,True
2010-12-27,SB1,60.7963,synthetic_demo,synthetic conceptual storage,True
2010-12-28,SB1,60.7963,synthetic_demo,synthetic conceptual storage,True
2010-12-29,SB1,60.7963,synthetic_demo,synthetic conceptual storage,True
2010-12-30,SB1,60.7963,synthetic_demo,synthetic conceptual storage,True
2010-12-31,SB1,60.7963,synthetic_demo,synthetic conceptual storage,True
2011-01-01,SB1,60.7963,synthetic_demo,synthetic conceptual storage,True
2011-01-02,SB1,60.7086,synthetic_demo,synthetic conceptual storage,True
2011-01-03,SB1,60.7086,synthetic_demo,synthetic conceptual storage,True
2011-01-04,SB1,60.7086,synthetic_demo,synthetic conceptual storage,True
2011-01-05,SB1,60.7086,synthetic_demo,synthetic conceptual storage,True
2011-01-06,SB1,60.7086,synthetic_demo,synthetic conceptual storage,True
2011-01-07,SB1,60.7086,synthetic_demo,synthetic conceptual storage,True
2011-01-08,SB1,60.7008,synthetic_demo,synthetic conceptual storage,True
2011-01-09,SB1,60.7008,synthetic_demo,synthetic conceptual storage,True
2011-01-10,SB1,60.7008,synthetic_demo,synthetic conceptual storage,True
2011-01-11,SB1,60.7008,synthetic_demo,synthetic conceptual storage,True
2011-01-12,SB1,60.7008,synthetic_demo,synthetic conceptual storage,True
2011-01-13,SB1,60.7008,synthetic_demo,synthetic conceptual storage,True
2011-01-14,SB1,60.7008,synthetic_demo,synthetic conceptual storage,True
2011-01-15,SB1,60.7008,synthetic_demo,synthetic conceptual storage,True
2011-01-16,SB1,60.7008,synthetic_demo,synthetic conceptual storage,True
2011-01-17,SB1,60.7008,synthetic_demo,synthetic conceptual storage,True
2011-01-18,SB1,60.7008,synthetic_demo,synthetic conceptual storage,True
2011-01-19,SB1,60.7008,synthetic_demo,synthetic conceptual storage,True
2011-01-20,SB1,60.7008,synthetic_demo,synthetic conceptual storage,True
2011-01-21,SB1,60.7008,synthetic_demo,synthetic conceptual storage,True
2011-01-22,SB1,60.7008,synthetic_demo,synthetic conceptual storage,True
2011-01-23,SB1,60.7008,synthetic_demo,synthetic conceptual storage,True
2011-01-24,SB1,60.7008,synthetic_demo,synthetic conceptual storage,True
2011-01-25,SB1,60.7895,synthetic_demo,synthetic conceptual storage,True
2011-01-26,SB1,60.7895,synthetic_demo,synthetic conceptual storage,True
2011-01-27,SB1,60.7895,synthetic_demo,synthetic conceptual storage,True
2011-01-28,SB1,60.7895,synthetic_demo,synthetic conceptual storage,True
2011-01-29,SB1,60.8779,synthetic_demo,synthetic conceptual storage,True
2011-01-30,SB1,60.8779,synthetic_demo,synthetic conceptual storage,True
2011-01-31,SB1,60.8779,synthetic_demo,synthetic conceptual storage,True
2011-02-01,SB1,60.8779,synthetic_demo,synthetic conceptual storage,True
2011-02-02,SB1,60.8779,synthetic_demo,synthetic conceptual storage,True
2011-02-03,SB1,60.8779,synthetic_demo,synthetic conceptual storage,True
2011-02-04,SB1,60.8779,synthetic_demo,synthetic conceptual storage,True
2011-02-05,SB1,60.8779,synthetic_demo,synthetic conceptual storage,True
2011-02-06,SB1,60.8779,synthetic_demo,synthetic conceptual storage,True
2011-02-07,SB1,60.6917,synthetic_demo,synthetic conceptual storage,True
2011-02-08,SB1,60.6917,synthetic_demo,synthetic conceptual storage,True
2011-02-09,SB1,60.6917,synthetic_demo,synthetic conceptual storage,True
2011-02-10,SB1,60.6917,synthetic_demo,synthetic conceptual storage,True
2011-02-11,SB1,60.6917,synthetic_demo,synthetic conceptual storage,True
2011-02-12,SB1,60.6917,synthetic_demo,synthetic conceptual storage,True
2011-02-13,SB1,60.6917,synthetic_demo,synthetic conceptual storage,True
2011-02-14,SB1,60.6917,synthetic_demo,synthetic conceptual storage,True
2011-02-15,SB1,60.6917,synthetic_demo,synthetic conceptual storage,True
2011-02-16,SB1,60.6917,synthetic_demo,synthetic conceptual storage,True
2011-02-17,SB1,60.6917,synthetic_demo,synthetic conceptual storage,True
2011-02-18,SB1,60.5885,synthetic_demo,synthetic conceptual storage,True
2011-02-19,SB1,60.5885,synthetic_demo,synthetic conceptual storage,True
2011-02-20,SB1,60.5885,synthetic_demo,synthetic conceptual storage,True
2011-02-21,SB1,60.5885,synthetic_demo,synthetic conceptual storage,True
2011-02-22,SB1,60.5885,synthetic_demo,synthetic conceptual storage,True
2011-02-23,SB1,60.8134,synthetic_demo,synthetic conceptual storage,True
2011-02-24,SB1,60.8134,synthetic_demo,synthetic conceptual storage,True
2011-02-25,SB1,60.8134,synthetic_demo,synthetic conceptual storage,True
2011-02-26,SB1,60.8134,synthetic_demo,synthetic conceptual storage,True
2011-02-27,SB1,60.8134,synthetic_demo,synthetic conceptual storage,True
2011-02-28,SB1,60.744,synthetic_demo,synthetic conceptual storage,True
2011-03-01,SB1,61.0834,synthetic_demo,synthetic conceptual storage,True
2011-03-02,SB1,61.0834,synthetic_demo,synthetic conceptual storage,True
2011-03-03,SB1,61.0834,synthetic_demo,synthetic conceptual storage,True
2011-03-04,SB1,61.1581,synthetic_demo,synthetic conceptual storage,True
2011-03-05,SB1,61.1581,synthetic_demo,synthetic conceptual storage,True
2011-03-06,SB1,61.1581,synthetic_demo,synthetic conceptual storage,True
2011-03-07,SB1,61.2435,synthetic_demo,synthetic conceptual storage,True
2011-03-08,SB1,61.2435,synthetic_demo,synthetic conceptual storage,True
2011-03-09,SB1,61.2435,synthetic_demo,synthetic conceptual storage,True
2011-03-10,SB1,61.2435,synthetic_demo,synthetic conceptual storage,True
2011-03-11,SB1,61.2435,synthetic_demo,synthetic conceptual storage,True
2011-03-12,SB1,61.2435,synthetic_demo,synthetic conceptual storage,True
2011-03-13,SB1,61.2435,synthetic_demo,synthetic conceptual storage,True
2011-03-14,SB1,61.2435,synthetic_demo,synthetic conceptual storage,True
2011-03-15,SB1,61.2435,synthetic_demo,synthetic conceptual storage,True
2011-03-16,SB1,61.2435,synthetic_demo,synthetic conceptual storage,True
2011-03-17,SB1,61.7762,synthetic_demo,synthetic conceptual storage,True
2011-03-18,SB1,61.7762,synthetic_demo,synthetic conceptual storage,True
2011-03-19,SB1,61.7762,synthetic_demo,synthetic conceptual storage,True
2011-03-20,SB1,61.7762,synthetic_demo,synthetic conceptual storage,True
2011-03-21,SB1,61.7762,synthetic_demo,synthetic conceptual storage,True
2011-03-22,SB1,61.7762,synthetic_demo,synthetic conceptual storage,True
2011-03-23,SB1,61.9025,synthetic_demo,synthetic conceptual storage,True
2011-03-24,SB1,61.9025,synthetic_demo,synthetic conceptual storage,True
2011-03-25,SB1,61.9025,synthetic_demo,synthetic conceptual storage,True
2011-03-26,SB1,61.9025,synthetic_demo,synthetic conceptual storage,True
2011-03-27,SB1,61.9025,synthetic_demo,synthetic conceptual storage,True
2011-03-28,SB1,61.9025,synthetic_demo,synthetic conceptual storage,True
2011-03-29,SB1,61.9025,synthetic_demo,synthetic conceptual storage,True
2011-03-30,SB1,61.9025,synthetic_demo,synthetic conceptual storage,True
2011-03-31,SB1,61.9025,synthetic_demo,synthetic conceptual storage,True
2011-04-01,SB1,61.9025,synthetic_demo,synthetic conceptual storage,True
2011-04-02,SB1,61.9025,synthetic_demo,synthetic conceptual storage,True
2011-04-03,SB1,61.619,synthetic_demo,synthetic conceptual storage,True
2011-04-04,SB1,61.619,synthetic_demo,synthetic conceptual storage,True
2011-04-05,SB1,61.619,synthetic_demo,synthetic conceptual storage,True
2011-04-06,SB1,61.619,synthetic_demo,synthetic conceptual storage,True
2011-04-07,SB1,61.619,synthetic_demo,synthetic conceptual storage,True
2011-04-08,SB1,61.619,synthetic_demo,synthetic conceptual storage,True
2011-04-09,SB1,61.619,synthetic_demo,synthetic conceptual storage,True
2011-04-10,SB1,61.7942,synthetic_demo,synthetic conceptual storage,True
2011-04-11,SB1,61.7942,synthetic_demo,synthetic conceptual storage,True
2011-04-12,SB1,61.7652,synthetic_demo,synthetic conceptual storage,True
2011-04-13,SB1,62.0345,synthetic_demo,synthetic conceptual storage,True
2011-04-14,SB1,61.7484,synthetic_demo,synthetic conceptual storage,True
2011-04-15,SB1,62.5597,synthetic_demo,synthetic conceptual storage,True
2011-04-16,SB1,62.5597,synthetic_demo,synthetic conceptual storage,True
2011-04-17,SB1,62.5597,synthetic_demo,synthetic conceptual storage,True
2011-04-18,SB1,62.5597,synthetic_demo,synthetic conceptual storage,True
2011-04-19,SB1,62.5597,synthetic_demo,synthetic conceptual storage,True
2011-04-20,SB1,62.6856,synthetic_demo,synthetic conceptual storage,True
2011-04-21,SB1,62.6856,synthetic_demo,synthetic conceptual storage,True
2011-04-22,SB1,62.6856,synthetic_demo,synthetic conceptual storage,True
2011-04-23,SB1,62.6856,synthetic_demo,synthetic conceptual storage,True
2011-04-24,SB1,62.7858,synthetic_demo,synthetic conceptual storage,True
2011-04-25,SB1,62.7858,synthetic_demo,synthetic conceptual storage,True
2011-04-26,SB1,62.7858,synthetic_demo,synthetic conceptual storage,True
2011-04-27,SB1,62.7858,synthetic_demo,synthetic conceptual storage,True
2011-04-28,SB1,62.8084,synthetic_demo,synthetic conceptual storage,True
2011-04-29,SB1,62.8084,synthetic_demo,synthetic conceptual storage,True
2011-04-30,SB1,62.8084,synthetic_demo,synthetic conceptual storage,True
2011-05-01,SB1,62.8084,synthetic_demo,synthetic conceptual storage,True
2011-05-02,SB1,62.8084,synthetic_demo,synthetic conceptual storage,True
2011-05-03,SB1,62.8084,synthetic_demo,synthetic conceptual storage,True
2011-05-04,SB1,62.8084,synthetic_demo,synthetic conceptual storage,True
2011-05-05,SB1,62.8084,synthetic_demo,synthetic conceptual storage,True
2011-05-06,SB1,62.8084,synthetic_demo,synthetic conceptual storage,True
2011-05-07,SB1,62.8084,synthetic_demo,synthetic conceptual storage,True
2011-05-08,SB1,63.4465,synthetic_demo,synthetic conceptual storage,True
2011-05-09,SB1,63.4465,synthetic_demo,synthetic conceptual storage,True
2011-05-10,SB1,63.4465,synthetic_demo,synthetic conceptual storage,True
2011-05-11,SB1,63.7818,synthetic_demo,synthetic conceptual storage,True
2011-05-12,SB1,63.7818,synthetic_demo,synthetic conceptual storage,True
2011-05-13,SB1,63.7818,synthetic_demo,synthetic conceptual storage,True
2011-05-14,SB1,63.7818,synthetic_demo,synthetic conceptual storage,True
2011-05-15,SB1,63.7818,synthetic_demo,synthetic conceptual storage,True
2011-05-16,SB1,63.7818,synthetic_demo,synthetic conceptual storage,True
2011-05-17,SB1,63.7818,synthetic_demo,synthetic conceptual storage,True
2011-05-18,SB1,63.3123,synthetic_demo,synthetic conceptual storage,True
2011-05-19,SB1,63.3123,synthetic_demo,synthetic conceptual storage,True
2011-05-20,SB1,63.3123,synthetic_demo,synthetic conceptual storage,True
2011-05-21,SB1,63.3123,synthetic_demo,synthetic conceptual storage,True
2011-05-22,SB1,63.3723,synthetic_demo,synthetic conceptual storage,True
2011-05-23,SB1,63.3723,synthetic_demo,synthetic conceptual storage,True
2011-05-24,SB1,63.3723,synthetic_demo,synthetic conceptual storage,True
2011-05-25,SB1,63.3723,synthetic_demo,synthetic conceptual storage,True
2011-05-26,SB1,63.3723,synthetic_demo,synthetic conceptual storage,True
2011-05-27,SB1,63.3723,synthetic_demo,synthetic conceptual storage,True
2011-05-28,SB1,63.3723,synthetic_demo,synthetic conceptual storage,True
2011-05-29,SB1,63.5091,synthetic_demo,synthetic conceptual storage,True
2011-05-30,SB1,63.5091,synthetic_demo,synthetic conceptual storage,True
2011-05-31,SB1,63.5091,synthetic_demo,synthetic conceptual storage,True
2011-06-01,SB1,63.5091,synthetic_demo,synthetic conceptual storage,True
2011-06-02,SB1,63.5091,synthetic_demo,synthetic conceptual storage,True
2011-06-03,SB1,63.5091,synthetic_demo,synthetic conceptual storage,True
2011-06-04,SB1,63.5091,synthetic_demo,synthetic conceptual storage,True
2011-06-05,SB1,63.5091,synthetic_demo,synthetic conceptual storage,True
2011-06-06,SB1,63.6716,synthetic_demo,synthetic conceptual storage,True
2011-06-07,SB1,63.6989,synthetic_demo,synthetic conceptual storage,True
2011-06-08,SB1,63.5988,synthetic_demo,synthetic conceptual storage,True
2011-06-09,SB1,63.5988,synthetic_demo,synthetic conceptual storage,True
2011-06-10,SB1,63.5988,synthetic_demo,synthetic conceptual storage,True
2011-06-11,SB1,63.4095,synthetic_demo,synthetic conceptual storage,True
2011-06-12,SB1,63.4095,synthetic_demo,synthetic conceptual storage,True
2011-06-13,SB1,63.4095,synthetic_demo,synthetic conceptual storage,True
2011-06-14,SB1,63.4095,synthetic_demo,synthetic conceptual storage,True
2011-06-15,SB1,63.4095,synthetic_demo,synthetic conceptual storage,True
2011-06-16,SB1,63.4095,synthetic_demo,synthetic conceptual storage,True
2011-06-17,SB1,63.0749,synthetic_demo,synthetic conceptual storage,True
2011-06-18,SB1,63.0749,synthetic_demo,synthetic conceptual storage,True
2011-06-19,SB1,63.0749,synthetic_demo,synthetic conceptual storage,True
2011-06-20,SB1,63.0749,synthetic_demo,synthetic conceptual storage,True
2011-06-21,SB1,63.0749,synthetic_demo,synthetic conceptual storage,True
2011-06-22,SB1,63.0749,synthetic_demo,synthetic conceptual storage,True
2011-06-23,SB1,63.4196,synthetic_demo,synthetic conceptual storage,True
2011-06-24,SB1,63.4196,synthetic_demo,synthetic conceptual storage,True
2011-06-25,SB1,63.4196,synthetic_demo,synthetic conceptual storage,True
2011-06-26,SB1,63.4196,synthetic_demo,synthetic conceptual storage,True
2011-06-27,SB1,63.4196,synthetic_demo,synthetic conceptual storage,True
2011-06-28,SB1,63.4675,synthetic_demo,synthetic conceptual storage,True
2011-06-29,SB1,63.4675,synthetic_demo,synthetic conceptual storage,True
2011-06-30,SB1,63.8586,synthetic_demo,synthetic conceptual storage,True
2011-07-01,SB1,63.8586,synthetic_demo,synthetic conceptual storage,True
2011-07-02,SB1,63.8586,synthetic_demo,synthetic conceptual storage,True
2011-07-03,SB1,63.8586,synthetic_demo,synthetic conceptual storage,True
2011-07-04,SB1,63.5072,synthetic_demo,synthetic conceptual storage,True
2011-07-05,SB1,63.5072,synthetic_demo,synthetic conceptual storage,True
2011-07-06,SB1,63.685,synthetic_demo,synthetic conceptual storage,True
2011-07-07,SB1,63.685,synthetic_demo,synthetic conceptual storage,True
2011-07-08,SB1,63.685,synthetic_demo,synthetic conceptual storage,True
2011-07-09,SB1,63.6051,synthetic_demo,synthetic conceptual storage,True
2011-07-10,SB1,63.6051,synthetic_demo,synthetic conceptual storage,True
2011-07-11,SB1,63.1622,synthetic_demo,synthetic conceptual storage,True
2011-07-12,SB1,63.6539,synthetic_demo,synthetic conceptual storage,True
2011-07-13,SB1,63.6539,synthetic_demo,synthetic conceptual storage,True
2011-07-14,SB1,63.6069,synthetic_demo,synthetic conceptual storage,True
2011-07-15,SB1,63.5949,synthetic_demo,synthetic conceptual storage,True
2011-07-16,SB1,63.5949,synthetic_demo,synthetic conceptual storage,True
2011-07-17,SB1,63.5949,synthetic_demo,synthetic conceptual storage,True
2011-07-18,SB1,63.6663,synthetic_demo,synthetic conceptual storage,True
2011-07-19,SB1,63.6663,synthetic_demo,synthetic conceptual storage,True
2011-07-20,SB1,63.6663,synthetic_demo,synthetic conceptual storage,True
2011-07-21,SB1,63.6663,synthetic_demo,synthetic conceptual storage,True
2011-07-22,SB1,63.6663,synthetic_demo,synthetic conceptual storage,True
2011-07-23,SB1,63.6663,synthetic_demo,synthetic conceptual storage,True
2011-07-24,SB1,63.6663,synthetic_demo,synthetic conceptual storage,True
2011-07-25,SB1,63.7326,synthetic_demo,synthetic conceptual storage,True
2011-07-26,SB1,63.7326,synthetic_demo,synthetic conceptual storage,True
2011-07-27,SB1,63.7141,synthetic_demo,synthetic conceptual storage,True
2011-07-28,SB1,64.2171,synthetic_demo,synthetic conceptual storage,True
2011-07-29,SB1,64.2171,synthetic_demo,synthetic conceptual storage,True
2011-07-30,SB1,64.2171,synthetic_demo,synthetic conceptual storage,True
2011-07-31,SB1,64.2171,synthetic_demo,synthetic conceptual storage,True
2011-08-01,SB1,64.2171,synthetic_demo,synthetic conceptual storage,True
2011-08-02,SB1,64.0805,synthetic_demo,synthetic conceptual storage,True
2011-08-03,SB1,63.9555,synthetic_demo,synthetic conceptual storage,True
2011-08-04,SB1,63.9555,synthetic_demo,synthetic conceptual storage,True
2011-08-05,SB1,63.9555,synthetic_demo,synthetic conceptual storage,True
2011-08-06,SB1,63.9555,synthetic_demo,synthetic conceptual storage,True
2011-08-07,SB1,63.65,synthetic_demo,synthetic conceptual storage,True
2011-08-08,SB1,63.65,synthetic_demo,synthetic conceptual storage,True
2011-08-09,SB1,63.6088,synthetic_demo,synthetic conceptual storage,True
2011-08-10,SB1,63.6088,synthetic_demo,synthetic conceptual storage,True
2011-08-11,SB1,63.6088,synthetic_demo,synthetic conceptual storage,True
2011-08-12,SB1,63.6088,synthetic_demo,synthetic conceptual storage,True
2011-08-13,SB1,63.6088,synthetic_demo,synthetic conceptual storage,True
2011-08-14,SB1,63.5849,synthetic_demo,synthetic conceptual storage,True
2011-08-15,SB1,63.54,synthetic_demo,synthetic conceptual storage,True
2011-08-16,SB1,63.54,synthetic_demo,synthetic conceptual storage,True
2011-08-17,SB1,63.2909,synthetic_demo,synthetic conceptual storage,True
2011-08-18,SB1,63.2909,synthetic_demo,synthetic conceptual storage,True
2011-08-19,SB1,63.5175,synthetic_demo,synthetic conceptual storage,True
2011-08-20,SB1,62.8199,synthetic_demo,synthetic conceptual storage,True
2011-08-21,SB1,62.7061,synthetic_demo,synthetic conceptual storage,True
2011-08-22,SB1,63.0409,synthetic_demo,synthetic conceptual storage,True
2011-08-23,SB1,63.3902,synthetic_demo,synthetic conceptual storage,True
2011-08-24,SB1,63.3902,synthetic_demo,synthetic conceptual storage,True
2011-08-25,SB1,63.3902,synthetic_demo,synthetic conceptual storage,True
2011-08-26,SB1,63.527,synthetic_demo,synthetic conceptual storage,True
2011-08-27,SB1,62.9232,synthetic_demo,synthetic conceptual storage,True
2011-08-28,SB1,62.9232,synthetic_demo,synthetic conceptual storage,True
2011-08-29,SB1,63.1397,synthetic_demo,synthetic conceptual storage,True
2011-08-30,SB1,63.6485,synthetic_demo,synthetic conceptual storage,True
2011-08-31,SB1,63.6485,synthetic_demo,synthetic conceptual storage,True
2011-09-01,SB1,63.8422,synthetic_demo,synthetic conceptual storage,True
2011-09-02,SB1,63.9773,synthetic_demo,synthetic conceptual storage,True
2011-09-03,SB1,64.3593,synthetic_demo,synthetic conceptual storage,True
2011-09-04,SB1,64.5581,synthetic_demo,synthetic conceptual storage,True
2011-09-05,SB1,64.5581,synthetic_demo,synthetic conceptual storage,True
2011-09-06,SB1,64.5581,synthetic_demo,synthetic conceptual storage,True
2011-09-07,SB1,63.9752,synthetic_demo,synthetic conceptual storage,True
2011-09-08,SB1,64.1106,synthetic_demo,synthetic conceptual storage,True
2011-09-09,SB1,64.1332,synthetic_demo,synthetic conceptual storage,True
2011-09-10,SB1,64.0262,synthetic_demo,synthetic conceptual storage,True
2011-09-11,SB1,64.2994,synthetic_demo,synthetic conceptual storage,True
2011-09-12,SB1,64.2994,synthetic_demo,synthetic conceptual storage,True
2011-09-13,SB1,63.7772,synthetic_demo,synthetic conceptual storage,True
2011-09-14,SB1,64.315,synthetic_demo,synthetic conceptual storage,True
2011-09-15,SB1,64.315,synthetic_demo,synthetic conceptual storage,True
2011-09-16,SB1,64.8182,synthetic_demo,synthetic conceptual storage,True
2011-09-17,SB1,64.7582,synthetic_demo,synthetic conceptual storage,True
2011-09-18,SB1,65.1461,synthetic_demo,synthetic conceptual storage,True
2011-09-19,SB1,65.1027,synthetic_demo,synthetic conceptual storage,True
2011-09-20,SB1,64.8647,synthetic_demo,synthetic conceptual storage,True
2011-09-21,SB1,64.8647,synthetic_demo,synthetic conceptual storage,True
2011-09-22,SB1,64.8647,synthetic_demo,synthetic conceptual storage,True
2011-09-23,SB1,65.0002,synthetic_demo,synthetic conceptual storage,True
2011-09-24,SB1,64.7877,synthetic_demo,synthetic conceptual storage,True
2011-09-25,SB1,64.6369,synthetic_demo,synthetic conceptual storage,True
2011-09-26,SB1,64.6369,synthetic_demo,synthetic conceptual storage,True
2011-09-27,SB1,64.4645,synthetic_demo,synthetic conceptual storage,True
2011-09-28,SB1,64.5467,synthetic_demo,synthetic conceptual storage,True
2011-09-29,SB1,64.5978,synthetic_demo,synthetic conceptual storage,True
2011-09-30,SB1,64.5978,synthetic_demo,synthetic conceptual storage,True
2011-10-01,SB1,64.4326,synthetic_demo,synthetic conceptual storage,True
2011-10-02,SB1,64.5017,synthetic_demo,synthetic conceptual storage,True
2011-10-03,SB1,64.5017,synthetic_demo,synthetic conceptual storage,True
2011-10-04,SB1,64.3716,synthetic_demo,synthetic conceptual storage,True
2011-10-05,SB1,64.239,synthetic_demo,synthetic conceptual storage,True
2011-10-06,SB1,64.239,synthetic_demo,synthetic conceptual storage,True
2011-10-07,SB1,64.5389,synthetic_demo,synthetic conceptual storage,True
2011-10-08,SB1,64.5389,synthetic_demo,synthetic conceptual storage,True
2011-10-09,SB1,64.5247,synthetic_demo,synthetic conceptual storage,True
2011-10-10,SB1,64.4568,synthetic_demo,synthetic conceptual storage,True
2011-10-11,SB1,64.3153,synthetic_demo,synthetic conceptual storage,True
2011-10-12,SB1,64.3153,synthetic_demo,synthetic conceptual storage,True
2011-10-13,SB1,64.3153,synthetic_demo,synthetic conceptual storage,True
2011-10-14,SB1,64.4569,synthetic_demo,synthetic conceptual storage,True
2011-10-15,SB1,64.3309,synthetic_demo,synthetic conceptual storage,True
2011-10-16,SB1,64.4759,synthetic_demo,synthetic conceptual storage,True
2011-10-17,SB1,64.4759,synthetic_demo,synthetic conceptual storage,True
2011-10-18,SB1,64.4111,synthetic_demo,synthetic conceptual storage,True
2011-10-19,SB1,64.9806,synthetic_demo,synthetic conceptual storage,True
2011-10-20,SB1,65.0506,synthetic_demo,synthetic conceptual storage,True
2011-10-21,SB1,65.0506,synthetic_demo,synthetic conceptual storage,True
2011-10-22,SB1,65.0506,synthetic_demo,synthetic conceptual storage,True
2011-10-23,SB1,64.9368,synthetic_demo,synthetic conceptual storage,True
2011-10-24,SB1,65.3453,synthetic_demo,synthetic conceptual storage,True
2011-10-25,SB1,65.3453,synthetic_demo,synthetic conceptual storage,True
2011-10-26,SB1,65.3453,synthetic_demo,synthetic conceptual storage,True
2011-10-27,SB1,65.7316,synthetic_demo,synthetic conceptual storage,True
2011-10-28,SB1,65.7316,synthetic_demo,synthetic conceptual storage,True
2011-10-29,SB1,65.7316,synthetic_demo,synthetic conceptual storage,True
2011-10-30,SB1,65.7316,synthetic_demo,synthetic conceptual storage,True
2011-10-31,SB1,66.4963,synthetic_demo,synthetic conceptual storage,True
2011-11-01,SB1,66.4963,synthetic_demo,synthetic conceptual storage,True
2011-11-02,SB1,66.4963,synthetic_demo,synthetic conceptual storage,True
2011-11-03,SB1,66.7368,synthetic_demo,synthetic conceptual storage,True
2011-11-04,SB1,66.7127,synthetic_demo,synthetic conceptual storage,True
2011-11-05,SB1,66.7127,synthetic_demo,synthetic conceptual storage,True
2011-11-06,SB1,66.9639,synthetic_demo,synthetic conceptual storage,True
2011-11-07,SB1,66.9639,synthetic_demo,synthetic conceptual storage,True
2011-11-08,SB1,67.4159,synthetic_demo,synthetic conceptual storage,True
2011-11-09,SB1,67.4159,synthetic_demo,synthetic conceptual storage,True
2011-11-10,SB1,67.2949,synthetic_demo,synthetic conceptual storage,True
2011-11-11,SB1,67.2379,synthetic_demo,synthetic conceptual storage,True
2011-11-12,SB1,66.9209,synthetic_demo,synthetic conceptual storage,True
2011-11-13,SB1,66.9209,synthetic_demo,synthetic conceptual storage,True
2011-11-14,SB1,66.9209,synthetic_demo,synthetic conceptual storage,True
2011-11-15,SB1,67.4782,synthetic_demo,synthetic conceptual storage,True
2011-11-16,SB1,67.4782,synthetic_demo,synthetic conceptual storage,True
2011-11-17,SB1,66.7518,synthetic_demo,synthetic conceptual storage,True
2011-11-18,SB1,66.9998,synthetic_demo,synthetic conceptual storage,True
2011-11-19,SB1,66.9998,synthetic_demo,synthetic conceptual storage,True
2011-11-20,SB1,66.9998,synthetic_demo,synthetic conceptual storage,True
2011-11-21,SB1,66.9998,synthetic_demo,synthetic conceptual storage,True
2011-11-22,SB1,66.8768,synthetic_demo,synthetic conceptual storage,True
2011-11-23,SB1,66.8982,synthetic_demo,synthetic conceptual storage,True
2011-11-24,SB1,66.8982,synthetic_demo,synthetic conceptual storage,True
2011-11-25,SB1,66.8982,synthetic_demo,synthetic conceptual storage,True
2011-11-26,SB1,66.9744,synthetic_demo,synthetic conceptual storage,True
2011-11-27,SB1,67.0368,synthetic_demo,synthetic conceptual storage,True
2011-11-28,SB1,67.1053,synthetic_demo,synthetic conceptual storage,True
2011-11-29,SB1,67.1053,synthetic_demo,synthetic conceptual storage,True
2011-11-30,SB1,67.0018,synthetic_demo,synthetic conceptual storage,True
2011-12-01,SB1,66.9491,synthetic_demo,synthetic conceptual storage,True
2011-12-02,SB1,66.7534,synthetic_demo,synthetic conceptual storage,True
2011-12-03,SB1,66.7534,synthetic_demo,synthetic conceptual storage,True
2011-12-04,SB1,66.7534,synthetic_demo,synthetic conceptual storage,True
2011-12-05,SB1,66.7534,synthetic_demo,synthetic conceptual storage,True
2011-12-06,SB1,66.7534,synthetic_demo,synthetic conceptual storage,True
2011-12-07,SB1,66.5079,synthetic_demo,synthetic conceptual storage,True
2011-12-08,SB1,66.4174,synthetic_demo,synthetic conceptual storage,True
2011-12-09,SB1,66.4174,synthetic_demo,synthetic conceptual storage,True
2011-12-10,SB1,66.4174,synthetic_demo,synthetic conceptual storage,True
2011-12-11,SB1,66.3525,synthetic_demo,synthetic conceptual storage,True
2011-12-12,SB1,66.3141,synthetic_demo,synthetic conceptual storage,True
2011-12-13,SB1,66.3141,synthetic_demo,synthetic conceptual storage,True
2011-12-14,SB1,66.3141,synthetic_demo,synthetic conceptual storage,True
2011-12-15,SB1,66.3141,synthetic_demo,synthetic conceptual storage,True
2011-12-16,SB1,66.4082,synthetic_demo,synthetic conceptual storage,True
2011-12-17,SB1,66.7364,synthetic_demo,synthetic conceptual storage,True
2011-12-18,SB1,66.7364,synthetic_demo,synthetic conceptual storage,True
2011-12-19,SB1,66.7364,synthetic_demo,synthetic conceptual storage,True
2011-12-20,SB1,66.7364,synthetic_demo,synthetic conceptual storage,True
2011-12-21,SB1,66.7364,synthetic_demo,synthetic conceptual storage,True
2011-12-22,SB1,66.7364,synthetic_demo,synthetic conceptual storage,True
2011-12-23,SB1,66.7364,synthetic_demo,synthetic conceptual storage,True
2011-12-24,SB1,66.7364,synthetic_demo,synthetic conceptual storage,True
2011-12-25,SB1,66.7364,synthetic_demo,synthetic conceptual storage,True
2011-12-26,SB1,66.7364,synthetic_demo,synthetic conceptual storage,True
2011-12-27,SB1,66.7364,synthetic_demo,synthetic conceptual storage,True
2011-12-28,SB1,66.7364,synthetic_demo,synthetic conceptual storage,True
2011-12-29,SB1,66.7364,synthetic_demo,synthetic conceptual storage,True
2011-12-30,SB1,66.7364,synthetic_demo,synthetic conceptual storage,True
2011-12-31,SB1,66.7364,synthetic_demo,synthetic conceptual storage,True
2012-01-01,SB1,66.7364,synthetic_demo,synthetic conceptual storage,True
2012-01-02,SB1,66.7364,synthetic_demo,synthetic conceptual storage,True
2012-01-03,SB1,66.7364,synthetic_demo,synthetic conceptual storage,True
2012-01-04,SB1,66.7364,synthetic_demo,synthetic conceptual storage,True
2012-01-05,SB1,66.7588,synthetic_demo,synthetic conceptual storage,True
2012-01-06,SB1,66.7588,synthetic_demo,synthetic conceptual storage,True
2012-01-07,SB1,66.7588,synthetic_demo,synthetic conceptual storage,True
2012-01-08,SB1,66.8008,synthetic_demo,synthetic conceptual storage,True
2012-01-09,SB1,66.8008,synthetic_demo,synthetic conceptual storage,True
2012-01-10,SB1,66.8008,synthetic_demo,synthetic conceptual storage,True
2012-01-11,SB1,66.8008,synthetic_demo,synthetic conceptual storage,True
2012-01-12,SB1,66.8008,synthetic_demo,synthetic conceptual storage,True
2012-01-13,SB1,66.8008,synthetic_demo,synthetic conceptual storage,True
2012-01-14,SB1,66.8008,synthetic_demo,synthetic conceptual storage,True
2012-01-15,SB1,66.8008,synthetic_demo,synthetic conceptual storage,True
2012-01-16,SB1,66.8008,synthetic_demo,synthetic conceptual storage,True
2012-01-17,SB1,66.8008,synthetic_demo,synthetic conceptual storage,True
2012-01-18,SB1,66.8008,synthetic_demo,synthetic conceptual storage,True
2012-01-19,SB1,66.8008,synthetic_demo,synthetic conceptual storage,True
2012-01-20,SB1,66.8008,synthetic_demo,synthetic conceptual storage,True
2012-01-21,SB1,66.8008,synthetic_demo,synthetic conceptual storage,True
2012-01-22,SB1,66.8008,synthetic_demo,synthetic conceptual storage,True
2012-01-23,SB1,66.8008,synthetic_demo,synthetic conceptual storage,True
2012-01-24,SB1,66.8008,synthetic_demo,synthetic conceptual storage,True
2012-01-25,SB1,66.7121,synthetic_demo,synthetic conceptual storage,True
2012-01-26,SB1,66.7121,synthetic_demo,synthetic conceptual storage,True
2012-01-27,SB1,66.7121,synthetic_demo,synthetic conceptual storage,True
2012-01-28,SB1,66.7121,synthetic_demo,synthetic conceptual storage,True
2012-01-29,SB1,66.6237,synthetic_demo,synthetic conceptual storage,True
2012-01-30,SB1,66.6237,synthetic_demo,synthetic conceptual storage,True
2012-01-31,SB1,66.6237,synthetic_demo,synthetic conceptual storage,True
2012-02-01,SB1,67.6134,synthetic_demo,synthetic conceptual storage,True
2012-02-02,SB1,67.6134,synthetic_demo,synthetic conceptual storage,True
2012-02-03,SB1,67.6134,synthetic_demo,synthetic conceptual storage,True
2012-02-04,SB1,67.6134,synthetic_demo,synthetic conceptual storage,True
2012-02-05,SB1,67.6134,synthetic_demo,synthetic conceptual storage,True
2012-02-06,SB1,67.6134,synthetic_demo,synthetic conceptual storage,True
2012-02-07,SB1,67.7243,synthetic_demo,synthetic conceptual storage,True
2012-02-08,SB1,67.7243,synthetic_demo,synthetic conceptual storage,True
2012-02-09,SB1,67.7243,synthetic_demo,synthetic conceptual storage,True
2012-02-10,SB1,67.7243,synthetic_demo,synthetic conceptual storage,True
2012-02-11,SB1,67.7243,synthetic_demo,synthetic conceptual storage,True
2012-02-12,SB1,67.7243,synthetic_demo,synthetic conceptual storage,True
2012-02-13,SB1,67.7243,synthetic_demo,synthetic conceptual storage,True
2012-02-14,SB1,67.7243,synthetic_demo,synthetic conceptual storage,True
2012-02-15,SB1,67.7243,synthetic_demo,synthetic conceptual storage,True
2012-02-16,SB1,67.7243,synthetic_demo,synthetic conceptual storage,True
2012-02-17,SB1,67.7243,synthetic_demo,synthetic conceptual storage,True
2012-02-18,SB1,67.7243,synthetic_demo,synthetic conceptual storage,True
2012-02-19,SB1,67.9026,synthetic_demo,synthetic conceptual storage,True
2012-02-20,SB1,67.9026,synthetic_demo,synthetic conceptual storage,True
2012-02-21,SB1,67.9026,synthetic_demo,synthetic conceptual storage,True
2012-02-22,SB1,67.9026,synthetic_demo,synthetic conceptual storage,True
2012-02-23,SB1,67.6778,synthetic_demo,synthetic conceptual storage,True
2012-02-24,SB1,67.6778,synthetic_demo,synthetic conceptual storage,True
2012-02-25,SB1,67.6778,synthetic_demo,synthetic conceptual storage,True
2012-02-26,SB1,67.6778,synthetic_demo,synthetic conceptual storage,True
2012-02-27,SB1,67.9483,synthetic_demo,synthetic conceptual storage,True
2012-02-28,SB1,67.9483,synthetic_demo,synthetic conceptual storage,True
2012-02-29,SB1,67.6088,synthetic_demo,synthetic conceptual storage,True
2012-03-01,SB1,67.6088,synthetic_demo,synthetic conceptual storage,True
2012-03-02,SB1,67.6088,synthetic_demo,synthetic conceptual storage,True
2012-03-03,SB1,67.5342,synthetic_demo,synthetic conceptual storage,True
2012-03-04,SB1,67.5342,synthetic_demo,synthetic conceptual storage,True
2012-03-05,SB1,67.5342,synthetic_demo,synthetic conceptual storage,True
2012-03-06,SB1,67.4487,synthetic_demo,synthetic conceptual storage,True
2012-03-07,SB1,67.4487,synthetic_demo,synthetic conceptual storage,True
2012-03-08,SB1,67.4487,synthetic_demo,synthetic conceptual storage,True
2012-03-09,SB1,67.4487,synthetic_demo,synthetic conceptual storage,True
2012-03-10,SB1,67.4487,synthetic_demo,synthetic conceptual storage,True
2012-03-11,SB1,67.4487,synthetic_demo,synthetic conceptual storage,True
2012-03-12,SB1,67.4487,synthetic_demo,synthetic conceptual storage,True
2012-03-13,SB1,67.4487,synthetic_demo,synthetic conceptual storage,True
2012-03-14,SB1,67.4487,synthetic_demo,synthetic conceptual storage,True
2012-03-15,SB1,67.4487,synthetic_demo,synthetic conceptual storage,True
2012-03-16,SB1,66.916,synthetic_demo,synthetic conceptual storage,True
2012-03-17,SB1,66.916,synthetic_demo,synthetic conceptual storage,True
2012-03-18,SB1,66.916,synthetic_demo,synthetic conceptual storage,True
2012-03-19,SB1,66.916,synthetic_demo,synthetic conceptual storage,True
2012-03-20,SB1,66.916,synthetic_demo,synthetic conceptual storage,True
2012-03-21,SB1,66.916,synthetic_demo,synthetic conceptual storage,True
2012-03-22,SB1,66.7897,synthetic_demo,synthetic conceptual storage,True
2012-03-23,SB1,66.7897,synthetic_demo,synthetic conceptual storage,True
2012-03-24,SB1,66.7897,synthetic_demo,synthetic conceptual storage,True
2012-03-25,SB1,66.7897,synthetic_demo,synthetic conceptual storage,True
2012-03-26,SB1,66.7897,synthetic_demo,synthetic conceptual storage,True
2012-03-27,SB1,66.7897,synthetic_demo,synthetic conceptual storage,True
2012-03-28,SB1,66.7897,synthetic_demo,synthetic conceptual storage,True
2012-03-29,SB1,66.7897,synthetic_demo,synthetic conceptual storage,True
2012-03-30,SB1,66.7897,synthetic_demo,synthetic conceptual storage,True
2012-03-31,SB1,67.9634,synthetic_demo,synthetic conceptual storage,True
2012-04-01,SB1,67.9634,synthetic_demo,synthetic conceptual storage,True
2012-04-02,SB1,67.9634,synthetic_demo,synthetic conceptual storage,True
2012-04-03,SB1,67.9634,synthetic_demo,synthetic conceptual storage,True
2012-04-04,SB1,67.9634,synthetic_demo,synthetic conceptual storage,True
2012-04-05,SB1,67.9634,synthetic_demo,synthetic conceptual storage,True
2012-04-06,SB1,68.11,synthetic_demo,synthetic conceptual storage,True
2012-04-07,SB1,68.11,synthetic_demo,synthetic conceptual storage,True
2012-04-08,SB1,68.11,synthetic_demo,synthetic conceptual storage,True
2012-04-09,SB1,67.9349,synthetic_demo,synthetic conceptual storage,True
2012-04-10,SB1,67.9349,synthetic_demo,synthetic conceptual storage,True
2012-04-11,SB1,67.9349,synthetic_demo,synthetic conceptual storage,True
2012-04-12,SB1,67.6656,synthetic_demo,synthetic conceptual storage,True
2012-04-13,SB1,67.8515,synthetic_demo,synthetic conceptual storage,True
2012-04-14,SB1,67.0402,synthetic_demo,synthetic conceptual storage,True
2012-04-15,SB1,67.0402,synthetic_demo,synthetic conceptual storage,True
2012-04-16,SB1,67.0402,synthetic_demo,synthetic conceptual storage,True
2012-04-17,SB1,67.0402,synthetic_demo,synthetic conceptual storage,True
2012-04-18,SB1,67.0402,synthetic_demo,synthetic conceptual storage,True
2012-04-19,SB1,66.9143,synthetic_demo,synthetic conceptual storage,True
2012-04-20,SB1,66.9143,synthetic_demo,synthetic conceptual storage,True
2012-04-21,SB1,66.9143,synthetic_demo,synthetic conceptual storage,True
2012-04-22,SB1,66.9964,synthetic_demo,synthetic conceptual storage,True
2012-04-23,SB1,66.8962,synthetic_demo,synthetic conceptual storage,True
2012-04-24,SB1,66.8962,synthetic_demo,synthetic conceptual storage,True
2012-04-25,SB1,66.8962,synthetic_demo,synthetic conceptual storage,True
2012-04-26,SB1,66.8962,synthetic_demo,synthetic conceptual storage,True
2012-04-27,SB1,66.8737,synthetic_demo,synthetic conceptual storage,True
2012-04-28,SB1,66.8737,synthetic_demo,synthetic conceptual storage,True
2012-04-29,SB1,66.8737,synthetic_demo,synthetic conceptual storage,True
2012-04-30,SB1,66.8737,synthetic_demo,synthetic conceptual storage,True
2012-05-01,SB1,66.8737,synthetic_demo,synthetic conceptual storage,True
2012-05-02,SB1,66.8737,synthetic_demo,synthetic conceptual storage,True
2012-05-03,SB1,66.8737,synthetic_demo,synthetic conceptual storage,True
2012-05-04,SB1,66.8737,synthetic_demo,synthetic conceptual storage,True
2012-05-05,SB1,66.8737,synthetic_demo,synthetic conceptual storage,True
2012-05-06,SB1,66.8737,synthetic_demo,synthetic conceptual storage,True
2012-05-07,SB1,66.2356,synthetic_demo,synthetic conceptual storage,True
2012-05-08,SB1,66.2356,synthetic_demo,synthetic conceptual storage,True
2012-05-09,SB1,66.2356,synthetic_demo,synthetic conceptual storage,True
2012-05-10,SB1,65.9002,synthetic_demo,synthetic conceptual storage,True
2012-05-11,SB1,65.9002,synthetic_demo,synthetic conceptual storage,True
2012-05-12,SB1,65.9002,synthetic_demo,synthetic conceptual storage,True
2012-05-13,SB1,65.9002,synthetic_demo,synthetic conceptual storage,True
2012-05-14,SB1,66.0299,synthetic_demo,synthetic conceptual storage,True
2012-05-15,SB1,66.0299,synthetic_demo,synthetic conceptual storage,True
2012-05-16,SB1,66.0299,synthetic_demo,synthetic conceptual storage,True
2012-05-17,SB1,66.0299,synthetic_demo,synthetic conceptual storage,True
2012-05-18,SB1,66.0299,synthetic_demo,synthetic conceptual storage,True
2012-05-19,SB1,66.0299,synthetic_demo,synthetic conceptual storage,True
2012-05-20,SB1,66.0299,synthetic_demo,synthetic conceptual storage,True
2012-05-21,SB1,65.97,synthetic_demo,synthetic conceptual storage,True
2012-05-22,SB1,65.97,synthetic_demo,synthetic conceptual storage,True
2012-05-23,SB1,66.2306,synthetic_demo,synthetic conceptual storage,True
2012-05-24,SB1,66.2306,synthetic_demo,synthetic conceptual storage,True
2012-05-25,SB1,66.2306,synthetic_demo,synthetic conceptual storage,True
2012-05-26,SB1,66.7014,synthetic_demo,synthetic conceptual storage,True
2012-05-27,SB1,66.7014,synthetic_demo,synthetic conceptual storage,True
2012-05-28,SB1,66.5646,synthetic_demo,synthetic conceptual storage,True
2012-05-29,SB1,66.5646,synthetic_demo,synthetic conceptual storage,True
2012-05-30,SB1,66.5646,synthetic_demo,synthetic conceptual storage,True
2012-05-31,SB1,66.9773,synthetic_demo,synthetic conceptual storage,True
2012-06-01,SB1,66.9773,synthetic_demo,synthetic conceptual storage,True
2012-06-02,SB1,66.9773,synthetic_demo,synthetic conceptual storage,True
2012-06-03,SB1,66.9773,synthetic_demo,synthetic conceptual storage,True
2012-06-04,SB1,66.9773,synthetic_demo,synthetic conceptual storage,True
2012-06-05,SB1,66.8148,synthetic_demo,synthetic conceptual storage,True
2012-06-06,SB1,66.7875,synthetic_demo,synthetic conceptual storage,True
2012-06-07,SB1,66.7875,synthetic_demo,synthetic conceptual storage,True
2012-06-08,SB1,66.7875,synthetic_demo,synthetic conceptual storage,True
2012-06-09,SB1,66.7875,synthetic_demo,synthetic conceptual storage,True
2012-06-10,SB1,66.7875,synthetic_demo,synthetic conceptual storage,True
2012-06-11,SB1,66.7875,synthetic_demo,synthetic conceptual storage,True
2012-06-12,SB1,66.7875,synthetic_demo,synthetic conceptual storage,True
2012-06-13,SB1,66.7875,synthetic_demo,synthetic conceptual storage,True
2012-06-14,SB1,66.7875,synthetic_demo,synthetic conceptual storage,True
2012-06-15,SB1,66.7875,synthetic_demo,synthetic conceptual storage,True
2012-06-16,SB1,67.0222,synthetic_demo,synthetic conceptual storage,True
2012-06-17,SB1,67.0222,synthetic_demo,synthetic conceptual storage,True
2012-06-18,SB1,67.0222,synthetic_demo,synthetic conceptual storage,True
2012-06-19,SB1,67.4548,synthetic_demo,synthetic conceptual storage,True
2012-06-20,SB1,67.4548,synthetic_demo,synthetic conceptual storage,True
2012-06-21,SB1,68.1159,synthetic_demo,synthetic conceptual storage,True
2012-06-22,SB1,67.7992,synthetic_demo,synthetic conceptual storage,True
2012-06-23,SB1,67.7992,synthetic_demo,synthetic conceptual storage,True
2012-06-24,SB1,67.7992,synthetic_demo,synthetic conceptual storage,True
2012-06-25,SB1,67.7992,synthetic_demo,synthetic conceptual storage,True
2012-06-26,SB1,67.7992,synthetic_demo,synthetic conceptual storage,True
2012-06-27,SB1,67.7513,synthetic_demo,synthetic conceptual storage,True
2012-06-28,SB1,67.7513,synthetic_demo,synthetic conceptual storage,True
2012-06-29,SB1,67.5259,synthetic_demo,synthetic conceptual storage,True
2012-06-30,SB1,67.5259,synthetic_demo,synthetic conceptual storage,True
2012-07-01,SB1,67.5259,synthetic_demo,synthetic conceptual storage,True
2012-07-02,SB1,67.5259,synthetic_demo,synthetic conceptual storage,True
2012-07-03,SB1,67.5259,synthetic_demo,synthetic conceptual storage,True
2012-07-04,SB1,67.5259,synthetic_demo,synthetic conceptual storage,True
2012-07-05,SB1,67.3481,synthetic_demo,synthetic conceptual storage,True
2012-07-06,SB1,67.3481,synthetic_demo,synthetic conceptual storage,True
2012-07-07,SB1,67.3481,synthetic_demo,synthetic conceptual storage,True
2012-07-08,SB1,67.5757,synthetic_demo,synthetic conceptual storage,True
2012-07-09,SB1,67.8348,synthetic_demo,synthetic conceptual storage,True
2012-07-10,SB1,67.8348,synthetic_demo,synthetic conceptual storage,True
2012-07-11,SB1,67.315,synthetic_demo,synthetic conceptual storage,True
2012-07-12,SB1,67.315,synthetic_demo,synthetic conceptual storage,True
2012-07-13,SB1,68.1158,synthetic_demo,synthetic conceptual storage,True
2012-07-14,SB1,68.1158,synthetic_demo,synthetic conceptual storage,True
2012-07-15,SB1,68.1158,synthetic_demo,synthetic conceptual storage,True
2012-07-16,SB1,68.3883,synthetic_demo,synthetic conceptual storage,True
2012-07-17,SB1,68.2589,synthetic_demo,synthetic conceptual storage,True
2012-07-18,SB1,68.2697,synthetic_demo,synthetic conceptual storage,True
2012-07-19,SB1,68.2697,synthetic_demo,synthetic conceptual storage,True
2012-07-20,SB1,68.2697,synthetic_demo,synthetic conceptual storage,True
2012-07-21,SB1,68.2697,synthetic_demo,synthetic conceptual storage,True
2012-07-22,SB1,68.2697,synthetic_demo,synthetic conceptual storage,True
2012-07-23,SB1,69.0647,synthetic_demo,synthetic conceptual storage,True
2012-07-24,SB1,68.9983,synthetic_demo,synthetic conceptual storage,True
2012-07-25,SB1,68.9983,synthetic_demo,synthetic conceptual storage,True
2012-07-26,SB1,68.8854,synthetic_demo,synthetic conceptual storage,True
2012-07-27,SB1,68.4404,synthetic_demo,synthetic conceptual storage,True
2012-07-28,SB1,68.4404,synthetic_demo,synthetic conceptual storage,True
2012-07-29,SB1,68.4404,synthetic_demo,synthetic conceptual storage,True
2012-07-30,SB1,68.6272,synthetic_demo,synthetic conceptual storage,True
2012-07-31,SB1,68.6272,synthetic_demo,synthetic conceptual storage,True
2012-08-01,SB1,68.6272,synthetic_demo,synthetic conceptual storage,True
2012-08-02,SB1,68.6487,synthetic_demo,synthetic conceptual storage,True
2012-08-03,SB1,68.6487,synthetic_demo,synthetic conceptual storage,True
2012-08-04,SB1,68.6487,synthetic_demo,synthetic conceptual storage,True
2012-08-05,SB1,68.8771,synthetic_demo,synthetic conceptual storage,True
2012-08-06,SB1,68.8771,synthetic_demo,synthetic conceptual storage,True
2012-08-07,SB1,69.4378,synthetic_demo,synthetic conceptual storage,True
2012-08-08,SB1,69.3552,synthetic_demo,synthetic conceptual storage,True
2012-08-09,SB1,69.4295,synthetic_demo,synthetic conceptual storage,True
2012-08-10,SB1,69.4295,synthetic_demo,synthetic conceptual storage,True
2012-08-11,SB1,69.4295,synthetic_demo,synthetic conceptual storage,True
2012-08-12,SB1,69.4295,synthetic_demo,synthetic conceptual storage,True
2012-08-13,SB1,69.4295,synthetic_demo,synthetic conceptual storage,True
2012-08-14,SB1,69.9557,synthetic_demo,synthetic conceptual storage,True
2012-08-15,SB1,70.299,synthetic_demo,synthetic conceptual storage,True
2012-08-16,SB1,70.6989,synthetic_demo,synthetic conceptual storage,True
2012-08-17,SB1,70.6989,synthetic_demo,synthetic conceptual storage,True
2012-08-18,SB1,70.4455,synthetic_demo,synthetic conceptual storage,True
2012-08-19,SB1,70.562,synthetic_demo,synthetic conceptual storage,True
2012-08-20,SB1,70.4416,synthetic_demo,synthetic conceptual storage,True
2012-08-21,SB1,70.2635,synthetic_demo,synthetic conceptual storage,True
2012-08-22,SB1,69.9142,synthetic_demo,synthetic conceptual storage,True
2012-08-23,SB1,69.9142,synthetic_demo,synthetic conceptual storage,True
2012-08-24,SB1,70.4095,synthetic_demo,synthetic conceptual storage,True
2012-08-25,SB1,70.5525,synthetic_demo,synthetic conceptual storage,True
2012-08-26,SB1,70.5983,synthetic_demo,synthetic conceptual storage,True
2012-08-27,SB1,71.2792,synthetic_demo,synthetic conceptual storage,True
2012-08-28,SB1,71.0627,synthetic_demo,synthetic conceptual storage,True
2012-08-29,SB1,70.5216,synthetic_demo,synthetic conceptual storage,True
2012-08-30,SB1,70.5216,synthetic_demo,synthetic conceptual storage,True
2012-08-31,SB1,70.3106,synthetic_demo,synthetic conceptual storage,True
2012-09-01,SB1,70.1755,synthetic_demo,synthetic conceptual storage,True
2012-09-02,SB1,69.8377,synthetic_demo,synthetic conceptual storage,True
2012-09-03,SB1,69.4246,synthetic_demo,synthetic conceptual storage,True
2012-09-04,SB1,69.4695,synthetic_demo,synthetic conceptual storage,True
2012-09-05,SB1,69.4695,synthetic_demo,synthetic conceptual storage,True
2012-09-06,SB1,69.693,synthetic_demo,synthetic conceptual storage,True
2012-09-07,SB1,70.0408,synthetic_demo,synthetic conceptual storage,True
2012-09-08,SB1,70.0754,synthetic_demo,synthetic conceptual storage,True
2012-09-09,SB1,70.2594,synthetic_demo,synthetic conceptual storage,True
2012-09-10,SB1,69.9862,synthetic_demo,synthetic conceptual storage,True
2012-09-11,SB1,69.9862,synthetic_demo,synthetic conceptual storage,True
2012-09-12,SB1,69.9862,synthetic_demo,synthetic conceptual storage,True
2012-09-13,SB1,69.9364,synthetic_demo,synthetic conceptual storage,True
2012-09-14,SB1,69.9364,synthetic_demo,synthetic conceptual storage,True
2012-09-15,SB1,69.3488,synthetic_demo,synthetic conceptual storage,True
2012-09-16,SB1,69.2327,synthetic_demo,synthetic conceptual storage,True
2012-09-17,SB1,68.8448,synthetic_demo,synthetic conceptual storage,True
2012-09-18,SB1,69.3524,synthetic_demo,synthetic conceptual storage,True
2012-09-19,SB1,69.3524,synthetic_demo,synthetic conceptual storage,True
2012-09-20,SB1,69.3524,synthetic_demo,synthetic conceptual storage,True
2012-09-21,SB1,69.639,synthetic_demo,synthetic conceptual storage,True
2012-09-22,SB1,69.5034,synthetic_demo,synthetic conceptual storage,True
2012-09-23,SB1,69.5034,synthetic_demo,synthetic conceptual storage,True
2012-09-24,SB1,69.632,synthetic_demo,synthetic conceptual storage,True
2012-09-25,SB1,70.0611,synthetic_demo,synthetic conceptual storage,True
2012-09-26,SB1,70.3243,synthetic_demo,synthetic conceptual storage,True
2012-09-27,SB1,70.1166,synthetic_demo,synthetic conceptual storage,True
2012-09-28,SB1,70.5389,synthetic_demo,synthetic conceptual storage,True
2012-09-29,SB1,71.1129,synthetic_demo,synthetic conceptual storage,True
2012-09-30,SB1,71.2672,synthetic_demo,synthetic conceptual storage,True
2012-10-01,SB1,71.4541,synthetic_demo,synthetic conceptual storage,True
2012-10-02,SB1,71.6103,synthetic_demo,synthetic conceptual storage,True
2012-10-03,SB1,71.9598,synthetic_demo,synthetic conceptual storage,True
2012-10-04,SB1,72.1493,synthetic_demo,synthetic conceptual storage,True
2012-10-05,SB1,72.1493,synthetic_demo,synthetic conceptual storage,True
2012-10-06,SB1,71.8495,synthetic_demo,synthetic conceptual storage,True
2012-10-07,SB1,71.8495,synthetic_demo,synthetic conceptual storage,True
2012-10-08,SB1,71.8495,synthetic_demo,synthetic conceptual storage,True
2012-10-09,SB1,71.8495,synthetic_demo,synthetic conceptual storage,True
2012-10-10,SB1,72.2498,synthetic_demo,synthetic conceptual storage,True
2012-10-11,SB1,72.2498,synthetic_demo,synthetic conceptual storage,True
2012-10-12,SB1,72.2498,synthetic_demo,synthetic conceptual storage,True
2012-10-13,SB1,72.1082,synthetic_demo,synthetic conceptual storage,True
2012-10-14,SB1,72.1082,synthetic_demo,synthetic conceptual storage,True
2012-10-15,SB1,71.9632,synthetic_demo,synthetic conceptual storage,True
2012-10-16,SB1,71.9632,synthetic_demo,synthetic conceptual storage,True
2012-10-17,SB1,71.9632,synthetic_demo,synthetic conceptual storage,True
2012-10-18,SB1,71.3938,synthetic_demo,synthetic conceptual storage,True
2012-10-19,SB1,71.3238,synthetic_demo,synthetic conceptual storage,True
2012-10-20,SB1,71.3768,synthetic_demo,synthetic conceptual storage,True
2012-10-21,SB1,71.3768,synthetic_demo,synthetic conceptual storage,True
2012-10-22,SB1,71.3768,synthetic_demo,synthetic conceptual storage,True
2012-10-23,SB1,71.0574,synthetic_demo,synthetic conceptual storage,True
2012-10-24,SB1,71.0574,synthetic_demo,synthetic conceptual storage,True
2012-10-25,SB1,71.0574,synthetic_demo,synthetic conceptual storage,True
2012-10-26,SB1,70.9315,synthetic_demo,synthetic conceptual storage,True
2012-10-27,SB1,70.9932,synthetic_demo,synthetic conceptual storage,True
2012-10-28,SB1,70.9932,synthetic_demo,synthetic conceptual storage,True
2012-10-29,SB1,70.9932,synthetic_demo,synthetic conceptual storage,True
2012-10-30,SB1,70.2285,synthetic_demo,synthetic conceptual storage,True
2012-10-31,SB1,70.2285,synthetic_demo,synthetic conceptual storage,True
2012-11-01,SB1,70.2285,synthetic_demo,synthetic conceptual storage,True
2012-11-02,SB1,69.988,synthetic_demo,synthetic conceptual storage,True
2012-11-03,SB1,70.1267,synthetic_demo,synthetic conceptual storage,True
2012-11-04,SB1,70.1482,synthetic_demo,synthetic conceptual storage,True
2012-11-05,SB1,69.7113,synthetic_demo,synthetic conceptual storage,True
2012-11-06,SB1,69.7113,synthetic_demo,synthetic conceptual storage,True
2012-11-07,SB1,69.2594,synthetic_demo,synthetic conceptual storage,True
2012-11-08,SB1,69.488,synthetic_demo,synthetic conceptual storage,True
2012-11-09,SB1,69.488,synthetic_demo,synthetic conceptual storage,True
2012-11-10,SB1,69.488,synthetic_demo,synthetic conceptual storage,True
2012-11-11,SB1,69.5164,synthetic_demo,synthetic conceptual storage,True
2012-11-12,SB1,69.6813,synthetic_demo,synthetic conceptual storage,True
2012-11-13,SB1,69.6813,synthetic_demo,synthetic conceptual storage,True
2012-11-14,SB1,69.0612,synthetic_demo,synthetic conceptual storage,True
2012-11-15,SB1,69.0612,synthetic_demo,synthetic conceptual storage,True
2012-11-16,SB1,69.0612,synthetic_demo,synthetic conceptual storage,True
2012-11-17,SB1,68.9906,synthetic_demo,synthetic conceptual storage,True
2012-11-18,SB1,68.9906,synthetic_demo,synthetic conceptual storage,True
2012-11-19,SB1,68.9906,synthetic_demo,synthetic conceptual storage,True
2012-11-20,SB1,69.2739,synthetic_demo,synthetic conceptual storage,True
2012-11-21,SB1,69.2739,synthetic_demo,synthetic conceptual storage,True
2012-11-22,SB1,69.1681,synthetic_demo,synthetic conceptual storage,True
2012-11-23,SB1,69.1681,synthetic_demo,synthetic conceptual storage,True
2012-11-24,SB1,69.2044,synthetic_demo,synthetic conceptual storage,True
2012-11-25,SB1,69.1282,synthetic_demo,synthetic conceptual storage,True
2012-11-26,SB1,69.2106,synthetic_demo,synthetic conceptual storage,True
2012-11-27,SB1,69.1421,synthetic_demo,synthetic conceptual storage,True
2012-11-28,SB1,69.1421,synthetic_demo,synthetic conceptual storage,True
2012-11-29,SB1,69.2404,synthetic_demo,synthetic conceptual storage,True
2012-11-30,SB1,69.9158,synthetic_demo,synthetic conceptual storage,True
2012-12-01,SB1,70.906,synthetic_demo,synthetic conceptual storage,True
2012-12-02,SB1,70.906,synthetic_demo,synthetic conceptual storage,True
2012-12-03,SB1,71.0576,synthetic_demo,synthetic conceptual storage,True
2012-12-04,SB1,71.0576,synthetic_demo,synthetic conceptual storage,True
2012-12-05,SB1,71.0576,synthetic_demo,synthetic conceptual storage,True
2012-12-06,SB1,71.0576,synthetic_demo,synthetic conceptual storage,True
2012-12-07,SB1,71.0576,synthetic_demo,synthetic conceptual storage,True
2012-12-08,SB1,71.0576,synthetic_demo,synthetic conceptual storage,True
2012-12-09,SB1,71.0576,synthetic_demo,synthetic conceptual storage,True
2012-12-10,SB1,71.0576,synthetic_demo,synthetic conceptual storage,True
2012-12-11,SB1,71.0576,synthetic_demo,synthetic conceptual storage,True
2012-12-12,SB1,71.0576,synthetic_demo,synthetic conceptual storage,True
2012-12-13,SB1,71.0576,synthetic_demo,synthetic conceptual storage,True
2012-12-14,SB1,71.0576,synthetic_demo,synthetic conceptual storage,True
2012-12-15,SB1,70.9636,synthetic_demo,synthetic conceptual storage,True
2012-12-16,SB1,70.5689,synthetic_demo,synthetic conceptual storage,True
2012-12-17,SB1,70.5689,synthetic_demo,synthetic conceptual storage,True
2012-12-18,SB1,70.7367,synthetic_demo,synthetic conceptual storage,True
2012-12-19,SB1,70.7367,synthetic_demo,synthetic conceptual storage,True
2012-12-20,SB1,70.7367,synthetic_demo,synthetic conceptual storage,True
2012-12-21,SB1,70.7367,synthetic_demo,synthetic conceptual storage,True
2012-12-22,SB1,70.7367,synthetic_demo,synthetic conceptual storage,True
2012-12-23,SB1,70.7367,synthetic_demo,synthetic conceptual storage,True
2012-12-24,SB1,70.7367,synthetic_demo,synthetic conceptual storage,True
2012-12-25,SB1,70.7367,synthetic_demo,synthetic conceptual storage,True
2012-12-26,SB1,70.8318,synthetic_demo,synthetic conceptual storage,True
2012-12-27,SB1,70.8318,synthetic_demo,synthetic conceptual storage,True
2012-12-28,SB1,70.8318,synthetic_demo,synthetic conceptual storage,True
2012-12-29,SB1,70.8318,synthetic_demo,synthetic conceptual storage,True
2012-12-30,SB1,70.8318,synthetic_demo,synthetic conceptual storage,True
2012-12-31,SB1,70.8318,synthetic_demo,synthetic conceptual storage,True
2013-01-01,SB1,70.8318,synthetic_demo,synthetic conceptual storage,True
2013-01-02,SB1,70.8318,synthetic_demo,synthetic conceptual storage,True
2013-01-03,SB1,71.023,synthetic_demo,synthetic conceptual storage,True
2013-01-04,SB1,71.0006,synthetic_demo,synthetic conceptual storage,True
2013-01-05,SB1,71.0006,synthetic_demo,synthetic conceptual storage,True
2013-01-06,SB1,71.0006,synthetic_demo,synthetic conceptual storage,True
2013-01-07,SB1,70.9586,synthetic_demo,synthetic conceptual storage,True
2013-01-08,SB1,70.9586,synthetic_demo,synthetic conceptual storage,True
2013-01-09,SB1,70.9586,synthetic_demo,synthetic conceptual storage,True
2013-01-10,SB1,71.0734,synthetic_demo,synthetic conceptual storage,True
2013-01-11,SB1,71.0734,synthetic_demo,synthetic conceptual storage,True
2013-01-12,SB1,71.0734,synthetic_demo,synthetic conceptual storage,True
2013-01-13,SB1,71.0734,synthetic_demo,synthetic conceptual storage,True
2013-01-14,SB1,71.0734,synthetic_demo,synthetic conceptual storage,True
2013-01-15,SB1,71.0734,synthetic_demo,synthetic conceptual storage,True
2013-01-16,SB1,71.0734,synthetic_demo,synthetic conceptual storage,True
2013-01-17,SB1,71.0734,synthetic_demo,synthetic conceptual storage,True
2013-01-18,SB1,71.0734,synthetic_demo,synthetic conceptual storage,True
2013-01-19,SB1,71.3945,synthetic_demo,synthetic conceptual storage,True
2013-01-20,SB1,71.3945,synthetic_demo,synthetic conceptual storage,True
2013-01-21,SB1,71.3945,synthetic_demo,synthetic conceptual storage,True
2013-01-22,SB1,71.3945,synthetic_demo,synthetic conceptual storage,True
2013-01-23,SB1,71.3945,synthetic_demo,synthetic conceptual storage,True
2013-01-24,SB1,71.3945,synthetic_demo,synthetic conceptual storage,True
2013-01-25,SB1,71.3945,synthetic_demo,synthetic conceptual storage,True
2013-01-26,SB1,71.3945,synthetic_demo,synthetic conceptual storage,True
2013-01-27,SB1,71.3945,synthetic_demo,synthetic conceptual storage,True
2013-01-28,SB1,71.3945,synthetic_demo,synthetic conceptual storage,True
2013-01-29,SB1,71.3945,synthetic_demo,synthetic conceptual storage,True
2013-01-30,SB1,71.3945,synthetic_demo,synthetic conceptual storage,True
2013-01-31,SB1,70.4048,synthetic_demo,synthetic conceptual storage,True
2013-02-01,SB1,70.8735,synthetic_demo,synthetic conceptual storage,True
2013-02-02,SB1,70.8735,synthetic_demo,synthetic conceptual storage,True
2013-02-03,SB1,70.8735,synthetic_demo,synthetic conceptual storage,True
2013-02-04,SB1,70.8735,synthetic_demo,synthetic conceptual storage,True
2013-02-05,SB1,71.4206,synthetic_demo,synthetic conceptual storage,True
2013-02-06,SB1,71.3096,synthetic_demo,synthetic conceptual storage,True
2013-02-07,SB1,71.3096,synthetic_demo,synthetic conceptual storage,True
2013-02-08,SB1,71.3096,synthetic_demo,synthetic conceptual storage,True
2013-02-09,SB1,71.3096,synthetic_demo,synthetic conceptual storage,True
2013-02-10,SB1,71.6913,synthetic_demo,synthetic conceptual storage,True
2013-02-11,SB1,71.6913,synthetic_demo,synthetic conceptual storage,True
2013-02-12,SB1,71.6913,synthetic_demo,synthetic conceptual storage,True
2013-02-13,SB1,71.6913,synthetic_demo,synthetic conceptual storage,True
2013-02-14,SB1,71.7211,synthetic_demo,synthetic conceptual storage,True
2013-02-15,SB1,71.7211,synthetic_demo,synthetic conceptual storage,True
2013-02-16,SB1,71.7211,synthetic_demo,synthetic conceptual storage,True
2013-02-17,SB1,71.7211,synthetic_demo,synthetic conceptual storage,True
2013-02-18,SB1,71.5428,synthetic_demo,synthetic conceptual storage,True
2013-02-19,SB1,71.5428,synthetic_demo,synthetic conceptual storage,True
2013-02-20,SB1,71.5428,synthetic_demo,synthetic conceptual storage,True
2013-02-21,SB1,71.6773,synthetic_demo,synthetic conceptual storage,True
2013-02-22,SB1,71.6773,synthetic_demo,synthetic conceptual storage,True
2013-02-23,SB1,71.6773,synthetic_demo,synthetic conceptual storage,True
2013-02-24,SB1,71.6773,synthetic_demo,synthetic conceptual storage,True
2013-02-25,SB1,71.6773,synthetic_demo,synthetic conceptual storage,True
2013-02-26,SB1,71.4068,synthetic_demo,synthetic conceptual storage,True
2013-02-27,SB1,71.4068,synthetic_demo,synthetic conceptual storage,True
2013-02-28,SB1,71.4068,synthetic_demo,synthetic conceptual storage,True
2013-03-01,SB1,71.4068,synthetic_demo,synthetic conceptual storage,True
2013-03-02,SB1,71.4068,synthetic_demo,synthetic conceptual storage,True
2013-03-03,SB1,71.4068,synthetic_demo,synthetic conceptual storage,True
2013-03-04,SB1,71.4068,synthetic_demo,synthetic conceptual storage,True
2013-03-05,SB1,71.4068,synthetic_demo,synthetic conceptual storage,True
2013-03-06,SB1,71.4068,synthetic_demo,synthetic conceptual storage,True
2013-03-07,SB1,71.4068,synthetic_demo,synthetic conceptual storage,True
2013-03-08,SB1,71.4068,synthetic_demo,synthetic conceptual storage,True
2013-03-09,SB1,71.4068,synthetic_demo,synthetic conceptual storage,True
2013-03-10,SB1,71.4068,synthetic_demo,synthetic conceptual storage,True
2013-03-11,SB1,71.4068,synthetic_demo,synthetic conceptual storage,True
2013-03-12,SB1,71.4068,synthetic_demo,synthetic conceptual storage,True
2013-03-13,SB1,71.4068,synthetic_demo,synthetic conceptual storage,True
2013-03-14,SB1,71.4068,synthetic_demo,synthetic conceptual storage,True
2013-03-15,SB1,71.4068,synthetic_demo,synthetic conceptual storage,True
2013-03-16,SB1,71.4068,synthetic_demo,synthetic conceptual storage,True
2013-03-17,SB1,72.4326,synthetic_demo,synthetic conceptual storage,True
2013-03-18,SB1,72.4326,synthetic_demo,synthetic conceptual storage,True
2013-03-19,SB1,72.4326,synthetic_demo,synthetic conceptual storage,True
2013-03-20,SB1,72.4326,synthetic_demo,synthetic conceptual storage,True
2013-03-21,SB1,72.4326,synthetic_demo,synthetic conceptual storage,True
2013-03-22,SB1,72.4326,synthetic_demo,synthetic conceptual storage,True
2013-03-23,SB1,72.4326,synthetic_demo,synthetic conceptual storage,True
2013-03-24,SB1,72.4326,synthetic_demo,synthetic conceptual storage,True
2013-03-25,SB1,72.4326,synthetic_demo,synthetic conceptual storage,True
2013-03-26,SB1,72.4326,synthetic_demo,synthetic conceptual storage,True
2013-03-27,SB1,72.4326,synthetic_demo,synthetic conceptual storage,True
2013-03-28,SB1,72.5811,synthetic_demo,synthetic conceptual storage,True
2013-03-29,SB1,72.5811,synthetic_demo,synthetic conceptual storage,True
2013-03-30,SB1,72.5811,synthetic_demo,synthetic conceptual storage,True
2013-03-31,SB1,71.4074,synthetic_demo,synthetic conceptual storage,True
2013-04-01,SB1,71.4074,synthetic_demo,synthetic conceptual storage,True
2013-04-02,SB1,71.4074,synthetic_demo,synthetic conceptual storage,True
2013-04-03,SB1,71.4074,synthetic_demo,synthetic conceptual storage,True
2013-04-04,SB1,71.4074,synthetic_demo,synthetic conceptual storage,True
2013-04-05,SB1,71.4074,synthetic_demo,synthetic conceptual storage,True
2013-04-06,SB1,71.2608,synthetic_demo,synthetic conceptual storage,True
2013-04-07,SB1,71.2608,synthetic_demo,synthetic conceptual storage,True
2013-04-08,SB1,71.2608,synthetic_demo,synthetic conceptual storage,True
2013-04-09,SB1,71.2608,synthetic_demo,synthetic conceptual storage,True
2013-04-10,SB1,71.2608,synthetic_demo,synthetic conceptual storage,True
2013-04-11,SB1,71.2608,synthetic_demo,synthetic conceptual storage,True
2013-04-12,SB1,71.2608,synthetic_demo,synthetic conceptual storage,True
2013-04-13,SB1,71.0749,synthetic_demo,synthetic conceptual storage,True
2013-04-14,SB1,71.1922,synthetic_demo,synthetic conceptual storage,True
2013-04-15,SB1,71.1922,synthetic_demo,synthetic conceptual storage,True
2013-04-16,SB1,71.3471,synthetic_demo,synthetic conceptual storage,True
2013-04-17,SB1,71.3471,synthetic_demo,synthetic conceptual storage,True
2013-04-18,SB1,71.3471,synthetic_demo,synthetic conceptual storage,True
2013-04-19,SB1,71.3471,synthetic_demo,synthetic conceptual storage,True
2013-04-20,SB1,71.3471,synthetic_demo,synthetic conceptual storage,True
2013-04-21,SB1,71.3471,synthetic_demo,synthetic conceptual storage,True
2013-04-22,SB1,71.2649,synthetic_demo,synthetic conceptual storage,True
2013-04-23,SB1,71.2649,synthetic_demo,synthetic conceptual storage,True
2013-04-24,SB1,71.2649,synthetic_demo,synthetic conceptual storage,True
2013-04-25,SB1,71.2649,synthetic_demo,synthetic conceptual storage,True
2013-04-26,SB1,71.2649,synthetic_demo,synthetic conceptual storage,True
2013-04-27,SB1,71.2649,synthetic_demo,synthetic conceptual storage,True
2013-04-28,SB1,71.2649,synthetic_demo,synthetic conceptual storage,True
2013-04-29,SB1,71.2649,synthetic_demo,synthetic conceptual storage,True
2013-04-30,SB1,71.2649,synthetic_demo,synthetic conceptual storage,True
2013-05-01,SB1,71.2649,synthetic_demo,synthetic conceptual storage,True
2013-05-02,SB1,71.2649,synthetic_demo,synthetic conceptual storage,True
2013-05-03,SB1,71.2649,synthetic_demo,synthetic conceptual storage,True
2013-05-04,SB1,71.2649,synthetic_demo,synthetic conceptual storage,True
2013-05-05,SB1,71.2649,synthetic_demo,synthetic conceptual storage,True
2013-05-06,SB1,71.5888,synthetic_demo,synthetic conceptual storage,True
2013-05-07,SB1,71.5888,synthetic_demo,synthetic conceptual storage,True
2013-05-08,SB1,71.5888,synthetic_demo,synthetic conceptual storage,True
2013-05-09,SB1,71.5888,synthetic_demo,synthetic conceptual storage,True
2013-05-10,SB1,71.5888,synthetic_demo,synthetic conceptual storage,True
2013-05-11,SB1,71.5888,synthetic_demo,synthetic conceptual storage,True
2013-05-12,SB1,71.6581,synthetic_demo,synthetic conceptual storage,True
2013-05-13,SB1,71.982,synthetic_demo,synthetic conceptual storage,True
2013-05-14,SB1,71.8523,synthetic_demo,synthetic conceptual storage,True
2013-05-15,SB1,71.8523,synthetic_demo,synthetic conceptual storage,True
2013-05-16,SB1,72.5776,synthetic_demo,synthetic conceptual storage,True
2013-05-17,SB1,72.5776,synthetic_demo,synthetic conceptual storage,True
2013-05-18,SB1,72.8462,synthetic_demo,synthetic conceptual storage,True
2013-05-19,SB1,72.8462,synthetic_demo,synthetic conceptual storage,True
2013-05-20,SB1,72.8462,synthetic_demo,synthetic conceptual storage,True
2013-05-21,SB1,72.8462,synthetic_demo,synthetic conceptual storage,True
2013-05-22,SB1,72.8462,synthetic_demo,synthetic conceptual storage,True
2013-05-23,SB1,72.5855,synthetic_demo,synthetic conceptual storage,True
2013-05-24,SB1,72.5855,synthetic_demo,synthetic conceptual storage,True
2013-05-25,SB1,72.5855,synthetic_demo,synthetic conceptual storage,True
2013-05-26,SB1,72.1147,synthetic_demo,synthetic conceptual storage,True
2013-05-27,SB1,72.1147,synthetic_demo,synthetic conceptual storage,True
2013-05-28,SB1,72.1147,synthetic_demo,synthetic conceptual storage,True
2013-05-29,SB1,72.1147,synthetic_demo,synthetic conceptual storage,True
2013-05-30,SB1,72.1147,synthetic_demo,synthetic conceptual storage,True
2013-05-31,SB1,71.702,synthetic_demo,synthetic conceptual storage,True
2013-06-01,SB1,71.702,synthetic_demo,synthetic conceptual storage,True
2013-06-02,SB1,71.702,synthetic_demo,synthetic conceptual storage,True
2013-06-03,SB1,71.702,synthetic_demo,synthetic conceptual storage,True
2013-06-04,SB1,71.702,synthetic_demo,synthetic conceptual storage,True
2013-06-05,SB1,71.702,synthetic_demo,synthetic conceptual storage,True
2013-06-06,SB1,71.702,synthetic_demo,synthetic conceptual storage,True
2013-06-07,SB1,71.8475,synthetic_demo,synthetic conceptual storage,True
2013-06-08,SB1,71.8475,synthetic_demo,synthetic conceptual storage,True
2013-06-09,SB1,71.8475,synthetic_demo,synthetic conceptual storage,True
2013-06-10,SB1,71.8475,synthetic_demo,synthetic conceptual storage,True
2013-06-11,SB1,71.8475,synthetic_demo,synthetic conceptual storage,True
2013-06-12,SB1,71.9527,synthetic_demo,synthetic conceptual storage,True
2013-06-13,SB1,71.9527,synthetic_demo,synthetic conceptual storage,True
2013-06-14,SB1,72.208,synthetic_demo,synthetic conceptual storage,True
2013-06-15,SB1,72.3195,synthetic_demo,synthetic conceptual storage,True
2013-06-16,SB1,72.4255,synthetic_demo,synthetic conceptual storage,True
2013-06-17,SB1,72.4255,synthetic_demo,synthetic conceptual storage,True
2013-06-18,SB1,72.4255,synthetic_demo,synthetic conceptual storage,True
2013-06-19,SB1,71.9929,synthetic_demo,synthetic conceptual storage,True
2013-06-20,SB1,71.9929,synthetic_demo,synthetic conceptual storage,True
2013-06-21,SB1,71.3724,synthetic_demo,synthetic conceptual storage,True
2013-06-22,SB1,71.3445,synthetic_demo,synthetic conceptual storage,True
2013-06-23,SB1,71.3445,synthetic_demo,synthetic conceptual storage,True
2013-06-24,SB1,71.3445,synthetic_demo,synthetic conceptual storage,True
2013-06-25,SB1,71.3445,synthetic_demo,synthetic conceptual storage,True
2013-06-26,SB1,71.3445,synthetic_demo,synthetic conceptual storage,True
2013-06-27,SB1,71.3445,synthetic_demo,synthetic conceptual storage,True
2013-06-28,SB1,71.7485,synthetic_demo,synthetic conceptual storage,True
2013-06-29,SB1,71.5828,synthetic_demo,synthetic conceptual storage,True
2013-06-30,SB1,71.5828,synthetic_demo,synthetic conceptual storage,True
2013-07-01,SB1,71.5828,synthetic_demo,synthetic conceptual storage,True
2013-07-02,SB1,71.9491,synthetic_demo,synthetic conceptual storage,True
2013-07-03,SB1,71.9491,synthetic_demo,synthetic conceptual storage,True
2013-07-04,SB1,71.9491,synthetic_demo,synthetic conceptual storage,True
2013-07-05,SB1,71.9491,synthetic_demo,synthetic conceptual storage,True
2013-07-06,SB1,71.9491,synthetic_demo,synthetic conceptual storage,True
2013-07-07,SB1,71.9491,synthetic_demo,synthetic conceptual storage,True
2013-07-08,SB1,71.9362,synthetic_demo,synthetic conceptual storage,True
2013-07-09,SB1,71.6771,synthetic_demo,synthetic conceptual storage,True
2013-07-10,SB1,71.6771,synthetic_demo,synthetic conceptual storage,True
2013-07-11,SB1,71.4926,synthetic_demo,synthetic conceptual storage,True
2013-07-12,SB1,71.7673,synthetic_demo,synthetic conceptual storage,True
2013-07-13,SB1,70.9665,synthetic_demo,synthetic conceptual storage,True
2013-07-14,SB1,70.9665,synthetic_demo,synthetic conceptual storage,True
2013-07-15,SB1,70.9665,synthetic_demo,synthetic conceptual storage,True
2013-07-16,SB1,70.8019,synthetic_demo,synthetic conceptual storage,True
2013-07-17,SB1,70.8019,synthetic_demo,synthetic conceptual storage,True
2013-07-18,SB1,71.3023,synthetic_demo,synthetic conceptual storage,True
2013-07-19,SB1,71.3023,synthetic_demo,synthetic conceptual storage,True
2013-07-20,SB1,71.4515,synthetic_demo,synthetic conceptual storage,True
2013-07-21,SB1,71.4515,synthetic_demo,synthetic conceptual storage,True
2013-07-22,SB1,71.4515,synthetic_demo,synthetic conceptual storage,True
2013-07-23,SB1,70.6565,synthetic_demo,synthetic conceptual storage,True
2013-07-24,SB1,70.6565,synthetic_demo,synthetic conceptual storage,True
2013-07-25,SB1,70.6565,synthetic_demo,synthetic conceptual storage,True
2013-07-26,SB1,70.6565,synthetic_demo,synthetic conceptual storage,True
2013-07-27,SB1,70.5985,synthetic_demo,synthetic conceptual storage,True
2013-07-28,SB1,70.5985,synthetic_demo,synthetic conceptual storage,True
2013-07-29,SB1,71.2833,synthetic_demo,synthetic conceptual storage,True
2013-07-30,SB1,71.0965,synthetic_demo,synthetic conceptual storage,True
2013-07-31,SB1,71.0965,synthetic_demo,synthetic conceptual storage,True
2013-08-01,SB1,71.0965,synthetic_demo,synthetic conceptual storage,True
2013-08-02,SB1,71.1979,synthetic_demo,synthetic conceptual storage,True
2013-08-03,SB1,71.2493,synthetic_demo,synthetic conceptual storage,True
2013-08-04,SB1,71.3322,synthetic_demo,synthetic conceptual storage,True
2013-08-05,SB1,71.1038,synthetic_demo,synthetic conceptual storage,True
2013-08-06,SB1,71.3406,synthetic_demo,synthetic conceptual storage,True
2013-08-07,SB1,70.9751,synthetic_demo,synthetic conceptual storage,True
2013-08-08,SB1,70.9751,synthetic_demo,synthetic conceptual storage,True
2013-08-09,SB1,70.9246,synthetic_demo,synthetic conceptual storage,True
2013-08-10,SB1,70.9246,synthetic_demo,synthetic conceptual storage,True
2013-08-11,SB1,70.9246,synthetic_demo,synthetic conceptual storage,True
2013-08-12,SB1,70.9246,synthetic_demo,synthetic conceptual storage,True
2013-08-13,SB1,70.9246,synthetic_demo,synthetic conceptual storage,True
2013-08-14,SB1,70.3983,synthetic_demo,synthetic conceptual storage,True
2013-08-15,SB1,70.055,synthetic_demo,synthetic conceptual storage,True
2013-08-16,SB1,69.6551,synthetic_demo,synthetic conceptual storage,True
2013-08-17,SB1,69.9705,synthetic_demo,synthetic conceptual storage,True
2013-08-18,SB1,70.9163,synthetic_demo,synthetic conceptual storage,True
2013-08-19,SB1,70.7998,synthetic_demo,synthetic conceptual storage,True
2013-08-20,SB1,71.3535,synthetic_demo,synthetic conceptual storage,True
2013-08-21,SB1,71.7443,synthetic_demo,synthetic conceptual storage,True
2013-08-22,SB1,71.9868,synthetic_demo,synthetic conceptual storage,True
2013-08-23,SB1,72.3453,synthetic_demo,synthetic conceptual storage,True
2013-08-24,SB1,71.85,synthetic_demo,synthetic conceptual storage,True
2013-08-25,SB1,71.5702,synthetic_demo,synthetic conceptual storage,True
2013-08-26,SB1,71.7836,synthetic_demo,synthetic conceptual storage,True
2013-08-27,SB1,71.272,synthetic_demo,synthetic conceptual storage,True
2013-08-28,SB1,71.3528,synthetic_demo,synthetic conceptual storage,True
2013-08-29,SB1,71.4554,synthetic_demo,synthetic conceptual storage,True
2013-08-30,SB1,71.4554,synthetic_demo,synthetic conceptual storage,True
2013-08-31,SB1,71.4554,synthetic_demo,synthetic conceptual storage,True
2013-09-01,SB1,71.523,synthetic_demo,synthetic conceptual storage,True
2013-09-02,SB1,71.4788,synthetic_demo,synthetic conceptual storage,True
2013-09-03,SB1,71.4788,synthetic_demo,synthetic conceptual storage,True
2013-09-04,SB1,71.4339,synthetic_demo,synthetic conceptual storage,True
2013-09-05,SB1,71.4339,synthetic_demo,synthetic conceptual storage,True
2013-09-06,SB1,71.2228,synthetic_demo,synthetic conceptual storage,True
2013-09-07,SB1,70.7396,synthetic_demo,synthetic conceptual storage,True
2013-09-08,SB1,70.6708,synthetic_demo,synthetic conceptual storage,True
2013-09-09,SB1,70.8852,synthetic_demo,synthetic conceptual storage,True
2013-09-10,SB1,70.8852,synthetic_demo,synthetic conceptual storage,True
2013-09-11,SB1,71.0991,synthetic_demo,synthetic conceptual storage,True
2013-09-12,SB1,71.0991,synthetic_demo,synthetic conceptual storage,True
2013-09-13,SB1,70.7269,synthetic_demo,synthetic conceptual storage,True
2013-09-14,SB1,70.9261,synthetic_demo,synthetic conceptual storage,True
2013-09-15,SB1,70.9261,synthetic_demo,synthetic conceptual storage,True
2013-09-16,SB1,70.9261,synthetic_demo,synthetic conceptual storage,True
2013-09-17,SB1,70.9261,synthetic_demo,synthetic conceptual storage,True
2013-09-18,SB1,70.7341,synthetic_demo,synthetic conceptual storage,True
2013-09-19,SB1,70.7341,synthetic_demo,synthetic conceptual storage,True
2013-09-20,SB1,70.9606,synthetic_demo,synthetic conceptual storage,True
2013-09-21,SB1,70.7425,synthetic_demo,synthetic conceptual storage,True
2013-09-22,SB1,70.7425,synthetic_demo,synthetic conceptual storage,True
2013-09-23,SB1,70.7425,synthetic_demo,synthetic conceptual storage,True
2013-09-24,SB1,70.6069,synthetic_demo,synthetic conceptual storage,True
2013-09-25,SB1,70.381,synthetic_demo,synthetic conceptual storage,True
2013-09-26,SB1,70.1178,synthetic_demo,synthetic conceptual storage,True
2013-09-27,SB1,70.1178,synthetic_demo,synthetic conceptual storage,True
2013-09-28,SB1,69.5522,synthetic_demo,synthetic conceptual storage,True
2013-09-29,SB1,69.2764,synthetic_demo,synthetic conceptual storage,True
2013-09-30,SB1,69.2555,synthetic_demo,synthetic conceptual storage,True
2013-10-01,SB1,69.7403,synthetic_demo,synthetic conceptual storage,True
2013-10-02,SB1,69.5841,synthetic_demo,synthetic conceptual storage,True
2013-10-03,SB1,69.3882,synthetic_demo,synthetic conceptual storage,True
2013-10-04,SB1,69.479,synthetic_demo,synthetic conceptual storage,True
2013-10-05,SB1,70.0308,synthetic_demo,synthetic conceptual storage,True
2013-10-06,SB1,70.0308,synthetic_demo,synthetic conceptual storage,True
2013-10-07,SB1,70.3681,synthetic_demo,synthetic conceptual storage,True
2013-10-08,SB1,70.6229,synthetic_demo,synthetic conceptual storage,True
2013-10-09,SB1,71.3055,synthetic_demo,synthetic conceptual storage,True
2013-10-10,SB1,70.9401,synthetic_demo,synthetic conceptual storage,True
2013-10-11,SB1,70.9401,synthetic_demo,synthetic conceptual storage,True
2013-10-12,SB1,70.9401,synthetic_demo,synthetic conceptual storage,True
2013-10-13,SB1,70.9401,synthetic_demo,synthetic conceptual storage,True
2013-10-14,SB1,70.9401,synthetic_demo,synthetic conceptual storage,True
2013-10-15,SB1,71.0327,synthetic_demo,synthetic conceptual storage,True
2013-10-16,SB1,71.0327,synthetic_demo,synthetic conceptual storage,True
2013-10-17,SB1,71.0983,synthetic_demo,synthetic conceptual storage,True
2013-10-18,SB1,71.0983,synthetic_demo,synthetic conceptual storage,True
2013-10-19,SB1,71.2236,synthetic_demo,synthetic conceptual storage,True
2013-10-20,SB1,71.1706,synthetic_demo,synthetic conceptual storage,True
2013-10-21,SB1,71.1706,synthetic_demo,synthetic conceptual storage,True
2013-10-22,SB1,71.8527,synthetic_demo,synthetic conceptual storage,True
2013-10-23,SB1,72.219,synthetic_demo,synthetic conceptual storage,True
2013-10-24,SB1,72.219,synthetic_demo,synthetic conceptual storage,True
2013-10-25,SB1,72.219,synthetic_demo,synthetic conceptual storage,True
2013-10-26,SB1,71.9428,synthetic_demo,synthetic conceptual storage,True
2013-10-27,SB1,72.5176,synthetic_demo,synthetic conceptual storage,True
2013-10-28,SB1,72.7263,synthetic_demo,synthetic conceptual storage,True
2013-10-29,SB1,72.9527,synthetic_demo,synthetic conceptual storage,True
2013-10-30,SB1,72.9527,synthetic_demo,synthetic conceptual storage,True
2013-10-31,SB1,73.2667,synthetic_demo,synthetic conceptual storage,True
2013-11-01,SB1,73.4927,synthetic_demo,synthetic conceptual storage,True
2013-11-02,SB1,73.4927,synthetic_demo,synthetic conceptual storage,True
2013-11-03,SB1,73.354,synthetic_demo,synthetic conceptual storage,True
2013-11-04,SB1,73.836,synthetic_demo,synthetic conceptual storage,True
2013-11-05,SB1,73.836,synthetic_demo,synthetic conceptual storage,True
2013-11-06,SB1,73.836,synthetic_demo,synthetic conceptual storage,True
2013-11-07,SB1,73.836,synthetic_demo,synthetic conceptual storage,True
2013-11-08,SB1,73.6073,synthetic_demo,synthetic conceptual storage,True
2013-11-09,SB1,73.6073,synthetic_demo,synthetic conceptual storage,True
2013-11-10,SB1,73.6073,synthetic_demo,synthetic conceptual storage,True
2013-11-11,SB1,73.5789,synthetic_demo,synthetic conceptual storage,True
2013-11-12,SB1,73.414,synthetic_demo,synthetic conceptual storage,True
2013-11-13,SB1,73.414,synthetic_demo,synthetic conceptual storage,True
2013-11-14,SB1,73.414,synthetic_demo,synthetic conceptual storage,True
2013-11-15,SB1,73.6248,synthetic_demo,synthetic conceptual storage,True
2013-11-16,SB1,73.6248,synthetic_demo,synthetic conceptual storage,True
2013-11-17,SB1,73.4474,synthetic_demo,synthetic conceptual storage,True
2013-11-18,SB1,74.1992,synthetic_demo,synthetic conceptual storage,True
2013-11-19,SB1,74.7165,synthetic_demo,synthetic conceptual storage,True
2013-11-20,SB1,74.4331,synthetic_demo,synthetic conceptual storage,True
2013-11-21,SB1,74.4331,synthetic_demo,synthetic conceptual storage,True
2013-11-22,SB1,74.8587,synthetic_demo,synthetic conceptual storage,True
2013-11-23,SB1,74.8587,synthetic_demo,synthetic conceptual storage,True
2013-11-24,SB1,74.8224,synthetic_demo,synthetic conceptual storage,True
2013-11-25,SB1,74.9876,synthetic_demo,synthetic conceptual storage,True
2013-11-26,SB1,74.8428,synthetic_demo,synthetic conceptual storage,True
2013-11-27,SB1,74.8428,synthetic_demo,synthetic conceptual storage,True
2013-11-28,SB1,74.8428,synthetic_demo,synthetic conceptual storage,True
2013-11-29,SB1,74.7445,synthetic_demo,synthetic conceptual storage,True
2013-11-30,SB1,74.0691,synthetic_demo,synthetic conceptual storage,True
2013-12-01,SB1,73.0789,synthetic_demo,synthetic conceptual storage,True
2013-12-02,SB1,73.0789,synthetic_demo,synthetic conceptual storage,True
2013-12-03,SB1,72.9273,synthetic_demo,synthetic conceptual storage,True
2013-12-04,SB1,72.9273,synthetic_demo,synthetic conceptual storage,True
2013-12-05,SB1,72.9273,synthetic_demo,synthetic conceptual storage,True
2013-12-06,SB1,72.9273,synthetic_demo,synthetic conceptual storage,True
2013-12-07,SB1,72.9273,synthetic_demo,synthetic conceptual storage,True
2013-12-08,SB1,72.9273,synthetic_demo,synthetic conceptual storage,True
2013-12-09,SB1,72.9273,synthetic_demo,synthetic conceptual storage,True
2013-12-10,SB1,72.9273,synthetic_demo,synthetic conceptual storage,True
2013-12-11,SB1,72.9273,synthetic_demo,synthetic conceptual storage,True
2013-12-12,SB1,72.9273,synthetic_demo,synthetic conceptual storage,True
2013-12-13,SB1,73.6039,synthetic_demo,synthetic conceptual storage,True
2013-12-14,SB1,73.6039,synthetic_demo,synthetic conceptual storage,True
2013-12-15,SB1,73.6039,synthetic_demo,synthetic conceptual storage,True
2013-12-16,SB1,73.6039,synthetic_demo,synthetic conceptual storage,True
2013-12-17,SB1,73.6039,synthetic_demo,synthetic conceptual storage,True
2013-12-18,SB1,73.4361,synthetic_demo,synthetic conceptual storage,True
2013-12-19,SB1,73.4361,synthetic_demo,synthetic conceptual storage,True
2013-12-20,SB1,73.4361,synthetic_demo,synthetic conceptual storage,True
2013-12-21,SB1,73.4361,synthetic_demo,synthetic conceptual storage,True
2013-12-22,SB1,73.4361,synthetic_demo,synthetic conceptual storage,True
2013-12-23,SB1,73.6883,synthetic_demo,synthetic conceptual storage,True
2013-12-24,SB1,73.6883,synthetic_demo,synthetic conceptual storage,True
2013-12-25,SB1,73.6883,synthetic_demo,synthetic conceptual storage,True
2013-12-26,SB1,73.5933,synthetic_demo,synthetic conceptual storage,True
2013-12-27,SB1,73.5933,synthetic_demo,synthetic conceptual storage,True
2013-12-28,SB1,73.5933,synthetic_demo,synthetic conceptual storage,True
2013-12-29,SB1,73.5933,synthetic_demo,synthetic conceptual storage,True
2013-12-30,SB1,73.5933,synthetic_demo,synthetic conceptual storage,True
2013-12-31,SB1,74.8081,synthetic_demo,synthetic conceptual storage,True
2014-01-01,SB1,74.8081,synthetic_demo,synthetic conceptual storage,True
2014-01-02,SB1,74.8081,synthetic_demo,synthetic conceptual storage,True
2014-01-03,SB1,74.6168,synthetic_demo,synthetic conceptual storage,True
2014-01-04,SB1,75.2068,synthetic_demo,synthetic conceptual storage,True
2014-01-05,SB1,75.2068,synthetic_demo,synthetic conceptual storage,True
2014-01-06,SB1,75.8851,synthetic_demo,synthetic conceptual storage,True
2014-01-07,SB1,75.8851,synthetic_demo,synthetic conceptual storage,True
2014-01-08,SB1,75.8851,synthetic_demo,synthetic conceptual storage,True
2014-01-09,SB1,75.8851,synthetic_demo,synthetic conceptual storage,True
2014-01-10,SB1,75.7702,synthetic_demo,synthetic conceptual storage,True
2014-01-11,SB1,75.9167,synthetic_demo,synthetic conceptual storage,True
2014-01-12,SB1,76.1718,synthetic_demo,synthetic conceptual storage,True
2014-01-13,SB1,76.1718,synthetic_demo,synthetic conceptual storage,True
2014-01-14,SB1,76.1718,synthetic_demo,synthetic conceptual storage,True
2014-01-15,SB1,76.1718,synthetic_demo,synthetic conceptual storage,True
2014-01-16,SB1,76.1718,synthetic_demo,synthetic conceptual storage,True
2014-01-17,SB1,76.1718,synthetic_demo,synthetic conceptual storage,True
2014-01-18,SB1,76.1718,synthetic_demo,synthetic conceptual storage,True
2014-01-19,SB1,75.8508,synthetic_demo,synthetic conceptual storage,True
2014-01-20,SB1,75.8508,synthetic_demo,synthetic conceptual storage,True
2014-01-21,SB1,75.8508,synthetic_demo,synthetic conceptual storage,True
2014-01-22,SB1,76.9254,synthetic_demo,synthetic conceptual storage,True
2014-01-23,SB1,76.9254,synthetic_demo,synthetic conceptual storage,True
2014-01-24,SB1,76.9254,synthetic_demo,synthetic conceptual storage,True
2014-01-25,SB1,76.9254,synthetic_demo,synthetic conceptual storage,True
2014-01-26,SB1,76.9254,synthetic_demo,synthetic conceptual storage,True
2014-01-27,SB1,76.9254,synthetic_demo,synthetic conceptual storage,True
2014-01-28,SB1,76.9254,synthetic_demo,synthetic conceptual storage,True
2014-01-29,SB1,76.9254,synthetic_demo,synthetic conceptual storage,True
2014-01-30,SB1,76.9254,synthetic_demo,synthetic conceptual storage,True
2014-01-31,SB1,77.1571,synthetic_demo,synthetic conceptual storage,True
2014-02-01,SB1,76.6884,synthetic_demo,synthetic conceptual storage,True
2014-02-02,SB1,76.6884,synthetic_demo,synthetic conceptual storage,True
2014-02-03,SB1,76.6884,synthetic_demo,synthetic conceptual storage,True
2014-02-04,SB1,76.6884,synthetic_demo,synthetic conceptual storage,True
2014-02-05,SB1,76.1414,synthetic_demo,synthetic conceptual storage,True
2014-02-06,SB1,76.1414,synthetic_demo,synthetic conceptual storage,True
2014-02-07,SB1,76.1414,synthetic_demo,synthetic conceptual storage,True
2014-02-08,SB1,76.1414,synthetic_demo,synthetic conceptual storage,True
2014-02-09,SB1,76.9245,synthetic_demo,synthetic conceptual storage,True
2014-02-10,SB1,76.5428,synthetic_demo,synthetic conceptual storage,True
2014-02-11,SB1,76.5428,synthetic_demo,synthetic conceptual storage,True
2014-02-12,SB1,76.5428,synthetic_demo,synthetic conceptual storage,True
2014-02-13,SB1,76.5428,synthetic_demo,synthetic conceptual storage,True
2014-02-14,SB1,76.513,synthetic_demo,synthetic conceptual storage,True
2014-02-15,SB1,76.513,synthetic_demo,synthetic conceptual storage,True
2014-02-16,SB1,76.513,synthetic_demo,synthetic conceptual storage,True
2014-02-17,SB1,76.513,synthetic_demo,synthetic conceptual storage,True
2014-02-18,SB1,76.513,synthetic_demo,synthetic conceptual storage,True
2014-02-19,SB1,76.513,synthetic_demo,synthetic conceptual storage,True
2014-02-20,SB1,76.7385,synthetic_demo,synthetic conceptual storage,True
2014-02-21,SB1,76.604,synthetic_demo,synthetic conceptual storage,True
2014-02-22,SB1,76.604,synthetic_demo,synthetic conceptual storage,True
2014-02-23,SB1,76.604,synthetic_demo,synthetic conceptual storage,True
2014-02-24,SB1,76.604,synthetic_demo,synthetic conceptual storage,True
2014-02-25,SB1,76.604,synthetic_demo,synthetic conceptual storage,True
2014-02-26,SB1,76.604,synthetic_demo,synthetic conceptual storage,True
2014-02-27,SB1,76.604,synthetic_demo,synthetic conceptual storage,True
2014-02-28,SB1,76.604,synthetic_demo,synthetic conceptual storage,True
2014-03-01,SB1,76.604,synthetic_demo,synthetic conceptual storage,True
2014-03-02,SB1,76.604,synthetic_demo,synthetic conceptual storage,True
2014-03-03,SB1,76.604,synthetic_demo,synthetic conceptual storage,True
2014-03-04,SB1,76.604,synthetic_demo,synthetic conceptual storage,True
2014-03-05,SB1,76.604,synthetic_demo,synthetic conceptual storage,True
2014-03-06,SB1,76.604,synthetic_demo,synthetic conceptual storage,True
2014-03-07,SB1,76.604,synthetic_demo,synthetic conceptual storage,True
2014-03-08,SB1,76.604,synthetic_demo,synthetic conceptual storage,True
2014-03-09,SB1,76.604,synthetic_demo,synthetic conceptual storage,True
2014-03-10,SB1,76.604,synthetic_demo,synthetic conceptual storage,True
2014-03-11,SB1,76.604,synthetic_demo,synthetic conceptual storage,True
2014-03-12,SB1,76.604,synthetic_demo,synthetic conceptual storage,True
2014-03-13,SB1,76.604,synthetic_demo,synthetic conceptual storage,True
2014-03-14,SB1,76.604,synthetic_demo,synthetic conceptual storage,True
2014-03-15,SB1,76.604,synthetic_demo,synthetic conceptual storage,True
2014-03-16,SB1,76.604,synthetic_demo,synthetic conceptual storage,True
2014-03-17,SB1,75.5782,synthetic_demo,synthetic conceptual storage,True
2014-03-18,SB1,75.5782,synthetic_demo,synthetic conceptual storage,True
2014-03-19,SB1,75.5782,synthetic_demo,synthetic conceptual storage,True
2014-03-20,SB1,75.5782,synthetic_demo,synthetic conceptual storage,True
2014-03-21,SB1,75.5782,synthetic_demo,synthetic conceptual storage,True
2014-03-22,SB1,75.5782,synthetic_demo,synthetic conceptual storage,True
2014-03-23,SB1,75.5782,synthetic_demo,synthetic conceptual storage,True
2014-03-24,SB1,75.5782,synthetic_demo,synthetic conceptual storage,True
2014-03-25,SB1,75.5782,synthetic_demo,synthetic conceptual storage,True
2014-03-26,SB1,75.5782,synthetic_demo,synthetic conceptual storage,True
2014-03-27,SB1,75.5782,synthetic_demo,synthetic conceptual storage,True
2014-03-28,SB1,75.4297,synthetic_demo,synthetic conceptual storage,True
2014-03-29,SB1,75.4297,synthetic_demo,synthetic conceptual storage,True
2014-03-30,SB1,75.4297,synthetic_demo,synthetic conceptual storage,True
2014-03-31,SB1,75.4297,synthetic_demo,synthetic conceptual storage,True
2014-04-01,SB1,75.4297,synthetic_demo,synthetic conceptual storage,True
2014-04-02,SB1,75.4297,synthetic_demo,synthetic conceptual storage,True
2014-04-03,SB1,75.4297,synthetic_demo,synthetic conceptual storage,True
2014-04-04,SB1,75.4297,synthetic_demo,synthetic conceptual storage,True
2014-04-05,SB1,75.4297,synthetic_demo,synthetic conceptual storage,True
2014-04-06,SB1,75.4297,synthetic_demo,synthetic conceptual storage,True
2014-04-07,SB1,75.4297,synthetic_demo,synthetic conceptual storage,True
2014-04-08,SB1,75.4297,synthetic_demo,synthetic conceptual storage,True
2014-04-09,SB1,75.4297,synthetic_demo,synthetic conceptual storage,True
2014-04-10,SB1,75.4297,synthetic_demo,synthetic conceptual storage,True
2014-04-11,SB1,75.665,synthetic_demo,synthetic conceptual storage,True
2014-04-12,SB1,75.665,synthetic_demo,synthetic conceptual storage,True
2014-04-13,SB1,75.665,synthetic_demo,synthetic conceptual storage,True
2014-04-14,SB1,75.5477,synthetic_demo,synthetic conceptual storage,True
2014-04-15,SB1,75.5477,synthetic_demo,synthetic conceptual storage,True
2014-04-16,SB1,75.3929,synthetic_demo,synthetic conceptual storage,True
2014-04-17,SB1,75.3929,synthetic_demo,synthetic conceptual storage,True
2014-04-18,SB1,75.3929,synthetic_demo,synthetic conceptual storage,True
2014-04-19,SB1,75.3929,synthetic_demo,synthetic conceptual storage,True
2014-04-20,SB1,75.3929,synthetic_demo,synthetic conceptual storage,True
2014-04-21,SB1,75.3929,synthetic_demo,synthetic conceptual storage,True
2014-04-22,SB1,75.6191,synthetic_demo,synthetic conceptual storage,True
2014-04-23,SB1,75.8049,synthetic_demo,synthetic conceptual storage,True
2014-04-24,SB1,75.8049,synthetic_demo,synthetic conceptual storage,True
2014-04-25,SB1,75.8049,synthetic_demo,synthetic conceptual storage,True
2014-04-26,SB1,75.8049,synthetic_demo,synthetic conceptual storage,True
2014-04-27,SB1,75.8049,synthetic_demo,synthetic conceptual storage,True
2014-04-28,SB1,75.8049,synthetic_demo,synthetic conceptual storage,True
2014-04-29,SB1,75.8049,synthetic_demo,synthetic conceptual storage,True
2014-04-30,SB1,75.8049,synthetic_demo,synthetic conceptual storage,True
2014-05-01,SB1,75.8049,synthetic_demo,synthetic conceptual storage,True
2014-05-02,SB1,75.8049,synthetic_demo,synthetic conceptual storage,True
2014-05-03,SB1,75.8049,synthetic_demo,synthetic conceptual storage,True
2014-05-04,SB1,75.8049,synthetic_demo,synthetic conceptual storage,True
2014-05-05,SB1,75.8049,synthetic_demo,synthetic conceptual storage,True
2014-05-06,SB1,75.481,synthetic_demo,synthetic conceptual storage,True
2014-05-07,SB1,75.481,synthetic_demo,synthetic conceptual storage,True
2014-05-08,SB1,75.481,synthetic_demo,synthetic conceptual storage,True
2014-05-09,SB1,75.481,synthetic_demo,synthetic conceptual storage,True
2014-05-10,SB1,75.6993,synthetic_demo,synthetic conceptual storage,True
2014-05-11,SB1,75.6993,synthetic_demo,synthetic conceptual storage,True
2014-05-12,SB1,75.9283,synthetic_demo,synthetic conceptual storage,True
2014-05-13,SB1,75.8545,synthetic_demo,synthetic conceptual storage,True
2014-05-14,SB1,75.8545,synthetic_demo,synthetic conceptual storage,True
2014-05-15,SB1,75.8545,synthetic_demo,synthetic conceptual storage,True
2014-05-16,SB1,75.1292,synthetic_demo,synthetic conceptual storage,True
2014-05-17,SB1,75.1292,synthetic_demo,synthetic conceptual storage,True
2014-05-18,SB1,74.8607,synthetic_demo,synthetic conceptual storage,True
2014-05-19,SB1,74.8607,synthetic_demo,synthetic conceptual storage,True
2014-05-20,SB1,74.8607,synthetic_demo,synthetic conceptual storage,True
2014-05-21,SB1,74.8607,synthetic_demo,synthetic conceptual storage,True
2014-05-22,SB1,74.8607,synthetic_demo,synthetic conceptual storage,True
2014-05-23,SB1,74.8607,synthetic_demo,synthetic conceptual storage,True
2014-05-24,SB1,74.8607,synthetic_demo,synthetic conceptual storage,True
2014-05-25,SB1,74.8607,synthetic_demo,synthetic conceptual storage,True
2014-05-26,SB1,74.8607,synthetic_demo,synthetic conceptual storage,True
2014-05-27,SB1,74.8607,synthetic_demo,synthetic conceptual storage,True
2014-05-28,SB1,74.8607,synthetic_demo,synthetic conceptual storage,True
2014-05-29,SB1,74.9192,synthetic_demo,synthetic conceptual storage,True
2014-05-30,SB1,74.9192,synthetic_demo,synthetic conceptual storage,True
2014-05-31,SB1,74.9192,synthetic_demo,synthetic conceptual storage,True
2014-06-01,SB1,74.9192,synthetic_demo,synthetic conceptual storage,True
2014-06-02,SB1,74.9192,synthetic_demo,synthetic conceptual storage,True
2014-06-03,SB1,74.9192,synthetic_demo,synthetic conceptual storage,True
2014-06-04,SB1,74.9192,synthetic_demo,synthetic conceptual storage,True
2014-06-05,SB1,74.9192,synthetic_demo,synthetic conceptual storage,True
2014-06-06,SB1,74.9192,synthetic_demo,synthetic conceptual storage,True
2014-06-07,SB1,74.7736,synthetic_demo,synthetic conceptual storage,True
2014-06-08,SB1,74.7736,synthetic_demo,synthetic conceptual storage,True
2014-06-09,SB1,74.7736,synthetic_demo,synthetic conceptual storage,True
2014-06-10,SB1,74.7736,synthetic_demo,synthetic conceptual storage,True
2014-06-11,SB1,74.7736,synthetic_demo,synthetic conceptual storage,True
2014-06-12,SB1,74.6685,synthetic_demo,synthetic conceptual storage,True
2014-06-13,SB1,74.7361,synthetic_demo,synthetic conceptual storage,True
2014-06-14,SB1,74.4808,synthetic_demo,synthetic conceptual storage,True
2014-06-15,SB1,74.3693,synthetic_demo,synthetic conceptual storage,True
2014-06-16,SB1,74.0286,synthetic_demo,synthetic conceptual storage,True
2014-06-17,SB1,74.0286,synthetic_demo,synthetic conceptual storage,True
2014-06-18,SB1,74.0286,synthetic_demo,synthetic conceptual storage,True
2014-06-19,SB1,74.0286,synthetic_demo,synthetic conceptual storage,True
2014-06-20,SB1,74.0286,synthetic_demo,synthetic conceptual storage,True
2014-06-21,SB1,73.988,synthetic_demo,synthetic conceptual storage,True
2014-06-22,SB1,73.988,synthetic_demo,synthetic conceptual storage,True
2014-06-23,SB1,73.988,synthetic_demo,synthetic conceptual storage,True
2014-06-24,SB1,74.1287,synthetic_demo,synthetic conceptual storage,True
2014-06-25,SB1,74.1287,synthetic_demo,synthetic conceptual storage,True
2014-06-26,SB1,74.1287,synthetic_demo,synthetic conceptual storage,True
2014-06-27,SB1,74.1287,synthetic_demo,synthetic conceptual storage,True
2014-06-28,SB1,73.7246,synthetic_demo,synthetic conceptual storage,True
2014-06-29,SB1,73.7246,synthetic_demo,synthetic conceptual storage,True
2014-06-30,SB1,73.8486,synthetic_demo,synthetic conceptual storage,True
2014-07-01,SB1,73.8486,synthetic_demo,synthetic conceptual storage,True
2014-07-02,SB1,73.4822,synthetic_demo,synthetic conceptual storage,True
2014-07-03,SB1,73.4822,synthetic_demo,synthetic conceptual storage,True
2014-07-04,SB1,73.4822,synthetic_demo,synthetic conceptual storage,True
2014-07-05,SB1,73.683,synthetic_demo,synthetic conceptual storage,True
2014-07-06,SB1,73.683,synthetic_demo,synthetic conceptual storage,True
2014-07-07,SB1,73.683,synthetic_demo,synthetic conceptual storage,True
2014-07-08,SB1,73.4683,synthetic_demo,synthetic conceptual storage,True
2014-07-09,SB1,73.7419,synthetic_demo,synthetic conceptual storage,True
2014-07-10,SB1,74.3025,synthetic_demo,synthetic conceptual storage,True
2014-07-11,SB1,74.2733,synthetic_demo,synthetic conceptual storage,True
2014-07-12,SB1,73.9985,synthetic_demo,synthetic conceptual storage,True
2014-07-13,SB1,73.9985,synthetic_demo,synthetic conceptual storage,True
2014-07-14,SB1,73.9985,synthetic_demo,synthetic conceptual storage,True
2014-07-15,SB1,73.9985,synthetic_demo,synthetic conceptual storage,True
2014-07-16,SB1,73.8907,synthetic_demo,synthetic conceptual storage,True
2014-07-17,SB1,73.8907,synthetic_demo,synthetic conceptual storage,True
2014-07-18,SB1,73.3795,synthetic_demo,synthetic conceptual storage,True
2014-07-19,SB1,73.3795,synthetic_demo,synthetic conceptual storage,True
2014-07-20,SB1,73.2303,synthetic_demo,synthetic conceptual storage,True
2014-07-21,SB1,73.3308,synthetic_demo,synthetic conceptual storage,True
2014-07-22,SB1,73.3308,synthetic_demo,synthetic conceptual storage,True
2014-07-23,SB1,73.3308,synthetic_demo,synthetic conceptual storage,True
2014-07-24,SB1,73.3308,synthetic_demo,synthetic conceptual storage,True
2014-07-25,SB1,73.3308,synthetic_demo,synthetic conceptual storage,True
2014-07-26,SB1,73.3308,synthetic_demo,synthetic conceptual storage,True
2014-07-27,SB1,73.3308,synthetic_demo,synthetic conceptual storage,True
2014-07-28,SB1,73.4684,synthetic_demo,synthetic conceptual storage,True
2014-07-29,SB1,72.7836,synthetic_demo,synthetic conceptual storage,True
2014-07-30,SB1,72.7836,synthetic_demo,synthetic conceptual storage,True
2014-07-31,SB1,72.7836,synthetic_demo,synthetic conceptual storage,True
2014-08-01,SB1,72.7836,synthetic_demo,synthetic conceptual storage,True
2014-08-02,SB1,72.6116,synthetic_demo,synthetic conceptual storage,True
2014-08-03,SB1,72.5602,synthetic_demo,synthetic conceptual storage,True
2014-08-04,SB1,72.68,synthetic_demo,synthetic conceptual storage,True
2014-08-05,SB1,72.9584,synthetic_demo,synthetic conceptual storage,True
2014-08-06,SB1,72.7216,synthetic_demo,synthetic conceptual storage,True
2014-08-07,SB1,72.6203,synthetic_demo,synthetic conceptual storage,True
2014-08-08,SB1,72.8625,synthetic_demo,synthetic conceptual storage,True
2014-08-09,SB1,72.9769,synthetic_demo,synthetic conceptual storage,True
2014-08-10,SB1,72.9769,synthetic_demo,synthetic conceptual storage,True
2014-08-11,SB1,72.9769,synthetic_demo,synthetic conceptual storage,True
2014-08-12,SB1,72.9769,synthetic_demo,synthetic conceptual storage,True
2014-08-13,SB1,72.9769,synthetic_demo,synthetic conceptual storage,True
2014-08-14,SB1,72.9769,synthetic_demo,synthetic conceptual storage,True
2014-08-15,SB1,73.1261,synthetic_demo,synthetic conceptual storage,True
2014-08-16,SB1,73.1261,synthetic_demo,synthetic conceptual storage,True
2014-08-17,SB1,72.8106,synthetic_demo,synthetic conceptual storage,True
2014-08-18,SB1,71.8649,synthetic_demo,synthetic conceptual storage,True
2014-08-19,SB1,72.2663,synthetic_demo,synthetic conceptual storage,True
2014-08-20,SB1,71.6922,synthetic_demo,synthetic conceptual storage,True
2014-08-21,SB1,71.3577,synthetic_demo,synthetic conceptual storage,True
2014-08-22,SB1,71.817,synthetic_demo,synthetic conceptual storage,True
2014-08-23,SB1,71.4585,synthetic_demo,synthetic conceptual storage,True
2014-08-24,SB1,71.4585,synthetic_demo,synthetic conceptual storage,True
2014-08-25,SB1,71.6146,synthetic_demo,synthetic conceptual storage,True
2014-08-26,SB1,71.3554,synthetic_demo,synthetic conceptual storage,True
2014-08-27,SB1,71.2963,synthetic_demo,synthetic conceptual storage,True
2014-08-28,SB1,71.2154,synthetic_demo,synthetic conceptual storage,True
2014-08-29,SB1,71.1129,synthetic_demo,synthetic conceptual storage,True
2014-08-30,SB1,71.3162,synthetic_demo,synthetic conceptual storage,True
2014-08-31,SB1,71.3162,synthetic_demo,synthetic conceptual storage,True
2014-09-01,SB1,71.2486,synthetic_demo,synthetic conceptual storage,True
2014-09-02,SB1,71.2486,synthetic_demo,synthetic conceptual storage,True
2014-09-03,SB1,71.4057,synthetic_demo,synthetic conceptual storage,True
2014-09-04,SB1,71.6342,synthetic_demo,synthetic conceptual storage,True
2014-09-05,SB1,71.6342,synthetic_demo,synthetic conceptual storage,True
2014-09-06,SB1,71.5735,synthetic_demo,synthetic conceptual storage,True
2014-09-07,SB1,71.8704,synthetic_demo,synthetic conceptual storage,True
2014-09-08,SB1,71.8704,synthetic_demo,synthetic conceptual storage,True
2014-09-09,SB1,71.8525,synthetic_demo,synthetic conceptual storage,True
2014-09-10,SB1,71.8525,synthetic_demo,synthetic conceptual storage,True
2014-09-11,SB1,71.6512,synthetic_demo,synthetic conceptual storage,True
2014-09-12,SB1,72.029,synthetic_demo,synthetic conceptual storage,True
2014-09-13,SB1,73.1218,synthetic_demo,synthetic conceptual storage,True
2014-09-14,SB1,72.9225,synthetic_demo,synthetic conceptual storage,True
2014-09-15,SB1,73.3703,synthetic_demo,synthetic conceptual storage,True
2014-09-16,SB1,73.3703,synthetic_demo,synthetic conceptual storage,True
2014-09-17,SB1,73.3703,synthetic_demo,synthetic conceptual storage,True
2014-09-18,SB1,73.0548,synthetic_demo,synthetic conceptual storage,True
2014-09-19,SB1,73.0548,synthetic_demo,synthetic conceptual storage,True
2014-09-20,SB1,72.8282,synthetic_demo,synthetic conceptual storage,True
2014-09-21,SB1,72.7597,synthetic_demo,synthetic conceptual storage,True
2014-09-22,SB1,72.7597,synthetic_demo,synthetic conceptual storage,True
2014-09-23,SB1,72.8552,synthetic_demo,synthetic conceptual storage,True
2014-09-24,SB1,73.0072,synthetic_demo,synthetic conceptual storage,True
2014-09-25,SB1,72.8196,synthetic_demo,synthetic conceptual storage,True
2014-09-26,SB1,72.8196,synthetic_demo,synthetic conceptual storage,True
2014-09-27,SB1,72.8196,synthetic_demo,synthetic conceptual storage,True
2014-09-28,SB1,72.7557,synthetic_demo,synthetic conceptual storage,True
2014-09-29,SB1,72.6162,synthetic_demo,synthetic conceptual storage,True
2014-09-30,SB1,72.5584,synthetic_demo,synthetic conceptual storage,True
2014-10-01,SB1,71.9219,synthetic_demo,synthetic conceptual storage,True
2014-10-02,SB1,71.9219,synthetic_demo,synthetic conceptual storage,True
2014-10-03,SB1,71.7683,synthetic_demo,synthetic conceptual storage,True
2014-10-04,SB1,71.5079,synthetic_demo,synthetic conceptual storage,True
2014-10-05,SB1,70.956,synthetic_demo,synthetic conceptual storage,True
2014-10-06,SB1,70.956,synthetic_demo,synthetic conceptual storage,True
2014-10-07,SB1,70.6187,synthetic_demo,synthetic conceptual storage,True
2014-10-08,SB1,70.3639,synthetic_demo,synthetic conceptual storage,True
2014-10-09,SB1,69.7631,synthetic_demo,synthetic conceptual storage,True
2014-10-10,SB1,69.9943,synthetic_demo,synthetic conceptual storage,True
2014-10-11,SB1,69.9943,synthetic_demo,synthetic conceptual storage,True
2014-10-12,SB1,70.162,synthetic_demo,synthetic conceptual storage,True
2014-10-13,SB1,70.162,synthetic_demo,synthetic conceptual storage,True
2014-10-14,SB1,70.8525,synthetic_demo,synthetic conceptual storage,True
2014-10-15,SB1,71.0797,synthetic_demo,synthetic conceptual storage,True
2014-10-16,SB1,71.0797,synthetic_demo,synthetic conceptual storage,True
2014-10-17,SB1,71.0141,synthetic_demo,synthetic conceptual storage,True
2014-10-18,SB1,71.2782,synthetic_demo,synthetic conceptual storage,True
2014-10-19,SB1,71.1529,synthetic_demo,synthetic conceptual storage,True
2014-10-20,SB1,71.5063,synthetic_demo,synthetic conceptual storage,True
2014-10-21,SB1,71.7906,synthetic_demo,synthetic conceptual storage,True
2014-10-22,SB1,71.1084,synthetic_demo,synthetic conceptual storage,True
2014-10-23,SB1,70.7352,synthetic_demo,synthetic conceptual storage,True
2014-10-24,SB1,70.7352,synthetic_demo,synthetic conceptual storage,True
2014-10-25,SB1,70.8039,synthetic_demo,synthetic conceptual storage,True
2014-10-26,SB1,71.0467,synthetic_demo,synthetic conceptual storage,True
2014-10-27,SB1,70.4102,synthetic_demo,synthetic conceptual storage,True
2014-10-28,SB1,70.2015,synthetic_demo,synthetic conceptual storage,True
2014-10-29,SB1,69.975,synthetic_demo,synthetic conceptual storage,True
2014-10-30,SB1,69.975,synthetic_demo,synthetic conceptual storage,True
2014-10-31,SB1,69.6611,synthetic_demo,synthetic conceptual storage,True
2014-11-01,SB1,69.4351,synthetic_demo,synthetic conceptual storage,True
2014-11-02,SB1,69.4351,synthetic_demo,synthetic conceptual storage,True
2014-11-03,SB1,69.6002,synthetic_demo,synthetic conceptual storage,True
2014-11-04,SB1,69.3157,synthetic_demo,synthetic conceptual storage,True
2014-11-05,SB1,69.5093,synthetic_demo,synthetic conceptual storage,True
2014-11-06,SB1,69.8958,synthetic_demo,synthetic conceptual storage,True
2014-11-07,SB1,69.8958,synthetic_demo,synthetic conceptual storage,True
2014-11-08,SB1,70.227,synthetic_demo,synthetic conceptual storage,True
2014-11-09,SB1,70.2876,synthetic_demo,synthetic conceptual storage,True
2014-11-10,SB1,70.3111,synthetic_demo,synthetic conceptual storage,True
2014-11-11,SB1,70.7414,synthetic_demo,synthetic conceptual storage,True
2014-11-12,SB1,70.7873,synthetic_demo,synthetic conceptual storage,True
2014-11-13,SB1,70.7873,synthetic_demo,synthetic conceptual storage,True
2014-11-14,SB1,70.7873,synthetic_demo,synthetic conceptual storage,True
2014-11-15,SB1,70.5765,synthetic_demo,synthetic conceptual storage,True
2014-11-16,SB1,70.5765,synthetic_demo,synthetic conceptual storage,True
2014-11-17,SB1,70.72,synthetic_demo,synthetic conceptual storage,True
2014-11-18,SB1,69.9683,synthetic_demo,synthetic conceptual storage,True
2014-11-19,SB1,69.451,synthetic_demo,synthetic conceptual storage,True
2014-11-20,SB1,69.451,synthetic_demo,synthetic conceptual storage,True
2014-11-21,SB1,69.451,synthetic_demo,synthetic conceptual storage,True
2014-11-22,SB1,69.0254,synthetic_demo,synthetic conceptual storage,True
2014-11-23,SB1,69.0254,synthetic_demo,synthetic conceptual storage,True
2014-11-24,SB1,69.0254,synthetic_demo,synthetic conceptual storage,True
2014-11-25,SB1,69.1497,synthetic_demo,synthetic conceptual storage,True
2014-11-26,SB1,69.1497,synthetic_demo,synthetic conceptual storage,True
2014-11-27,SB1,69.1497,synthetic_demo,synthetic conceptual storage,True
2014-11-28,SB1,69.1497,synthetic_demo,synthetic conceptual storage,True
2014-11-29,SB1,69.1497,synthetic_demo,synthetic conceptual storage,True
2014-11-30,SB1,69.7541,synthetic_demo,synthetic conceptual storage,True
2014-12-01,SB1,69.7541,synthetic_demo,synthetic conceptual storage,True
2014-12-02,SB1,69.7541,synthetic_demo,synthetic conceptual storage,True
2014-12-03,SB1,69.7541,synthetic_demo,synthetic conceptual storage,True
2014-12-04,SB1,69.7541,synthetic_demo,synthetic conceptual storage,True
2014-12-05,SB1,69.7736,synthetic_demo,synthetic conceptual storage,True
2014-12-06,SB1,69.8329,synthetic_demo,synthetic conceptual storage,True
2014-12-07,SB1,69.8329,synthetic_demo,synthetic conceptual storage,True
2014-12-08,SB1,69.8329,synthetic_demo,synthetic conceptual storage,True
2014-12-09,SB1,69.8329,synthetic_demo,synthetic conceptual storage,True
2014-12-10,SB1,69.8329,synthetic_demo,synthetic conceptual storage,True
2014-12-11,SB1,69.8329,synthetic_demo,synthetic conceptual storage,True
2014-12-12,SB1,69.8329,synthetic_demo,synthetic conceptual storage,True
2014-12-13,SB1,69.1562,synthetic_demo,synthetic conceptual storage,True
2014-12-14,SB1,69.1562,synthetic_demo,synthetic conceptual storage,True
2014-12-15,SB1,69.1562,synthetic_demo,synthetic conceptual storage,True
2014-12-16,SB1,69.1562,synthetic_demo,synthetic conceptual storage,True
2014-12-17,SB1,69.1562,synthetic_demo,synthetic conceptual storage,True
2014-12-18,SB1,69.1562,synthetic_demo,synthetic conceptual storage,True
2014-12-19,SB1,69.2161,synthetic_demo,synthetic conceptual storage,True
2014-12-20,SB1,69.2161,synthetic_demo,synthetic conceptual storage,True
2014-12-21,SB1,69.3618,synthetic_demo,synthetic conceptual storage,True
2014-12-22,SB1,69.3618,synthetic_demo,synthetic conceptual storage,True
2014-12-23,SB1,69.1096,synthetic_demo,synthetic conceptual storage,True
2014-12-24,SB1,69.1096,synthetic_demo,synthetic conceptual storage,True
2014-12-25,SB1,69.1096,synthetic_demo,synthetic conceptual storage,True
2014-12-26,SB1,69.1096,synthetic_demo,synthetic conceptual storage,True
2014-12-27,SB1,69.1096,synthetic_demo,synthetic conceptual storage,True
2014-12-28,SB1,69.8445,synthetic_demo,synthetic conceptual storage,True
2014-12-29,SB1,69.8445,synthetic_demo,synthetic conceptual storage,True
2014-12-30,SB1,69.8445,synthetic_demo,synthetic conceptual storage,True
2014-12-31,SB1,68.6296,synthetic_demo,synthetic conceptual storage,True
2015-01-01,SB1,68.6296,synthetic_demo,synthetic conceptual storage,True
2015-01-02,SB1,68.6296,synthetic_demo,synthetic conceptual storage,True
2015-01-03,SB1,68.6296,synthetic_demo,synthetic conceptual storage,True
2015-01-04,SB1,68.275,synthetic_demo,synthetic conceptual storage,True
2015-01-05,SB1,68.275,synthetic_demo,synthetic conceptual storage,True
2015-01-06,SB1,67.5968,synthetic_demo,synthetic conceptual storage,True
2015-01-07,SB1,67.5968,synthetic_demo,synthetic conceptual storage,True
2015-01-08,SB1,67.5968,synthetic_demo,synthetic conceptual storage,True
2015-01-09,SB1,67.5968,synthetic_demo,synthetic conceptual storage,True
2015-01-10,SB1,67.5968,synthetic_demo,synthetic conceptual storage,True
2015-01-11,SB1,67.4503,synthetic_demo,synthetic conceptual storage,True
2015-01-12,SB1,67.1952,synthetic_demo,synthetic conceptual storage,True
2015-01-13,SB1,67.1952,synthetic_demo,synthetic conceptual storage,True
2015-01-14,SB1,67.1952,synthetic_demo,synthetic conceptual storage,True
2015-01-15,SB1,67.1952,synthetic_demo,synthetic conceptual storage,True
2015-01-16,SB1,67.1952,synthetic_demo,synthetic conceptual storage,True
2015-01-17,SB1,67.1952,synthetic_demo,synthetic conceptual storage,True
2015-01-18,SB1,67.1952,synthetic_demo,synthetic conceptual storage,True
2015-01-19,SB1,67.1952,synthetic_demo,synthetic conceptual storage,True
2015-01-20,SB1,67.1952,synthetic_demo,synthetic conceptual storage,True
2015-01-21,SB1,67.1952,synthetic_demo,synthetic conceptual storage,True
2015-01-22,SB1,66.2386,synthetic_demo,synthetic conceptual storage,True
2015-01-23,SB1,66.2386,synthetic_demo,synthetic conceptual storage,True
2015-01-24,SB1,66.2386,synthetic_demo,synthetic conceptual storage,True
2015-01-25,SB1,66.2386,synthetic_demo,synthetic conceptual storage,True
2015-01-26,SB1,66.2386,synthetic_demo,synthetic conceptual storage,True
2015-01-27,SB1,66.2386,synthetic_demo,synthetic conceptual storage,True
2015-01-28,SB1,66.2386,synthetic_demo,synthetic conceptual storage,True
2015-01-29,SB1,66.2386,synthetic_demo,synthetic conceptual storage,True
2015-01-30,SB1,66.2386,synthetic_demo,synthetic conceptual storage,True
2015-01-31,SB1,66.0068,synthetic_demo,synthetic conceptual storage,True
2015-02-01,SB1,66.0068,synthetic_demo,synthetic conceptual storage,True
2015-02-02,SB1,66.0068,synthetic_demo,synthetic conceptual storage,True
2015-02-03,SB1,66.0068,synthetic_demo,synthetic conceptual storage,True
2015-02-04,SB1,66.0068,synthetic_demo,synthetic conceptual storage,True
2015-02-05,SB1,66.0068,synthetic_demo,synthetic conceptual storage,True
2015-02-06,SB1,66.0068,synthetic_demo,synthetic conceptual storage,True
2015-02-07,SB1,66.0068,synthetic_demo,synthetic conceptual storage,True
2015-02-08,SB1,66.0068,synthetic_demo,synthetic conceptual storage,True
2015-02-09,SB1,65.2237,synthetic_demo,synthetic conceptual storage,True
2015-02-10,SB1,65.2237,synthetic_demo,synthetic conceptual storage,True
2015-02-11,SB1,65.2237,synthetic_demo,synthetic conceptual storage,True
2015-02-12,SB1,65.2237,synthetic_demo,synthetic conceptual storage,True
2015-02-13,SB1,65.2237,synthetic_demo,synthetic conceptual storage,True
2015-02-14,SB1,65.2237,synthetic_demo,synthetic conceptual storage,True
2015-02-15,SB1,65.2237,synthetic_demo,synthetic conceptual storage,True
2015-02-16,SB1,65.2237,synthetic_demo,synthetic conceptual storage,True
2015-02-17,SB1,65.2237,synthetic_demo,synthetic conceptual storage,True
2015-02-18,SB1,65.2237,synthetic_demo,synthetic conceptual storage,True
2015-02-19,SB1,65.2237,synthetic_demo,synthetic conceptual storage,True
2015-02-20,SB1,64.9982,synthetic_demo,synthetic conceptual storage,True
2015-02-21,SB1,64.9982,synthetic_demo,synthetic conceptual storage,True
2015-02-22,SB1,64.9982,synthetic_demo,synthetic conceptual storage,True
2015-02-23,SB1,65.485,synthetic_demo,synthetic conceptual storage,True
2015-02-24,SB1,65.485,synthetic_demo,synthetic conceptual storage,True
2015-02-25,SB1,65.8099,synthetic_demo,synthetic conceptual storage,True
2015-02-26,SB1,65.8099,synthetic_demo,synthetic conceptual storage,True
2015-02-27,SB1,65.8099,synthetic_demo,synthetic conceptual storage,True
2015-02-28,SB1,65.8099,synthetic_demo,synthetic conceptual storage,True
2015-03-01,SB1,65.8099,synthetic_demo,synthetic conceptual storage,True
2015-03-02,SB1,65.8099,synthetic_demo,synthetic conceptual storage,True
2015-03-03,SB1,65.8099,synthetic_demo,synthetic conceptual storage,True
2015-03-04,SB1,65.8099,synthetic_demo,synthetic conceptual storage,True
2015-03-05,SB1,65.8099,synthetic_demo,synthetic conceptual storage,True
2015-03-06,SB1,65.8099,synthetic_demo,synthetic conceptual storage,True
2015-03-07,SB1,65.8099,synthetic_demo,synthetic conceptual storage,True
2015-03-08,SB1,65.8099,synthetic_demo,synthetic conceptual storage,True
2015-03-09,SB1,65.8099,synthetic_demo,synthetic conceptual storage,True
2015-03-10,SB1,65.8099,synthetic_demo,synthetic conceptual storage,True
2015-03-11,SB1,65.8099,synthetic_demo,synthetic conceptual storage,True
2015-03-12,SB1,66.1619,synthetic_demo,synthetic conceptual storage,True
2015-03-13,SB1,66.1619,synthetic_demo,synthetic conceptual storage,True
2015-03-14,SB1,66.1619,synthetic_demo,synthetic conceptual storage,True
2015-03-15,SB1,66.1619,synthetic_demo,synthetic conceptual storage,True
2015-03-16,SB1,66.1619,synthetic_demo,synthetic conceptual storage,True
2015-03-17,SB1,66.1619,synthetic_demo,synthetic conceptual storage,True
2015-03-18,SB1,66.1619,synthetic_demo,synthetic conceptual storage,True
2015-03-19,SB1,66.1619,synthetic_demo,synthetic conceptual storage,True
2015-03-20,SB1,66.1619,synthetic_demo,synthetic conceptual storage,True
2015-03-21,SB1,66.1619,synthetic_demo,synthetic conceptual storage,True
2015-03-22,SB1,66.1619,synthetic_demo,synthetic conceptual storage,True
2015-03-23,SB1,66.1619,synthetic_demo,synthetic conceptual storage,True
2015-03-24,SB1,66.2885,synthetic_demo,synthetic conceptual storage,True
2015-03-25,SB1,66.2885,synthetic_demo,synthetic conceptual storage,True
2015-03-26,SB1,66.2885,synthetic_demo,synthetic conceptual storage,True
2015-03-27,SB1,66.2885,synthetic_demo,synthetic conceptual storage,True
2015-03-28,SB1,66.2885,synthetic_demo,synthetic conceptual storage,True
2015-03-29,SB1,66.2885,synthetic_demo,synthetic conceptual storage,True
2015-03-30,SB1,66.2885,synthetic_demo,synthetic conceptual storage,True
2015-03-31,SB1,67.5596,synthetic_demo,synthetic conceptual storage,True
2015-04-01,SB1,67.5596,synthetic_demo,synthetic conceptual storage,True
2015-04-02,SB1,67.5596,synthetic_demo,synthetic conceptual storage,True
2015-04-03,SB1,67.5596,synthetic_demo,synthetic conceptual storage,True
2015-04-04,SB1,67.5596,synthetic_demo,synthetic conceptual storage,True
2015-04-05,SB1,67.6615,synthetic_demo,synthetic conceptual storage,True
2015-04-06,SB1,67.6615,synthetic_demo,synthetic conceptual storage,True
2015-04-07,SB1,67.6615,synthetic_demo,synthetic conceptual storage,True
2015-04-08,SB1,67.6615,synthetic_demo,synthetic conceptual storage,True
2015-04-09,SB1,67.6615,synthetic_demo,synthetic conceptual storage,True
2015-04-10,SB1,67.6615,synthetic_demo,synthetic conceptual storage,True
2015-04-11,SB1,67.4261,synthetic_demo,synthetic conceptual storage,True
2015-04-12,SB1,67.4261,synthetic_demo,synthetic conceptual storage,True
2015-04-13,SB1,67.4261,synthetic_demo,synthetic conceptual storage,True
2015-04-14,SB1,67.4261,synthetic_demo,synthetic conceptual storage,True
2015-04-15,SB1,67.4261,synthetic_demo,synthetic conceptual storage,True
2015-04-16,SB1,67.4261,synthetic_demo,synthetic conceptual storage,True
2015-04-17,SB1,67.4261,synthetic_demo,synthetic conceptual storage,True
2015-04-18,SB1,67.4261,synthetic_demo,synthetic conceptual storage,True
2015-04-19,SB1,67.4261,synthetic_demo,synthetic conceptual storage,True
2015-04-20,SB1,67.4261,synthetic_demo,synthetic conceptual storage,True
2015-04-21,SB1,67.4261,synthetic_demo,synthetic conceptual storage,True
2015-04-22,SB1,67.1999,synthetic_demo,synthetic conceptual storage,True
2015-04-23,SB1,67.3508,synthetic_demo,synthetic conceptual storage,True
2015-04-24,SB1,67.3508,synthetic_demo,synthetic conceptual storage,True
2015-04-25,SB1,67.3508,synthetic_demo,synthetic conceptual storage,True
2015-04-26,SB1,67.3508,synthetic_demo,synthetic conceptual storage,True
2015-04-27,SB1,67.3508,synthetic_demo,synthetic conceptual storage,True
2015-04-28,SB1,67.554,synthetic_demo,synthetic conceptual storage,True
2015-04-29,SB1,67.554,synthetic_demo,synthetic conceptual storage,True
2015-04-30,SB1,67.554,synthetic_demo,synthetic conceptual storage,True
2015-05-01,SB1,67.554,synthetic_demo,synthetic conceptual storage,True
2015-05-02,SB1,67.554,synthetic_demo,synthetic conceptual storage,True
2015-05-03,SB1,67.554,synthetic_demo,synthetic conceptual storage,True
2015-05-04,SB1,67.6257,synthetic_demo,synthetic conceptual storage,True
2015-05-05,SB1,67.6257,synthetic_demo,synthetic conceptual storage,True
2015-05-06,SB1,67.7942,synthetic_demo,synthetic conceptual storage,True
2015-05-07,SB1,67.7942,synthetic_demo,synthetic conceptual storage,True
2015-05-08,SB1,67.7942,synthetic_demo,synthetic conceptual storage,True
2015-05-09,SB1,67.7942,synthetic_demo,synthetic conceptual storage,True
2015-05-10,SB1,67.576,synthetic_demo,synthetic conceptual storage,True
2015-05-11,SB1,67.5843,synthetic_demo,synthetic conceptual storage,True
2015-05-12,SB1,67.286,synthetic_demo,synthetic conceptual storage,True
2015-05-13,SB1,67.0359,synthetic_demo,synthetic conceptual storage,True
2015-05-14,SB1,67.0359,synthetic_demo,synthetic conceptual storage,True
2015-05-15,SB1,67.0359,synthetic_demo,synthetic conceptual storage,True
2015-05-16,SB1,67.0359,synthetic_demo,synthetic conceptual storage,True
2015-05-17,SB1,67.0359,synthetic_demo,synthetic conceptual storage,True
2015-05-18,SB1,67.0359,synthetic_demo,synthetic conceptual storage,True
2015-05-19,SB1,67.0359,synthetic_demo,synthetic conceptual storage,True
2015-05-20,SB1,67.1613,synthetic_demo,synthetic conceptual storage,True
2015-05-21,SB1,67.1613,synthetic_demo,synthetic conceptual storage,True
2015-05-22,SB1,67.1613,synthetic_demo,synthetic conceptual storage,True
2015-05-23,SB1,67.1613,synthetic_demo,synthetic conceptual storage,True
2015-05-24,SB1,67.1613,synthetic_demo,synthetic conceptual storage,True
2015-05-25,SB1,67.1613,synthetic_demo,synthetic conceptual storage,True
2015-05-26,SB1,67.1613,synthetic_demo,synthetic conceptual storage,True
2015-05-27,SB1,67.1613,synthetic_demo,synthetic conceptual storage,True
2015-05-28,SB1,67.1613,synthetic_demo,synthetic conceptual storage,True
2015-05-29,SB1,67.1028,synthetic_demo,synthetic conceptual storage,True
2015-05-30,SB1,67.1028,synthetic_demo,synthetic conceptual storage,True
2015-05-31,SB1,67.1402,synthetic_demo,synthetic conceptual storage,True
2015-06-01,SB1,67.1402,synthetic_demo,synthetic conceptual storage,True
2015-06-02,SB1,67.3056,synthetic_demo,synthetic conceptual storage,True
2015-06-03,SB1,67.3056,synthetic_demo,synthetic conceptual storage,True
2015-06-04,SB1,67.4457,synthetic_demo,synthetic conceptual storage,True
2015-06-05,SB1,67.4457,synthetic_demo,synthetic conceptual storage,True
2015-06-06,SB1,67.4457,synthetic_demo,synthetic conceptual storage,True
2015-06-07,SB1,67.4457,synthetic_demo,synthetic conceptual storage,True
2015-06-08,SB1,67.9016,synthetic_demo,synthetic conceptual storage,True
2015-06-09,SB1,67.9016,synthetic_demo,synthetic conceptual storage,True
2015-06-10,SB1,67.9016,synthetic_demo,synthetic conceptual storage,True
2015-06-11,SB1,67.9016,synthetic_demo,synthetic conceptual storage,True
2015-06-12,SB1,68.0222,synthetic_demo,synthetic conceptual storage,True
2015-06-13,SB1,67.9545,synthetic_demo,synthetic conceptual storage,True
2015-06-14,SB1,67.9545,synthetic_demo,synthetic conceptual storage,True
2015-06-15,SB1,67.9545,synthetic_demo,synthetic conceptual storage,True
2015-06-16,SB1,67.9545,synthetic_demo,synthetic conceptual storage,True
2015-06-17,SB1,67.9545,synthetic_demo,synthetic conceptual storage,True
2015-06-18,SB1,67.9545,synthetic_demo,synthetic conceptual storage,True
2015-06-19,SB1,67.9545,synthetic_demo,synthetic conceptual storage,True
2015-06-20,SB1,67.9545,synthetic_demo,synthetic conceptual storage,True
2015-06-21,SB1,67.9545,synthetic_demo,synthetic conceptual storage,True
2015-06-22,SB1,67.9545,synthetic_demo,synthetic conceptual storage,True
2015-06-23,SB1,68.1248,synthetic_demo,synthetic conceptual storage,True
2015-06-24,SB1,67.9842,synthetic_demo,synthetic conceptual storage,True
2015-06-25,SB1,67.9842,synthetic_demo,synthetic conceptual storage,True
2015-06-26,SB1,67.9842,synthetic_demo,synthetic conceptual storage,True
2015-06-27,SB1,67.9842,synthetic_demo,synthetic conceptual storage,True
2015-06-28,SB1,67.9842,synthetic_demo,synthetic conceptual storage,True
2015-06-29,SB1,67.9842,synthetic_demo,synthetic conceptual storage,True
2015-06-30,SB1,67.909,synthetic_demo,synthetic conceptual storage,True
2015-07-01,SB1,67.909,synthetic_demo,synthetic conceptual storage,True
2015-07-02,SB1,67.909,synthetic_demo,synthetic conceptual storage,True
2015-07-03,SB1,68.0943,synthetic_demo,synthetic conceptual storage,True
2015-07-04,SB1,68.0943,synthetic_demo,synthetic conceptual storage,True
2015-07-05,SB1,68.0138,synthetic_demo,synthetic conceptual storage,True
2015-07-06,SB1,68.0138,synthetic_demo,synthetic conceptual storage,True
2015-07-07,SB1,68.0138,synthetic_demo,synthetic conceptual storage,True
2015-07-08,SB1,68.0138,synthetic_demo,synthetic conceptual storage,True
2015-07-09,SB1,67.7402,synthetic_demo,synthetic conceptual storage,True
2015-07-10,SB1,67.1797,synthetic_demo,synthetic conceptual storage,True
2015-07-11,SB1,67.2697,synthetic_demo,synthetic conceptual storage,True
2015-07-12,SB1,67.2697,synthetic_demo,synthetic conceptual storage,True
2015-07-13,SB1,67.2697,synthetic_demo,synthetic conceptual storage,True
2015-07-14,SB1,67.2697,synthetic_demo,synthetic conceptual storage,True
2015-07-15,SB1,67.471,synthetic_demo,synthetic conceptual storage,True
2015-07-16,SB1,67.7,synthetic_demo,synthetic conceptual storage,True
2015-07-17,SB1,67.7,synthetic_demo,synthetic conceptual storage,True
2015-07-18,SB1,67.7878,synthetic_demo,synthetic conceptual storage,True
2015-07-19,SB1,67.7878,synthetic_demo,synthetic conceptual storage,True
2015-07-20,SB1,67.8086,synthetic_demo,synthetic conceptual storage,True
2015-07-21,SB1,67.7467,synthetic_demo,synthetic conceptual storage,True
2015-07-22,SB1,67.7467,synthetic_demo,synthetic conceptual storage,True
2015-07-23,SB1,67.871,synthetic_demo,synthetic conceptual storage,True
2015-07-24,SB1,67.871,synthetic_demo,synthetic conceptual storage,True
2015-07-25,SB1,67.871,synthetic_demo,synthetic conceptual storage,True
2015-07-26,SB1,68.0044,synthetic_demo,synthetic conceptual storage,True
2015-07-27,SB1,68.0044,synthetic_demo,synthetic conceptual storage,True
2015-07-28,SB1,67.8668,synthetic_demo,synthetic conceptual storage,True
2015-07-29,SB1,67.945,synthetic_demo,synthetic conceptual storage,True
2015-07-30,SB1,67.945,synthetic_demo,synthetic conceptual storage,True
2015-07-31,SB1,67.945,synthetic_demo,synthetic conceptual storage,True
2015-08-01,SB1,67.945,synthetic_demo,synthetic conceptual storage,True
2015-08-02,SB1,67.945,synthetic_demo,synthetic conceptual storage,True
2015-08-03,SB1,67.945,synthetic_demo,synthetic conceptual storage,True
2015-08-04,SB1,67.7423,synthetic_demo,synthetic conceptual storage,True
2015-08-05,SB1,67.4639,synthetic_demo,synthetic conceptual storage,True
2015-08-06,SB1,67.4639,synthetic_demo,synthetic conceptual storage,True
2015-08-07,SB1,67.3884,synthetic_demo,synthetic conceptual storage,True
2015-08-08,SB1,67.1462,synthetic_demo,synthetic conceptual storage,True
2015-08-09,SB1,67.008,synthetic_demo,synthetic conceptual storage,True
2015-08-10,SB1,67.1326,synthetic_demo,synthetic conceptual storage,True
2015-08-11,SB1,67.2941,synthetic_demo,synthetic conceptual storage,True
2015-08-12,SB1,67.2941,synthetic_demo,synthetic conceptual storage,True
2015-08-13,SB1,67.4912,synthetic_demo,synthetic conceptual storage,True
2015-08-14,SB1,67.5695,synthetic_demo,synthetic conceptual storage,True
2015-08-15,SB1,67.6298,synthetic_demo,synthetic conceptual storage,True
2015-08-16,SB1,67.7613,synthetic_demo,synthetic conceptual storage,True
2015-08-17,SB1,67.7613,synthetic_demo,synthetic conceptual storage,True
2015-08-18,SB1,67.7613,synthetic_demo,synthetic conceptual storage,True
2015-08-19,SB1,67.548,synthetic_demo,synthetic conceptual storage,True
2015-08-20,SB1,67.5837,synthetic_demo,synthetic conceptual storage,True
2015-08-21,SB1,67.4326,synthetic_demo,synthetic conceptual storage,True
2015-08-22,SB1,66.7308,synthetic_demo,synthetic conceptual storage,True
2015-08-23,SB1,66.8236,synthetic_demo,synthetic conceptual storage,True
2015-08-24,SB1,66.8236,synthetic_demo,synthetic conceptual storage,True
2015-08-25,SB1,66.6675,synthetic_demo,synthetic conceptual storage,True
2015-08-26,SB1,66.6675,synthetic_demo,synthetic conceptual storage,True
2015-08-27,SB1,66.5574,synthetic_demo,synthetic conceptual storage,True
2015-08-28,SB1,66.5865,synthetic_demo,synthetic conceptual storage,True
2015-08-29,SB1,66.5865,synthetic_demo,synthetic conceptual storage,True
2015-08-30,SB1,66.3832,synthetic_demo,synthetic conceptual storage,True
2015-08-31,SB1,66.3832,synthetic_demo,synthetic conceptual storage,True
2015-09-01,SB1,66.5021,synthetic_demo,synthetic conceptual storage,True
2015-09-02,SB1,66.5021,synthetic_demo,synthetic conceptual storage,True
2015-09-03,SB1,66.345,synthetic_demo,synthetic conceptual storage,True
2015-09-04,SB1,66.1165,synthetic_demo,synthetic conceptual storage,True
2015-09-05,SB1,66.1165,synthetic_demo,synthetic conceptual storage,True
2015-09-06,SB1,66.0447,synthetic_demo,synthetic conceptual storage,True
2015-09-07,SB1,65.7478,synthetic_demo,synthetic conceptual storage,True
2015-09-08,SB1,65.8054,synthetic_demo,synthetic conceptual storage,True
2015-09-09,SB1,65.5207,synthetic_demo,synthetic conceptual storage,True
2015-09-10,SB1,65.5627,synthetic_demo,synthetic conceptual storage,True
2015-09-11,SB1,65.55,synthetic_demo,synthetic conceptual storage,True
2015-09-12,SB1,65.1794,synthetic_demo,synthetic conceptual storage,True
2015-09-13,SB1,63.9981,synthetic_demo,synthetic conceptual storage,True
2015-09-14,SB1,63.9981,synthetic_demo,synthetic conceptual storage,True
2015-09-15,SB1,63.5883,synthetic_demo,synthetic conceptual storage,True
2015-09-16,SB1,63.5883,synthetic_demo,synthetic conceptual storage,True
2015-09-17,SB1,63.5883,synthetic_demo,synthetic conceptual storage,True
2015-09-18,SB1,63.5883,synthetic_demo,synthetic conceptual storage,True
2015-09-19,SB1,63.6333,synthetic_demo,synthetic conceptual storage,True
2015-09-20,SB1,63.7386,synthetic_demo,synthetic conceptual storage,True
2015-09-21,SB1,63.782,synthetic_demo,synthetic conceptual storage,True
2015-09-22,SB1,63.782,synthetic_demo,synthetic conceptual storage,True
2015-09-23,SB1,63.6866,synthetic_demo,synthetic conceptual storage,True
2015-09-24,SB1,63.5161,synthetic_demo,synthetic conceptual storage,True
2015-09-25,SB1,63.5004,synthetic_demo,synthetic conceptual storage,True
2015-09-26,SB1,63.5429,synthetic_demo,synthetic conceptual storage,True
2015-09-27,SB1,63.5429,synthetic_demo,synthetic conceptual storage,True
2015-09-28,SB1,63.5429,synthetic_demo,synthetic conceptual storage,True
2015-09-29,SB1,63.3842,synthetic_demo,synthetic conceptual storage,True
2015-09-30,SB1,63.3087,synthetic_demo,synthetic conceptual storage,True
2015-10-01,SB1,63.2043,synthetic_demo,synthetic conceptual storage,True
2015-10-02,SB1,63.2043,synthetic_demo,synthetic conceptual storage,True
2015-10-03,SB1,63.2765,synthetic_demo,synthetic conceptual storage,True
2015-10-04,SB1,63.2566,synthetic_demo,synthetic conceptual storage,True
2015-10-05,SB1,63.2566,synthetic_demo,synthetic conceptual storage,True
2015-10-06,SB1,63.5683,synthetic_demo,synthetic conceptual storage,True
2015-10-07,SB1,63.5683,synthetic_demo,synthetic conceptual storage,True
2015-10-08,SB1,63.6158,synthetic_demo,synthetic conceptual storage,True
2015-10-09,SB1,63.5798,synthetic_demo,synthetic conceptual storage,True
2015-10-10,SB1,63.3136,synthetic_demo,synthetic conceptual storage,True
2015-10-11,SB1,63.4687,synthetic_demo,synthetic conceptual storage,True
2015-10-12,SB1,63.301,synthetic_demo,synthetic conceptual storage,True
2015-10-13,SB1,63.301,synthetic_demo,synthetic conceptual storage,True
2015-10-14,SB1,62.6105,synthetic_demo,synthetic conceptual storage,True
2015-10-15,SB1,62.2907,synthetic_demo,synthetic conceptual storage,True
2015-10-16,SB1,62.5427,synthetic_demo,synthetic conceptual storage,True
2015-10-17,SB1,62.7672,synthetic_demo,synthetic conceptual storage,True
2015-10-18,SB1,62.5031,synthetic_demo,synthetic conceptual storage,True
2015-10-19,SB1,62.5688,synthetic_demo,synthetic conceptual storage,True
2015-10-20,SB1,62.2154,synthetic_demo,synthetic conceptual storage,True
2015-10-21,SB1,61.9311,synthetic_demo,synthetic conceptual storage,True
2015-10-22,SB1,62.0832,synthetic_demo,synthetic conceptual storage,True
2015-10-23,SB1,62.0009,synthetic_demo,synthetic conceptual storage,True
2015-10-24,SB1,62.0009,synthetic_demo,synthetic conceptual storage,True
2015-10-25,SB1,61.9322,synthetic_demo,synthetic conceptual storage,True
2015-10-26,SB1,61.7172,synthetic_demo,synthetic conceptual storage,True
2015-10-27,SB1,61.7172,synthetic_demo,synthetic conceptual storage,True
2015-10-28,SB1,61.9088,synthetic_demo,synthetic conceptual storage,True
2015-10-29,SB1,61.9088,synthetic_demo,synthetic conceptual storage,True
2015-10-30,SB1,61.9088,synthetic_demo,synthetic conceptual storage,True
2015-10-31,SB1,61.9088,synthetic_demo,synthetic conceptual storage,True
2015-11-01,SB1,61.9088,synthetic_demo,synthetic conceptual storage,True
2015-11-02,SB1,62.0583,synthetic_demo,synthetic conceptual storage,True
2015-11-03,SB1,62.0068,synthetic_demo,synthetic conceptual storage,True
2015-11-04,SB1,61.7878,synthetic_demo,synthetic conceptual storage,True
2015-11-05,SB1,62.0351,synthetic_demo,synthetic conceptual storage,True
2015-11-06,SB1,61.6486,synthetic_demo,synthetic conceptual storage,True
2015-11-07,SB1,61.6486,synthetic_demo,synthetic conceptual storage,True
2015-11-08,SB1,61.3174,synthetic_demo,synthetic conceptual storage,True
2015-11-09,SB1,61.4268,synthetic_demo,synthetic conceptual storage,True
2015-11-10,SB1,61.4033,synthetic_demo,synthetic conceptual storage,True
2015-11-11,SB1,60.973,synthetic_demo,synthetic conceptual storage,True
2015-11-12,SB1,60.927,synthetic_demo,synthetic conceptual storage,True
2015-11-13,SB1,61.0602,synthetic_demo,synthetic conceptual storage,True
2015-11-14,SB1,61.1295,synthetic_demo,synthetic conceptual storage,True
2015-11-15,SB1,61.1295,synthetic_demo,synthetic conceptual storage,True
2015-11-16,SB1,61.1295,synthetic_demo,synthetic conceptual storage,True
2015-11-17,SB1,60.986,synthetic_demo,synthetic conceptual storage,True
2015-11-18,SB1,60.986,synthetic_demo,synthetic conceptual storage,True
2015-11-19,SB1,61.0268,synthetic_demo,synthetic conceptual storage,True
2015-11-20,SB1,61.1208,synthetic_demo,synthetic conceptual storage,True
2015-11-21,SB1,61.1863,synthetic_demo,synthetic conceptual storage,True
2015-11-22,SB1,61.2773,synthetic_demo,synthetic conceptual storage,True
2015-11-23,SB1,61.2773,synthetic_demo,synthetic conceptual storage,True
2015-11-24,SB1,61.2773,synthetic_demo,synthetic conceptual storage,True
2015-11-25,SB1,60.9878,synthetic_demo,synthetic conceptual storage,True
2015-11-26,SB1,60.9912,synthetic_demo,synthetic conceptual storage,True
2015-11-27,SB1,60.9912,synthetic_demo,synthetic conceptual storage,True
2015-11-28,SB1,60.9912,synthetic_demo,synthetic conceptual storage,True
2015-11-29,SB1,60.9912,synthetic_demo,synthetic conceptual storage,True
2015-11-30,SB1,60.3869,synthetic_demo,synthetic conceptual storage,True
2015-12-01,SB1,60.4375,synthetic_demo,synthetic conceptual storage,True
2015-12-02,SB1,60.451,synthetic_demo,synthetic conceptual storage,True
2015-12-03,SB1,60.451,synthetic_demo,synthetic conceptual storage,True
2015-12-04,SB1,60.451,synthetic_demo,synthetic conceptual storage,True
2015-12-05,SB1,60.4315,synthetic_demo,synthetic conceptual storage,True
2015-12-06,SB1,60.3722,synthetic_demo,synthetic conceptual storage,True
2015-12-07,SB1,60.3722,synthetic_demo,synthetic conceptual storage,True
2015-12-08,SB1,60.4657,synthetic_demo,synthetic conceptual storage,True
2015-12-09,SB1,60.4979,synthetic_demo,synthetic conceptual storage,True
2015-12-10,SB1,60.5163,synthetic_demo,synthetic conceptual storage,True
2015-12-11,SB1,60.5163,synthetic_demo,synthetic conceptual storage,True
2015-12-12,SB1,60.5163,synthetic_demo,synthetic conceptual storage,True
2015-12-13,SB1,60.5163,synthetic_demo,synthetic conceptual storage,True
2015-12-14,SB1,60.5163,synthetic_demo,synthetic conceptual storage,True
2015-12-15,SB1,60.5163,synthetic_demo,synthetic conceptual storage,True
2015-12-16,SB1,60.5163,synthetic_demo,synthetic conceptual storage,True
2015-12-17,SB1,60.5689,synthetic_demo,synthetic conceptual storage,True
2015-12-18,SB1,60.6274,synthetic_demo,synthetic conceptual storage,True
2015-12-19,SB1,60.5675,synthetic_demo,synthetic conceptual storage,True
2015-12-20,SB1,60.5675,synthetic_demo,synthetic conceptual storage,True
2015-12-21,SB1,60.5335,synthetic_demo,synthetic conceptual storage,True
2015-12-22,SB1,60.5335,synthetic_demo,synthetic conceptual storage,True
2015-12-23,SB1,60.5335,synthetic_demo,synthetic conceptual storage,True
2015-12-24,SB1,60.5335,synthetic_demo,synthetic conceptual storage,True
2015-12-25,SB1,60.5335,synthetic_demo,synthetic conceptual storage,True
2015-12-26,SB1,60.5335,synthetic_demo,synthetic conceptual storage,True
2015-12-27,SB1,60.5335,synthetic_demo,synthetic conceptual storage,True
2015-12-28,SB1,59.7987,synthetic_demo,synthetic conceptual storage,True
2015-12-29,SB1,59.7987,synthetic_demo,synthetic conceptual storage,True
2015-12-30,SB1,59.8473,synthetic_demo,synthetic conceptual storage,True
2015-12-31,SB1,59.8473,synthetic_demo,synthetic conceptual storage,True
2016-01-01,SB1,59.8473,synthetic_demo,synthetic conceptual storage,True
2016-01-02,SB1,60.0135,synthetic_demo,synthetic conceptual storage,True
2016-01-03,SB1,60.0135,synthetic_demo,synthetic conceptual storage,True
2016-01-04,SB1,59.7781,synthetic_demo,synthetic conceptual storage,True
2016-01-05,SB1,59.7781,synthetic_demo,synthetic conceptual storage,True
2016-01-06,SB1,59.8114,synthetic_demo,synthetic conceptual storage,True
2016-01-07,SB1,59.8114,synthetic_demo,synthetic conceptual storage,True
2016-01-08,SB1,59.8114,synthetic_demo,synthetic conceptual storage,True
2016-01-09,SB1,59.8114,synthetic_demo,synthetic conceptual storage,True
2016-01-10,SB1,59.8114,synthetic_demo,synthetic conceptual storage,True
2016-01-11,SB1,59.8114,synthetic_demo,synthetic conceptual storage,True
2016-01-12,SB1,59.8114,synthetic_demo,synthetic conceptual storage,True
2016-01-13,SB1,59.8114,synthetic_demo,synthetic conceptual storage,True
2016-01-14,SB1,59.8114,synthetic_demo,synthetic conceptual storage,True
2016-01-15,SB1,59.8114,synthetic_demo,synthetic conceptual storage,True
2016-01-16,SB1,59.8114,synthetic_demo,synthetic conceptual storage,True
2016-01-17,SB1,59.8114,synthetic_demo,synthetic conceptual storage,True
2016-01-18,SB1,59.8114,synthetic_demo,synthetic conceptual storage,True
2016-01-19,SB1,59.8114,synthetic_demo,synthetic conceptual storage,True
2016-01-20,SB1,59.8114,synthetic_demo,synthetic conceptual storage,True
2016-01-21,SB1,59.8114,synthetic_demo,synthetic conceptual storage,True
2016-01-22,SB1,59.6934,synthetic_demo,synthetic conceptual storage,True
2016-01-23,SB1,59.6934,synthetic_demo,synthetic conceptual storage,True
2016-01-24,SB1,59.6934,synthetic_demo,synthetic conceptual storage,True
2016-01-25,SB1,59.8635,synthetic_demo,synthetic conceptual storage,True
2016-01-26,SB1,59.8635,synthetic_demo,synthetic conceptual storage,True
2016-01-27,SB1,59.8635,synthetic_demo,synthetic conceptual storage,True
2016-01-28,SB1,59.8635,synthetic_demo,synthetic conceptual storage,True
2016-01-29,SB1,59.8635,synthetic_demo,synthetic conceptual storage,True
2016-01-30,SB1,59.8635,synthetic_demo,synthetic conceptual storage,True
2016-01-31,SB1,59.9376,synthetic_demo,synthetic conceptual storage,True
2016-02-01,SB1,59.9376,synthetic_demo,synthetic conceptual storage,True
2016-02-02,SB1,59.9376,synthetic_demo,synthetic conceptual storage,True
2016-02-03,SB1,59.9376,synthetic_demo,synthetic conceptual storage,True
2016-02-04,SB1,59.9376,synthetic_demo,synthetic conceptual storage,True
2016-02-05,SB1,59.9376,synthetic_demo,synthetic conceptual storage,True
2016-02-06,SB1,59.9376,synthetic_demo,synthetic conceptual storage,True
2016-02-07,SB1,59.9376,synthetic_demo,synthetic conceptual storage,True
2016-02-08,SB1,59.9376,synthetic_demo,synthetic conceptual storage,True
2016-02-09,SB1,59.9376,synthetic_demo,synthetic conceptual storage,True
2016-02-10,SB1,59.9376,synthetic_demo,synthetic conceptual storage,True
2016-02-11,SB1,59.9376,synthetic_demo,synthetic conceptual storage,True
2016-02-12,SB1,59.9376,synthetic_demo,synthetic conceptual storage,True
2016-02-13,SB1,59.9376,synthetic_demo,synthetic conceptual storage,True
2016-02-14,SB1,59.9376,synthetic_demo,synthetic conceptual storage,True
2016-02-15,SB1,59.9376,synthetic_demo,synthetic conceptual storage,True
2016-02-16,SB1,59.9376,synthetic_demo,synthetic conceptual storage,True
2016-02-17,SB1,59.9376,synthetic_demo,synthetic conceptual storage,True
2016-02-18,SB1,59.9376,synthetic_demo,synthetic conceptual storage,True
2016-02-19,SB1,59.9376,synthetic_demo,synthetic conceptual storage,True
2016-02-20,SB1,59.9376,synthetic_demo,synthetic conceptual storage,True
2016-02-21,SB1,59.9376,synthetic_demo,synthetic conceptual storage,True
2016-02-22,SB1,59.9376,synthetic_demo,synthetic conceptual storage,True
2016-02-23,SB1,59.4508,synthetic_demo,synthetic conceptual storage,True
2016-02-24,SB1,59.4508,synthetic_demo,synthetic conceptual storage,True
2016-02-25,SB1,59.2363,synthetic_demo,synthetic conceptual storage,True
2016-02-26,SB1,59.2363,synthetic_demo,synthetic conceptual storage,True
2016-02-27,SB1,59.2363,synthetic_demo,synthetic conceptual storage,True
2016-02-28,SB1,59.2363,synthetic_demo,synthetic conceptual storage,True
2016-02-29,SB1,59.2363,synthetic_demo,synthetic conceptual storage,True
2016-03-01,SB1,59.347,synthetic_demo,synthetic conceptual storage,True
2016-03-02,SB1,59.347,synthetic_demo,synthetic conceptual storage,True
2016-03-03,SB1,59.347,synthetic_demo,synthetic conceptual storage,True
2016-03-04,SB1,59.347,synthetic_demo,synthetic conceptual storage,True
2016-03-05,SB1,59.347,synthetic_demo,synthetic conceptual storage,True
2016-03-06,SB1,59.347,synthetic_demo,synthetic conceptual storage,True
2016-03-07,SB1,59.347,synthetic_demo,synthetic conceptual storage,True
2016-03-08,SB1,59.347,synthetic_demo,synthetic conceptual storage,True
2016-03-09,SB1,59.347,synthetic_demo,synthetic conceptual storage,True
2016-03-10,SB1,59.347,synthetic_demo,synthetic conceptual storage,True
2016-03-11,SB1,58.9951,synthetic_demo,synthetic conceptual storage,True
2016-03-12,SB1,58.9951,synthetic_demo,synthetic conceptual storage,True
2016-03-13,SB1,58.9951,synthetic_demo,synthetic conceptual storage,True
2016-03-14,SB1,58.9951,synthetic_demo,synthetic conceptual storage,True
2016-03-15,SB1,58.9951,synthetic_demo,synthetic conceptual storage,True
2016-03-16,SB1,58.9951,synthetic_demo,synthetic conceptual storage,True
2016-03-17,SB1,58.9951,synthetic_demo,synthetic conceptual storage,True
2016-03-18,SB1,58.9951,synthetic_demo,synthetic conceptual storage,True
2016-03-19,SB1,58.9951,synthetic_demo,synthetic conceptual storage,True
2016-03-20,SB1,58.9951,synthetic_demo,synthetic conceptual storage,True
2016-03-21,SB1,58.9951,synthetic_demo,synthetic conceptual storage,True
2016-03-22,SB1,58.9951,synthetic_demo,synthetic conceptual storage,True
2016-03-23,SB1,58.8685,synthetic_demo,synthetic conceptual storage,True
2016-03-24,SB1,59.0861,synthetic_demo,synthetic conceptual storage,True
2016-03-25,SB1,59.0861,synthetic_demo,synthetic conceptual storage,True
2016-03-26,SB1,59.0861,synthetic_demo,synthetic conceptual storage,True
2016-03-27,SB1,59.2686,synthetic_demo,synthetic conceptual storage,True
2016-03-28,SB1,59.2686,synthetic_demo,synthetic conceptual storage,True
2016-03-29,SB1,59.2686,synthetic_demo,synthetic conceptual storage,True
2016-03-30,SB1,57.9974,synthetic_demo,synthetic conceptual storage,True
2016-03-31,SB1,57.9974,synthetic_demo,synthetic conceptual storage,True
2016-04-01,SB1,57.9974,synthetic_demo,synthetic conceptual storage,True
2016-04-02,SB1,58.134,synthetic_demo,synthetic conceptual storage,True
2016-04-03,SB1,58.134,synthetic_demo,synthetic conceptual storage,True
2016-04-04,SB1,58.0321,synthetic_demo,synthetic conceptual storage,True
2016-04-05,SB1,58.0321,synthetic_demo,synthetic conceptual storage,True
2016-04-06,SB1,58.0321,synthetic_demo,synthetic conceptual storage,True
2016-04-07,SB1,58.0321,synthetic_demo,synthetic conceptual storage,True
2016-04-08,SB1,58.1835,synthetic_demo,synthetic conceptual storage,True
2016-04-09,SB1,58.1835,synthetic_demo,synthetic conceptual storage,True
2016-04-10,SB1,58.1835,synthetic_demo,synthetic conceptual storage,True
2016-04-11,SB1,58.1835,synthetic_demo,synthetic conceptual storage,True
2016-04-12,SB1,58.1835,synthetic_demo,synthetic conceptual storage,True
2016-04-13,SB1,58.1835,synthetic_demo,synthetic conceptual storage,True
2016-04-14,SB1,58.2471,synthetic_demo,synthetic conceptual storage,True
2016-04-15,SB1,58.2471,synthetic_demo,synthetic conceptual storage,True
2016-04-16,SB1,58.2471,synthetic_demo,synthetic conceptual storage,True
2016-04-17,SB1,58.2471,synthetic_demo,synthetic conceptual storage,True
2016-04-18,SB1,58.2471,synthetic_demo,synthetic conceptual storage,True
2016-04-19,SB1,58.2471,synthetic_demo,synthetic conceptual storage,True
2016-04-20,SB1,58.2471,synthetic_demo,synthetic conceptual storage,True
2016-04-21,SB1,58.2471,synthetic_demo,synthetic conceptual storage,True
2016-04-22,SB1,57.9104,synthetic_demo,synthetic conceptual storage,True
2016-04-23,SB1,57.9104,synthetic_demo,synthetic conceptual storage,True
2016-04-24,SB1,57.9104,synthetic_demo,synthetic conceptual storage,True
2016-04-25,SB1,57.9104,synthetic_demo,synthetic conceptual storage,True
2016-04-26,SB1,57.9104,synthetic_demo,synthetic conceptual storage,True
2016-04-27,SB1,57.7072,synthetic_demo,synthetic conceptual storage,True
2016-04-28,SB1,57.7072,synthetic_demo,synthetic conceptual storage,True
2016-04-29,SB1,57.7072,synthetic_demo,synthetic conceptual storage,True
2016-04-30,SB1,57.7072,synthetic_demo,synthetic conceptual storage,True
2016-05-01,SB1,57.7072,synthetic_demo,synthetic conceptual storage,True
2016-05-02,SB1,57.744,synthetic_demo,synthetic conceptual storage,True
2016-05-03,SB1,57.6723,synthetic_demo,synthetic conceptual storage,True
2016-05-04,SB1,57.6723,synthetic_demo,synthetic conceptual storage,True
2016-05-05,SB1,57.8353,synthetic_demo,synthetic conceptual storage,True
2016-05-06,SB1,57.8353,synthetic_demo,synthetic conceptual storage,True
2016-05-07,SB1,57.8353,synthetic_demo,synthetic conceptual storage,True
2016-05-08,SB1,57.8353,synthetic_demo,synthetic conceptual storage,True
2016-05-09,SB1,57.8353,synthetic_demo,synthetic conceptual storage,True
2016-05-10,SB1,58.0562,synthetic_demo,synthetic conceptual storage,True
2016-05-11,SB1,58.0562,synthetic_demo,synthetic conceptual storage,True
2016-05-12,SB1,58.0562,synthetic_demo,synthetic conceptual storage,True
2016-05-13,SB1,58.0562,synthetic_demo,synthetic conceptual storage,True
2016-05-14,SB1,58.1239,synthetic_demo,synthetic conceptual storage,True
2016-05-15,SB1,58.1239,synthetic_demo,synthetic conceptual storage,True
2016-05-16,SB1,58.1239,synthetic_demo,synthetic conceptual storage,True
2016-05-17,SB1,58.1239,synthetic_demo,synthetic conceptual storage,True
2016-05-18,SB1,58.1239,synthetic_demo,synthetic conceptual storage,True
2016-05-19,SB1,57.9984,synthetic_demo,synthetic conceptual storage,True
2016-05-20,SB1,57.9984,synthetic_demo,synthetic conceptual storage,True
2016-05-21,SB1,57.9984,synthetic_demo,synthetic conceptual storage,True
2016-05-22,SB1,57.9984,synthetic_demo,synthetic conceptual storage,True
2016-05-23,SB1,57.9984,synthetic_demo,synthetic conceptual storage,True
2016-05-24,SB1,57.9984,synthetic_demo,synthetic conceptual storage,True
2016-05-25,SB1,57.9984,synthetic_demo,synthetic conceptual storage,True
2016-05-26,SB1,57.9984,synthetic_demo,synthetic conceptual storage,True
2016-05-27,SB1,57.9984,synthetic_demo,synthetic conceptual storage,True
2016-05-28,SB1,57.9984,synthetic_demo,synthetic conceptual storage,True
2016-05-29,SB1,57.9984,synthetic_demo,synthetic conceptual storage,True
2016-05-30,SB1,57.9611,synthetic_demo,synthetic conceptual storage,True
2016-05-31,SB1,57.9611,synthetic_demo,synthetic conceptual storage,True
2016-06-01,SB1,57.7957,synthetic_demo,synthetic conceptual storage,True
2016-06-02,SB1,57.7957,synthetic_demo,synthetic conceptual storage,True
2016-06-03,SB1,57.7165,synthetic_demo,synthetic conceptual storage,True
2016-06-04,SB1,57.7596,synthetic_demo,synthetic conceptual storage,True
2016-06-05,SB1,57.7596,synthetic_demo,synthetic conceptual storage,True
2016-06-06,SB1,57.7596,synthetic_demo,synthetic conceptual storage,True
2016-06-07,SB1,57.3038,synthetic_demo,synthetic conceptual storage,True
2016-06-08,SB1,57.3038,synthetic_demo,synthetic conceptual storage,True
2016-06-09,SB1,57.3038,synthetic_demo,synthetic conceptual storage,True
2016-06-10,SB1,57.3038,synthetic_demo,synthetic conceptual storage,True
2016-06-11,SB1,57.1832,synthetic_demo,synthetic conceptual storage,True
2016-06-12,SB1,57.1832,synthetic_demo,synthetic conceptual storage,True
2016-06-13,SB1,57.1832,synthetic_demo,synthetic conceptual storage,True
2016-06-14,SB1,57.1832,synthetic_demo,synthetic conceptual storage,True
2016-06-15,SB1,57.1832,synthetic_demo,synthetic conceptual storage,True
2016-06-16,SB1,57.1832,synthetic_demo,synthetic conceptual storage,True
2016-06-17,SB1,57.1832,synthetic_demo,synthetic conceptual storage,True
2016-06-18,SB1,57.1832,synthetic_demo,synthetic conceptual storage,True
2016-06-19,SB1,57.2066,synthetic_demo,synthetic conceptual storage,True
2016-06-20,SB1,57.2066,synthetic_demo,synthetic conceptual storage,True
2016-06-21,SB1,57.2066,synthetic_demo,synthetic conceptual storage,True
2016-06-22,SB1,57.0363,synthetic_demo,synthetic conceptual storage,True
2016-06-23,SB1,57.2464,synthetic_demo,synthetic conceptual storage,True
2016-06-24,SB1,57.2464,synthetic_demo,synthetic conceptual storage,True
2016-06-25,SB1,57.6157,synthetic_demo,synthetic conceptual storage,True
2016-06-26,SB1,57.6157,synthetic_demo,synthetic conceptual storage,True
2016-06-27,SB1,57.6157,synthetic_demo,synthetic conceptual storage,True
2016-06-28,SB1,57.6157,synthetic_demo,synthetic conceptual storage,True
2016-06-29,SB1,57.5669,synthetic_demo,synthetic conceptual storage,True
2016-06-30,SB1,57.5669,synthetic_demo,synthetic conceptual storage,True
2016-07-01,SB1,57.5669,synthetic_demo,synthetic conceptual storage,True
2016-07-02,SB1,57.3816,synthetic_demo,synthetic conceptual storage,True
2016-07-03,SB1,57.3816,synthetic_demo,synthetic conceptual storage,True
2016-07-04,SB1,57.6223,synthetic_demo,synthetic conceptual storage,True
2016-07-05,SB1,57.6223,synthetic_demo,synthetic conceptual storage,True
2016-07-06,SB1,57.6223,synthetic_demo,synthetic conceptual storage,True
2016-07-07,SB1,57.6223,synthetic_demo,synthetic conceptual storage,True
2016-07-08,SB1,57.6223,synthetic_demo,synthetic conceptual storage,True
2016-07-09,SB1,57.6223,synthetic_demo,synthetic conceptual storage,True
2016-07-10,SB1,57.5851,synthetic_demo,synthetic conceptual storage,True
2016-07-11,SB1,57.5851,synthetic_demo,synthetic conceptual storage,True
2016-07-12,SB1,57.5851,synthetic_demo,synthetic conceptual storage,True
2016-07-13,SB1,57.5851,synthetic_demo,synthetic conceptual storage,True
2016-07-14,SB1,57.3838,synthetic_demo,synthetic conceptual storage,True
2016-07-15,SB1,57.1548,synthetic_demo,synthetic conceptual storage,True
2016-07-16,SB1,57.1548,synthetic_demo,synthetic conceptual storage,True
2016-07-17,SB1,57.067,synthetic_demo,synthetic conceptual storage,True
2016-07-18,SB1,57.067,synthetic_demo,synthetic conceptual storage,True
2016-07-19,SB1,57.0462,synthetic_demo,synthetic conceptual storage,True
2016-07-20,SB1,57.2235,synthetic_demo,synthetic conceptual storage,True
2016-07-21,SB1,57.2885,synthetic_demo,synthetic conceptual storage,True
2016-07-22,SB1,57.2006,synthetic_demo,synthetic conceptual storage,True
2016-07-23,SB1,57.2006,synthetic_demo,synthetic conceptual storage,True
2016-07-24,SB1,57.2224,synthetic_demo,synthetic conceptual storage,True
2016-07-25,SB1,57.2069,synthetic_demo,synthetic conceptual storage,True
2016-07-26,SB1,57.2069,synthetic_demo,synthetic conceptual storage,True
2016-07-27,SB1,57.2069,synthetic_demo,synthetic conceptual storage,True
2016-07-28,SB1,57.1287,synthetic_demo,synthetic conceptual storage,True
2016-07-29,SB1,57.2038,synthetic_demo,synthetic conceptual storage,True
2016-07-30,SB1,57.2449,synthetic_demo,synthetic conceptual storage,True
2016-07-31,SB1,57.4244,synthetic_demo,synthetic conceptual storage,True
2016-08-01,SB1,57.5394,synthetic_demo,synthetic conceptual storage,True
2016-08-02,SB1,57.8623,synthetic_demo,synthetic conceptual storage,True
2016-08-03,SB1,57.8623,synthetic_demo,synthetic conceptual storage,True
2016-08-04,SB1,57.8623,synthetic_demo,synthetic conceptual storage,True
2016-08-05,SB1,57.8623,synthetic_demo,synthetic conceptual storage,True
2016-08-06,SB1,57.844,synthetic_demo,synthetic conceptual storage,True
2016-08-07,SB1,57.844,synthetic_demo,synthetic conceptual storage,True
2016-08-08,SB1,57.881,synthetic_demo,synthetic conceptual storage,True
2016-08-09,SB1,57.7841,synthetic_demo,synthetic conceptual storage,True
2016-08-10,SB1,57.6226,synthetic_demo,synthetic conceptual storage,True
2016-08-11,SB1,57.6226,synthetic_demo,synthetic conceptual storage,True
2016-08-12,SB1,57.4254,synthetic_demo,synthetic conceptual storage,True
2016-08-13,SB1,57.5348,synthetic_demo,synthetic conceptual storage,True
2016-08-14,SB1,57.3254,synthetic_demo,synthetic conceptual storage,True
2016-08-15,SB1,57.1939,synthetic_demo,synthetic conceptual storage,True
2016-08-16,SB1,57.1939,synthetic_demo,synthetic conceptual storage,True
2016-08-17,SB1,57.1939,synthetic_demo,synthetic conceptual storage,True
2016-08-18,SB1,57.0059,synthetic_demo,synthetic conceptual storage,True
2016-08-19,SB1,57.2689,synthetic_demo,synthetic conceptual storage,True
2016-08-20,SB1,57.207,synthetic_demo,synthetic conceptual storage,True
2016-08-21,SB1,57.2839,synthetic_demo,synthetic conceptual storage,True
2016-08-22,SB1,57.1911,synthetic_demo,synthetic conceptual storage,True
2016-08-23,SB1,57.2683,synthetic_demo,synthetic conceptual storage,True
2016-08-24,SB1,57.3128,synthetic_demo,synthetic conceptual storage,True
2016-08-25,SB1,57.3128,synthetic_demo,synthetic conceptual storage,True
2016-08-26,SB1,57.4927,synthetic_demo,synthetic conceptual storage,True
2016-08-27,SB1,57.4635,synthetic_demo,synthetic conceptual storage,True
2016-08-28,SB1,57.4635,synthetic_demo,synthetic conceptual storage,True
2016-08-29,SB1,57.4635,synthetic_demo,synthetic conceptual storage,True
2016-08-30,SB1,57.4635,synthetic_demo,synthetic conceptual storage,True
2016-08-31,SB1,57.3446,synthetic_demo,synthetic conceptual storage,True
2016-09-01,SB1,57.3446,synthetic_demo,synthetic conceptual storage,True
2016-09-02,SB1,57.4173,synthetic_demo,synthetic conceptual storage,True
2016-09-03,SB1,57.5151,synthetic_demo,synthetic conceptual storage,True
2016-09-04,SB1,57.5151,synthetic_demo,synthetic conceptual storage,True
2016-09-05,SB1,57.5151,synthetic_demo,synthetic conceptual storage,True
2016-09-06,SB1,57.5151,synthetic_demo,synthetic conceptual storage,True
2016-09-07,SB1,57.4576,synthetic_demo,synthetic conceptual storage,True
2016-09-08,SB1,57.3617,synthetic_demo,synthetic conceptual storage,True
2016-09-09,SB1,57.4054,synthetic_demo,synthetic conceptual storage,True
2016-09-10,SB1,57.4054,synthetic_demo,synthetic conceptual storage,True
2016-09-11,SB1,57.3981,synthetic_demo,synthetic conceptual storage,True
2016-09-12,SB1,57.3709,synthetic_demo,synthetic conceptual storage,True
2016-09-13,SB1,57.5665,synthetic_demo,synthetic conceptual storage,True
2016-09-14,SB1,57.5286,synthetic_demo,synthetic conceptual storage,True
2016-09-15,SB1,57.5711,synthetic_demo,synthetic conceptual storage,True
2016-09-16,SB1,57.5711,synthetic_demo,synthetic conceptual storage,True
2016-09-17,SB1,57.5711,synthetic_demo,synthetic conceptual storage,True
2016-09-18,SB1,57.5261,synthetic_demo,synthetic conceptual storage,True
2016-09-19,SB1,57.4207,synthetic_demo,synthetic conceptual storage,True
2016-09-20,SB1,57.3773,synthetic_demo,synthetic conceptual storage,True
2016-09-21,SB1,57.3773,synthetic_demo,synthetic conceptual storage,True
2016-09-22,SB1,57.3773,synthetic_demo,synthetic conceptual storage,True
2016-09-23,SB1,57.4025,synthetic_demo,synthetic conceptual storage,True
2016-09-24,SB1,57.4025,synthetic_demo,synthetic conceptual storage,True
2016-09-25,SB1,57.36,synthetic_demo,synthetic conceptual storage,True
2016-09-26,SB1,57.36,synthetic_demo,synthetic conceptual storage,True
2016-09-27,SB1,57.36,synthetic_demo,synthetic conceptual storage,True
2016-09-28,SB1,57.36,synthetic_demo,synthetic conceptual storage,True
2016-09-29,SB1,57.36,synthetic_demo,synthetic conceptual storage,True
2016-09-30,SB1,57.36,synthetic_demo,synthetic conceptual storage,True
2016-10-01,SB1,57.36,synthetic_demo,synthetic conceptual storage,True
2016-10-02,SB1,57.3095,synthetic_demo,synthetic conceptual storage,True
2016-10-03,SB1,57.3095,synthetic_demo,synthetic conceptual storage,True
2016-10-04,SB1,57.3095,synthetic_demo,synthetic conceptual storage,True
2016-10-05,SB1,56.9978,synthetic_demo,synthetic conceptual storage,True
2016-10-06,SB1,57.011,synthetic_demo,synthetic conceptual storage,True
2016-10-07,SB1,56.9635,synthetic_demo,synthetic conceptual storage,True
2016-10-08,SB1,56.9177,synthetic_demo,synthetic conceptual storage,True
2016-10-09,SB1,56.976,synthetic_demo,synthetic conceptual storage,True
2016-10-10,SB1,57.0048,synthetic_demo,synthetic conceptual storage,True
2016-10-11,SB1,57.1747,synthetic_demo,synthetic conceptual storage,True
2016-10-12,SB1,57.285,synthetic_demo,synthetic conceptual storage,True
2016-10-13,SB1,57.285,synthetic_demo,synthetic conceptual storage,True
2016-10-14,SB1,57.3268,synthetic_demo,synthetic conceptual storage,True
2016-10-15,SB1,57.1271,synthetic_demo,synthetic conceptual storage,True
2016-10-16,SB1,56.9026,synthetic_demo,synthetic conceptual storage,True
2016-10-17,SB1,57.0093,synthetic_demo,synthetic conceptual storage,True
2016-10-18,SB1,56.9436,synthetic_demo,synthetic conceptual storage,True
2016-10-19,SB1,57.0701,synthetic_demo,synthetic conceptual storage,True
2016-10-20,SB1,57.0701,synthetic_demo,synthetic conceptual storage,True
2016-10-21,SB1,56.918,synthetic_demo,synthetic conceptual storage,True
2016-10-22,SB1,57.0894,synthetic_demo,synthetic conceptual storage,True
2016-10-23,SB1,57.1384,synthetic_demo,synthetic conceptual storage,True
2016-10-24,SB1,57.1384,synthetic_demo,synthetic conceptual storage,True
2016-10-25,SB1,57.1106,synthetic_demo,synthetic conceptual storage,True
2016-10-26,SB1,57.1106,synthetic_demo,synthetic conceptual storage,True
2016-10-27,SB1,56.9851,synthetic_demo,synthetic conceptual storage,True
2016-10-28,SB1,56.9851,synthetic_demo,synthetic conceptual storage,True
2016-10-29,SB1,56.9851,synthetic_demo,synthetic conceptual storage,True
2016-10-30,SB1,57.0288,synthetic_demo,synthetic conceptual storage,True
2016-10-31,SB1,57.0288,synthetic_demo,synthetic conceptual storage,True
2016-11-01,SB1,56.8793,synthetic_demo,synthetic conceptual storage,True
2016-11-02,SB1,56.7656,synthetic_demo,synthetic conceptual storage,True
2016-11-03,SB1,56.9476,synthetic_demo,synthetic conceptual storage,True
2016-11-04,SB1,56.7341,synthetic_demo,synthetic conceptual storage,True
2016-11-05,SB1,56.8959,synthetic_demo,synthetic conceptual storage,True
2016-11-06,SB1,56.8959,synthetic_demo,synthetic conceptual storage,True
2016-11-07,SB1,56.8959,synthetic_demo,synthetic conceptual storage,True
2016-11-08,SB1,56.8225,synthetic_demo,synthetic conceptual storage,True
2016-11-09,SB1,56.8225,synthetic_demo,synthetic conceptual storage,True
2016-11-10,SB1,56.8225,synthetic_demo,synthetic conceptual storage,True
2016-11-11,SB1,56.8225,synthetic_demo,synthetic conceptual storage,True
2016-11-12,SB1,56.6894,synthetic_demo,synthetic conceptual storage,True
2016-11-13,SB1,56.648,synthetic_demo,synthetic conceptual storage,True
2016-11-14,SB1,56.9147,synthetic_demo,synthetic conceptual storage,True
2016-11-15,SB1,56.9147,synthetic_demo,synthetic conceptual storage,True
2016-11-16,SB1,56.9147,synthetic_demo,synthetic conceptual storage,True
2016-11-17,SB1,56.9147,synthetic_demo,synthetic conceptual storage,True
2016-11-18,SB1,56.8738,synthetic_demo,synthetic conceptual storage,True
2016-11-19,SB1,56.7798,synthetic_demo,synthetic conceptual storage,True
2016-11-20,SB1,56.7144,synthetic_demo,synthetic conceptual storage,True
2016-11-21,SB1,56.6233,synthetic_demo,synthetic conceptual storage,True
2016-11-22,SB1,56.6233,synthetic_demo,synthetic conceptual storage,True
2016-11-23,SB1,56.6233,synthetic_demo,synthetic conceptual storage,True
2016-11-24,SB1,56.6233,synthetic_demo,synthetic conceptual storage,True
2016-11-25,SB1,56.6619,synthetic_demo,synthetic conceptual storage,True
2016-11-26,SB1,56.6619,synthetic_demo,synthetic conceptual storage,True
2016-11-27,SB1,56.6619,synthetic_demo,synthetic conceptual storage,True
2016-11-28,SB1,56.6619,synthetic_demo,synthetic conceptual storage,True
2016-11-29,SB1,56.6963,synthetic_demo,synthetic conceptual storage,True
2016-11-30,SB1,56.6456,synthetic_demo,synthetic conceptual storage,True
2016-12-01,SB1,56.6322,synthetic_demo,synthetic conceptual storage,True
2016-12-02,SB1,56.6322,synthetic_demo,synthetic conceptual storage,True
2016-12-03,SB1,56.8676,synthetic_demo,synthetic conceptual storage,True
2016-12-04,SB1,56.9634,synthetic_demo,synthetic conceptual storage,True
2016-12-05,SB1,56.9634,synthetic_demo,synthetic conceptual storage,True
2016-12-06,SB1,56.9634,synthetic_demo,synthetic conceptual storage,True
2016-12-07,SB1,56.8698,synthetic_demo,synthetic conceptual storage,True
2016-12-08,SB1,56.8376,synthetic_demo,synthetic conceptual storage,True
2016-12-09,SB1,56.8192,synthetic_demo,synthetic conceptual storage,True
2016-12-10,SB1,56.8192,synthetic_demo,synthetic conceptual storage,True
2016-12-11,SB1,56.8192,synthetic_demo,synthetic conceptual storage,True
2016-12-12,SB1,56.8192,synthetic_demo,synthetic conceptual storage,True
2016-12-13,SB1,56.8192,synthetic_demo,synthetic conceptual storage,True
2016-12-14,SB1,56.8192,synthetic_demo,synthetic conceptual storage,True
2016-12-15,SB1,56.8192,synthetic_demo,synthetic conceptual storage,True
2016-12-16,SB1,56.7889,synthetic_demo,synthetic conceptual storage,True
2016-12-17,SB1,56.7305,synthetic_demo,synthetic conceptual storage,True
2016-12-18,SB1,56.7305,synthetic_demo,synthetic conceptual storage,True
2016-12-19,SB1,56.7305,synthetic_demo,synthetic conceptual storage,True
2016-12-20,SB1,56.6187,synthetic_demo,synthetic conceptual storage,True
2016-12-21,SB1,56.6187,synthetic_demo,synthetic conceptual storage,True
2016-12-22,SB1,56.6187,synthetic_demo,synthetic conceptual storage,True
2016-12-23,SB1,56.6187,synthetic_demo,synthetic conceptual storage,True
2016-12-24,SB1,56.6187,synthetic_demo,synthetic conceptual storage,True
2016-12-25,SB1,56.6187,synthetic_demo,synthetic conceptual storage,True
2016-12-26,SB1,56.6187,synthetic_demo,synthetic conceptual storage,True
2016-12-27,SB1,56.6187,synthetic_demo,synthetic conceptual storage,True
2016-12-28,SB1,56.6187,synthetic_demo,synthetic conceptual storage,True
2016-12-29,SB1,56.5701,synthetic_demo,synthetic conceptual storage,True
2016-12-30,SB1,56.5701,synthetic_demo,synthetic conceptual storage,True
2016-12-31,SB1,56.5701,synthetic_demo,synthetic conceptual storage,True
2017-01-01,SB1,56.6129,synthetic_demo,synthetic conceptual storage,True
2017-01-02,SB1,56.6129,synthetic_demo,synthetic conceptual storage,True
2017-01-03,SB1,56.6129,synthetic_demo,synthetic conceptual storage,True
2017-01-04,SB1,56.6129,synthetic_demo,synthetic conceptual storage,True
2017-01-05,SB1,56.5796,synthetic_demo,synthetic conceptual storage,True
2017-01-06,SB1,56.5796,synthetic_demo,synthetic conceptual storage,True
2017-01-07,SB1,56.5796,synthetic_demo,synthetic conceptual storage,True
2017-01-08,SB1,56.5796,synthetic_demo,synthetic conceptual storage,True
2017-01-09,SB1,56.5796,synthetic_demo,synthetic conceptual storage,True
2017-01-10,SB1,56.5796,synthetic_demo,synthetic conceptual storage,True
2017-01-11,SB1,56.5796,synthetic_demo,synthetic conceptual storage,True
2017-01-12,SB1,56.5796,synthetic_demo,synthetic conceptual storage,True
2017-01-13,SB1,56.6728,synthetic_demo,synthetic conceptual storage,True
2017-01-14,SB1,56.6728,synthetic_demo,synthetic conceptual storage,True
2017-01-15,SB1,56.6728,synthetic_demo,synthetic conceptual storage,True
2017-01-16,SB1,56.6728,synthetic_demo,synthetic conceptual storage,True
2017-01-17,SB1,56.6728,synthetic_demo,synthetic conceptual storage,True
2017-01-18,SB1,56.6728,synthetic_demo,synthetic conceptual storage,True
2017-01-19,SB1,56.6728,synthetic_demo,synthetic conceptual storage,True
2017-01-20,SB1,57.2016,synthetic_demo,synthetic conceptual storage,True
2017-01-21,SB1,57.2016,synthetic_demo,synthetic conceptual storage,True
2017-01-22,SB1,57.2016,synthetic_demo,synthetic conceptual storage,True
2017-01-23,SB1,57.2016,synthetic_demo,synthetic conceptual storage,True
2017-01-24,SB1,57.0315,synthetic_demo,synthetic conceptual storage,True
2017-01-25,SB1,57.0315,synthetic_demo,synthetic conceptual storage,True
2017-01-26,SB1,57.0315,synthetic_demo,synthetic conceptual storage,True
2017-01-27,SB1,57.0315,synthetic_demo,synthetic conceptual storage,True
2017-01-28,SB1,57.0315,synthetic_demo,synthetic conceptual storage,True
2017-01-29,SB1,57.0315,synthetic_demo,synthetic conceptual storage,True
2017-01-30,SB1,57.308,synthetic_demo,synthetic conceptual storage,True
2017-01-31,SB1,57.308,synthetic_demo,synthetic conceptual storage,True
2017-02-01,SB1,57.308,synthetic_demo,synthetic conceptual storage,True
2017-02-02,SB1,57.308,synthetic_demo,synthetic conceptual storage,True
2017-02-03,SB1,57.308,synthetic_demo,synthetic conceptual storage,True
2017-02-04,SB1,57.308,synthetic_demo,synthetic conceptual storage,True
2017-02-05,SB1,57.308,synthetic_demo,synthetic conceptual storage,True
2017-02-06,SB1,57.308,synthetic_demo,synthetic conceptual storage,True
2017-02-07,SB1,57.308,synthetic_demo,synthetic conceptual storage,True
2017-02-08,SB1,57.308,synthetic_demo,synthetic conceptual storage,True
2017-02-09,SB1,57.308,synthetic_demo,synthetic conceptual storage,True
2017-02-10,SB1,57.308,synthetic_demo,synthetic conceptual storage,True
2017-02-11,SB1,57.308,synthetic_demo,synthetic conceptual storage,True
2017-02-12,SB1,57.308,synthetic_demo,synthetic conceptual storage,True
2017-02-13,SB1,57.308,synthetic_demo,synthetic conceptual storage,True
2017-02-14,SB1,57.308,synthetic_demo,synthetic conceptual storage,True
2017-02-15,SB1,57.308,synthetic_demo,synthetic conceptual storage,True
2017-02-16,SB1,57.3109,synthetic_demo,synthetic conceptual storage,True
2017-02-17,SB1,57.3109,synthetic_demo,synthetic conceptual storage,True
2017-02-18,SB1,57.3109,synthetic_demo,synthetic conceptual storage,True
2017-02-19,SB1,57.3109,synthetic_demo,synthetic conceptual storage,True
2017-02-20,SB1,57.3109,synthetic_demo,synthetic conceptual storage,True
2017-02-21,SB1,57.3109,synthetic_demo,synthetic conceptual storage,True
2017-02-22,SB1,57.3109,synthetic_demo,synthetic conceptual storage,True
2017-02-23,SB1,57.3109,synthetic_demo,synthetic conceptual storage,True
2017-02-24,SB1,57.2005,synthetic_demo,synthetic conceptual storage,True
2017-02-25,SB1,57.2005,synthetic_demo,synthetic conceptual storage,True
2017-02-26,SB1,57.2005,synthetic_demo,synthetic conceptual storage,True
2017-02-27,SB1,57.2005,synthetic_demo,synthetic conceptual storage,True
2017-02-28,SB1,57.2005,synthetic_demo,synthetic conceptual storage,True
2017-03-01,SB1,57.5394,synthetic_demo,synthetic conceptual storage,True
2017-03-02,SB1,57.5394,synthetic_demo,synthetic conceptual storage,True
2017-03-03,SB1,57.5394,synthetic_demo,synthetic conceptual storage,True
2017-03-04,SB1,57.8244,synthetic_demo,synthetic conceptual storage,True
2017-03-05,SB1,57.8244,synthetic_demo,synthetic conceptual storage,True
2017-03-06,SB1,57.9492,synthetic_demo,synthetic conceptual storage,True
2017-03-07,SB1,57.9492,synthetic_demo,synthetic conceptual storage,True
2017-03-08,SB1,57.9492,synthetic_demo,synthetic conceptual storage,True
2017-03-09,SB1,57.9492,synthetic_demo,synthetic conceptual storage,True
2017-03-10,SB1,57.9492,synthetic_demo,synthetic conceptual storage,True
2017-03-11,SB1,57.9492,synthetic_demo,synthetic conceptual storage,True
2017-03-12,SB1,57.9492,synthetic_demo,synthetic conceptual storage,True
2017-03-13,SB1,57.9492,synthetic_demo,synthetic conceptual storage,True
2017-03-14,SB1,58.1401,synthetic_demo,synthetic conceptual storage,True
2017-03-15,SB1,59.071,synthetic_demo,synthetic conceptual storage,True
2017-03-16,SB1,59.071,synthetic_demo,synthetic conceptual storage,True
2017-03-17,SB1,59.071,synthetic_demo,synthetic conceptual storage,True
2017-03-18,SB1,59.071,synthetic_demo,synthetic conceptual storage,True
2017-03-19,SB1,59.071,synthetic_demo,synthetic conceptual storage,True
2017-03-20,SB1,59.071,synthetic_demo,synthetic conceptual storage,True
2017-03-21,SB1,59.071,synthetic_demo,synthetic conceptual storage,True
2017-03-22,SB1,59.071,synthetic_demo,synthetic conceptual storage,True
2017-03-23,SB1,59.071,synthetic_demo,synthetic conceptual storage,True
2017-03-24,SB1,58.8534,synthetic_demo,synthetic conceptual storage,True
2017-03-25,SB1,58.8534,synthetic_demo,synthetic conceptual storage,True
2017-03-26,SB1,58.8534,synthetic_demo,synthetic conceptual storage,True
2017-03-27,SB1,58.6708,synthetic_demo,synthetic conceptual storage,True
2017-03-28,SB1,58.6708,synthetic_demo,synthetic conceptual storage,True
2017-03-29,SB1,58.6708,synthetic_demo,synthetic conceptual storage,True
2017-03-30,SB1,58.6708,synthetic_demo,synthetic conceptual storage,True
2017-03-31,SB1,58.6708,synthetic_demo,synthetic conceptual storage,True
2017-04-01,SB1,58.6708,synthetic_demo,synthetic conceptual storage,True
2017-04-02,SB1,58.5343,synthetic_demo,synthetic conceptual storage,True
2017-04-03,SB1,58.5343,synthetic_demo,synthetic conceptual storage,True
2017-04-04,SB1,58.5343,synthetic_demo,synthetic conceptual storage,True
2017-04-05,SB1,58.5343,synthetic_demo,synthetic conceptual storage,True
2017-04-06,SB1,58.5343,synthetic_demo,synthetic conceptual storage,True
2017-04-07,SB1,58.5343,synthetic_demo,synthetic conceptual storage,True
2017-04-08,SB1,58.3829,synthetic_demo,synthetic conceptual storage,True
2017-04-09,SB1,58.3829,synthetic_demo,synthetic conceptual storage,True
2017-04-10,SB1,58.3829,synthetic_demo,synthetic conceptual storage,True
2017-04-11,SB1,58.3829,synthetic_demo,synthetic conceptual storage,True
2017-04-12,SB1,58.3829,synthetic_demo,synthetic conceptual storage,True
2017-04-13,SB1,58.3829,synthetic_demo,synthetic conceptual storage,True
2017-04-14,SB1,58.3193,synthetic_demo,synthetic conceptual storage,True
2017-04-15,SB1,58.3193,synthetic_demo,synthetic conceptual storage,True
2017-04-16,SB1,58.3193,synthetic_demo,synthetic conceptual storage,True
2017-04-17,SB1,58.3193,synthetic_demo,synthetic conceptual storage,True
2017-04-18,SB1,58.4199,synthetic_demo,synthetic conceptual storage,True
2017-04-19,SB1,58.4199,synthetic_demo,synthetic conceptual storage,True
2017-04-20,SB1,58.4199,synthetic_demo,synthetic conceptual storage,True
2017-04-21,SB1,58.4199,synthetic_demo,synthetic conceptual storage,True
2017-04-22,SB1,58.4199,synthetic_demo,synthetic conceptual storage,True
2017-04-23,SB1,58.5631,synthetic_demo,synthetic conceptual storage,True
2017-04-24,SB1,58.5631,synthetic_demo,synthetic conceptual storage,True
2017-04-25,SB1,58.5631,synthetic_demo,synthetic conceptual storage,True
2017-04-26,SB1,58.5671,synthetic_demo,synthetic conceptual storage,True
2017-04-27,SB1,58.5671,synthetic_demo,synthetic conceptual storage,True
2017-04-28,SB1,58.5671,synthetic_demo,synthetic conceptual storage,True
2017-04-29,SB1,58.5671,synthetic_demo,synthetic conceptual storage,True
2017-04-30,SB1,58.5671,synthetic_demo,synthetic conceptual storage,True
2017-05-01,SB1,58.8309,synthetic_demo,synthetic conceptual storage,True
2017-05-02,SB1,58.7941,synthetic_demo,synthetic conceptual storage,True
2017-05-03,SB1,58.7941,synthetic_demo,synthetic conceptual storage,True
2017-05-04,SB1,58.7941,synthetic_demo,synthetic conceptual storage,True
2017-05-05,SB1,58.4626,synthetic_demo,synthetic conceptual storage,True
2017-05-06,SB1,58.4626,synthetic_demo,synthetic conceptual storage,True
2017-05-07,SB1,58.4626,synthetic_demo,synthetic conceptual storage,True
2017-05-08,SB1,58.4626,synthetic_demo,synthetic conceptual storage,True
2017-05-09,SB1,58.4626,synthetic_demo,synthetic conceptual storage,True
2017-05-10,SB1,58.2333,synthetic_demo,synthetic conceptual storage,True
2017-05-11,SB1,58.2333,synthetic_demo,synthetic conceptual storage,True
2017-05-12,SB1,58.2333,synthetic_demo,synthetic conceptual storage,True
2017-05-13,SB1,58.2333,synthetic_demo,synthetic conceptual storage,True
2017-05-14,SB1,58.1657,synthetic_demo,synthetic conceptual storage,True
2017-05-15,SB1,58.1657,synthetic_demo,synthetic conceptual storage,True
2017-05-16,SB1,58.1657,synthetic_demo,synthetic conceptual storage,True
2017-05-17,SB1,58.1657,synthetic_demo,synthetic conceptual storage,True
2017-05-18,SB1,58.1657,synthetic_demo,synthetic conceptual storage,True
2017-05-19,SB1,58.1657,synthetic_demo,synthetic conceptual storage,True
2017-05-20,SB1,58.1657,synthetic_demo,synthetic conceptual storage,True
2017-05-21,SB1,58.1657,synthetic_demo,synthetic conceptual storage,True
2017-05-22,SB1,58.3604,synthetic_demo,synthetic conceptual storage,True
2017-05-23,SB1,58.3604,synthetic_demo,synthetic conceptual storage,True
2017-05-24,SB1,58.3604,synthetic_demo,synthetic conceptual storage,True
2017-05-25,SB1,58.3604,synthetic_demo,synthetic conceptual storage,True
2017-05-26,SB1,58.3604,synthetic_demo,synthetic conceptual storage,True
2017-05-27,SB1,58.3604,synthetic_demo,synthetic conceptual storage,True
2017-05-28,SB1,58.4536,synthetic_demo,synthetic conceptual storage,True
2017-05-29,SB1,58.6505,synthetic_demo,synthetic conceptual storage,True
2017-05-30,SB1,58.6505,synthetic_demo,synthetic conceptual storage,True
2017-05-31,SB1,59.0371,synthetic_demo,synthetic conceptual storage,True
2017-06-01,SB1,59.0371,synthetic_demo,synthetic conceptual storage,True
2017-06-02,SB1,59.0371,synthetic_demo,synthetic conceptual storage,True
2017-06-03,SB1,58.9761,synthetic_demo,synthetic conceptual storage,True
2017-06-04,SB1,58.9329,synthetic_demo,synthetic conceptual storage,True
2017-06-05,SB1,58.9329,synthetic_demo,synthetic conceptual storage,True
2017-06-06,SB1,58.9329,synthetic_demo,synthetic conceptual storage,True
2017-06-07,SB1,58.9329,synthetic_demo,synthetic conceptual storage,True
2017-06-08,SB1,59.4885,synthetic_demo,synthetic conceptual storage,True
2017-06-09,SB1,59.4885,synthetic_demo,synthetic conceptual storage,True
2017-06-10,SB1,59.4885,synthetic_demo,synthetic conceptual storage,True
2017-06-11,SB1,59.4885,synthetic_demo,synthetic conceptual storage,True
2017-06-12,SB1,59.4885,synthetic_demo,synthetic conceptual storage,True
2017-06-13,SB1,59.4885,synthetic_demo,synthetic conceptual storage,True
2017-06-14,SB1,59.8876,synthetic_demo,synthetic conceptual storage,True
2017-06-15,SB1,59.8876,synthetic_demo,synthetic conceptual storage,True
2017-06-16,SB1,59.8876,synthetic_demo,synthetic conceptual storage,True
2017-06-17,SB1,59.8876,synthetic_demo,synthetic conceptual storage,True
2017-06-18,SB1,59.8876,synthetic_demo,synthetic conceptual storage,True
2017-06-19,SB1,59.8642,synthetic_demo,synthetic conceptual storage,True
2017-06-20,SB1,59.8642,synthetic_demo,synthetic conceptual storage,True
2017-06-21,SB1,60.4133,synthetic_demo,synthetic conceptual storage,True
2017-06-22,SB1,60.4133,synthetic_demo,synthetic conceptual storage,True
2017-06-23,SB1,60.2031,synthetic_demo,synthetic conceptual storage,True
2017-06-24,SB1,60.2031,synthetic_demo,synthetic conceptual storage,True
2017-06-25,SB1,59.8339,synthetic_demo,synthetic conceptual storage,True
2017-06-26,SB1,59.8339,synthetic_demo,synthetic conceptual storage,True
2017-06-27,SB1,59.9293,synthetic_demo,synthetic conceptual storage,True
2017-06-28,SB1,59.9293,synthetic_demo,synthetic conceptual storage,True
2017-06-29,SB1,59.9293,synthetic_demo,synthetic conceptual storage,True
2017-06-30,SB1,59.9293,synthetic_demo,synthetic conceptual storage,True
2017-07-01,SB1,59.9293,synthetic_demo,synthetic conceptual storage,True
2017-07-02,SB1,59.9293,synthetic_demo,synthetic conceptual storage,True
2017-07-03,SB1,60.5372,synthetic_demo,synthetic conceptual storage,True
2017-07-04,SB1,60.1762,synthetic_demo,synthetic conceptual storage,True
2017-07-05,SB1,60.1762,synthetic_demo,synthetic conceptual storage,True
2017-07-06,SB1,60.1762,synthetic_demo,synthetic conceptual storage,True
2017-07-07,SB1,60.3221,synthetic_demo,synthetic conceptual storage,True
2017-07-08,SB1,60.5805,synthetic_demo,synthetic conceptual storage,True
2017-07-09,SB1,60.5805,synthetic_demo,synthetic conceptual storage,True
2017-07-10,SB1,60.5276,synthetic_demo,synthetic conceptual storage,True
2017-07-11,SB1,60.5276,synthetic_demo,synthetic conceptual storage,True
2017-07-12,SB1,60.5276,synthetic_demo,synthetic conceptual storage,True
2017-07-13,SB1,60.5276,synthetic_demo,synthetic conceptual storage,True
2017-07-14,SB1,60.8493,synthetic_demo,synthetic conceptual storage,True
2017-07-15,SB1,61.1455,synthetic_demo,synthetic conceptual storage,True
2017-07-16,SB1,61.1455,synthetic_demo,synthetic conceptual storage,True
2017-07-17,SB1,61.1455,synthetic_demo,synthetic conceptual storage,True
2017-07-18,SB1,61.2896,synthetic_demo,synthetic conceptual storage,True
2017-07-19,SB1,61.6091,synthetic_demo,synthetic conceptual storage,True
2017-07-20,SB1,61.3933,synthetic_demo,synthetic conceptual storage,True
2017-07-21,SB1,61.4378,synthetic_demo,synthetic conceptual storage,True
2017-07-22,SB1,61.6197,synthetic_demo,synthetic conceptual storage,True
2017-07-23,SB1,61.6197,synthetic_demo,synthetic conceptual storage,True
2017-07-24,SB1,61.5979,synthetic_demo,synthetic conceptual storage,True
2017-07-25,SB1,61.48,synthetic_demo,synthetic conceptual storage,True
2017-07-26,SB1,61.8135,synthetic_demo,synthetic conceptual storage,True
2017-07-27,SB1,61.8135,synthetic_demo,synthetic conceptual storage,True
2017-07-28,SB1,61.8135,synthetic_demo,synthetic conceptual storage,True
2017-07-29,SB1,61.7384,synthetic_demo,synthetic conceptual storage,True
2017-07-30,SB1,61.6974,synthetic_demo,synthetic conceptual storage,True
2017-07-31,SB1,61.5179,synthetic_demo,synthetic conceptual storage,True
2017-08-01,SB1,62.5532,synthetic_demo,synthetic conceptual storage,True
2017-08-02,SB1,62.3941,synthetic_demo,synthetic conceptual storage,True
2017-08-03,SB1,62.9971,synthetic_demo,synthetic conceptual storage,True
2017-08-04,SB1,62.9971,synthetic_demo,synthetic conceptual storage,True
2017-08-05,SB1,63.1019,synthetic_demo,synthetic conceptual storage,True
2017-08-06,SB1,63.214,synthetic_demo,synthetic conceptual storage,True
2017-08-07,SB1,63.214,synthetic_demo,synthetic conceptual storage,True
2017-08-08,SB1,63.2231,synthetic_demo,synthetic conceptual storage,True
2017-08-09,SB1,63.2172,synthetic_demo,synthetic conceptual storage,True
2017-08-10,SB1,63.2172,synthetic_demo,synthetic conceptual storage,True
2017-08-11,SB1,63.2172,synthetic_demo,synthetic conceptual storage,True
2017-08-12,SB1,63.8553,synthetic_demo,synthetic conceptual storage,True
2017-08-13,SB1,63.6676,synthetic_demo,synthetic conceptual storage,True
2017-08-14,SB1,63.6676,synthetic_demo,synthetic conceptual storage,True
2017-08-15,SB1,63.6676,synthetic_demo,synthetic conceptual storage,True
2017-08-16,SB1,63.7595,synthetic_demo,synthetic conceptual storage,True
2017-08-17,SB1,64.0086,synthetic_demo,synthetic conceptual storage,True
2017-08-18,SB1,64.1369,synthetic_demo,synthetic conceptual storage,True
2017-08-19,SB1,63.8381,synthetic_demo,synthetic conceptual storage,True
2017-08-20,SB1,63.8381,synthetic_demo,synthetic conceptual storage,True
2017-08-21,SB1,63.7612,synthetic_demo,synthetic conceptual storage,True
2017-08-22,SB1,63.7612,synthetic_demo,synthetic conceptual storage,True
2017-08-23,SB1,63.7382,synthetic_demo,synthetic conceptual storage,True
2017-08-24,SB1,63.8382,synthetic_demo,synthetic conceptual storage,True
2017-08-25,SB1,63.8382,synthetic_demo,synthetic conceptual storage,True
2017-08-26,SB1,63.6584,synthetic_demo,synthetic conceptual storage,True
2017-08-27,SB1,63.6584,synthetic_demo,synthetic conceptual storage,True
2017-08-28,SB1,63.6584,synthetic_demo,synthetic conceptual storage,True
2017-08-29,SB1,63.6584,synthetic_demo,synthetic conceptual storage,True
2017-08-30,SB1,63.6584,synthetic_demo,synthetic conceptual storage,True
2017-08-31,SB1,63.9691,synthetic_demo,synthetic conceptual storage,True
2017-09-01,SB1,64.0608,synthetic_demo,synthetic conceptual storage,True
2017-09-02,SB1,63.9881,synthetic_demo,synthetic conceptual storage,True
2017-09-03,SB1,63.8903,synthetic_demo,synthetic conceptual storage,True
2017-09-04,SB1,63.8903,synthetic_demo,synthetic conceptual storage,True
2017-09-05,SB1,63.8903,synthetic_demo,synthetic conceptual storage,True
2017-09-06,SB1,63.8903,synthetic_demo,synthetic conceptual storage,True
2017-09-07,SB1,63.8903,synthetic_demo,synthetic conceptual storage,True
2017-09-08,SB1,63.8903,synthetic_demo,synthetic conceptual storage,True
2017-09-09,SB1,63.8047,synthetic_demo,synthetic conceptual storage,True
2017-09-10,SB1,63.8047,synthetic_demo,synthetic conceptual storage,True
2017-09-11,SB1,63.8047,synthetic_demo,synthetic conceptual storage,True
2017-09-12,SB1,63.8047,synthetic_demo,synthetic conceptual storage,True
2017-09-13,SB1,63.6091,synthetic_demo,synthetic conceptual storage,True
2017-09-14,SB1,63.6091,synthetic_demo,synthetic conceptual storage,True
2017-09-15,SB1,63.5666,synthetic_demo,synthetic conceptual storage,True
2017-09-16,SB1,63.5666,synthetic_demo,synthetic conceptual storage,True
2017-09-17,SB1,63.5666,synthetic_demo,synthetic conceptual storage,True
2017-09-18,SB1,63.5666,synthetic_demo,synthetic conceptual storage,True
2017-09-19,SB1,63.7952,synthetic_demo,synthetic conceptual storage,True
2017-09-20,SB1,63.9834,synthetic_demo,synthetic conceptual storage,True
2017-09-21,SB1,64.5206,synthetic_demo,synthetic conceptual storage,True
2017-09-22,SB1,64.5206,synthetic_demo,synthetic conceptual storage,True
2017-09-23,SB1,64.4741,synthetic_demo,synthetic conceptual storage,True
2017-09-24,SB1,64.4741,synthetic_demo,synthetic conceptual storage,True
2017-09-25,SB1,64.5053,synthetic_demo,synthetic conceptual storage,True
2017-09-26,SB1,64.7406,synthetic_demo,synthetic conceptual storage,True
2017-09-27,SB1,64.9928,synthetic_demo,synthetic conceptual storage,True
2017-09-28,SB1,64.9928,synthetic_demo,synthetic conceptual storage,True
2017-09-29,SB1,64.9928,synthetic_demo,synthetic conceptual storage,True
2017-09-30,SB1,65.2425,synthetic_demo,synthetic conceptual storage,True
2017-10-01,SB1,65.2425,synthetic_demo,synthetic conceptual storage,True
2017-10-02,SB1,65.2209,synthetic_demo,synthetic conceptual storage,True
2017-10-03,SB1,65.9714,synthetic_demo,synthetic conceptual storage,True
2017-10-04,SB1,65.9714,synthetic_demo,synthetic conceptual storage,True
2017-10-05,SB1,66.2313,synthetic_demo,synthetic conceptual storage,True
2017-10-06,SB1,66.2182,synthetic_demo,synthetic conceptual storage,True
2017-10-07,SB1,66.2182,synthetic_demo,synthetic conceptual storage,True
2017-10-08,SB1,67.3422,synthetic_demo,synthetic conceptual storage,True
2017-10-09,SB1,67.2839,synthetic_demo,synthetic conceptual storage,True
2017-10-10,SB1,67.3224,synthetic_demo,synthetic conceptual storage,True
2017-10-11,SB1,67.1524,synthetic_demo,synthetic conceptual storage,True
2017-10-12,SB1,67.2723,synthetic_demo,synthetic conceptual storage,True
2017-10-13,SB1,67.3238,synthetic_demo,synthetic conceptual storage,True
2017-10-14,SB1,67.4248,synthetic_demo,synthetic conceptual storage,True
2017-10-15,SB1,67.3726,synthetic_demo,synthetic conceptual storage,True
2017-10-16,SB1,67.3726,synthetic_demo,synthetic conceptual storage,True
2017-10-17,SB1,67.2659,synthetic_demo,synthetic conceptual storage,True
2017-10-18,SB1,67.2659,synthetic_demo,synthetic conceptual storage,True
2017-10-19,SB1,67.1394,synthetic_demo,synthetic conceptual storage,True
2017-10-20,SB1,67.375,synthetic_demo,synthetic conceptual storage,True
2017-10-21,SB1,67.657,synthetic_demo,synthetic conceptual storage,True
2017-10-22,SB1,67.9166,synthetic_demo,synthetic conceptual storage,True
2017-10-23,SB1,67.8676,synthetic_demo,synthetic conceptual storage,True
2017-10-24,SB1,67.8676,synthetic_demo,synthetic conceptual storage,True
2017-10-25,SB1,67.8676,synthetic_demo,synthetic conceptual storage,True
2017-10-26,SB1,67.8676,synthetic_demo,synthetic conceptual storage,True
2017-10-27,SB1,67.8016,synthetic_demo,synthetic conceptual storage,True
2017-10-28,SB1,67.8016,synthetic_demo,synthetic conceptual storage,True
2017-10-29,SB1,67.9058,synthetic_demo,synthetic conceptual storage,True
2017-10-30,SB1,67.862,synthetic_demo,synthetic conceptual storage,True
2017-10-31,SB1,67.862,synthetic_demo,synthetic conceptual storage,True
2017-11-01,SB1,67.9011,synthetic_demo,synthetic conceptual storage,True
2017-11-02,SB1,67.9011,synthetic_demo,synthetic conceptual storage,True
2017-11-03,SB1,67.7191,synthetic_demo,synthetic conceptual storage,True
2017-11-04,SB1,67.8235,synthetic_demo,synthetic conceptual storage,True
2017-11-05,SB1,67.6617,synthetic_demo,synthetic conceptual storage,True
2017-11-06,SB1,67.772,synthetic_demo,synthetic conceptual storage,True
2017-11-07,SB1,67.772,synthetic_demo,synthetic conceptual storage,True
2017-11-08,SB1,67.6754,synthetic_demo,synthetic conceptual storage,True
2017-11-09,SB1,68.0313,synthetic_demo,synthetic conceptual storage,True
2017-11-10,SB1,68.2206,synthetic_demo,synthetic conceptual storage,True
2017-11-11,SB1,68.2206,synthetic_demo,synthetic conceptual storage,True
2017-11-12,SB1,68.2206,synthetic_demo,synthetic conceptual storage,True
2017-11-13,SB1,68.4598,synthetic_demo,synthetic conceptual storage,True
2017-11-14,SB1,68.1931,synthetic_demo,synthetic conceptual storage,True
2017-11-15,SB1,68.516,synthetic_demo,synthetic conceptual storage,True
2017-11-16,SB1,68.516,synthetic_demo,synthetic conceptual storage,True
2017-11-17,SB1,68.516,synthetic_demo,synthetic conceptual storage,True
2017-11-18,SB1,68.516,synthetic_demo,synthetic conceptual storage,True
2017-11-19,SB1,68.516,synthetic_demo,synthetic conceptual storage,True
2017-11-20,SB1,68.516,synthetic_demo,synthetic conceptual storage,True
2017-11-21,SB1,68.516,synthetic_demo,synthetic conceptual storage,True
2017-11-22,SB1,68.516,synthetic_demo,synthetic conceptual storage,True
2017-11-23,SB1,68.516,synthetic_demo,synthetic conceptual storage,True
2017-11-24,SB1,68.7575,synthetic_demo,synthetic conceptual storage,True
2017-11-25,SB1,68.7154,synthetic_demo,synthetic conceptual storage,True
2017-11-26,SB1,68.7154,synthetic_demo,synthetic conceptual storage,True
2017-11-27,SB1,68.7154,synthetic_demo,synthetic conceptual storage,True
2017-11-28,SB1,68.7154,synthetic_demo,synthetic conceptual storage,True
2017-11-29,SB1,68.681,synthetic_demo,synthetic conceptual storage,True
2017-11-30,SB1,68.893,synthetic_demo,synthetic conceptual storage,True
2017-12-01,SB1,68.893,synthetic_demo,synthetic conceptual storage,True
2017-12-02,SB1,68.893,synthetic_demo,synthetic conceptual storage,True
2017-12-03,SB1,68.6576,synthetic_demo,synthetic conceptual storage,True
2017-12-04,SB1,68.5618,synthetic_demo,synthetic conceptual storage,True
2017-12-05,SB1,68.6533,synthetic_demo,synthetic conceptual storage,True
2017-12-06,SB1,68.6533,synthetic_demo,synthetic conceptual storage,True
2017-12-07,SB1,68.6533,synthetic_demo,synthetic conceptual storage,True
2017-12-08,SB1,68.6533,synthetic_demo,synthetic conceptual storage,True
2017-12-09,SB1,68.6533,synthetic_demo,synthetic conceptual storage,True
2017-12-10,SB1,68.6533,synthetic_demo,synthetic conceptual storage,True
2017-12-11,SB1,69.2429,synthetic_demo,synthetic conceptual storage,True
2017-12-12,SB1,69.2429,synthetic_demo,synthetic conceptual storage,True
2017-12-13,SB1,70.3735,synthetic_demo,synthetic conceptual storage,True
2017-12-14,SB1,70.3735,synthetic_demo,synthetic conceptual storage,True
2017-12-15,SB1,70.3735,synthetic_demo,synthetic conceptual storage,True
2017-12-16,SB1,70.3512,synthetic_demo,synthetic conceptual storage,True
2017-12-17,SB1,71.3693,synthetic_demo,synthetic conceptual storage,True
2017-12-18,SB1,71.3693,synthetic_demo,synthetic conceptual storage,True
2017-12-19,SB1,71.3693,synthetic_demo,synthetic conceptual storage,True
2017-12-20,SB1,71.3693,synthetic_demo,synthetic conceptual storage,True
2017-12-21,SB1,71.6047,synthetic_demo,synthetic conceptual storage,True
2017-12-22,SB1,71.6047,synthetic_demo,synthetic conceptual storage,True
2017-12-23,SB1,71.6047,synthetic_demo,synthetic conceptual storage,True
2017-12-24,SB1,71.6047,synthetic_demo,synthetic conceptual storage,True
2017-12-25,SB1,71.6047,synthetic_demo,synthetic conceptual storage,True
2017-12-26,SB1,72.1403,synthetic_demo,synthetic conceptual storage,True
2017-12-27,SB1,72.1403,synthetic_demo,synthetic conceptual storage,True
2017-12-28,SB1,72.1403,synthetic_demo,synthetic conceptual storage,True
2017-12-29,SB1,72.1403,synthetic_demo,synthetic conceptual storage,True
2017-12-30,SB1,72.1403,synthetic_demo,synthetic conceptual storage,True
2017-12-31,SB1,72.1403,synthetic_demo,synthetic conceptual storage,True
2018-01-01,SB1,71.9313,synthetic_demo,synthetic conceptual storage,True
2018-01-02,SB1,71.9313,synthetic_demo,synthetic conceptual storage,True
2018-01-03,SB1,71.9313,synthetic_demo,synthetic conceptual storage,True
2018-01-04,SB1,71.9313,synthetic_demo,synthetic conceptual storage,True
2018-01-05,SB1,71.9313,synthetic_demo,synthetic conceptual storage,True
2018-01-06,SB1,71.9313,synthetic_demo,synthetic conceptual storage,True
2018-01-07,SB1,71.9313,synthetic_demo,synthetic conceptual storage,True
2018-01-08,SB1,71.9313,synthetic_demo,synthetic conceptual storage,True
2018-01-09,SB1,71.9313,synthetic_demo,synthetic conceptual storage,True
2018-01-10,SB1,71.9313,synthetic_demo,synthetic conceptual storage,True
2018-01-11,SB1,71.9313,synthetic_demo,synthetic conceptual storage,True
2018-01-12,SB1,71.9313,synthetic_demo,synthetic conceptual storage,True
2018-01-13,SB1,71.8381,synthetic_demo,synthetic conceptual storage,True
2018-01-14,SB1,71.8381,synthetic_demo,synthetic conceptual storage,True
2018-01-15,SB1,71.8381,synthetic_demo,synthetic conceptual storage,True
2018-01-16,SB1,71.8381,synthetic_demo,synthetic conceptual storage,True
2018-01-17,SB1,71.8381,synthetic_demo,synthetic conceptual storage,True
2018-01-18,SB1,71.8381,synthetic_demo,synthetic conceptual storage,True
2018-01-19,SB1,71.8381,synthetic_demo,synthetic conceptual storage,True
2018-01-20,SB1,71.3094,synthetic_demo,synthetic conceptual storage,True
2018-01-21,SB1,71.3094,synthetic_demo,synthetic conceptual storage,True
2018-01-22,SB1,71.3094,synthetic_demo,synthetic conceptual storage,True
2018-01-23,SB1,71.3094,synthetic_demo,synthetic conceptual storage,True
2018-01-24,SB1,71.3094,synthetic_demo,synthetic conceptual storage,True
2018-01-25,SB1,71.3094,synthetic_demo,synthetic conceptual storage,True
2018-01-26,SB1,71.3094,synthetic_demo,synthetic conceptual storage,True
2018-01-27,SB1,71.3094,synthetic_demo,synthetic conceptual storage,True
2018-01-28,SB1,71.3094,synthetic_demo,synthetic conceptual storage,True
2018-01-29,SB1,71.3094,synthetic_demo,synthetic conceptual storage,True
2018-01-30,SB1,70.9588,synthetic_demo,synthetic conceptual storage,True
2018-01-31,SB1,70.9588,synthetic_demo,synthetic conceptual storage,True
2018-02-01,SB1,70.9588,synthetic_demo,synthetic conceptual storage,True
2018-02-02,SB1,70.9588,synthetic_demo,synthetic conceptual storage,True
2018-02-03,SB1,70.9588,synthetic_demo,synthetic conceptual storage,True
2018-02-04,SB1,70.9588,synthetic_demo,synthetic conceptual storage,True
2018-02-05,SB1,70.9588,synthetic_demo,synthetic conceptual storage,True
2018-02-06,SB1,70.9588,synthetic_demo,synthetic conceptual storage,True
2018-02-07,SB1,70.9588,synthetic_demo,synthetic conceptual storage,True
2018-02-08,SB1,70.9588,synthetic_demo,synthetic conceptual storage,True
2018-02-09,SB1,70.9588,synthetic_demo,synthetic conceptual storage,True
2018-02-10,SB1,71.0874,synthetic_demo,synthetic conceptual storage,True
2018-02-11,SB1,71.0874,synthetic_demo,synthetic conceptual storage,True
2018-02-12,SB1,71.0874,synthetic_demo,synthetic conceptual storage,True
2018-02-13,SB1,71.0874,synthetic_demo,synthetic conceptual storage,True
2018-02-14,SB1,71.0874,synthetic_demo,synthetic conceptual storage,True
2018-02-15,SB1,71.0874,synthetic_demo,synthetic conceptual storage,True
2018-02-16,SB1,71.0845,synthetic_demo,synthetic conceptual storage,True
2018-02-17,SB1,71.0845,synthetic_demo,synthetic conceptual storage,True
2018-02-18,SB1,71.0845,synthetic_demo,synthetic conceptual storage,True
2018-02-19,SB1,71.0845,synthetic_demo,synthetic conceptual storage,True
2018-02-20,SB1,71.0845,synthetic_demo,synthetic conceptual storage,True
2018-02-21,SB1,71.0845,synthetic_demo,synthetic conceptual storage,True
2018-02-22,SB1,71.0845,synthetic_demo,synthetic conceptual storage,True
2018-02-23,SB1,71.0845,synthetic_demo,synthetic conceptual storage,True
2018-02-24,SB1,71.0845,synthetic_demo,synthetic conceptual storage,True
2018-02-25,SB1,71.0845,synthetic_demo,synthetic conceptual storage,True
2018-02-26,SB1,71.0845,synthetic_demo,synthetic conceptual storage,True
2018-02-27,SB1,71.0845,synthetic_demo,synthetic conceptual storage,True
2018-02-28,SB1,71.0845,synthetic_demo,synthetic conceptual storage,True
2018-03-01,SB1,70.6349,synthetic_demo,synthetic conceptual storage,True
2018-03-02,SB1,70.6349,synthetic_demo,synthetic conceptual storage,True
2018-03-03,SB1,70.6349,synthetic_demo,synthetic conceptual storage,True
2018-03-04,SB1,70.35,synthetic_demo,synthetic conceptual storage,True
2018-03-05,SB1,70.35,synthetic_demo,synthetic conceptual storage,True
2018-03-06,SB1,71.0774,synthetic_demo,synthetic conceptual storage,True
2018-03-07,SB1,71.0774,synthetic_demo,synthetic conceptual storage,True
2018-03-08,SB1,71.0774,synthetic_demo,synthetic conceptual storage,True
2018-03-09,SB1,71.0774,synthetic_demo,synthetic conceptual storage,True
2018-03-10,SB1,71.0774,synthetic_demo,synthetic conceptual storage,True
2018-03-11,SB1,71.0774,synthetic_demo,synthetic conceptual storage,True
2018-03-12,SB1,71.0774,synthetic_demo,synthetic conceptual storage,True
2018-03-13,SB1,71.0774,synthetic_demo,synthetic conceptual storage,True
2018-03-14,SB1,70.8865,synthetic_demo,synthetic conceptual storage,True
2018-03-15,SB1,69.9557,synthetic_demo,synthetic conceptual storage,True
2018-03-16,SB1,69.9557,synthetic_demo,synthetic conceptual storage,True
2018-03-17,SB1,70.4075,synthetic_demo,synthetic conceptual storage,True
2018-03-18,SB1,70.4075,synthetic_demo,synthetic conceptual storage,True
2018-03-19,SB1,70.4075,synthetic_demo,synthetic conceptual storage,True
2018-03-20,SB1,70.4075,synthetic_demo,synthetic conceptual storage,True
2018-03-21,SB1,70.4075,synthetic_demo,synthetic conceptual storage,True
2018-03-22,SB1,70.4075,synthetic_demo,synthetic conceptual storage,True
2018-03-23,SB1,70.4075,synthetic_demo,synthetic conceptual storage,True
2018-03-24,SB1,70.4075,synthetic_demo,synthetic conceptual storage,True
2018-03-25,SB1,70.4075,synthetic_demo,synthetic conceptual storage,True
2018-03-26,SB1,70.6072,synthetic_demo,synthetic conceptual storage,True
2018-03-27,SB1,70.6072,synthetic_demo,synthetic conceptual storage,True
2018-03-28,SB1,70.6072,synthetic_demo,synthetic conceptual storage,True
2018-03-29,SB1,70.6072,synthetic_demo,synthetic conceptual storage,True
2018-03-30,SB1,70.6072,synthetic_demo,synthetic conceptual storage,True
2018-03-31,SB1,70.6072,synthetic_demo,synthetic conceptual storage,True
2018-04-01,SB1,70.6072,synthetic_demo,synthetic conceptual storage,True
2018-04-02,SB1,70.6072,synthetic_demo,synthetic conceptual storage,True
2018-04-03,SB1,70.6072,synthetic_demo,synthetic conceptual storage,True
2018-04-04,SB1,70.6072,synthetic_demo,synthetic conceptual storage,True
2018-04-05,SB1,70.6072,synthetic_demo,synthetic conceptual storage,True
2018-04-06,SB1,70.6072,synthetic_demo,synthetic conceptual storage,True
2018-04-07,SB1,70.6072,synthetic_demo,synthetic conceptual storage,True
2018-04-08,SB1,70.6072,synthetic_demo,synthetic conceptual storage,True
2018-04-09,SB1,70.6072,synthetic_demo,synthetic conceptual storage,True
2018-04-10,SB1,70.6072,synthetic_demo,synthetic conceptual storage,True
2018-04-11,SB1,70.6072,synthetic_demo,synthetic conceptual storage,True
2018-04-12,SB1,70.6072,synthetic_demo,synthetic conceptual storage,True
2018-04-13,SB1,70.6072,synthetic_demo,synthetic conceptual storage,True
2018-04-14,SB1,70.6072,synthetic_demo,synthetic conceptual storage,True
2018-04-15,SB1,70.6072,synthetic_demo,synthetic conceptual storage,True
2018-04-16,SB1,70.6072,synthetic_demo,synthetic conceptual storage,True
2018-04-17,SB1,70.6072,synthetic_demo,synthetic conceptual storage,True
2018-04-18,SB1,70.5066,synthetic_demo,synthetic conceptual storage,True
2018-04-19,SB1,70.5066,synthetic_demo,synthetic conceptual storage,True
2018-04-20,SB1,70.5066,synthetic_demo,synthetic conceptual storage,True
2018-04-21,SB1,70.5066,synthetic_demo,synthetic conceptual storage,True
2018-04-22,SB1,70.5066,synthetic_demo,synthetic conceptual storage,True
2018-04-23,SB1,70.3634,synthetic_demo,synthetic conceptual storage,True
2018-04-24,SB1,70.3634,synthetic_demo,synthetic conceptual storage,True
2018-04-25,SB1,70.3634,synthetic_demo,synthetic conceptual storage,True
2018-04-26,SB1,70.3594,synthetic_demo,synthetic conceptual storage,True
2018-04-27,SB1,70.3594,synthetic_demo,synthetic conceptual storage,True
2018-04-28,SB1,70.3594,synthetic_demo,synthetic conceptual storage,True
2018-04-29,SB1,70.3594,synthetic_demo,synthetic conceptual storage,True
2018-04-30,SB1,70.3594,synthetic_demo,synthetic conceptual storage,True
2018-05-01,SB1,70.0956,synthetic_demo,synthetic conceptual storage,True
2018-05-02,SB1,70.0956,synthetic_demo,synthetic conceptual storage,True
2018-05-03,SB1,70.0956,synthetic_demo,synthetic conceptual storage,True
2018-05-04,SB1,70.0956,synthetic_demo,synthetic conceptual storage,True
2018-05-05,SB1,70.0956,synthetic_demo,synthetic conceptual storage,True
2018-05-06,SB1,70.0956,synthetic_demo,synthetic conceptual storage,True
2018-05-07,SB1,71.5505,synthetic_demo,synthetic conceptual storage,True
2018-05-08,SB1,71.5505,synthetic_demo,synthetic conceptual storage,True
2018-05-09,SB1,71.5505,synthetic_demo,synthetic conceptual storage,True
2018-05-10,SB1,71.5505,synthetic_demo,synthetic conceptual storage,True
2018-05-11,SB1,71.5505,synthetic_demo,synthetic conceptual storage,True
2018-05-12,SB1,71.5505,synthetic_demo,synthetic conceptual storage,True
2018-05-13,SB1,71.5505,synthetic_demo,synthetic conceptual storage,True
2018-05-14,SB1,71.5505,synthetic_demo,synthetic conceptual storage,True
2018-05-15,SB1,71.5505,synthetic_demo,synthetic conceptual storage,True
2018-05-16,SB1,71.5505,synthetic_demo,synthetic conceptual storage,True
2018-05-17,SB1,71.5505,synthetic_demo,synthetic conceptual storage,True
2018-05-18,SB1,71.5505,synthetic_demo,synthetic conceptual storage,True
2018-05-19,SB1,71.5505,synthetic_demo,synthetic conceptual storage,True
2018-05-20,SB1,72.7937,synthetic_demo,synthetic conceptual storage,True
2018-05-21,SB1,72.8624,synthetic_demo,synthetic conceptual storage,True
2018-05-22,SB1,72.6677,synthetic_demo,synthetic conceptual storage,True
2018-05-23,SB1,72.6677,synthetic_demo,synthetic conceptual storage,True
2018-05-24,SB1,72.6677,synthetic_demo,synthetic conceptual storage,True
2018-05-25,SB1,72.6677,synthetic_demo,synthetic conceptual storage,True
2018-05-26,SB1,72.6677,synthetic_demo,synthetic conceptual storage,True
2018-05-27,SB1,72.6677,synthetic_demo,synthetic conceptual storage,True
2018-05-28,SB1,72.5745,synthetic_demo,synthetic conceptual storage,True
2018-05-29,SB1,72.3776,synthetic_demo,synthetic conceptual storage,True
2018-05-30,SB1,72.3776,synthetic_demo,synthetic conceptual storage,True
2018-05-31,SB1,71.991,synthetic_demo,synthetic conceptual storage,True
2018-06-01,SB1,71.991,synthetic_demo,synthetic conceptual storage,True
2018-06-02,SB1,71.991,synthetic_demo,synthetic conceptual storage,True
2018-06-03,SB1,71.991,synthetic_demo,synthetic conceptual storage,True
2018-06-04,SB1,71.991,synthetic_demo,synthetic conceptual storage,True
2018-06-05,SB1,71.991,synthetic_demo,synthetic conceptual storage,True
2018-06-06,SB1,71.991,synthetic_demo,synthetic conceptual storage,True
2018-06-07,SB1,71.991,synthetic_demo,synthetic conceptual storage,True
2018-06-08,SB1,71.4355,synthetic_demo,synthetic conceptual storage,True
2018-06-09,SB1,71.4355,synthetic_demo,synthetic conceptual storage,True
2018-06-10,SB1,71.4355,synthetic_demo,synthetic conceptual storage,True
2018-06-11,SB1,71.4355,synthetic_demo,synthetic conceptual storage,True
2018-06-12,SB1,71.4355,synthetic_demo,synthetic conceptual storage,True
2018-06-13,SB1,71.4355,synthetic_demo,synthetic conceptual storage,True
2018-06-14,SB1,71.0363,synthetic_demo,synthetic conceptual storage,True
2018-06-15,SB1,71.3252,synthetic_demo,synthetic conceptual storage,True
2018-06-16,SB1,71.4778,synthetic_demo,synthetic conceptual storage,True
2018-06-17,SB1,71.4778,synthetic_demo,synthetic conceptual storage,True
2018-06-18,SB1,71.4778,synthetic_demo,synthetic conceptual storage,True
2018-06-19,SB1,71.4778,synthetic_demo,synthetic conceptual storage,True
2018-06-20,SB1,71.4778,synthetic_demo,synthetic conceptual storage,True
2018-06-21,SB1,70.9287,synthetic_demo,synthetic conceptual storage,True
2018-06-22,SB1,70.9287,synthetic_demo,synthetic conceptual storage,True
2018-06-23,SB1,70.9287,synthetic_demo,synthetic conceptual storage,True
2018-06-24,SB1,71.2309,synthetic_demo,synthetic conceptual storage,True
2018-06-25,SB1,71.3626,synthetic_demo,synthetic conceptual storage,True
2018-06-26,SB1,71.3626,synthetic_demo,synthetic conceptual storage,True
2018-06-27,SB1,71.2672,synthetic_demo,synthetic conceptual storage,True
2018-06-28,SB1,71.2672,synthetic_demo,synthetic conceptual storage,True
2018-06-29,SB1,71.4658,synthetic_demo,synthetic conceptual storage,True
2018-06-30,SB1,71.4658,synthetic_demo,synthetic conceptual storage,True
2018-07-01,SB1,71.4658,synthetic_demo,synthetic conceptual storage,True
2018-07-02,SB1,71.5583,synthetic_demo,synthetic conceptual storage,True
2018-07-03,SB1,70.9679,synthetic_demo,synthetic conceptual storage,True
2018-07-04,SB1,70.9679,synthetic_demo,synthetic conceptual storage,True
2018-07-05,SB1,71.5507,synthetic_demo,synthetic conceptual storage,True
2018-07-06,SB1,71.5507,synthetic_demo,synthetic conceptual storage,True
2018-07-07,SB1,71.4048,synthetic_demo,synthetic conceptual storage,True
2018-07-08,SB1,71.1464,synthetic_demo,synthetic conceptual storage,True
2018-07-09,SB1,71.1464,synthetic_demo,synthetic conceptual storage,True
2018-07-10,SB1,71.1464,synthetic_demo,synthetic conceptual storage,True
2018-07-11,SB1,71.1464,synthetic_demo,synthetic conceptual storage,True
2018-07-12,SB1,71.1464,synthetic_demo,synthetic conceptual storage,True
2018-07-13,SB1,71.3691,synthetic_demo,synthetic conceptual storage,True
2018-07-14,SB1,71.0475,synthetic_demo,synthetic conceptual storage,True
2018-07-15,SB1,70.7513,synthetic_demo,synthetic conceptual storage,True
2018-07-16,SB1,70.7513,synthetic_demo,synthetic conceptual storage,True
2018-07-17,SB1,70.7513,synthetic_demo,synthetic conceptual storage,True
2018-07-18,SB1,70.6071,synthetic_demo,synthetic conceptual storage,True
2018-07-19,SB1,70.2876,synthetic_demo,synthetic conceptual storage,True
2018-07-20,SB1,70.2876,synthetic_demo,synthetic conceptual storage,True
2018-07-21,SB1,70.1781,synthetic_demo,synthetic conceptual storage,True
2018-07-22,SB1,69.9598,synthetic_demo,synthetic conceptual storage,True
2018-07-23,SB1,69.9598,synthetic_demo,synthetic conceptual storage,True
2018-07-24,SB1,69.9598,synthetic_demo,synthetic conceptual storage,True
2018-07-25,SB1,70.0076,synthetic_demo,synthetic conceptual storage,True
2018-07-26,SB1,69.674,synthetic_demo,synthetic conceptual storage,True
2018-07-27,SB1,69.7739,synthetic_demo,synthetic conceptual storage,True
2018-07-28,SB1,69.7739,synthetic_demo,synthetic conceptual storage,True
2018-07-29,SB1,69.7739,synthetic_demo,synthetic conceptual storage,True
2018-07-30,SB1,69.9077,synthetic_demo,synthetic conceptual storage,True
2018-07-31,SB1,69.9077,synthetic_demo,synthetic conceptual storage,True
2018-08-01,SB1,68.9361,synthetic_demo,synthetic conceptual storage,True
2018-08-02,SB1,68.7722,synthetic_demo,synthetic conceptual storage,True
2018-08-03,SB1,68.1692,synthetic_demo,synthetic conceptual storage,True
2018-08-04,SB1,68.1692,synthetic_demo,synthetic conceptual storage,True
2018-08-05,SB1,68.3234,synthetic_demo,synthetic conceptual storage,True
2018-08-06,SB1,68.2113,synthetic_demo,synthetic conceptual storage,True
2018-08-07,SB1,68.2113,synthetic_demo,synthetic conceptual storage,True
2018-08-08,SB1,68.4088,synthetic_demo,synthetic conceptual storage,True
2018-08-09,SB1,68.387,synthetic_demo,synthetic conceptual storage,True
2018-08-10,SB1,68.387,synthetic_demo,synthetic conceptual storage,True
2018-08-11,SB1,68.4172,synthetic_demo,synthetic conceptual storage,True
2018-08-12,SB1,67.7791,synthetic_demo,synthetic conceptual storage,True
2018-08-13,SB1,68.2524,synthetic_demo,synthetic conceptual storage,True
2018-08-14,SB1,68.2524,synthetic_demo,synthetic conceptual storage,True
2018-08-15,SB1,68.4615,synthetic_demo,synthetic conceptual storage,True
2018-08-16,SB1,68.4211,synthetic_demo,synthetic conceptual storage,True
2018-08-17,SB1,68.172,synthetic_demo,synthetic conceptual storage,True
2018-08-18,SB1,68.0437,synthetic_demo,synthetic conceptual storage,True
2018-08-19,SB1,68.0437,synthetic_demo,synthetic conceptual storage,True
2018-08-20,SB1,68.1679,synthetic_demo,synthetic conceptual storage,True
2018-08-21,SB1,68.3317,synthetic_demo,synthetic conceptual storage,True
2018-08-22,SB1,68.4588,synthetic_demo,synthetic conceptual storage,True
2018-08-23,SB1,68.4046,synthetic_demo,synthetic conceptual storage,True
2018-08-24,SB1,68.26,synthetic_demo,synthetic conceptual storage,True
2018-08-25,SB1,68.26,synthetic_demo,synthetic conceptual storage,True
2018-08-26,SB1,68.3659,synthetic_demo,synthetic conceptual storage,True
2018-08-27,SB1,68.3659,synthetic_demo,synthetic conceptual storage,True
2018-08-28,SB1,68.3659,synthetic_demo,synthetic conceptual storage,True
2018-08-29,SB1,68.5149,synthetic_demo,synthetic conceptual storage,True
2018-08-30,SB1,68.5149,synthetic_demo,synthetic conceptual storage,True
2018-08-31,SB1,68.2043,synthetic_demo,synthetic conceptual storage,True
2018-09-01,SB1,68.4147,synthetic_demo,synthetic conceptual storage,True
2018-09-02,SB1,68.4147,synthetic_demo,synthetic conceptual storage,True
2018-09-03,SB1,68.5141,synthetic_demo,synthetic conceptual storage,True
2018-09-04,SB1,68.5141,synthetic_demo,synthetic conceptual storage,True
2018-09-05,SB1,68.5141,synthetic_demo,synthetic conceptual storage,True
2018-09-06,SB1,68.5141,synthetic_demo,synthetic conceptual storage,True
2018-09-07,SB1,68.5141,synthetic_demo,synthetic conceptual storage,True
2018-09-08,SB1,68.5141,synthetic_demo,synthetic conceptual storage,True
2018-09-09,SB1,68.7519,synthetic_demo,synthetic conceptual storage,True
2018-09-10,SB1,68.7519,synthetic_demo,synthetic conceptual storage,True
2018-09-11,SB1,68.7519,synthetic_demo,synthetic conceptual storage,True
2018-09-12,SB1,69.2339,synthetic_demo,synthetic conceptual storage,True
2018-09-13,SB1,69.4531,synthetic_demo,synthetic conceptual storage,True
2018-09-14,SB1,69.4531,synthetic_demo,synthetic conceptual storage,True
2018-09-15,SB1,69.4531,synthetic_demo,synthetic conceptual storage,True
2018-09-16,SB1,69.4531,synthetic_demo,synthetic conceptual storage,True
2018-09-17,SB1,69.8525,synthetic_demo,synthetic conceptual storage,True
2018-09-18,SB1,69.8525,synthetic_demo,synthetic conceptual storage,True
2018-09-19,SB1,70.0037,synthetic_demo,synthetic conceptual storage,True
2018-09-20,SB1,69.8155,synthetic_demo,synthetic conceptual storage,True
2018-09-21,SB1,69.5512,synthetic_demo,synthetic conceptual storage,True
2018-09-22,SB1,69.8232,synthetic_demo,synthetic conceptual storage,True
2018-09-23,SB1,69.8232,synthetic_demo,synthetic conceptual storage,True
2018-09-24,SB1,69.8232,synthetic_demo,synthetic conceptual storage,True
2018-09-25,SB1,69.792,synthetic_demo,synthetic conceptual storage,True
2018-09-26,SB1,70.0389,synthetic_demo,synthetic conceptual storage,True
2018-09-27,SB1,69.9542,synthetic_demo,synthetic conceptual storage,True
2018-09-28,SB1,70.2771,synthetic_demo,synthetic conceptual storage,True
2018-09-29,SB1,70.5596,synthetic_demo,synthetic conceptual storage,True
2018-09-30,SB1,70.5399,synthetic_demo,synthetic conceptual storage,True
2018-10-01,SB1,70.5399,synthetic_demo,synthetic conceptual storage,True
2018-10-02,SB1,70.6906,synthetic_demo,synthetic conceptual storage,True
2018-10-03,SB1,69.9402,synthetic_demo,synthetic conceptual storage,True
2018-10-04,SB1,69.9402,synthetic_demo,synthetic conceptual storage,True
2018-10-05,SB1,69.6802,synthetic_demo,synthetic conceptual storage,True
2018-10-06,SB1,69.6802,synthetic_demo,synthetic conceptual storage,True
2018-10-07,SB1,70.2914,synthetic_demo,synthetic conceptual storage,True
2018-10-08,SB1,69.6682,synthetic_demo,synthetic conceptual storage,True
2018-10-09,SB1,69.791,synthetic_demo,synthetic conceptual storage,True
2018-10-10,SB1,69.5688,synthetic_demo,synthetic conceptual storage,True
2018-10-11,SB1,69.5688,synthetic_demo,synthetic conceptual storage,True
2018-10-12,SB1,69.3387,synthetic_demo,synthetic conceptual storage,True
2018-10-13,SB1,69.2872,synthetic_demo,synthetic conceptual storage,True
2018-10-14,SB1,69.1443,synthetic_demo,synthetic conceptual storage,True
2018-10-15,SB1,69.1443,synthetic_demo,synthetic conceptual storage,True
2018-10-16,SB1,69.1443,synthetic_demo,synthetic conceptual storage,True
2018-10-17,SB1,69.1443,synthetic_demo,synthetic conceptual storage,True
2018-10-18,SB1,69.329,synthetic_demo,synthetic conceptual storage,True
2018-10-19,SB1,69.3749,synthetic_demo,synthetic conceptual storage,True
2018-10-20,SB1,69.1393,synthetic_demo,synthetic conceptual storage,True
2018-10-21,SB1,68.8573,synthetic_demo,synthetic conceptual storage,True
2018-10-22,SB1,68.9446,synthetic_demo,synthetic conceptual storage,True
2018-10-23,SB1,69.127,synthetic_demo,synthetic conceptual storage,True
2018-10-24,SB1,69.127,synthetic_demo,synthetic conceptual storage,True
2018-10-25,SB1,69.3036,synthetic_demo,synthetic conceptual storage,True
2018-10-26,SB1,69.3036,synthetic_demo,synthetic conceptual storage,True
2018-10-27,SB1,69.3036,synthetic_demo,synthetic conceptual storage,True
2018-10-28,SB1,69.3036,synthetic_demo,synthetic conceptual storage,True
2018-10-29,SB1,69.3244,synthetic_demo,synthetic conceptual storage,True
2018-10-30,SB1,69.4063,synthetic_demo,synthetic conceptual storage,True
2018-10-31,SB1,69.4894,synthetic_demo,synthetic conceptual storage,True
2018-11-01,SB1,69.4503,synthetic_demo,synthetic conceptual storage,True
2018-11-02,SB1,69.4658,synthetic_demo,synthetic conceptual storage,True
2018-11-03,SB1,69.5983,synthetic_demo,synthetic conceptual storage,True
2018-11-04,SB1,69.2665,synthetic_demo,synthetic conceptual storage,True
2018-11-05,SB1,69.2665,synthetic_demo,synthetic conceptual storage,True
2018-11-06,SB1,69.1886,synthetic_demo,synthetic conceptual storage,True
2018-11-07,SB1,69.1886,synthetic_demo,synthetic conceptual storage,True
2018-11-08,SB1,69.1886,synthetic_demo,synthetic conceptual storage,True
2018-11-09,SB1,68.8327,synthetic_demo,synthetic conceptual storage,True
2018-11-10,SB1,69.0112,synthetic_demo,synthetic conceptual storage,True
2018-11-11,SB1,69.0112,synthetic_demo,synthetic conceptual storage,True
2018-11-12,SB1,69.0112,synthetic_demo,synthetic conceptual storage,True
2018-11-13,SB1,69.0528,synthetic_demo,synthetic conceptual storage,True
2018-11-14,SB1,69.0528,synthetic_demo,synthetic conceptual storage,True
2018-11-15,SB1,68.7299,synthetic_demo,synthetic conceptual storage,True
2018-11-16,SB1,69.131,synthetic_demo,synthetic conceptual storage,True
2018-11-17,SB1,69.1632,synthetic_demo,synthetic conceptual storage,True
2018-11-18,SB1,69.1632,synthetic_demo,synthetic conceptual storage,True
2018-11-19,SB1,69.3505,synthetic_demo,synthetic conceptual storage,True
2018-11-20,SB1,69.3505,synthetic_demo,synthetic conceptual storage,True
2018-11-21,SB1,69.3505,synthetic_demo,synthetic conceptual storage,True
2018-11-22,SB1,69.3505,synthetic_demo,synthetic conceptual storage,True
2018-11-23,SB1,69.3505,synthetic_demo,synthetic conceptual storage,True
2018-11-24,SB1,69.109,synthetic_demo,synthetic conceptual storage,True
2018-11-25,SB1,69.109,synthetic_demo,synthetic conceptual storage,True
2018-11-26,SB1,69.109,synthetic_demo,synthetic conceptual storage,True
2018-11-27,SB1,69.109,synthetic_demo,synthetic conceptual storage,True
2018-11-28,SB1,69.109,synthetic_demo,synthetic conceptual storage,True
2018-11-29,SB1,69.109,synthetic_demo,synthetic conceptual storage,True
2018-11-30,SB1,68.8971,synthetic_demo,synthetic conceptual storage,True
2018-12-01,SB1,68.8971,synthetic_demo,synthetic conceptual storage,True
2018-12-02,SB1,68.8971,synthetic_demo,synthetic conceptual storage,True
2018-12-03,SB1,68.8971,synthetic_demo,synthetic conceptual storage,True
2018-12-04,SB1,68.8971,synthetic_demo,synthetic conceptual storage,True
2018-12-05,SB1,68.8794,synthetic_demo,synthetic conceptual storage,True
2018-12-06,SB1,68.8794,synthetic_demo,synthetic conceptual storage,True
2018-12-07,SB1,68.8794,synthetic_demo,synthetic conceptual storage,True
2018-12-08,SB1,70.094,synthetic_demo,synthetic conceptual storage,True
2018-12-09,SB1,70.094,synthetic_demo,synthetic conceptual storage,True
2018-12-10,SB1,70.094,synthetic_demo,synthetic conceptual storage,True
2018-12-11,SB1,69.5044,synthetic_demo,synthetic conceptual storage,True
2018-12-12,SB1,69.5258,synthetic_demo,synthetic conceptual storage,True
2018-12-13,SB1,68.3952,synthetic_demo,synthetic conceptual storage,True
2018-12-14,SB1,68.3952,synthetic_demo,synthetic conceptual storage,True
2018-12-15,SB1,68.3952,synthetic_demo,synthetic conceptual storage,True
2018-12-16,SB1,68.3952,synthetic_demo,synthetic conceptual storage,True
2018-12-17,SB1,67.377,synthetic_demo,synthetic conceptual storage,True
2018-12-18,SB1,67.377,synthetic_demo,synthetic conceptual storage,True
2018-12-19,SB1,67.377,synthetic_demo,synthetic conceptual storage,True
2018-12-20,SB1,67.377,synthetic_demo,synthetic conceptual storage,True
2018-12-21,SB1,67.1417,synthetic_demo,synthetic conceptual storage,True
2018-12-22,SB1,67.1417,synthetic_demo,synthetic conceptual storage,True
2018-12-23,SB1,67.7301,synthetic_demo,synthetic conceptual storage,True
2018-12-24,SB1,68.4286,synthetic_demo,synthetic conceptual storage,True
2018-12-25,SB1,68.5156,synthetic_demo,synthetic conceptual storage,True
2018-12-26,SB1,67.98,synthetic_demo,synthetic conceptual storage,True
2018-12-27,SB1,67.98,synthetic_demo,synthetic conceptual storage,True
2018-12-28,SB1,68.0612,synthetic_demo,synthetic conceptual storage,True
2018-12-29,SB1,68.3997,synthetic_demo,synthetic conceptual storage,True
2018-12-30,SB1,68.3997,synthetic_demo,synthetic conceptual storage,True
2018-12-31,SB1,68.3997,synthetic_demo,synthetic conceptual storage,True
2019-01-01,SB1,68.3997,synthetic_demo,synthetic conceptual storage,True
2019-01-02,SB1,68.3997,synthetic_demo,synthetic conceptual storage,True
2019-01-03,SB1,68.5752,synthetic_demo,synthetic conceptual storage,True
2019-01-04,SB1,68.5752,synthetic_demo,synthetic conceptual storage,True
2019-01-05,SB1,68.5752,synthetic_demo,synthetic conceptual storage,True
2019-01-06,SB1,68.5752,synthetic_demo,synthetic conceptual storage,True
2019-01-07,SB1,68.7373,synthetic_demo,synthetic conceptual storage,True
2019-01-08,SB1,68.7373,synthetic_demo,synthetic conceptual storage,True
2019-01-09,SB1,68.7373,synthetic_demo,synthetic conceptual storage,True
2019-01-10,SB1,69.2399,synthetic_demo,synthetic conceptual storage,True
2019-01-11,SB1,69.2399,synthetic_demo,synthetic conceptual storage,True
2019-01-12,SB1,69.2399,synthetic_demo,synthetic conceptual storage,True
2019-01-13,SB1,69.3123,synthetic_demo,synthetic conceptual storage,True
2019-01-14,SB1,69.3123,synthetic_demo,synthetic conceptual storage,True
2019-01-15,SB1,69.3123,synthetic_demo,synthetic conceptual storage,True
2019-01-16,SB1,69.3123,synthetic_demo,synthetic conceptual storage,True
2019-01-17,SB1,69.3123,synthetic_demo,synthetic conceptual storage,True
2019-01-18,SB1,69.3123,synthetic_demo,synthetic conceptual storage,True
2019-01-19,SB1,69.3123,synthetic_demo,synthetic conceptual storage,True
2019-01-20,SB1,69.3123,synthetic_demo,synthetic conceptual storage,True
2019-01-21,SB1,69.3123,synthetic_demo,synthetic conceptual storage,True
2019-01-22,SB1,69.3123,synthetic_demo,synthetic conceptual storage,True
2019-01-23,SB1,69.3123,synthetic_demo,synthetic conceptual storage,True
2019-01-24,SB1,69.3123,synthetic_demo,synthetic conceptual storage,True
2019-01-25,SB1,69.3123,synthetic_demo,synthetic conceptual storage,True
2019-01-26,SB1,69.3123,synthetic_demo,synthetic conceptual storage,True
2019-01-27,SB1,69.3123,synthetic_demo,synthetic conceptual storage,True
2019-01-28,SB1,69.3123,synthetic_demo,synthetic conceptual storage,True
2019-01-29,SB1,69.3123,synthetic_demo,synthetic conceptual storage,True
2019-01-30,SB1,69.3123,synthetic_demo,synthetic conceptual storage,True
2019-01-31,SB1,69.3123,synthetic_demo,synthetic conceptual storage,True
2019-02-01,SB1,69.3123,synthetic_demo,synthetic conceptual storage,True
2019-02-02,SB1,69.3123,synthetic_demo,synthetic conceptual storage,True
2019-02-03,SB1,69.3123,synthetic_demo,synthetic conceptual storage,True
2019-02-04,SB1,69.3123,synthetic_demo,synthetic conceptual storage,True
2019-02-05,SB1,69.3123,synthetic_demo,synthetic conceptual storage,True
2019-02-06,SB1,69.3123,synthetic_demo,synthetic conceptual storage,True
2019-02-07,SB1,69.776,synthetic_demo,synthetic conceptual storage,True
2019-02-08,SB1,69.776,synthetic_demo,synthetic conceptual storage,True
2019-02-09,SB1,69.776,synthetic_demo,synthetic conceptual storage,True
2019-02-10,SB1,69.6474,synthetic_demo,synthetic conceptual storage,True
2019-02-11,SB1,69.6474,synthetic_demo,synthetic conceptual storage,True
2019-02-12,SB1,69.6474,synthetic_demo,synthetic conceptual storage,True
2019-02-13,SB1,69.6474,synthetic_demo,synthetic conceptual storage,True
2019-02-14,SB1,69.6474,synthetic_demo,synthetic conceptual storage,True
2019-02-15,SB1,69.6474,synthetic_demo,synthetic conceptual storage,True
2019-02-16,SB1,69.6474,synthetic_demo,synthetic conceptual storage,True
2019-02-17,SB1,69.6474,synthetic_demo,synthetic conceptual storage,True
2019-02-18,SB1,69.8309,synthetic_demo,synthetic conceptual storage,True
2019-02-19,SB1,69.8309,synthetic_demo,synthetic conceptual storage,True
2019-02-20,SB1,69.8309,synthetic_demo,synthetic conceptual storage,True
2019-02-21,SB1,69.8309,synthetic_demo,synthetic conceptual storage,True
2019-02-22,SB1,69.8309,synthetic_demo,synthetic conceptual storage,True
2019-02-23,SB1,69.8309,synthetic_demo,synthetic conceptual storage,True
2019-02-24,SB1,69.8309,synthetic_demo,synthetic conceptual storage,True
2019-02-25,SB1,69.8309,synthetic_demo,synthetic conceptual storage,True
2019-02-26,SB1,69.8309,synthetic_demo,synthetic conceptual storage,True
2019-02-27,SB1,69.8309,synthetic_demo,synthetic conceptual storage,True
2019-02-28,SB1,69.8309,synthetic_demo,synthetic conceptual storage,True
2019-03-01,SB1,69.8309,synthetic_demo,synthetic conceptual storage,True
2019-03-02,SB1,69.8309,synthetic_demo,synthetic conceptual storage,True
2019-03-03,SB1,69.8309,synthetic_demo,synthetic conceptual storage,True
2019-03-04,SB1,69.8309,synthetic_demo,synthetic conceptual storage,True
2019-03-05,SB1,69.8309,synthetic_demo,synthetic conceptual storage,True
2019-03-06,SB1,68.9786,synthetic_demo,synthetic conceptual storage,True
2019-03-07,SB1,68.9786,synthetic_demo,synthetic conceptual storage,True
2019-03-08,SB1,68.9786,synthetic_demo,synthetic conceptual storage,True
2019-03-09,SB1,68.9786,synthetic_demo,synthetic conceptual storage,True
2019-03-10,SB1,68.9786,synthetic_demo,synthetic conceptual storage,True
2019-03-11,SB1,68.9786,synthetic_demo,synthetic conceptual storage,True
2019-03-12,SB1,68.9786,synthetic_demo,synthetic conceptual storage,True
2019-03-13,SB1,69.1916,synthetic_demo,synthetic conceptual storage,True
2019-03-14,SB1,69.1916,synthetic_demo,synthetic conceptual storage,True
2019-03-15,SB1,69.1916,synthetic_demo,synthetic conceptual storage,True
2019-03-16,SB1,69.5185,synthetic_demo,synthetic conceptual storage,True
2019-03-17,SB1,69.0693,synthetic_demo,synthetic conceptual storage,True
2019-03-18,SB1,69.0693,synthetic_demo,synthetic conceptual storage,True
2019-03-19,SB1,69.0693,synthetic_demo,synthetic conceptual storage,True
2019-03-20,SB1,69.0693,synthetic_demo,synthetic conceptual storage,True
2019-03-21,SB1,69.0693,synthetic_demo,synthetic conceptual storage,True
2019-03-22,SB1,69.6637,synthetic_demo,synthetic conceptual storage,True
2019-03-23,SB1,69.6637,synthetic_demo,synthetic conceptual storage,True
2019-03-24,SB1,69.6637,synthetic_demo,synthetic conceptual storage,True
2019-03-25,SB1,69.6637,synthetic_demo,synthetic conceptual storage,True
2019-03-26,SB1,69.464,synthetic_demo,synthetic conceptual storage,True
2019-03-27,SB1,69.464,synthetic_demo,synthetic conceptual storage,True
2019-03-28,SB1,69.464,synthetic_demo,synthetic conceptual storage,True
2019-03-29,SB1,69.464,synthetic_demo,synthetic conceptual storage,True
2019-03-30,SB1,69.464,synthetic_demo,synthetic conceptual storage,True
2019-03-31,SB1,69.464,synthetic_demo,synthetic conceptual storage,True
2019-04-01,SB1,69.464,synthetic_demo,synthetic conceptual storage,True
2019-04-02,SB1,69.464,synthetic_demo,synthetic conceptual storage,True
2019-04-03,SB1,69.464,synthetic_demo,synthetic conceptual storage,True
2019-04-04,SB1,69.464,synthetic_demo,synthetic conceptual storage,True
2019-04-05,SB1,69.464,synthetic_demo,synthetic conceptual storage,True
2019-04-06,SB1,69.464,synthetic_demo,synthetic conceptual storage,True
2019-04-07,SB1,69.464,synthetic_demo,synthetic conceptual storage,True
2019-04-08,SB1,69.464,synthetic_demo,synthetic conceptual storage,True
2019-04-09,SB1,69.464,synthetic_demo,synthetic conceptual storage,True
2019-04-10,SB1,69.464,synthetic_demo,synthetic conceptual storage,True
2019-04-11,SB1,69.5601,synthetic_demo,synthetic conceptual storage,True
2019-04-12,SB1,69.5601,synthetic_demo,synthetic conceptual storage,True
2019-04-13,SB1,69.5601,synthetic_demo,synthetic conceptual storage,True
2019-04-14,SB1,69.5601,synthetic_demo,synthetic conceptual storage,True
2019-04-15,SB1,69.5601,synthetic_demo,synthetic conceptual storage,True
2019-04-16,SB1,69.5601,synthetic_demo,synthetic conceptual storage,True
2019-04-17,SB1,69.5601,synthetic_demo,synthetic conceptual storage,True
2019-04-18,SB1,69.5601,synthetic_demo,synthetic conceptual storage,True
2019-04-19,SB1,69.5601,synthetic_demo,synthetic conceptual storage,True
2019-04-20,SB1,69.5601,synthetic_demo,synthetic conceptual storage,True
2019-04-21,SB1,69.6045,synthetic_demo,synthetic conceptual storage,True
2019-04-22,SB1,69.6045,synthetic_demo,synthetic conceptual storage,True
2019-04-23,SB1,69.6045,synthetic_demo,synthetic conceptual storage,True
2019-04-24,SB1,69.6045,synthetic_demo,synthetic conceptual storage,True
2019-04-25,SB1,69.6045,synthetic_demo,synthetic conceptual storage,True
2019-04-26,SB1,69.6045,synthetic_demo,synthetic conceptual storage,True
2019-04-27,SB1,69.6045,synthetic_demo,synthetic conceptual storage,True
2019-04-28,SB1,69.6045,synthetic_demo,synthetic conceptual storage,True
2019-04-29,SB1,69.6045,synthetic_demo,synthetic conceptual storage,True
2019-04-30,SB1,69.6045,synthetic_demo,synthetic conceptual storage,True
2019-05-01,SB1,69.6045,synthetic_demo,synthetic conceptual storage,True
2019-05-02,SB1,69.6045,synthetic_demo,synthetic conceptual storage,True
2019-05-03,SB1,69.6045,synthetic_demo,synthetic conceptual storage,True
2019-05-04,SB1,69.7199,synthetic_demo,synthetic conceptual storage,True
2019-05-05,SB1,69.7199,synthetic_demo,synthetic conceptual storage,True
2019-05-06,SB1,69.7199,synthetic_demo,synthetic conceptual storage,True
2019-05-07,SB1,68.2649,synthetic_demo,synthetic conceptual storage,True
2019-05-08,SB1,68.2649,synthetic_demo,synthetic conceptual storage,True
2019-05-09,SB1,68.2649,synthetic_demo,synthetic conceptual storage,True
2019-05-10,SB1,68.2649,synthetic_demo,synthetic conceptual storage,True
2019-05-11,SB1,68.2649,synthetic_demo,synthetic conceptual storage,True
2019-05-12,SB1,68.2649,synthetic_demo,synthetic conceptual storage,True
2019-05-13,SB1,68.2649,synthetic_demo,synthetic conceptual storage,True
2019-05-14,SB1,68.2649,synthetic_demo,synthetic conceptual storage,True
2019-05-15,SB1,68.2649,synthetic_demo,synthetic conceptual storage,True
2019-05-16,SB1,68.2649,synthetic_demo,synthetic conceptual storage,True
2019-05-17,SB1,68.2649,synthetic_demo,synthetic conceptual storage,True
2019-05-18,SB1,68.2649,synthetic_demo,synthetic conceptual storage,True
2019-05-19,SB1,68.2649,synthetic_demo,synthetic conceptual storage,True
2019-05-20,SB1,67.0217,synthetic_demo,synthetic conceptual storage,True
2019-05-21,SB1,66.953,synthetic_demo,synthetic conceptual storage,True
2019-05-22,SB1,66.953,synthetic_demo,synthetic conceptual storage,True
2019-05-23,SB1,67.3807,synthetic_demo,synthetic conceptual storage,True
2019-05-24,SB1,67.3807,synthetic_demo,synthetic conceptual storage,True
2019-05-25,SB1,67.4755,synthetic_demo,synthetic conceptual storage,True
2019-05-26,SB1,67.4755,synthetic_demo,synthetic conceptual storage,True
2019-05-27,SB1,67.4755,synthetic_demo,synthetic conceptual storage,True
2019-05-28,SB1,67.4755,synthetic_demo,synthetic conceptual storage,True
2019-05-29,SB1,67.4755,synthetic_demo,synthetic conceptual storage,True
2019-05-30,SB1,67.4755,synthetic_demo,synthetic conceptual storage,True
2019-05-31,SB1,67.8283,synthetic_demo,synthetic conceptual storage,True
2019-06-01,SB1,67.8283,synthetic_demo,synthetic conceptual storage,True
2019-06-02,SB1,67.8283,synthetic_demo,synthetic conceptual storage,True
2019-06-03,SB1,67.8283,synthetic_demo,synthetic conceptual storage,True
2019-06-04,SB1,67.8283,synthetic_demo,synthetic conceptual storage,True
2019-06-05,SB1,67.8283,synthetic_demo,synthetic conceptual storage,True
2019-06-06,SB1,67.8283,synthetic_demo,synthetic conceptual storage,True
2019-06-07,SB1,68.003,synthetic_demo,synthetic conceptual storage,True
2019-06-08,SB1,68.003,synthetic_demo,synthetic conceptual storage,True
2019-06-09,SB1,68.3205,synthetic_demo,synthetic conceptual storage,True
2019-06-10,SB1,68.3205,synthetic_demo,synthetic conceptual storage,True
2019-06-11,SB1,68.3205,synthetic_demo,synthetic conceptual storage,True
2019-06-12,SB1,68.3205,synthetic_demo,synthetic conceptual storage,True
2019-06-13,SB1,68.3205,synthetic_demo,synthetic conceptual storage,True
2019-06-14,SB1,68.4653,synthetic_demo,synthetic conceptual storage,True
2019-06-15,SB1,68.1764,synthetic_demo,synthetic conceptual storage,True
2019-06-16,SB1,68.0238,synthetic_demo,synthetic conceptual storage,True
2019-06-17,SB1,68.0238,synthetic_demo,synthetic conceptual storage,True
2019-06-18,SB1,68.244,synthetic_demo,synthetic conceptual storage,True
2019-06-19,SB1,68.244,synthetic_demo,synthetic conceptual storage,True
2019-06-20,SB1,68.244,synthetic_demo,synthetic conceptual storage,True
2019-06-21,SB1,68.244,synthetic_demo,synthetic conceptual storage,True
2019-06-22,SB1,68.244,synthetic_demo,synthetic conceptual storage,True
2019-06-23,SB1,68.244,synthetic_demo,synthetic conceptual storage,True
2019-06-24,SB1,67.9418,synthetic_demo,synthetic conceptual storage,True
2019-06-25,SB1,67.8101,synthetic_demo,synthetic conceptual storage,True
2019-06-26,SB1,67.8101,synthetic_demo,synthetic conceptual storage,True
2019-06-27,SB1,67.8101,synthetic_demo,synthetic conceptual storage,True
2019-06-28,SB1,67.8101,synthetic_demo,synthetic conceptual storage,True
2019-06-29,SB1,67.6115,synthetic_demo,synthetic conceptual storage,True
2019-06-30,SB1,67.6663,synthetic_demo,synthetic conceptual storage,True
2019-07-01,SB1,67.6663,synthetic_demo,synthetic conceptual storage,True
2019-07-02,SB1,67.8266,synthetic_demo,synthetic conceptual storage,True
2019-07-03,SB1,67.8091,synthetic_demo,synthetic conceptual storage,True
2019-07-04,SB1,67.8091,synthetic_demo,synthetic conceptual storage,True
2019-07-05,SB1,67.2263,synthetic_demo,synthetic conceptual storage,True
2019-07-06,SB1,67.2263,synthetic_demo,synthetic conceptual storage,True
2019-07-07,SB1,67.2263,synthetic_demo,synthetic conceptual storage,True
2019-07-08,SB1,67.2263,synthetic_demo,synthetic conceptual storage,True
2019-07-09,SB1,67.2263,synthetic_demo,synthetic conceptual storage,True
2019-07-10,SB1,67.2263,synthetic_demo,synthetic conceptual storage,True
2019-07-11,SB1,67.3631,synthetic_demo,synthetic conceptual storage,True
2019-07-12,SB1,67.3631,synthetic_demo,synthetic conceptual storage,True
2019-07-13,SB1,67.2845,synthetic_demo,synthetic conceptual storage,True
2019-07-14,SB1,67.2845,synthetic_demo,synthetic conceptual storage,True
2019-07-15,SB1,67.2845,synthetic_demo,synthetic conceptual storage,True
2019-07-16,SB1,67.2845,synthetic_demo,synthetic conceptual storage,True
2019-07-17,SB1,67.2845,synthetic_demo,synthetic conceptual storage,True
2019-07-18,SB1,67.2845,synthetic_demo,synthetic conceptual storage,True
2019-07-19,SB1,67.3669,synthetic_demo,synthetic conceptual storage,True
2019-07-20,SB1,67.9098,synthetic_demo,synthetic conceptual storage,True
2019-07-21,SB1,67.9098,synthetic_demo,synthetic conceptual storage,True
2019-07-22,SB1,67.9098,synthetic_demo,synthetic conceptual storage,True
2019-07-23,SB1,67.9098,synthetic_demo,synthetic conceptual storage,True
2019-07-24,SB1,67.9098,synthetic_demo,synthetic conceptual storage,True
2019-07-25,SB1,68.2914,synthetic_demo,synthetic conceptual storage,True
2019-07-26,SB1,68.5398,synthetic_demo,synthetic conceptual storage,True
2019-07-27,SB1,68.8569,synthetic_demo,synthetic conceptual storage,True
2019-07-28,SB1,68.8569,synthetic_demo,synthetic conceptual storage,True
2019-07-29,SB1,68.8569,synthetic_demo,synthetic conceptual storage,True
2019-07-30,SB1,69.0092,synthetic_demo,synthetic conceptual storage,True
2019-07-31,SB1,69.286,synthetic_demo,synthetic conceptual storage,True
2019-08-01,SB1,69.1073,synthetic_demo,synthetic conceptual storage,True
2019-08-02,SB1,69.1073,synthetic_demo,synthetic conceptual storage,True
2019-08-03,SB1,69.1073,synthetic_demo,synthetic conceptual storage,True
2019-08-04,SB1,69.1073,synthetic_demo,synthetic conceptual storage,True
2019-08-05,SB1,68.8483,synthetic_demo,synthetic conceptual storage,True
2019-08-06,SB1,68.8483,synthetic_demo,synthetic conceptual storage,True
2019-08-07,SB1,68.8483,synthetic_demo,synthetic conceptual storage,True
2019-08-08,SB1,68.6048,synthetic_demo,synthetic conceptual storage,True
2019-08-09,SB1,69.2164,synthetic_demo,synthetic conceptual storage,True
2019-08-10,SB1,69.6619,synthetic_demo,synthetic conceptual storage,True
2019-08-11,SB1,69.6317,synthetic_demo,synthetic conceptual storage,True
2019-08-12,SB1,69.6317,synthetic_demo,synthetic conceptual storage,True
2019-08-13,SB1,69.1584,synthetic_demo,synthetic conceptual storage,True
2019-08-14,SB1,69.1584,synthetic_demo,synthetic conceptual storage,True
2019-08-15,SB1,68.9493,synthetic_demo,synthetic conceptual storage,True
2019-08-16,SB1,68.9894,synthetic_demo,synthetic conceptual storage,True
2019-08-17,SB1,69.3055,synthetic_demo,synthetic conceptual storage,True
2019-08-18,SB1,69.5533,synthetic_demo,synthetic conceptual storage,True
2019-08-19,SB1,69.5533,synthetic_demo,synthetic conceptual storage,True
2019-08-20,SB1,69.4291,synthetic_demo,synthetic conceptual storage,True
2019-08-21,SB1,69.2654,synthetic_demo,synthetic conceptual storage,True
2019-08-22,SB1,69.1383,synthetic_demo,synthetic conceptual storage,True
2019-08-23,SB1,69.5119,synthetic_demo,synthetic conceptual storage,True
2019-08-24,SB1,69.5119,synthetic_demo,synthetic conceptual storage,True
2019-08-25,SB1,69.877,synthetic_demo,synthetic conceptual storage,True
2019-08-26,SB1,70.0736,synthetic_demo,synthetic conceptual storage,True
2019-08-27,SB1,70.0736,synthetic_demo,synthetic conceptual storage,True
2019-08-28,SB1,70.0736,synthetic_demo,synthetic conceptual storage,True
2019-08-29,SB1,69.9247,synthetic_demo,synthetic conceptual storage,True
2019-08-30,SB1,69.9247,synthetic_demo,synthetic conceptual storage,True
2019-08-31,SB1,69.9245,synthetic_demo,synthetic conceptual storage,True
2019-09-01,SB1,69.6224,synthetic_demo,synthetic conceptual storage,True
2019-09-02,SB1,69.6224,synthetic_demo,synthetic conceptual storage,True
2019-09-03,SB1,69.9026,synthetic_demo,synthetic conceptual storage,True
2019-09-04,SB1,69.9026,synthetic_demo,synthetic conceptual storage,True
2019-09-05,SB1,69.9026,synthetic_demo,synthetic conceptual storage,True
2019-09-06,SB1,69.9723,synthetic_demo,synthetic conceptual storage,True
2019-09-07,SB1,70.0216,synthetic_demo,synthetic conceptual storage,True
2019-09-08,SB1,71.2017,synthetic_demo,synthetic conceptual storage,True
2019-09-09,SB1,71.0815,synthetic_demo,synthetic conceptual storage,True
2019-09-10,SB1,71.1517,synthetic_demo,synthetic conceptual storage,True
2019-09-11,SB1,71.1517,synthetic_demo,synthetic conceptual storage,True
2019-09-12,SB1,70.6697,synthetic_demo,synthetic conceptual storage,True
2019-09-13,SB1,70.6852,synthetic_demo,synthetic conceptual storage,True
2019-09-14,SB1,71.7894,synthetic_demo,synthetic conceptual storage,True
2019-09-15,SB1,71.7894,synthetic_demo,synthetic conceptual storage,True
2019-09-16,SB1,72.1621,synthetic_demo,synthetic conceptual storage,True
2019-09-17,SB1,71.7627,synthetic_demo,synthetic conceptual storage,True
2019-09-18,SB1,71.7627,synthetic_demo,synthetic conceptual storage,True
2019-09-19,SB1,71.4969,synthetic_demo,synthetic conceptual storage,True
2019-09-20,SB1,71.6147,synthetic_demo,synthetic conceptual storage,True
2019-09-21,SB1,71.6886,synthetic_demo,synthetic conceptual storage,True
2019-09-22,SB1,71.4166,synthetic_demo,synthetic conceptual storage,True
2019-09-23,SB1,71.6417,synthetic_demo,synthetic conceptual storage,True
2019-09-24,SB1,71.6417,synthetic_demo,synthetic conceptual storage,True
2019-09-25,SB1,72.9942,synthetic_demo,synthetic conceptual storage,True
2019-09-26,SB1,72.5636,synthetic_demo,synthetic conceptual storage,True
2019-09-27,SB1,72.3962,synthetic_demo,synthetic conceptual storage,True
2019-09-28,SB1,72.2086,synthetic_demo,synthetic conceptual storage,True
2019-09-29,SB1,72.1411,synthetic_demo,synthetic conceptual storage,True
2019-09-30,SB1,72.2728,synthetic_demo,synthetic conceptual storage,True
2019-10-01,SB1,72.2728,synthetic_demo,synthetic conceptual storage,True
2019-10-02,SB1,72.1221,synthetic_demo,synthetic conceptual storage,True
2019-10-03,SB1,72.1221,synthetic_demo,synthetic conceptual storage,True
2019-10-04,SB1,72.1792,synthetic_demo,synthetic conceptual storage,True
2019-10-05,SB1,72.1792,synthetic_demo,synthetic conceptual storage,True
2019-10-06,SB1,72.6735,synthetic_demo,synthetic conceptual storage,True
2019-10-07,SB1,72.0623,synthetic_demo,synthetic conceptual storage,True
2019-10-08,SB1,71.5615,synthetic_demo,synthetic conceptual storage,True
2019-10-09,SB1,71.4387,synthetic_demo,synthetic conceptual storage,True
2019-10-10,SB1,71.6144,synthetic_demo,synthetic conceptual storage,True
2019-10-11,SB1,72.0723,synthetic_demo,synthetic conceptual storage,True
2019-10-12,SB1,72.2259,synthetic_demo,synthetic conceptual storage,True
2019-10-13,SB1,72.2259,synthetic_demo,synthetic conceptual storage,True
2019-10-14,SB1,72.2259,synthetic_demo,synthetic conceptual storage,True
2019-10-15,SB1,72.2259,synthetic_demo,synthetic conceptual storage,True
2019-10-16,SB1,72.2553,synthetic_demo,synthetic conceptual storage,True
2019-10-17,SB1,72.2553,synthetic_demo,synthetic conceptual storage,True
2019-10-18,SB1,72.0707,synthetic_demo,synthetic conceptual storage,True
2019-10-19,SB1,72.0439,synthetic_demo,synthetic conceptual storage,True
2019-10-20,SB1,72.0439,synthetic_demo,synthetic conceptual storage,True
2019-10-21,SB1,72.0439,synthetic_demo,synthetic conceptual storage,True
2019-10-22,SB1,71.5256,synthetic_demo,synthetic conceptual storage,True
2019-10-23,SB1,71.3432,synthetic_demo,synthetic conceptual storage,True
2019-10-24,SB1,71.3432,synthetic_demo,synthetic conceptual storage,True
2019-10-25,SB1,71.1667,synthetic_demo,synthetic conceptual storage,True
2019-10-26,SB1,71.3899,synthetic_demo,synthetic conceptual storage,True
2019-10-27,SB1,71.4098,synthetic_demo,synthetic conceptual storage,True
2019-10-28,SB1,71.4098,synthetic_demo,synthetic conceptual storage,True
2019-10-29,SB1,71.5278,synthetic_demo,synthetic conceptual storage,True
2019-10-30,SB1,71.446,synthetic_demo,synthetic conceptual storage,True
2019-10-31,SB1,71.4204,synthetic_demo,synthetic conceptual storage,True
2019-11-01,SB1,71.4204,synthetic_demo,synthetic conceptual storage,True
2019-11-02,SB1,71.5025,synthetic_demo,synthetic conceptual storage,True
2019-11-03,SB1,71.37,synthetic_demo,synthetic conceptual storage,True
2019-11-04,SB1,71.548,synthetic_demo,synthetic conceptual storage,True
2019-11-05,SB1,72.4211,synthetic_demo,synthetic conceptual storage,True
2019-11-06,SB1,72.3887,synthetic_demo,synthetic conceptual storage,True
2019-11-07,SB1,72.3887,synthetic_demo,synthetic conceptual storage,True
2019-11-08,SB1,72.3887,synthetic_demo,synthetic conceptual storage,True
2019-11-09,SB1,72.4715,synthetic_demo,synthetic conceptual storage,True
2019-11-10,SB1,72.1307,synthetic_demo,synthetic conceptual storage,True
2019-11-11,SB1,72.2932,synthetic_demo,synthetic conceptual storage,True
2019-11-12,SB1,72.6236,synthetic_demo,synthetic conceptual storage,True
2019-11-13,SB1,72.4524,synthetic_demo,synthetic conceptual storage,True
2019-11-14,SB1,72.4524,synthetic_demo,synthetic conceptual storage,True
2019-11-15,SB1,72.4524,synthetic_demo,synthetic conceptual storage,True
2019-11-16,SB1,72.0513,synthetic_demo,synthetic conceptual storage,True
2019-11-17,SB1,72.0191,synthetic_demo,synthetic conceptual storage,True
2019-11-18,SB1,72.0191,synthetic_demo,synthetic conceptual storage,True
2019-11-19,SB1,72.3234,synthetic_demo,synthetic conceptual storage,True
2019-11-20,SB1,72.6399,synthetic_demo,synthetic conceptual storage,True
2019-11-21,SB1,72.6811,synthetic_demo,synthetic conceptual storage,True
2019-11-22,SB1,72.6811,synthetic_demo,synthetic conceptual storage,True
2019-11-23,SB1,72.9154,synthetic_demo,synthetic conceptual storage,True
2019-11-24,SB1,72.9154,synthetic_demo,synthetic conceptual storage,True
2019-11-25,SB1,72.9154,synthetic_demo,synthetic conceptual storage,True
2019-11-26,SB1,72.9154,synthetic_demo,synthetic conceptual storage,True
2019-11-27,SB1,72.9154,synthetic_demo,synthetic conceptual storage,True
2019-11-28,SB1,73.0334,synthetic_demo,synthetic conceptual storage,True
2019-11-29,SB1,73.0334,synthetic_demo,synthetic conceptual storage,True
2019-11-30,SB1,73.0334,synthetic_demo,synthetic conceptual storage,True
2019-12-01,SB1,73.0334,synthetic_demo,synthetic conceptual storage,True
2019-12-02,SB1,73.0334,synthetic_demo,synthetic conceptual storage,True
2019-12-03,SB1,73.0334,synthetic_demo,synthetic conceptual storage,True
2019-12-04,SB1,73.0334,synthetic_demo,synthetic conceptual storage,True
2019-12-05,SB1,72.9596,synthetic_demo,synthetic conceptual storage,True
2019-12-06,SB1,72.9596,synthetic_demo,synthetic conceptual storage,True
2019-12-07,SB1,72.9596,synthetic_demo,synthetic conceptual storage,True
2019-12-08,SB1,71.745,synthetic_demo,synthetic conceptual storage,True
2019-12-09,SB1,72.2304,synthetic_demo,synthetic conceptual storage,True
2019-12-10,SB1,72.2304,synthetic_demo,synthetic conceptual storage,True
2019-12-11,SB1,72.3035,synthetic_demo,synthetic conceptual storage,True
2019-12-12,SB1,72.2822,synthetic_demo,synthetic conceptual storage,True
2019-12-13,SB1,72.5994,synthetic_demo,synthetic conceptual storage,True
2019-12-14,SB1,72.5994,synthetic_demo,synthetic conceptual storage,True
2019-12-15,SB1,72.9144,synthetic_demo,synthetic conceptual storage,True
2019-12-16,SB1,72.9144,synthetic_demo,synthetic conceptual storage,True
2019-12-17,SB1,72.9371,synthetic_demo,synthetic conceptual storage,True
2019-12-18,SB1,73.0906,synthetic_demo,synthetic conceptual storage,True
2019-12-19,SB1,73.0906,synthetic_demo,synthetic conceptual storage,True
2019-12-20,SB1,73.3327,synthetic_demo,synthetic conceptual storage,True
2019-12-21,SB1,73.3327,synthetic_demo,synthetic conceptual storage,True
2019-12-22,SB1,73.3327,synthetic_demo,synthetic conceptual storage,True
2019-12-23,SB1,72.7442,synthetic_demo,synthetic conceptual storage,True
2019-12-24,SB1,72.0458,synthetic_demo,synthetic conceptual storage,True
2019-12-25,SB1,71.9588,synthetic_demo,synthetic conceptual storage,True
2019-12-26,SB1,71.9588,synthetic_demo,synthetic conceptual storage,True
2019-12-27,SB1,71.9588,synthetic_demo,synthetic conceptual storage,True
2019-12-28,SB1,71.8775,synthetic_demo,synthetic conceptual storage,True
2019-12-29,SB1,71.5391,synthetic_demo,synthetic conceptual storage,True
2019-12-30,SB1,71.5391,synthetic_demo,synthetic conceptual storage,True
2019-12-31,SB1,71.5391,synthetic_demo,synthetic conceptual storage,True
