date,subbasin_id,soil_moisture_fraction,quality_status,source,synthetic_demo
2000-01-01,SB1,0.18736,synthetic_demo,synthetic soil bucket proxy,True
2000-01-02,SB1,0.17492,synthetic_demo,synthetic soil bucket proxy,True
2000-01-03,SB1,0.19397,synthetic_demo,synthetic soil bucket proxy,True
2000-01-04,SB1,0.18845,synthetic_demo,synthetic soil bucket proxy,True
2000-01-05,SB1,0.19772,synthetic_demo,synthetic soil bucket proxy,True
2000-01-06,SB1,0.18339,synthetic_demo,synthetic soil bucket proxy,True
2000-01-07,SB1,0.19903,synthetic_demo,synthetic soil bucket proxy,True
2000-01-08,SB1,0.18096,synthetic_demo,synthetic soil bucket proxy,True
2000-01-09,SB1,0.20068,synthetic_demo,synthetic soil bucket proxy,True
2000-01-10,SB1,0.19655,synthetic_demo,synthetic soil bucket proxy,True
2000-01-11,SB1,0.18879,synthetic_demo,synthetic soil bucket proxy,True
2000-01-12,SB1,0.18212,synthetic_demo,synthetic soil bucket proxy,True
2000-01-13,SB1,0.20097,synthetic_demo,synthetic soil bucket proxy,True
2000-01-14,SB1,0.19432,synthetic_demo,synthetic soil bucket proxy,True
2000-01-15,SB1,0.19559,synthetic_demo,synthetic soil bucket proxy,True
2000-01-16,SB1,0.2302,synthetic_demo,synthetic soil bucket proxy,True
2000-01-17,SB1,0.22065,synthetic_demo,synthetic soil bucket proxy,True
2000-01-18,SB1,0.23512,synthetic_demo,synthetic soil bucket proxy,True
2000-01-19,SB1,0.21515,synthetic_demo,synthetic soil bucket proxy,True
2000-01-20,SB1,0.22558,synthetic_demo,synthetic soil bucket proxy,True
2000-01-21,SB1,0.23406,synthetic_demo,synthetic soil bucket proxy,True
2000-01-22,SB1,0.24445,synthetic_demo,synthetic soil bucket proxy,True
2000-01-23,SB1,0.22522,synthetic_demo,synthetic soil bucket proxy,True
2000-01-24,SB1,0.22951,synthetic_demo,synthetic soil bucket proxy,True
2000-01-25,SB1,0.22201,synthetic_demo,synthetic soil bucket proxy,True
2000-01-26,SB1,0.21948,synthetic_demo,synthetic soil bucket proxy,True
2000-01-27,SB1,0.24658,synthetic_demo,synthetic soil bucket proxy,True
2000-01-28,SB1,0.2233,synthetic_demo,synthetic soil bucket proxy,True
2000-01-29,SB1,0.24593,synthetic_demo,synthetic soil bucket proxy,True
2000-01-30,SB1,0.24114,synthetic_demo,synthetic soil bucket proxy,True
2000-01-31,SB1,0.23168,synthetic_demo,synthetic soil bucket proxy,True
2000-02-01,SB1,0.22187,synthetic_demo,synthetic soil bucket proxy,True
2000-02-02,SB1,0.2525,synthetic_demo,synthetic soil bucket proxy,True
2000-02-03,SB1,0.23854,synthetic_demo,synthetic soil bucket proxy,True
2000-02-04,SB1,0.23162,synthetic_demo,synthetic soil bucket proxy,True
2000-02-05,SB1,0.23164,synthetic_demo,synthetic soil bucket proxy,True
2000-02-06,SB1,0.23771,synthetic_demo,synthetic soil bucket proxy,True
2000-02-07,SB1,0.23498,synthetic_demo,synthetic soil bucket proxy,True
2000-02-08,SB1,0.23959,synthetic_demo,synthetic soil bucket proxy,True
2000-02-09,SB1,0.23371,synthetic_demo,synthetic soil bucket proxy,True
2000-02-10,SB1,0.23617,synthetic_demo,synthetic soil bucket proxy,True
2000-02-11,SB1,0.26087,synthetic_demo,synthetic soil bucket proxy,True
2000-02-12,SB1,0.24646,synthetic_demo,synthetic soil bucket proxy,True
2000-02-13,SB1,0.25104,synthetic_demo,synthetic soil bucket proxy,True
2000-02-14,SB1,0.23766,synthetic_demo,synthetic soil bucket proxy,True
2000-02-15,SB1,0.2324,synthetic_demo,synthetic soil bucket proxy,True
2000-02-16,SB1,0.24254,synthetic_demo,synthetic soil bucket proxy,True
2000-02-17,SB1,0.23734,synthetic_demo,synthetic soil bucket proxy,True
2000-02-18,SB1,0.23903,synthetic_demo,synthetic soil bucket proxy,True
2000-02-19,SB1,0.24416,synthetic_demo,synthetic soil bucket proxy,True
2000-02-20,SB1,0.23724,synthetic_demo,synthetic soil bucket proxy,True
2000-02-21,SB1,0.23922,synthetic_demo,synthetic soil bucket proxy,True
2000-02-22,SB1,0.23734,synthetic_demo,synthetic soil bucket proxy,True
2000-02-23,SB1,0.25005,synthetic_demo,synthetic soil bucket proxy,True
2000-02-24,SB1,0.2465,synthetic_demo,synthetic soil bucket proxy,True
2000-02-25,SB1,0.25126,synthetic_demo,synthetic soil bucket proxy,True
2000-02-26,SB1,0.26619,synthetic_demo,synthetic soil bucket proxy,True
2000-02-27,SB1,0.26048,synthetic_demo,synthetic soil bucket proxy,True
2000-02-28,SB1,0.24667,synthetic_demo,synthetic soil bucket proxy,True
2000-02-29,SB1,0.2599,synthetic_demo,synthetic soil bucket proxy,True
2000-03-01,SB1,0.24543,synthetic_demo,synthetic soil bucket proxy,True
2000-03-02,SB1,0.27733,synthetic_demo,synthetic soil bucket proxy,True
2000-03-03,SB1,0.27612,synthetic_demo,synthetic soil bucket proxy,True
2000-03-04,SB1,0.25899,synthetic_demo,synthetic soil bucket proxy,True
2000-03-05,SB1,0.26032,synthetic_demo,synthetic soil bucket proxy,True
2000-03-06,SB1,0.25831,synthetic_demo,synthetic soil bucket proxy,True
2000-03-07,SB1,0.27577,synthetic_demo,synthetic soil bucket proxy,True
2000-03-08,SB1,0.26185,synthetic_demo,synthetic soil bucket proxy,True
2000-03-09,SB1,0.27269,synthetic_demo,synthetic soil bucket proxy,True
2000-03-10,SB1,0.25869,synthetic_demo,synthetic soil bucket proxy,True
2000-03-11,SB1,0.26329,synthetic_demo,synthetic soil bucket proxy,True
2000-03-12,SB1,0.27255,synthetic_demo,synthetic soil bucket proxy,True
2000-03-13,SB1,0.26678,synthetic_demo,synthetic soil bucket proxy,True
2000-03-14,SB1,0.26401,synthetic_demo,synthetic soil bucket proxy,True
2000-03-15,SB1,0.25512,synthetic_demo,synthetic soil bucket proxy,True
2000-03-16,SB1,0.23658,synthetic_demo,synthetic soil bucket proxy,True
2000-03-17,SB1,0.21585,synthetic_demo,synthetic soil bucket proxy,True
2000-03-18,SB1,0.21739,synthetic_demo,synthetic soil bucket proxy,True
2000-03-19,SB1,0.23023,synthetic_demo,synthetic soil bucket proxy,True
2000-03-20,SB1,0.23503,synthetic_demo,synthetic soil bucket proxy,True
2000-03-21,SB1,0.2339,synthetic_demo,synthetic soil bucket proxy,True
2000-03-22,SB1,0.23232,synthetic_demo,synthetic soil bucket proxy,True
2000-03-23,SB1,0.23366,synthetic_demo,synthetic soil bucket proxy,True
2000-03-24,SB1,0.24032,synthetic_demo,synthetic soil bucket proxy,True
2000-03-25,SB1,0.23529,synthetic_demo,synthetic soil bucket proxy,True
2000-03-26,SB1,0.21623,synthetic_demo,synthetic soil bucket proxy,True
2000-03-27,SB1,0.23054,synthetic_demo,synthetic soil bucket proxy,True
2000-03-28,SB1,0.23674,synthetic_demo,synthetic soil bucket proxy,True
2000-03-29,SB1,0.22796,synthetic_demo,synthetic soil bucket proxy,True
2000-03-30,SB1,0.24628,synthetic_demo,synthetic soil bucket proxy,True
2000-03-31,SB1,0.22658,synthetic_demo,synthetic soil bucket proxy,True
2000-04-01,SB1,0.23256,synthetic_demo,synthetic soil bucket proxy,True
2000-04-02,SB1,0.23219,synthetic_demo,synthetic soil bucket proxy,True
2000-04-03,SB1,0.23402,synthetic_demo,synthetic soil bucket proxy,True
2000-04-04,SB1,0.23413,synthetic_demo,synthetic soil bucket proxy,True
2000-04-05,SB1,0.22402,synthetic_demo,synthetic soil bucket proxy,True
2000-04-06,SB1,0.2329,synthetic_demo,synthetic soil bucket proxy,True
2000-04-07,SB1,0.22642,synthetic_demo,synthetic soil bucket proxy,True
2000-04-08,SB1,0.23337,synthetic_demo,synthetic soil bucket proxy,True
2000-04-09,SB1,0.23464,synthetic_demo,synthetic soil bucket proxy,True
2000-04-10,SB1,0.22293,synthetic_demo,synthetic soil bucket proxy,True
2000-04-11,SB1,0.23944,synthetic_demo,synthetic soil bucket proxy,True
2000-04-12,SB1,0.22086,synthetic_demo,synthetic soil bucket proxy,True
2000-04-13,SB1,0.22391,synthetic_demo,synthetic soil bucket proxy,True
2000-04-14,SB1,0.21866,synthetic_demo,synthetic soil bucket proxy,True
2000-04-15,SB1,0.22081,synthetic_demo,synthetic soil bucket proxy,True
2000-04-16,SB1,0.23425,synthetic_demo,synthetic soil bucket proxy,True
2000-04-17,SB1,0.22431,synthetic_demo,synthetic soil bucket proxy,True
2000-04-18,SB1,0.23581,synthetic_demo,synthetic soil bucket proxy,True
2000-04-19,SB1,0.29234,synthetic_demo,synthetic soil bucket proxy,True
2000-04-20,SB1,0.27462,synthetic_demo,synthetic soil bucket proxy,True
2000-04-21,SB1,0.2936,synthetic_demo,synthetic soil bucket proxy,True
2000-04-22,SB1,0.28265,synthetic_demo,synthetic soil bucket proxy,True
2000-04-23,SB1,0.28411,synthetic_demo,synthetic soil bucket proxy,True
2000-04-24,SB1,0.28643,synthetic_demo,synthetic soil bucket proxy,True
2000-04-25,SB1,0.2805,synthetic_demo,synthetic soil bucket proxy,True
2000-04-26,SB1,0.26269,synthetic_demo,synthetic soil bucket proxy,True
2000-04-27,SB1,0.26942,synthetic_demo,synthetic soil bucket proxy,True
2000-04-28,SB1,0.27385,synthetic_demo,synthetic soil bucket proxy,True
2000-04-29,SB1,0.25608,synthetic_demo,synthetic soil bucket proxy,True
2000-04-30,SB1,0.26986,synthetic_demo,synthetic soil bucket proxy,True
2000-05-01,SB1,0.25239,synthetic_demo,synthetic soil bucket proxy,True
2000-05-02,SB1,0.24946,synthetic_demo,synthetic soil bucket proxy,True
2000-05-03,SB1,0.24373,synthetic_demo,synthetic soil bucket proxy,True
2000-05-04,SB1,0.25276,synthetic_demo,synthetic soil bucket proxy,True
2000-05-05,SB1,0.25075,synthetic_demo,synthetic soil bucket proxy,True
2000-05-06,SB1,0.28148,synthetic_demo,synthetic soil bucket proxy,True
2000-05-07,SB1,0.27578,synthetic_demo,synthetic soil bucket proxy,True
2000-05-08,SB1,0.27213,synthetic_demo,synthetic soil bucket proxy,True
2000-05-09,SB1,0.28462,synthetic_demo,synthetic soil bucket proxy,True
2000-05-10,SB1,0.27603,synthetic_demo,synthetic soil bucket proxy,True
2000-05-11,SB1,0.29318,synthetic_demo,synthetic soil bucket proxy,True
2000-05-12,SB1,0.29681,synthetic_demo,synthetic soil bucket proxy,True
2000-05-13,SB1,0.27147,synthetic_demo,synthetic soil bucket proxy,True
2000-05-14,SB1,0.28678,synthetic_demo,synthetic soil bucket proxy,True
2000-05-15,SB1,0.2735,synthetic_demo,synthetic soil bucket proxy,True
2000-05-16,SB1,0.27641,synthetic_demo,synthetic soil bucket proxy,True
2000-05-17,SB1,0.28857,synthetic_demo,synthetic soil bucket proxy,True
2000-05-18,SB1,0.28072,synthetic_demo,synthetic soil bucket proxy,True
2000-05-19,SB1,0.27042,synthetic_demo,synthetic soil bucket proxy,True
2000-05-20,SB1,0.2607,synthetic_demo,synthetic soil bucket proxy,True
2000-05-21,SB1,0.27743,synthetic_demo,synthetic soil bucket proxy,True
2000-05-22,SB1,0.2781,synthetic_demo,synthetic soil bucket proxy,True
2000-05-23,SB1,0.27315,synthetic_demo,synthetic soil bucket proxy,True
2000-05-24,SB1,0.26991,synthetic_demo,synthetic soil bucket proxy,True
2000-05-25,SB1,0.26724,synthetic_demo,synthetic soil bucket proxy,True
2000-05-26,SB1,0.27726,synthetic_demo,synthetic soil bucket proxy,True
2000-05-27,SB1,0.25287,synthetic_demo,synthetic soil bucket proxy,True
2000-05-28,SB1,0.26714,synthetic_demo,synthetic soil bucket proxy,True
2000-05-29,SB1,0.26397,synthetic_demo,synthetic soil bucket proxy,True
2000-05-30,SB1,0.24613,synthetic_demo,synthetic soil bucket proxy,True
2000-05-31,SB1,0.25773,synthetic_demo,synthetic soil bucket proxy,True
2000-06-01,SB1,0.26067,synthetic_demo,synthetic soil bucket proxy,True
2000-06-02,SB1,0.26485,synthetic_demo,synthetic soil bucket proxy,True
2000-06-03,SB1,0.25117,synthetic_demo,synthetic soil bucket proxy,True
2000-06-04,SB1,0.25915,synthetic_demo,synthetic soil bucket proxy,True
2000-06-05,SB1,0.25352,synthetic_demo,synthetic soil bucket proxy,True
2000-06-06,SB1,0.28286,synthetic_demo,synthetic soil bucket proxy,True
2000-06-07,SB1,0.28876,synthetic_demo,synthetic soil bucket proxy,True
2000-06-08,SB1,0.27518,synthetic_demo,synthetic soil bucket proxy,True
2000-06-09,SB1,0.27857,synthetic_demo,synthetic soil bucket proxy,True
2000-06-10,SB1,0.27709,synthetic_demo,synthetic soil bucket proxy,True
2000-06-11,SB1,0.276,synthetic_demo,synthetic soil bucket proxy,True
2000-06-12,SB1,0.27106,synthetic_demo,synthetic soil bucket proxy,True
2000-06-13,SB1,0.28912,synthetic_demo,synthetic soil bucket proxy,True
2000-06-14,SB1,0.2753,synthetic_demo,synthetic soil bucket proxy,True
2000-06-15,SB1,0.29035,synthetic_demo,synthetic soil bucket proxy,True
2000-06-16,SB1,0.30603,synthetic_demo,synthetic soil bucket proxy,True
2000-06-17,SB1,0.30977,synthetic_demo,synthetic soil bucket proxy,True
2000-06-18,SB1,0.2515,synthetic_demo,synthetic soil bucket proxy,True
2000-06-19,SB1,0.25877,synthetic_demo,synthetic soil bucket proxy,True
2000-06-20,SB1,0.25648,synthetic_demo,synthetic soil bucket proxy,True
2000-06-21,SB1,0.29063,synthetic_demo,synthetic soil bucket proxy,True
2000-06-22,SB1,0.2861,synthetic_demo,synthetic soil bucket proxy,True
2000-06-23,SB1,0.30778,synthetic_demo,synthetic soil bucket proxy,True
2000-06-24,SB1,0.30215,synthetic_demo,synthetic soil bucket proxy,True
2000-06-25,SB1,0.29808,synthetic_demo,synthetic soil bucket proxy,True
2000-06-26,SB1,0.29464,synthetic_demo,synthetic soil bucket proxy,True
2000-06-27,SB1,0.30515,synthetic_demo,synthetic soil bucket proxy,True
2000-06-28,SB1,0.31412,synthetic_demo,synthetic soil bucket proxy,True
2000-06-29,SB1,0.29207,synthetic_demo,synthetic soil bucket proxy,True
2000-06-30,SB1,0.32254,synthetic_demo,synthetic soil bucket proxy,True
2000-07-01,SB1,0.32495,synthetic_demo,synthetic soil bucket proxy,True
2000-07-02,SB1,0.31525,synthetic_demo,synthetic soil bucket proxy,True
2000-07-03,SB1,0.34135,synthetic_demo,synthetic soil bucket proxy,True
2000-07-04,SB1,0.32911,synthetic_demo,synthetic soil bucket proxy,True
2000-07-05,SB1,0.30247,synthetic_demo,synthetic soil bucket proxy,True
2000-07-06,SB1,0.31226,synthetic_demo,synthetic soil bucket proxy,True
2000-07-07,SB1,0.31582,synthetic_demo,synthetic soil bucket proxy,True
2000-07-08,SB1,0.29522,synthetic_demo,synthetic soil bucket proxy,True
2000-07-09,SB1,0.32281,synthetic_demo,synthetic soil bucket proxy,True
2000-07-10,SB1,0.31399,synthetic_demo,synthetic soil bucket proxy,True
2000-07-11,SB1,0.33557,synthetic_demo,synthetic soil bucket proxy,True
2000-07-12,SB1,0.32203,synthetic_demo,synthetic soil bucket proxy,True
2000-07-13,SB1,0.39148,synthetic_demo,synthetic soil bucket proxy,True
2000-07-14,SB1,0.37692,synthetic_demo,synthetic soil bucket proxy,True
2000-07-15,SB1,0.37479,synthetic_demo,synthetic soil bucket proxy,True
2000-07-16,SB1,0.37793,synthetic_demo,synthetic soil bucket proxy,True
2000-07-17,SB1,0.39515,synthetic_demo,synthetic soil bucket proxy,True
2000-07-18,SB1,0.4137,synthetic_demo,synthetic soil bucket proxy,True
2000-07-19,SB1,0.39676,synthetic_demo,synthetic soil bucket proxy,True
2000-07-20,SB1,0.44,synthetic_demo,synthetic soil bucket proxy,True
2000-07-21,SB1,0.41537,synthetic_demo,synthetic soil bucket proxy,True
2000-07-22,SB1,0.43579,synthetic_demo,synthetic soil bucket proxy,True
2000-07-23,SB1,0.43757,synthetic_demo,synthetic soil bucket proxy,True
2000-07-24,SB1,0.42748,synthetic_demo,synthetic soil bucket proxy,True
2000-07-25,SB1,0.42571,synthetic_demo,synthetic soil bucket proxy,True
2000-07-26,SB1,0.44,synthetic_demo,synthetic soil bucket proxy,True
2000-07-27,SB1,0.418,synthetic_demo,synthetic soil bucket proxy,True
2000-07-28,SB1,0.44,synthetic_demo,synthetic soil bucket proxy,True
2000-07-29,SB1,0.44,synthetic_demo,synthetic soil bucket proxy,True
2000-07-30,SB1,0.44,synthetic_demo,synthetic soil bucket proxy,True
2000-07-31,SB1,0.44,synthetic_demo,synthetic soil bucket proxy,True
2000-08-01,SB1,0.43415,synthetic_demo,synthetic soil bucket proxy,True
2000-08-02,SB1,0.44,synthetic_demo,synthetic soil bucket proxy,True
2000-08-03,SB1,0.44,synthetic_demo,synthetic soil bucket proxy,True
2000-08-04,SB1,0.44,synthetic_demo,synthetic soil bucket proxy,True
2000-08-05,SB1,0.44,synthetic_demo,synthetic soil bucket proxy,True
2000-08-06,SB1,0.44,synthetic_demo,synthetic soil bucket proxy,True
2000-08-07,SB1,0.44,synthetic_demo,synthetic soil bucket proxy,True
2000-08-08,SB1,0.44,synthetic_demo,synthetic soil bucket proxy,True
2000-08-09,SB1,0.44,synthetic_demo,synthetic soil bucket proxy,True
2000-08-10,SB1,0.44,synthetic_demo,synthetic soil bucket proxy,True
2000-08-11,SB1,0.44,synthetic_demo,synthetic soil bucket proxy,True
2000-08-12,SB1,0.44,synthetic_demo,synthetic soil bucket proxy,True
2000-08-13,SB1,0.44,synthetic_demo,synthetic soil bucket proxy,True
2000-08-14,SB1,0.44,synthetic_demo,synthetic soil bucket proxy,True
2000-08-15,SB1,0.44,synthetic_demo,synthetic soil bucket proxy,True
2000-08-16,SB1,0.44,synthetic_demo,synthetic soil bucket proxy,True
2000-08-17,SB1,0.44,synthetic_demo,synthetic soil bucket proxy,True
2000-08-18,SB1,0.44,synthetic_demo,synthetic soil bucket proxy,True
2000-08-19,SB1,0.44,synthetic_demo,synthetic soil bucket proxy,True
2000-08-20,SB1,0.42368,synthetic_demo,synthetic soil bucket proxy,True
2000-08-21,SB1,0.42057,synthetic_demo,synthetic soil bucket proxy,True
2000-08-22,SB1,0.42198,synthetic_demo,synthetic soil bucket proxy,True
2000-08-23,SB1,0.40582,synthetic_demo,synthetic soil bucket proxy,True
2000-08-24,SB1,0.41513,synthetic_demo,synthetic soil bucket proxy,True
2000-08-25,SB1,0.44,synthetic_demo,synthetic soil bucket proxy,True
2000-08-26,SB1,0.44,synthetic_demo,synthetic soil bucket proxy,True
2000-08-27,SB1,0.44,synthetic_demo,synthetic soil bucket proxy,True
2000-08-28,SB1,0.42512,synthetic_demo,synthetic soil bucket proxy,True
2000-08-29,SB1,0.40101,synthetic_demo,synthetic soil bucket proxy,True
2000-08-30,SB1,0.40169,synthetic_demo,synthetic soil bucket proxy,True
2000-08-31,SB1,0.42036,synthetic_demo,synthetic soil bucket proxy,True
2000-09-01,SB1,0.42895,synthetic_demo,synthetic soil bucket proxy,True
2000-09-02,SB1,0.42349,synthetic_demo,synthetic soil bucket proxy,True
2000-09-03,SB1,0.41566,synthetic_demo,synthetic soil bucket proxy,True
2000-09-04,SB1,0.41512,synthetic_demo,synthetic soil bucket proxy,True
2000-09-05,SB1,0.40223,synthetic_demo,synthetic soil bucket proxy,True
2000-09-06,SB1,0.41185,synthetic_demo,synthetic soil bucket proxy,True
2000-09-07,SB1,0.40679,synthetic_demo,synthetic soil bucket proxy,True
2000-09-08,SB1,0.38454,synthetic_demo,synthetic soil bucket proxy,True
2000-09-09,SB1,0.41587,synthetic_demo,synthetic soil bucket proxy,True
2000-09-10,SB1,0.4267,synthetic_demo,synthetic soil bucket proxy,True
2000-09-11,SB1,0.37944,synthetic_demo,synthetic soil bucket proxy,True
2000-09-12,SB1,0.36735,synthetic_demo,synthetic soil bucket proxy,True
2000-09-13,SB1,0.39247,synthetic_demo,synthetic soil bucket proxy,True
2000-09-14,SB1,0.37391,synthetic_demo,synthetic soil bucket proxy,True
2000-09-15,SB1,0.38248,synthetic_demo,synthetic soil bucket proxy,True
2000-09-16,SB1,0.35488,synthetic_demo,synthetic soil bucket proxy,True
2000-09-17,SB1,0.35526,synthetic_demo,synthetic soil bucket proxy,True
2000-09-18,SB1,0.33054,synthetic_demo,synthetic soil bucket proxy,True
2000-09-19,SB1,0.32731,synthetic_demo,synthetic soil bucket proxy,True
2000-09-20,SB1,0.33649,synthetic_demo,synthetic soil bucket proxy,True
2000-09-21,SB1,0.35116,synthetic_demo,synthetic soil bucket proxy,True
2000-09-22,SB1,0.34264,synthetic_demo,synthetic soil bucket proxy,True
2000-09-23,SB1,0.34773,synthetic_demo,synthetic soil bucket proxy,True
2000-09-24,SB1,0.35152,synthetic_demo,synthetic soil bucket proxy,True
2000-09-25,SB1,0.36267,synthetic_demo,synthetic soil bucket proxy,True
2000-09-26,SB1,0.362,synthetic_demo,synthetic soil bucket proxy,True
2000-09-27,SB1,0.35452,synthetic_demo,synthetic soil bucket proxy,True
2000-09-28,SB1,0.34336,synthetic_demo,synthetic soil bucket proxy,True
2000-09-29,SB1,0.36247,synthetic_demo,synthetic soil bucket proxy,True
2000-09-30,SB1,0.35983,synthetic_demo,synthetic soil bucket proxy,True
2000-10-01,SB1,0.37058,synthetic_demo,synthetic soil bucket proxy,True
2000-10-02,SB1,0.36445,synthetic_demo,synthetic soil bucket proxy,True
2000-10-03,SB1,0.35287,synthetic_demo,synthetic soil bucket proxy,True
2000-10-04,SB1,0.34979,synthetic_demo,synthetic soil bucket proxy,True
2000-10-05,SB1,0.32248,synthetic_demo,synthetic soil bucket proxy,True
2000-10-06,SB1,0.33398,synthetic_demo,synthetic soil bucket proxy,True
2000-10-07,SB1,0.32891,synthetic_demo,synthetic soil bucket proxy,True
2000-10-08,SB1,0.32434,synthetic_demo,synthetic soil bucket proxy,True
2000-10-09,SB1,0.31755,synthetic_demo,synthetic soil bucket proxy,True
2000-10-10,SB1,0.3085,synthetic_demo,synthetic soil bucket proxy,True
2000-10-11,SB1,0.36955,synthetic_demo,synthetic soil bucket proxy,True
2000-10-12,SB1,0.35789,synthetic_demo,synthetic soil bucket proxy,True
2000-10-13,SB1,0.36298,synthetic_demo,synthetic soil bucket proxy,True
2000-10-14,SB1,0.36539,synthetic_demo,synthetic soil bucket proxy,True
2000-10-15,SB1,0.40424,synthetic_demo,synthetic soil bucket proxy,True
2000-10-16,SB1,0.39518,synthetic_demo,synthetic soil bucket proxy,True
2000-10-17,SB1,0.39834,synthetic_demo,synthetic soil bucket proxy,True
2000-10-18,SB1,0.42783,synthetic_demo,synthetic soil bucket proxy,True
2000-10-19,SB1,0.42081,synthetic_demo,synthetic soil bucket proxy,True
2000-10-20,SB1,0.40542,synthetic_demo,synthetic soil bucket proxy,True
2000-10-21,SB1,0.40521,synthetic_demo,synthetic soil bucket proxy,True
2000-10-22,SB1,0.42727,synthetic_demo,synthetic soil bucket proxy,True
2000-10-23,SB1,0.41928,synthetic_demo,synthetic soil bucket proxy,True
2000-10-24,SB1,0.4175,synthetic_demo,synthetic soil bucket proxy,True
2000-10-25,SB1,0.41125,synthetic_demo,synthetic soil bucket proxy,True
2000-10-26,SB1,0.42666,synthetic_demo,synthetic soil bucket proxy,True
2000-10-27,SB1,0.42424,synthetic_demo,synthetic soil bucket proxy,True
2000-10-28,SB1,0.41157,synthetic_demo,synthetic soil bucket proxy,True
2000-10-29,SB1,0.41724,synthetic_demo,synthetic soil bucket proxy,True
2000-10-30,SB1,0.41738,synthetic_demo,synthetic soil bucket proxy,True
2000-10-31,SB1,0.41349,synthetic_demo,synthetic soil bucket proxy,True
2000-11-01,SB1,0.41463,synthetic_demo,synthetic soil bucket proxy,True
2000-11-02,SB1,0.40338,synthetic_demo,synthetic soil bucket proxy,True
2000-11-03,SB1,0.40513,synthetic_demo,synthetic soil bucket proxy,True
2000-11-04,SB1,0.41349,synthetic_demo,synthetic soil bucket proxy,True
2000-11-05,SB1,0.4365,synthetic_demo,synthetic soil bucket proxy,True
2000-11-06,SB1,0.44,synthetic_demo,synthetic soil bucket proxy,True
2000-11-07,SB1,0.43203,synthetic_demo,synthetic soil bucket proxy,True
2000-11-08,SB1,0.39686,synthetic_demo,synthetic soil bucket proxy,True
2000-11-09,SB1,0.40976,synthetic_demo,synthetic soil bucket proxy,True
2000-11-10,SB1,0.41063,synthetic_demo,synthetic soil bucket proxy,True
2000-11-11,SB1,0.41204,synthetic_demo,synthetic soil bucket proxy,True
2000-11-12,SB1,0.37948,synthetic_demo,synthetic soil bucket proxy,True
2000-11-13,SB1,0.3974,synthetic_demo,synthetic soil bucket proxy,True
2000-11-14,SB1,0.40204,synthetic_demo,synthetic soil bucket proxy,True
2000-11-15,SB1,0.38873,synthetic_demo,synthetic soil bucket proxy,True
2000-11-16,SB1,0.408,synthetic_demo,synthetic soil bucket proxy,True
2000-11-17,SB1,0.44,synthetic_demo,synthetic soil bucket proxy,True
2000-11-18,SB1,0.44,synthetic_demo,synthetic soil bucket proxy,True
2000-11-19,SB1,0.44,synthetic_demo,synthetic soil bucket proxy,True
2000-11-20,SB1,0.44,synthetic_demo,synthetic soil bucket proxy,True
2000-11-21,SB1,0.44,synthetic_demo,synthetic soil bucket proxy,True
2000-11-22,SB1,0.44,synthetic_demo,synthetic soil bucket proxy,True
2000-11-23,SB1,0.44,synthetic_demo,synthetic soil bucket proxy,True
2000-11-24,SB1,0.44,synthetic_demo,synthetic soil bucket proxy,True
2000-11-25,SB1,0.44,synthetic_demo,synthetic soil bucket proxy,True
2000-11-26,SB1,0.43961,synthetic_demo,synthetic soil bucket proxy,True
2000-11-27,SB1,0.44,synthetic_demo,synthetic soil bucket proxy,True
2000-11-28,SB1,0.43044,synthetic_demo,synthetic soil bucket proxy,True
2000-11-29,SB1,0.43304,synthetic_demo,synthetic soil bucket proxy,True
2000-11-30,SB1,0.42547,synthetic_demo,synthetic soil bucket proxy,True
2000-12-01,SB1,0.41488,synthetic_demo,synthetic soil bucket proxy,True
2000-12-02,SB1,0.42381,synthetic_demo,synthetic soil bucket proxy,True
2000-12-03,SB1,0.43134,synthetic_demo,synthetic soil bucket proxy,True
2000-12-04,SB1,0.42297,synthetic_demo,synthetic soil bucket proxy,True
2000-12-05,SB1,0.42318,synthetic_demo,synthetic soil bucket proxy,True
2000-12-06,SB1,0.42818,synthetic_demo,synthetic soil bucket proxy,True
2000-12-07,SB1,0.40803,synthetic_demo,synthetic soil bucket proxy,True
2000-12-08,SB1,0.42655,synthetic_demo,synthetic soil bucket proxy,True
2000-12-09,SB1,0.44,synthetic_demo,synthetic soil bucket proxy,True
2000-12-10,SB1,0.38866,synthetic_demo,synthetic soil bucket proxy,True
2000-12-11,SB1,0.38808,synthetic_demo,synthetic soil bucket proxy,True
2000-12-12,SB1,0.38512,synthetic_demo,synthetic soil bucket proxy,True
2000-12-13,SB1,0.37582,synthetic_demo,synthetic soil bucket proxy,True
2000-12-14,SB1,0.37728,synthetic_demo,synthetic soil bucket proxy,True
2000-12-15,SB1,0.37401,synthetic_demo,synthetic soil bucket proxy,True
2000-12-16,SB1,0.36792,synthetic_demo,synthetic soil bucket proxy,True
2000-12-17,SB1,0.34965,synthetic_demo,synthetic soil bucket proxy,True
2000-12-18,SB1,0.36838,synthetic_demo,synthetic soil bucket proxy,True
2000-12-19,SB1,0.36636,synthetic_demo,synthetic soil bucket proxy,True
2000-12-20,SB1,0.37006,synthetic_demo,synthetic soil bucket proxy,True
2000-12-21,SB1,0.36186,synthetic_demo,synthetic soil bucket proxy,True
2000-12-22,SB1,0.35603,synthetic_demo,synthetic soil bucket proxy,True
2000-12-23,SB1,0.35912,synthetic_demo,synthetic soil bucket proxy,True
2000-12-24,SB1,0.36079,synthetic_demo,synthetic soil bucket proxy,True
2000-12-25,SB1,0.36754,synthetic_demo,synthetic soil bucket proxy,True
2000-12-26,SB1,0.34556,synthetic_demo,synthetic soil bucket proxy,True
2000-12-27,SB1,0.35268,synthetic_demo,synthetic soil bucket proxy,True
2000-12-28,SB1,0.34354,synthetic_demo,synthetic soil bucket proxy,True
2000-12-29,SB1,0.37739,synthetic_demo,synthetic soil bucket proxy,True
2000-12-30,SB1,0.38549,synthetic_demo,synthetic soil bucket proxy,True
2000-12-31,SB1,0.37499,synthetic_demo,synthetic soil bucket proxy,True
2001-01-01,SB1,0.37357,synthetic_demo,synthetic soil bucket proxy,True
2001-01-02,SB1,0.37185,synthetic_demo,synthetic soil bucket proxy,True
2001-01-03,SB1,0.36846,synthetic_demo,synthetic soil bucket proxy,True
2001-01-04,SB1,0.33878,synthetic_demo,synthetic soil bucket proxy,True
2001-01-05,SB1,0.36283,synthetic_demo,synthetic soil bucket proxy,True
2001-01-06,SB1,0.34372,synthetic_demo,synthetic soil bucket proxy,True
2001-01-07,SB1,0.35501,synthetic_demo,synthetic soil bucket proxy,True
2001-01-08,SB1,0.35182,synthetic_demo,synthetic soil bucket proxy,True
2001-01-09,SB1,0.35258,synthetic_demo,synthetic soil bucket proxy,True
2001-01-10,SB1,0.35335,synthetic_demo,synthetic soil bucket proxy,True
2001-01-11,SB1,0.35508,synthetic_demo,synthetic soil bucket proxy,True
2001-01-12,SB1,0.3454,synthetic_demo,synthetic soil bucket proxy,True
2001-01-13,SB1,0.36385,synthetic_demo,synthetic soil bucket proxy,True
2001-01-14,SB1,0.35928,synthetic_demo,synthetic soil bucket proxy,True
2001-01-15,SB1,0.32608,synthetic_demo,synthetic soil bucket proxy,True
2001-01-16,SB1,0.28853,synthetic_demo,synthetic soil bucket proxy,True
2001-01-17,SB1,0.27019,synthetic_demo,synthetic soil bucket proxy,True
2001-01-18,SB1,0.27849,synthetic_demo,synthetic soil bucket proxy,True
2001-01-19,SB1,0.26995,synthetic_demo,synthetic soil bucket proxy,True
2001-01-20,SB1,0.27307,synthetic_demo,synthetic soil bucket proxy,True
2001-01-21,SB1,0.27219,synthetic_demo,synthetic soil bucket proxy,True
2001-01-22,SB1,0.28087,synthetic_demo,synthetic soil bucket proxy,True
2001-01-23,SB1,0.27073,synthetic_demo,synthetic soil bucket proxy,True
2001-01-24,SB1,0.26894,synthetic_demo,synthetic soil bucket proxy,True
2001-01-25,SB1,0.26356,synthetic_demo,synthetic soil bucket proxy,True
2001-01-26,SB1,0.26728,synthetic_demo,synthetic soil bucket proxy,True
2001-01-27,SB1,0.26795,synthetic_demo,synthetic soil bucket proxy,True
2001-01-28,SB1,0.27178,synthetic_demo,synthetic soil bucket proxy,True
2001-01-29,SB1,0.26765,synthetic_demo,synthetic soil bucket proxy,True
2001-01-30,SB1,0.26906,synthetic_demo,synthetic soil bucket proxy,True
2001-01-31,SB1,0.27199,synthetic_demo,synthetic soil bucket proxy,True
2001-02-01,SB1,0.26648,synthetic_demo,synthetic soil bucket proxy,True
2001-02-02,SB1,0.28874,synthetic_demo,synthetic soil bucket proxy,True
2001-02-03,SB1,0.28184,synthetic_demo,synthetic soil bucket proxy,True
2001-02-04,SB1,0.26642,synthetic_demo,synthetic soil bucket proxy,True
2001-02-05,SB1,0.29424,synthetic_demo,synthetic soil bucket proxy,True
2001-02-06,SB1,0.28057,synthetic_demo,synthetic soil bucket proxy,True
2001-02-07,SB1,0.25728,synthetic_demo,synthetic soil bucket proxy,True
2001-02-08,SB1,0.2589,synthetic_demo,synthetic soil bucket proxy,True
2001-02-09,SB1,0.24928,synthetic_demo,synthetic soil bucket proxy,True
2001-02-10,SB1,0.25038,synthetic_demo,synthetic soil bucket proxy,True
2001-02-11,SB1,0.26048,synthetic_demo,synthetic soil bucket proxy,True
2001-02-12,SB1,0.25053,synthetic_demo,synthetic soil bucket proxy,True
2001-02-13,SB1,0.26025,synthetic_demo,synthetic soil bucket proxy,True
2001-02-14,SB1,0.25382,synthetic_demo,synthetic soil bucket proxy,True
2001-02-15,SB1,0.2448,synthetic_demo,synthetic soil bucket proxy,True
2001-02-16,SB1,0.23998,synthetic_demo,synthetic soil bucket proxy,True
2001-02-17,SB1,0.2325,synthetic_demo,synthetic soil bucket proxy,True
2001-02-18,SB1,0.2462,synthetic_demo,synthetic soil bucket proxy,True
2001-02-19,SB1,0.23632,synthetic_demo,synthetic soil bucket proxy,True
2001-02-20,SB1,0.22875,synthetic_demo,synthetic soil bucket proxy,True
2001-02-21,SB1,0.22893,synthetic_demo,synthetic soil bucket proxy,True
2001-02-22,SB1,0.23568,synthetic_demo,synthetic soil bucket proxy,True
2001-02-23,SB1,0.20869,synthetic_demo,synthetic soil bucket proxy,True
2001-02-24,SB1,0.22699,synthetic_demo,synthetic soil bucket proxy,True
2001-02-25,SB1,0.20702,synthetic_demo,synthetic soil bucket proxy,True
2001-02-26,SB1,0.20705,synthetic_demo,synthetic soil bucket proxy,True
2001-02-27,SB1,0.19127,synthetic_demo,synthetic soil bucket proxy,True
2001-02-28,SB1,0.16724,synthetic_demo,synthetic soil bucket proxy,True
2001-03-01,SB1,0.18693,synthetic_demo,synthetic soil bucket proxy,True
2001-03-02,SB1,0.18039,synthetic_demo,synthetic soil bucket proxy,True
2001-03-03,SB1,0.18407,synthetic_demo,synthetic soil bucket proxy,True
2001-03-04,SB1,0.16829,synthetic_demo,synthetic soil bucket proxy,True
2001-03-05,SB1,0.18477,synthetic_demo,synthetic soil bucket proxy,True
2001-03-06,SB1,0.18257,synthetic_demo,synthetic soil bucket proxy,True
2001-03-07,SB1,0.18089,synthetic_demo,synthetic soil bucket proxy,True
2001-03-08,SB1,0.19658,synthetic_demo,synthetic soil bucket proxy,True
2001-03-09,SB1,0.19698,synthetic_demo,synthetic soil bucket proxy,True
2001-03-10,SB1,0.18327,synthetic_demo,synthetic soil bucket proxy,True
2001-03-11,SB1,0.17798,synthetic_demo,synthetic soil bucket proxy,True
2001-03-12,SB1,0.17218,synthetic_demo,synthetic soil bucket proxy,True
2001-03-13,SB1,0.17461,synthetic_demo,synthetic soil bucket proxy,True
2001-03-14,SB1,0.16986,synthetic_demo,synthetic soil bucket proxy,True
2001-03-15,SB1,0.17556,synthetic_demo,synthetic soil bucket proxy,True
2001-03-16,SB1,0.18809,synthetic_demo,synthetic soil bucket proxy,True
2001-03-17,SB1,0.17831,synthetic_demo,synthetic soil bucket proxy,True
2001-03-18,SB1,0.18013,synthetic_demo,synthetic soil bucket proxy,True
2001-03-19,SB1,0.17546,synthetic_demo,synthetic soil bucket proxy,True
2001-03-20,SB1,0.19462,synthetic_demo,synthetic soil bucket proxy,True
2001-03-21,SB1,0.19121,synthetic_demo,synthetic soil bucket proxy,True
2001-03-22,SB1,0.19307,synthetic_demo,synthetic soil bucket proxy,True
2001-03-23,SB1,0.19201,synthetic_demo,synthetic soil bucket proxy,True
2001-03-24,SB1,0.19338,synthetic_demo,synthetic soil bucket proxy,True
2001-03-25,SB1,0.18247,synthetic_demo,synthetic soil bucket proxy,True
2001-03-26,SB1,0.20038,synthetic_demo,synthetic soil bucket proxy,True
2001-03-27,SB1,0.19064,synthetic_demo,synthetic soil bucket proxy,True
2001-03-28,SB1,0.18685,synthetic_demo,synthetic soil bucket proxy,True
2001-03-29,SB1,0.18446,synthetic_demo,synthetic soil bucket proxy,True
2001-03-30,SB1,0.18613,synthetic_demo,synthetic soil bucket proxy,True
2001-03-31,SB1,0.19771,synthetic_demo,synthetic soil bucket proxy,True
2001-04-01,SB1,0.19923,synthetic_demo,synthetic soil bucket proxy,True
2001-04-02,SB1,0.18204,synthetic_demo,synthetic soil bucket proxy,True
2001-04-03,SB1,0.20052,synthetic_demo,synthetic soil bucket proxy,True
2001-04-04,SB1,0.19833,synthetic_demo,synthetic soil bucket proxy,True
2001-04-05,SB1,0.1857,synthetic_demo,synthetic soil bucket proxy,True
2001-04-06,SB1,0.18571,synthetic_demo,synthetic soil bucket proxy,True
2001-04-07,SB1,0.19256,synthetic_demo,synthetic soil bucket proxy,True
2001-04-08,SB1,0.18084,synthetic_demo,synthetic soil bucket proxy,True
2001-04-09,SB1,0.22366,synthetic_demo,synthetic soil bucket proxy,True
2001-04-10,SB1,0.21994,synthetic_demo,synthetic soil bucket proxy,True
2001-04-11,SB1,0.2288,synthetic_demo,synthetic soil bucket proxy,True
2001-04-12,SB1,0.23897,synthetic_demo,synthetic soil bucket proxy,True
2001-04-13,SB1,0.23275,synthetic_demo,synthetic soil bucket proxy,True
2001-04-14,SB1,0.21584,synthetic_demo,synthetic soil bucket proxy,True
2001-04-15,SB1,0.22026,synthetic_demo,synthetic soil bucket proxy,True
2001-04-16,SB1,0.21905,synthetic_demo,synthetic soil bucket proxy,True
2001-04-17,SB1,0.22555,synthetic_demo,synthetic soil bucket proxy,True
2001-04-18,SB1,0.23785,synthetic_demo,synthetic soil bucket proxy,True
2001-04-19,SB1,0.23074,synthetic_demo,synthetic soil bucket proxy,True
2001-04-20,SB1,0.2273,synthetic_demo,synthetic soil bucket proxy,True
2001-04-21,SB1,0.25827,synthetic_demo,synthetic soil bucket proxy,True
2001-04-22,SB1,0.2532,synthetic_demo,synthetic soil bucket proxy,True
2001-04-23,SB1,0.27699,synthetic_demo,synthetic soil bucket proxy,True
2001-04-24,SB1,0.27007,synthetic_demo,synthetic soil bucket proxy,True
2001-04-25,SB1,0.28216,synthetic_demo,synthetic soil bucket proxy,True
2001-04-26,SB1,0.27515,synthetic_demo,synthetic soil bucket proxy,True
2001-04-27,SB1,0.2784,synthetic_demo,synthetic soil bucket proxy,True
2001-04-28,SB1,0.26864,synthetic_demo,synthetic soil bucket proxy,True
2001-04-29,SB1,0.29255,synthetic_demo,synthetic soil bucket proxy,True
2001-04-30,SB1,0.28536,synthetic_demo,synthetic soil bucket proxy,True
2001-05-01,SB1,0.30681,synthetic_demo,synthetic soil bucket proxy,True
2001-05-02,SB1,0.29289,synthetic_demo,synthetic soil bucket proxy,True
2001-05-03,SB1,0.31632,synthetic_demo,synthetic soil bucket proxy,True
2001-05-04,SB1,0.31699,synthetic_demo,synthetic soil bucket proxy,True
2001-05-05,SB1,0.31299,synthetic_demo,synthetic soil bucket proxy,True
2001-05-06,SB1,0.32294,synthetic_demo,synthetic soil bucket proxy,True
2001-05-07,SB1,0.3074,synthetic_demo,synthetic soil bucket proxy,True
2001-05-08,SB1,0.31879,synthetic_demo,synthetic soil bucket proxy,True
2001-05-09,SB1,0.32381,synthetic_demo,synthetic soil bucket proxy,True
2001-05-10,SB1,0.32038,synthetic_demo,synthetic soil bucket proxy,True
2001-05-11,SB1,0.30383,synthetic_demo,synthetic soil bucket proxy,True
2001-05-12,SB1,0.31782,synthetic_demo,synthetic soil bucket proxy,True
2001-05-13,SB1,0.31718,synthetic_demo,synthetic soil bucket proxy,True
2001-05-14,SB1,0.33155,synthetic_demo,synthetic soil bucket proxy,True
2001-05-15,SB1,0.30791,synthetic_demo,synthetic soil bucket proxy,True
2001-05-16,SB1,0.30763,synthetic_demo,synthetic soil bucket proxy,True
2001-05-17,SB1,0.32383,synthetic_demo,synthetic soil bucket proxy,True
2001-05-18,SB1,0.30977,synthetic_demo,synthetic soil bucket proxy,True
2001-05-19,SB1,0.31096,synthetic_demo,synthetic soil bucket proxy,True
2001-05-20,SB1,0.30181,synthetic_demo,synthetic soil bucket proxy,True
2001-05-21,SB1,0.29687,synthetic_demo,synthetic soil bucket proxy,True
2001-05-22,SB1,0.31173,synthetic_demo,synthetic soil bucket proxy,True
2001-05-23,SB1,0.30783,synthetic_demo,synthetic soil bucket proxy,True
2001-05-24,SB1,0.31239,synthetic_demo,synthetic soil bucket proxy,True
2001-05-25,SB1,0.29989,synthetic_demo,synthetic soil bucket proxy,True
2001-05-26,SB1,0.30641,synthetic_demo,synthetic soil bucket proxy,True
2001-05-27,SB1,0.30259,synthetic_demo,synthetic soil bucket proxy,True
2001-05-28,SB1,0.32965,synthetic_demo,synthetic soil bucket proxy,True
2001-05-29,SB1,0.33209,synthetic_demo,synthetic soil bucket proxy,True
2001-05-30,SB1,0.32887,synthetic_demo,synthetic soil bucket proxy,True
2001-05-31,SB1,0.34907,synthetic_demo,synthetic soil bucket proxy,True
2001-06-01,SB1,0.33529,synthetic_demo,synthetic soil bucket proxy,True
2001-06-02,SB1,0.32586,synthetic_demo,synthetic soil bucket proxy,True
2001-06-03,SB1,0.32117,synthetic_demo,synthetic soil bucket proxy,True
2001-06-04,SB1,0.31775,synthetic_demo,synthetic soil bucket proxy,True
2001-06-05,SB1,0.34274,synthetic_demo,synthetic soil bucket proxy,True
2001-06-06,SB1,0.33502,synthetic_demo,synthetic soil bucket proxy,True
2001-06-07,SB1,0.34854,synthetic_demo,synthetic soil bucket proxy,True
2001-06-08,SB1,0.293,synthetic_demo,synthetic soil bucket proxy,True
2001-06-09,SB1,0.30368,synthetic_demo,synthetic soil bucket proxy,True
2001-06-10,SB1,0.30173,synthetic_demo,synthetic soil bucket proxy,True
2001-06-11,SB1,0.3048,synthetic_demo,synthetic soil bucket proxy,True
2001-06-12,SB1,0.30385,synthetic_demo,synthetic soil bucket proxy,True
2001-06-13,SB1,0.30313,synthetic_demo,synthetic soil bucket proxy,True
2001-06-14,SB1,0.30023,synthetic_demo,synthetic soil bucket proxy,True
2001-06-15,SB1,0.30211,synthetic_demo,synthetic soil bucket proxy,True
2001-06-16,SB1,0.29574,synthetic_demo,synthetic soil bucket proxy,True
2001-06-17,SB1,0.27347,synthetic_demo,synthetic soil bucket proxy,True
2001-06-18,SB1,0.29568,synthetic_demo,synthetic soil bucket proxy,True
2001-06-19,SB1,0.28958,synthetic_demo,synthetic soil bucket proxy,True
2001-06-20,SB1,0.2989,synthetic_demo,synthetic soil bucket proxy,True
2001-06-21,SB1,0.279,synthetic_demo,synthetic soil bucket proxy,True
2001-06-22,SB1,0.24727,synthetic_demo,synthetic soil bucket proxy,True
2001-06-23,SB1,0.2579,synthetic_demo,synthetic soil bucket proxy,True
2001-06-24,SB1,0.27003,synthetic_demo,synthetic soil bucket proxy,True
2001-06-25,SB1,0.26999,synthetic_demo,synthetic soil bucket proxy,True
2001-06-26,SB1,0.2601,synthetic_demo,synthetic soil bucket proxy,True
2001-06-27,SB1,0.27108,synthetic_demo,synthetic soil bucket proxy,True
2001-06-28,SB1,0.27157,synthetic_demo,synthetic soil bucket proxy,True
2001-06-29,SB1,0.27835,synthetic_demo,synthetic soil bucket proxy,True
2001-06-30,SB1,0.26769,synthetic_demo,synthetic soil bucket proxy,True
2001-07-01,SB1,0.25329,synthetic_demo,synthetic soil bucket proxy,True
2001-07-02,SB1,0.24514,synthetic_demo,synthetic soil bucket proxy,True
2001-07-03,SB1,0.25497,synthetic_demo,synthetic soil bucket proxy,True
2001-07-04,SB1,0.24055,synthetic_demo,synthetic soil bucket proxy,True
2001-07-05,SB1,0.25563,synthetic_demo,synthetic soil bucket proxy,True
2001-07-06,SB1,0.25111,synthetic_demo,synthetic soil bucket proxy,True
2001-07-07,SB1,0.24483,synthetic_demo,synthetic soil bucket proxy,True
2001-07-08,SB1,0.24987,synthetic_demo,synthetic soil bucket proxy,True
2001-07-09,SB1,0.2421,synthetic_demo,synthetic soil bucket proxy,True
2001-07-10,SB1,0.23564,synthetic_demo,synthetic soil bucket proxy,True
2001-07-11,SB1,0.25606,synthetic_demo,synthetic soil bucket proxy,True
2001-07-12,SB1,0.24985,synthetic_demo,synthetic soil bucket proxy,True
2001-07-13,SB1,0.24762,synthetic_demo,synthetic soil bucket proxy,True
2001-07-14,SB1,0.24992,synthetic_demo,synthetic soil bucket proxy,True
2001-07-15,SB1,0.25978,synthetic_demo,synthetic soil bucket proxy,True
2001-07-16,SB1,0.24626,synthetic_demo,synthetic soil bucket proxy,True
2001-07-17,SB1,0.25443,synthetic_demo,synthetic soil bucket proxy,True
2001-07-18,SB1,0.26102,synthetic_demo,synthetic soil bucket proxy,True
2001-07-19,SB1,0.25129,synthetic_demo,synthetic soil bucket proxy,True
2001-07-20,SB1,0.26319,synthetic_demo,synthetic soil bucket proxy,True
2001-07-21,SB1,0.23825,synthetic_demo,synthetic soil bucket proxy,True
2001-07-22,SB1,0.25161,synthetic_demo,synthetic soil bucket proxy,True
2001-07-23,SB1,0.24705,synthetic_demo,synthetic soil bucket proxy,True
2001-07-24,SB1,0.25846,synthetic_demo,synthetic soil bucket proxy,True
2001-07-25,SB1,0.28033,synthetic_demo,synthetic soil bucket proxy,True
2001-07-26,SB1,0.27236,synthetic_demo,synthetic soil bucket proxy,True
2001-07-27,SB1,0.27382,synthetic_demo,synthetic soil bucket proxy,True
2001-07-28,SB1,0.26164,synthetic_demo,synthetic soil bucket proxy,True
2001-07-29,SB1,0.25405,synthetic_demo,synthetic soil bucket proxy,True
2001-07-30,SB1,0.26326,synthetic_demo,synthetic soil bucket proxy,True
2001-07-31,SB1,0.25172,synthetic_demo,synthetic soil bucket proxy,True
2001-08-01,SB1,0.2731,synthetic_demo,synthetic soil bucket proxy,True
2001-08-02,SB1,0.28636,synthetic_demo,synthetic soil bucket proxy,True
2001-08-03,SB1,0.2862,synthetic_demo,synthetic soil bucket proxy,True
2001-08-04,SB1,0.2805,synthetic_demo,synthetic soil bucket proxy,True
2001-08-05,SB1,0.30415,synthetic_demo,synthetic soil bucket proxy,True
2001-08-06,SB1,0.30351,synthetic_demo,synthetic soil bucket proxy,True
2001-08-07,SB1,0.29645,synthetic_demo,synthetic soil bucket proxy,True
2001-08-08,SB1,0.30257,synthetic_demo,synthetic soil bucket proxy,True
2001-08-09,SB1,0.29512,synthetic_demo,synthetic soil bucket proxy,True
2001-08-10,SB1,0.29464,synthetic_demo,synthetic soil bucket proxy,True
2001-08-11,SB1,0.32849,synthetic_demo,synthetic soil bucket proxy,True
2001-08-12,SB1,0.33611,synthetic_demo,synthetic soil bucket proxy,True
2001-08-13,SB1,0.34573,synthetic_demo,synthetic soil bucket proxy,True
2001-08-14,SB1,0.39238,synthetic_demo,synthetic soil bucket proxy,True
2001-08-15,SB1,0.38429,synthetic_demo,synthetic soil bucket proxy,True
2001-08-16,SB1,0.38301,synthetic_demo,synthetic soil bucket proxy,True
2001-08-17,SB1,0.3657,synthetic_demo,synthetic soil bucket proxy,True
2001-08-18,SB1,0.4115,synthetic_demo,synthetic soil bucket proxy,True
2001-08-19,SB1,0.41124,synthetic_demo,synthetic soil bucket proxy,True
2001-08-20,SB1,0.44,synthetic_demo,synthetic soil bucket proxy,True
2001-08-21,SB1,0.43764,synthetic_demo,synthetic soil bucket proxy,True
2001-08-22,SB1,0.44,synthetic_demo,synthetic soil bucket proxy,True
2001-08-23,SB1,0.43894,synthetic_demo,synthetic soil bucket proxy,True
2001-08-24,SB1,0.42336,synthetic_demo,synthetic soil bucket proxy,True
2001-08-25,SB1,0.43457,synthetic_demo,synthetic soil bucket proxy,True
2001-08-26,SB1,0.44,synthetic_demo,synthetic soil bucket proxy,True
2001-08-27,SB1,0.43809,synthetic_demo,synthetic soil bucket proxy,True
2001-08-28,SB1,0.4351,synthetic_demo,synthetic soil bucket proxy,True
2001-08-29,SB1,0.43019,synthetic_demo,synthetic soil bucket proxy,True
2001-08-30,SB1,0.43976,synthetic_demo,synthetic soil bucket proxy,True
2001-08-31,SB1,0.43094,synthetic_demo,synthetic soil bucket proxy,True
2001-09-01,SB1,0.44,synthetic_demo,synthetic soil bucket proxy,True
2001-09-02,SB1,0.44,synthetic_demo,synthetic soil bucket proxy,True
2001-09-03,SB1,0.44,synthetic_demo,synthetic soil bucket proxy,True
2001-09-04,SB1,0.44,synthetic_demo,synthetic soil bucket proxy,True
2001-09-05,SB1,0.44,synthetic_demo,synthetic soil bucket proxy,True
2001-09-06,SB1,0.44,synthetic_demo,synthetic soil bucket proxy,True
2001-09-07,SB1,0.44,synthetic_demo,synthetic soil bucket proxy,True
2001-09-08,SB1,0.44,synthetic_demo,synthetic soil bucket proxy,True
2001-09-09,SB1,0.44,synthetic_demo,synthetic soil bucket proxy,True
2001-09-10,SB1,0.44,synthetic_demo,synthetic soil bucket proxy,True
2001-09-11,SB1,0.44,synthetic_demo,synthetic soil bucket proxy,True
2001-09-12,SB1,0.44,synthetic_demo,synthetic soil bucket proxy,True
2001-09-13,SB1,0.44,synthetic_demo,synthetic soil bucket proxy,True
2001-09-14,SB1,0.44,synthetic_demo,synthetic soil bucket proxy,True
2001-09-15,SB1,0.44,synthetic_demo,synthetic soil bucket proxy,True
2001-09-16,SB1,0.44,synthetic_demo,synthetic soil bucket proxy,True
2001-09-17,SB1,0.44,synthetic_demo,synthetic soil bucket proxy,True
2001-09-18,SB1,0.44,synthetic_demo,synthetic soil bucket proxy,True
2001-09-19,SB1,0.44,synthetic_demo,synthetic soil bucket proxy,True
2001-09-20,SB1,0.44,synthetic_demo,synthetic soil bucket proxy,True
2001-09-21,SB1,0.44,synthetic_demo,synthetic soil bucket proxy,True
2001-09-22,SB1,0.44,synthetic_demo,synthetic soil bucket proxy,True
2001-09-23,SB1,0.44,synthetic_demo,synthetic soil bucket proxy,True
2001-09-24,SB1,0.44,synthetic_demo,synthetic soil bucket proxy,True
2001-09-25,SB1,0.44,synthetic_demo,synthetic soil bucket proxy,True
2001-09-26,SB1,0.44,synthetic_demo,synthetic soil bucket proxy,True
2001-09-27,SB1,0.44,synthetic_demo,synthetic soil bucket proxy,True
2001-09-28,SB1,0.44,synthetic_demo,synthetic soil bucket proxy,True
2001-09-29,SB1,0.44,synthetic_demo,synthetic soil bucket proxy,True
2001-09-30,SB1,0.44,synthetic_demo,synthetic soil bucket proxy,True
2001-10-01,SB1,0.44,synthetic_demo,synthetic soil bucket proxy,True
2001-10-02,SB1,0.44,synthetic_demo,synthetic soil bucket proxy,True
2001-10-03,SB1,0.44,synthetic_demo,synthetic soil bucket proxy,True
2001-10-04,SB1,0.44,synthetic_demo,synthetic soil bucket proxy,True
2001-10-05,SB1,0.44,synthetic_demo,synthetic soil bucket proxy,True
2001-10-06,SB1,0.44,synthetic_demo,synthetic soil bucket proxy,True
2001-10-07,SB1,0.44,synthetic_demo,synthetic soil bucket proxy,True
2001-10-08,SB1,0.44,synthetic_demo,synthetic soil bucket proxy,True
2001-10-09,SB1,0.44,synthetic_demo,synthetic soil bucket proxy,True
2001-10-10,SB1,0.44,synthetic_demo,synthetic soil bucket proxy,True
2001-10-11,SB1,0.44,synthetic_demo,synthetic soil bucket proxy,True
2001-10-12,SB1,0.44,synthetic_demo,synthetic soil bucket proxy,True
2001-10-13,SB1,0.44,synthetic_demo,synthetic soil bucket proxy,True
2001-10-14,SB1,0.44,synthetic_demo,synthetic soil bucket proxy,True
2001-10-15,SB1,0.44,synthetic_demo,synthetic soil bucket proxy,True
2001-10-16,SB1,0.44,synthetic_demo,synthetic soil bucket proxy,True
2001-10-17,SB1,0.44,synthetic_demo,synthetic soil bucket proxy,True
2001-10-18,SB1,0.44,synthetic_demo,synthetic soil bucket proxy,True
2001-10-19,SB1,0.44,synthetic_demo,synthetic soil bucket proxy,True
2001-10-20,SB1,0.44,synthetic_demo,synthetic soil bucket proxy,True
2001-10-21,SB1,0.44,synthetic_demo,synthetic soil bucket proxy,True
2001-10-22,SB1,0.44,synthetic_demo,synthetic soil bucket proxy,True
2001-10-23,SB1,0.44,synthetic_demo,synthetic soil bucket proxy,True
2001-10-24,SB1,0.44,synthetic_demo,synthetic soil bucket proxy,True
2001-10-25,SB1,0.44,synthetic_demo,synthetic soil bucket proxy,True
2001-10-26,SB1,0.44,synthetic_demo,synthetic soil bucket proxy,True
2001-10-27,SB1,0.44,synthetic_demo,synthetic soil bucket proxy,True
2001-10-28,SB1,0.44,synthetic_demo,synthetic soil bucket proxy,True
2001-10-29,SB1,0.44,synthetic_demo,synthetic soil bucket proxy,True
2001-10-30,SB1,0.44,synthetic_demo,synthetic soil bucket proxy,True
2001-10-31,SB1,0.44,synthetic_demo,synthetic soil bucket proxy,True
2001-11-01,SB1,0.44,synthetic_demo,synthetic soil bucket proxy,True
2001-11-02,SB1,0.44,synthetic_demo,synthetic soil bucket proxy,True
2001-11-03,SB1,0.44,synthetic_demo,synthetic soil bucket proxy,True
2001-11-04,SB1,0.44,synthetic_demo,synthetic soil bucket proxy,True
2001-11-05,SB1,0.44,synthetic_demo,synthetic soil bucket proxy,True
2001-11-06,SB1,0.44,synthetic_demo,synthetic soil bucket proxy,True
2001-11-07,SB1,0.44,synthetic_demo,synthetic soil bucket proxy,True
2001-11-08,SB1,0.44,synthetic_demo,synthetic soil bucket proxy,True
2001-11-09,SB1,0.44,synthetic_demo,synthetic soil bucket proxy,True
2001-11-10,SB1,0.44,synthetic_demo,synthetic soil bucket proxy,True
2001-11-11,SB1,0.44,synthetic_demo,synthetic soil bucket proxy,True
2001-11-12,SB1,0.44,synthetic_demo,synthetic soil bucket proxy,True
2001-11-13,SB1,0.44,synthetic_demo,synthetic soil bucket proxy,True
2001-11-14,SB1,0.44,synthetic_demo,synthetic soil bucket proxy,True
2001-11-15,SB1,0.44,synthetic_demo,synthetic soil bucket proxy,True
2001-11-16,SB1,0.44,synthetic_demo,synthetic soil bucket proxy,True
2001-11-17,SB1,0.44,synthetic_demo,synthetic soil bucket proxy,True
2001-11-18,SB1,0.44,synthetic_demo,synthetic soil bucket proxy,True
2001-11-19,SB1,0.44,synthetic_demo,synthetic soil bucket proxy,True
2001-11-20,SB1,0.44,synthetic_demo,synthetic soil bucket proxy,True
2001-11-21,SB1,0.44,synthetic_demo,synthetic soil bucket proxy,True
2001-11-22,SB1,0.44,synthetic_demo,synthetic soil bucket proxy,True
2001-11-23,SB1,0.44,synthetic_demo,synthetic soil bucket proxy,True
2001-11-24,SB1,0.44,synthetic_demo,synthetic soil bucket proxy,True
2001-11-25,SB1,0.44,synthetic_demo,synthetic soil bucket proxy,True
2001-11-26,SB1,0.44,synthetic_demo,synthetic soil bucket proxy,True
2001-11-27,SB1,0.44,synthetic_demo,synthetic soil bucket proxy,True
2001-11-28,SB1,0.44,synthetic_demo,synthetic soil bucket proxy,True
2001-11-29,SB1,0.44,synthetic_demo,synthetic soil bucket proxy,True
2001-11-30,SB1,0.44,synthetic_demo,synthetic soil bucket proxy,True
2001-12-01,SB1,0.44,synthetic_demo,synthetic soil bucket proxy,True
2001-12-02,SB1,0.44,synthetic_demo,synthetic soil bucket proxy,True
2001-12-03,SB1,0.44,synthetic_demo,synthetic soil bucket proxy,True
2001-12-04,SB1,0.44,synthetic_demo,synthetic soil bucket proxy,True
2001-12-05,SB1,0.44,synthetic_demo,synthetic soil bucket proxy,True
2001-12-06,SB1,0.44,synthetic_demo,synthetic soil bucket proxy,True
2001-12-07,SB1,0.44,synthetic_demo,synthetic soil bucket proxy,True
2001-12-08,SB1,0.44,synthetic_demo,synthetic soil bucket proxy,True
2001-12-09,SB1,0.44,synthetic_demo,synthetic soil bucket proxy,True
2001-12-10,SB1,0.44,synthetic_demo,synthetic soil bucket proxy,True
2001-12-11,SB1,0.44,synthetic_demo,synthetic soil bucket proxy,True
2001-12-12,SB1,0.44,synthetic_demo,synthetic soil bucket proxy,True
2001-12-13,SB1,0.44,synthetic_demo,synthetic soil bucket proxy,True
2001-12-14,SB1,0.44,synthetic_demo,synthetic soil bucket proxy,True
2001-12-15,SB1,0.44,synthetic_demo,synthetic soil bucket proxy,True
2001-12-16,SB1,0.44,synthetic_demo,synthetic soil bucket proxy,True
2001-12-17,SB1,0.44,synthetic_demo,synthetic soil bucket proxy,True
2001-12-18,SB1,0.44,synthetic_demo,synthetic soil bucket proxy,True
2001-12-19,SB1,0.44,synthetic_demo,synthetic soil bucket proxy,True
2001-12-20,SB1,0.44,synthetic_demo,synthetic soil bucket proxy,True
2001-12-21,SB1,0.44,synthetic_demo,synthetic soil bucket proxy,True
2001-12-22,SB1,0.44,synthetic_demo,synthetic soil bucket proxy,True
2001-12-23,SB1,0.44,synthetic_demo,synthetic soil bucket proxy,True
2001-12-24,SB1,0.43641,synthetic_demo,synthetic soil bucket proxy,True
2001-12-25,SB1,0.43083,synthetic_demo,synthetic soil bucket proxy,True
2001-12-26,SB1,0.44,synthetic_demo,synthetic soil bucket proxy,True
2001-12-27,SB1,0.44,synthetic_demo,synthetic soil bucket proxy,True
2001-12-28,SB1,0.41083,synthetic_demo,synthetic soil bucket proxy,True
2001-12-29,SB1,0.43533,synthetic_demo,synthetic soil bucket proxy,True
2001-12-30,SB1,0.4129,synthetic_demo,synthetic soil bucket proxy,True
2001-12-31,SB1,0.41661,synthetic_demo,synthetic soil bucket proxy,True
2002-01-01,SB1,0.41006,synthetic_demo,synthetic soil bucket proxy,True
2002-01-02,SB1,0.40311,synthetic_demo,synthetic soil bucket proxy,True
2002-01-03,SB1,0.40196,synthetic_demo,synthetic soil bucket proxy,True
2002-01-04,SB1,0.42222,synthetic_demo,synthetic soil bucket proxy,True
2002-01-05,SB1,0.40554,synthetic_demo,synthetic soil bucket proxy,True
2002-01-06,SB1,0.39471,synthetic_demo,synthetic soil bucket proxy,True
2002-01-07,SB1,0.391,synthetic_demo,synthetic soil bucket proxy,True
2002-01-08,SB1,0.38928,synthetic_demo,synthetic soil bucket proxy,True
2002-01-09,SB1,0.38381,synthetic_demo,synthetic soil bucket proxy,True
2002-01-10,SB1,0.39003,synthetic_demo,synthetic soil bucket proxy,True
2002-01-11,SB1,0.39731,synthetic_demo,synthetic soil bucket proxy,True
2002-01-12,SB1,0.38958,synthetic_demo,synthetic soil bucket proxy,True
2002-01-13,SB1,0.33873,synthetic_demo,synthetic soil bucket proxy,True
2002-01-14,SB1,0.35209,synthetic_demo,synthetic soil bucket proxy,True
2002-01-15,SB1,0.34471,synthetic_demo,synthetic soil bucket proxy,True
2002-01-16,SB1,0.34164,synthetic_demo,synthetic soil bucket proxy,True
2002-01-17,SB1,0.31413,synthetic_demo,synthetic soil bucket proxy,True
2002-01-18,SB1,0.31956,synthetic_demo,synthetic soil bucket proxy,True
2002-01-19,SB1,0.30976,synthetic_demo,synthetic soil bucket proxy,True
2002-01-20,SB1,0.31297,synthetic_demo,synthetic soil bucket proxy,True
2002-01-21,SB1,0.30526,synthetic_demo,synthetic soil bucket proxy,True
2002-01-22,SB1,0.3039,synthetic_demo,synthetic soil bucket proxy,True
2002-01-23,SB1,0.29949,synthetic_demo,synthetic soil bucket proxy,True
2002-01-24,SB1,0.29966,synthetic_demo,synthetic soil bucket proxy,True
2002-01-25,SB1,0.28985,synthetic_demo,synthetic soil bucket proxy,True
2002-01-26,SB1,0.27754,synthetic_demo,synthetic soil bucket proxy,True
2002-01-27,SB1,0.2716,synthetic_demo,synthetic soil bucket proxy,True
2002-01-28,SB1,0.29162,synthetic_demo,synthetic soil bucket proxy,True
2002-01-29,SB1,0.27623,synthetic_demo,synthetic soil bucket proxy,True
2002-01-30,SB1,0.26138,synthetic_demo,synthetic soil bucket proxy,True
2002-01-31,SB1,0.29081,synthetic_demo,synthetic soil bucket proxy,True
2002-02-01,SB1,0.27584,synthetic_demo,synthetic soil bucket proxy,True
2002-02-02,SB1,0.28446,synthetic_demo,synthetic soil bucket proxy,True
2002-02-03,SB1,0.27989,synthetic_demo,synthetic soil bucket proxy,True
2002-02-04,SB1,0.25767,synthetic_demo,synthetic soil bucket proxy,True
2002-02-05,SB1,0.25972,synthetic_demo,synthetic soil bucket proxy,True
2002-02-06,SB1,0.25056,synthetic_demo,synthetic soil bucket proxy,True
2002-02-07,SB1,0.2544,synthetic_demo,synthetic soil bucket proxy,True
2002-02-08,SB1,0.2307,synthetic_demo,synthetic soil bucket proxy,True
2002-02-09,SB1,0.21556,synthetic_demo,synthetic soil bucket proxy,True
2002-02-10,SB1,0.22415,synthetic_demo,synthetic soil bucket proxy,True
2002-02-11,SB1,0.22024,synthetic_demo,synthetic soil bucket proxy,True
2002-02-12,SB1,0.21384,synthetic_demo,synthetic soil bucket proxy,True
2002-02-13,SB1,0.21113,synthetic_demo,synthetic soil bucket proxy,True
2002-02-14,SB1,0.20388,synthetic_demo,synthetic soil bucket proxy,True
2002-02-15,SB1,0.21156,synthetic_demo,synthetic soil bucket proxy,True
2002-02-16,SB1,0.20103,synthetic_demo,synthetic soil bucket proxy,True
2002-02-17,SB1,0.1992,synthetic_demo,synthetic soil bucket proxy,True
2002-02-18,SB1,0.27048,synthetic_demo,synthetic soil bucket proxy,True
2002-02-19,SB1,0.25719,synthetic_demo,synthetic soil bucket proxy,True
2002-02-20,SB1,0.25689,synthetic_demo,synthetic soil bucket proxy,True
2002-02-21,SB1,0.25898,synthetic_demo,synthetic soil bucket proxy,True
2002-02-22,SB1,0.25845,synthetic_demo,synthetic soil bucket proxy,True
2002-02-23,SB1,0.25724,synthetic_demo,synthetic soil bucket proxy,True
2002-02-24,SB1,0.23834,synthetic_demo,synthetic soil bucket proxy,True
2002-02-25,SB1,0.23081,synthetic_demo,synthetic soil bucket proxy,True
2002-02-26,SB1,0.23328,synthetic_demo,synthetic soil bucket proxy,True
2002-02-27,SB1,0.25251,synthetic_demo,synthetic soil bucket proxy,True
2002-02-28,SB1,0.24148,synthetic_demo,synthetic soil bucket proxy,True
2002-03-01,SB1,0.24839,synthetic_demo,synthetic soil bucket proxy,True
2002-03-02,SB1,0.24107,synthetic_demo,synthetic soil bucket proxy,True
2002-03-03,SB1,0.23906,synthetic_demo,synthetic soil bucket proxy,True
2002-03-04,SB1,0.25175,synthetic_demo,synthetic soil bucket proxy,True
2002-03-05,SB1,0.23425,synthetic_demo,synthetic soil bucket proxy,True
2002-03-06,SB1,0.25191,synthetic_demo,synthetic soil bucket proxy,True
2002-03-07,SB1,0.25017,synthetic_demo,synthetic soil bucket proxy,True
2002-03-08,SB1,0.24996,synthetic_demo,synthetic soil bucket proxy,True
2002-03-09,SB1,0.27089,synthetic_demo,synthetic soil bucket proxy,True
2002-03-10,SB1,0.253,synthetic_demo,synthetic soil bucket proxy,True
2002-03-11,SB1,0.2623,synthetic_demo,synthetic soil bucket proxy,True
2002-03-12,SB1,0.26994,synthetic_demo,synthetic soil bucket proxy,True
2002-03-13,SB1,0.24678,synthetic_demo,synthetic soil bucket proxy,True
2002-03-14,SB1,0.26364,synthetic_demo,synthetic soil bucket proxy,True
2002-03-15,SB1,0.27206,synthetic_demo,synthetic soil bucket proxy,True
2002-03-16,SB1,0.26241,synthetic_demo,synthetic soil bucket proxy,True
2002-03-17,SB1,0.27989,synthetic_demo,synthetic soil bucket proxy,True
2002-03-18,SB1,0.24863,synthetic_demo,synthetic soil bucket proxy,True
2002-03-19,SB1,0.2598,synthetic_demo,synthetic soil bucket proxy,True
2002-03-20,SB1,0.26503,synthetic_demo,synthetic soil bucket proxy,True
2002-03-21,SB1,0.25196,synthetic_demo,synthetic soil bucket proxy,True
2002-03-22,SB1,0.25987,synthetic_demo,synthetic soil bucket proxy,True
2002-03-23,SB1,0.26124,synthetic_demo,synthetic soil bucket proxy,True
2002-03-24,SB1,0.26826,synthetic_demo,synthetic soil bucket proxy,True
2002-03-25,SB1,0.27064,synthetic_demo,synthetic soil bucket proxy,True
2002-03-26,SB1,0.27221,synthetic_demo,synthetic soil bucket proxy,True
2002-03-27,SB1,0.25972,synthetic_demo,synthetic soil bucket proxy,True
2002-03-28,SB1,0.26076,synthetic_demo,synthetic soil bucket proxy,True
2002-03-29,SB1,0.26955,synthetic_demo,synthetic soil bucket proxy,True
2002-03-30,SB1,0.26227,synthetic_demo,synthetic soil bucket proxy,True
2002-03-31,SB1,0.25525,synthetic_demo,synthetic soil bucket proxy,True
2002-04-01,SB1,0.26178,synthetic_demo,synthetic soil bucket proxy,True
2002-04-02,SB1,0.26691,synthetic_demo,synthetic soil bucket proxy,True
2002-04-03,SB1,0.26293,synthetic_demo,synthetic soil bucket proxy,True
2002-04-04,SB1,0.27218,synthetic_demo,synthetic soil bucket proxy,True
2002-04-05,SB1,0.27362,synthetic_demo,synthetic soil bucket proxy,True
2002-04-06,SB1,0.28113,synthetic_demo,synthetic soil bucket proxy,True
2002-04-07,SB1,0.26694,synthetic_demo,synthetic soil bucket proxy,True
2002-04-08,SB1,0.28373,synthetic_demo,synthetic soil bucket proxy,True
2002-04-09,SB1,0.26773,synthetic_demo,synthetic soil bucket proxy,True
2002-04-10,SB1,0.25633,synthetic_demo,synthetic soil bucket proxy,True
2002-04-11,SB1,0.26331,synthetic_demo,synthetic soil bucket proxy,True
2002-04-12,SB1,0.2469,synthetic_demo,synthetic soil bucket proxy,True
2002-04-13,SB1,0.25221,synthetic_demo,synthetic soil bucket proxy,True
2002-04-14,SB1,0.25706,synthetic_demo,synthetic soil bucket proxy,True
2002-04-15,SB1,0.25076,synthetic_demo,synthetic soil bucket proxy,True
2002-04-16,SB1,0.2692,synthetic_demo,synthetic soil bucket proxy,True
2002-04-17,SB1,0.26487,synthetic_demo,synthetic soil bucket proxy,True
2002-04-18,SB1,0.27372,synthetic_demo,synthetic soil bucket proxy,True
2002-04-19,SB1,0.21396,synthetic_demo,synthetic soil bucket proxy,True
2002-04-20,SB1,0.20341,synthetic_demo,synthetic soil bucket proxy,True
2002-04-21,SB1,0.20543,synthetic_demo,synthetic soil bucket proxy,True
2002-04-22,SB1,0.21596,synthetic_demo,synthetic soil bucket proxy,True
2002-04-23,SB1,0.2154,synthetic_demo,synthetic soil bucket proxy,True
2002-04-24,SB1,0.21596,synthetic_demo,synthetic soil bucket proxy,True
2002-04-25,SB1,0.2094,synthetic_demo,synthetic soil bucket proxy,True
2002-04-26,SB1,0.21875,synthetic_demo,synthetic soil bucket proxy,True
2002-04-27,SB1,0.21098,synthetic_demo,synthetic soil bucket proxy,True
2002-04-28,SB1,0.21278,synthetic_demo,synthetic soil bucket proxy,True
2002-04-29,SB1,0.23177,synthetic_demo,synthetic soil bucket proxy,True
2002-04-30,SB1,0.20509,synthetic_demo,synthetic soil bucket proxy,True
2002-05-01,SB1,0.20798,synthetic_demo,synthetic soil bucket proxy,True
2002-05-02,SB1,0.21353,synthetic_demo,synthetic soil bucket proxy,True
2002-05-03,SB1,0.22313,synthetic_demo,synthetic soil bucket proxy,True
2002-05-04,SB1,0.22159,synthetic_demo,synthetic soil bucket proxy,True
2002-05-05,SB1,0.21317,synthetic_demo,synthetic soil bucket proxy,True
2002-05-06,SB1,0.2136,synthetic_demo,synthetic soil bucket proxy,True
2002-05-07,SB1,0.2176,synthetic_demo,synthetic soil bucket proxy,True
2002-05-08,SB1,0.18551,synthetic_demo,synthetic soil bucket proxy,True
2002-05-09,SB1,0.19943,synthetic_demo,synthetic soil bucket proxy,True
2002-05-10,SB1,0.19569,synthetic_demo,synthetic soil bucket proxy,True
2002-05-11,SB1,0.19953,synthetic_demo,synthetic soil bucket proxy,True
2002-05-12,SB1,0.20868,synthetic_demo,synthetic soil bucket proxy,True
2002-05-13,SB1,0.19533,synthetic_demo,synthetic soil bucket proxy,True
2002-05-14,SB1,0.20683,synthetic_demo,synthetic soil bucket proxy,True
2002-05-15,SB1,0.18795,synthetic_demo,synthetic soil bucket proxy,True
2002-05-16,SB1,0.19086,synthetic_demo,synthetic soil bucket proxy,True
2002-05-17,SB1,0.18784,synthetic_demo,synthetic soil bucket proxy,True
2002-05-18,SB1,0.19524,synthetic_demo,synthetic soil bucket proxy,True
2002-05-19,SB1,0.20417,synthetic_demo,synthetic soil bucket proxy,True
2002-05-20,SB1,0.19398,synthetic_demo,synthetic soil bucket proxy,True
2002-05-21,SB1,0.2142,synthetic_demo,synthetic soil bucket proxy,True
2002-05-22,SB1,0.20858,synthetic_demo,synthetic soil bucket proxy,True
2002-05-23,SB1,0.21022,synthetic_demo,synthetic soil bucket proxy,True
2002-05-24,SB1,0.21717,synthetic_demo,synthetic soil bucket proxy,True
2002-05-25,SB1,0.1958,synthetic_demo,synthetic soil bucket proxy,True
2002-05-26,SB1,0.1986,synthetic_demo,synthetic soil bucket proxy,True
2002-05-27,SB1,0.20808,synthetic_demo,synthetic soil bucket proxy,True
2002-05-28,SB1,0.2001,synthetic_demo,synthetic soil bucket proxy,True
2002-05-29,SB1,0.19587,synthetic_demo,synthetic soil bucket proxy,True
2002-05-30,SB1,0.19982,synthetic_demo,synthetic soil bucket proxy,True
2002-05-31,SB1,0.20622,synthetic_demo,synthetic soil bucket proxy,True
2002-06-01,SB1,0.20843,synthetic_demo,synthetic soil bucket proxy,True
2002-06-02,SB1,0.19202,synthetic_demo,synthetic soil bucket proxy,True
2002-06-03,SB1,0.20376,synthetic_demo,synthetic soil bucket proxy,True
2002-06-04,SB1,0.20418,synthetic_demo,synthetic soil bucket proxy,True
2002-06-05,SB1,0.20602,synthetic_demo,synthetic soil bucket proxy,True
2002-06-06,SB1,0.19108,synthetic_demo,synthetic soil bucket proxy,True
2002-06-07,SB1,0.19283,synthetic_demo,synthetic soil bucket proxy,True
2002-06-08,SB1,0.19057,synthetic_demo,synthetic soil bucket proxy,True
2002-06-09,SB1,0.2063,synthetic_demo,synthetic soil bucket proxy,True
2002-06-10,SB1,0.20359,synthetic_demo,synthetic soil bucket proxy,True
2002-06-11,SB1,0.20566,synthetic_demo,synthetic soil bucket proxy,True
2002-06-12,SB1,0.20447,synthetic_demo,synthetic soil bucket proxy,True
2002-06-13,SB1,0.19571,synthetic_demo,synthetic soil bucket proxy,True
2002-06-14,SB1,0.18774,synthetic_demo,synthetic soil bucket proxy,True
2002-06-15,SB1,0.19606,synthetic_demo,synthetic soil bucket proxy,True
2002-06-16,SB1,0.19065,synthetic_demo,synthetic soil bucket proxy,True
2002-06-17,SB1,0.20058,synthetic_demo,synthetic soil bucket proxy,True
2002-06-18,SB1,0.21204,synthetic_demo,synthetic soil bucket proxy,True
2002-06-19,SB1,0.19974,synthetic_demo,synthetic soil bucket proxy,True
2002-06-20,SB1,0.20997,synthetic_demo,synthetic soil bucket proxy,True
2002-06-21,SB1,0.19664,synthetic_demo,synthetic soil bucket proxy,True
2002-06-22,SB1,0.19372,synthetic_demo,synthetic soil bucket proxy,True
2002-06-23,SB1,0.18971,synthetic_demo,synthetic soil bucket proxy,True
2002-06-24,SB1,0.19131,synthetic_demo,synthetic soil bucket proxy,True
2002-06-25,SB1,0.19192,synthetic_demo,synthetic soil bucket proxy,True
2002-06-26,SB1,0.20146,synthetic_demo,synthetic soil bucket proxy,True
2002-06-27,SB1,0.18125,synthetic_demo,synthetic soil bucket proxy,True
2002-06-28,SB1,0.19695,synthetic_demo,synthetic soil bucket proxy,True
2002-06-29,SB1,0.20373,synthetic_demo,synthetic soil bucket proxy,True
2002-06-30,SB1,0.19294,synthetic_demo,synthetic soil bucket proxy,True
2002-07-01,SB1,0.20551,synthetic_demo,synthetic soil bucket proxy,True
2002-07-02,SB1,0.20877,synthetic_demo,synthetic soil bucket proxy,True
2002-07-03,SB1,0.20618,synthetic_demo,synthetic soil bucket proxy,True
2002-07-04,SB1,0.21785,synthetic_demo,synthetic soil bucket proxy,True
2002-07-05,SB1,0.20841,synthetic_demo,synthetic soil bucket proxy,True
2002-07-06,SB1,0.22971,synthetic_demo,synthetic soil bucket proxy,True
2002-07-07,SB1,0.22029,synthetic_demo,synthetic soil bucket proxy,True
2002-07-08,SB1,0.23051,synthetic_demo,synthetic soil bucket proxy,True
2002-07-09,SB1,0.24373,synthetic_demo,synthetic soil bucket proxy,True
2002-07-10,SB1,0.22972,synthetic_demo,synthetic soil bucket proxy,True
2002-07-11,SB1,0.24555,synthetic_demo,synthetic soil bucket proxy,True
2002-07-12,SB1,0.23848,synthetic_demo,synthetic soil bucket proxy,True
2002-07-13,SB1,0.24093,synthetic_demo,synthetic soil bucket proxy,True
2002-07-14,SB1,0.24386,synthetic_demo,synthetic soil bucket proxy,True
2002-07-15,SB1,0.2419,synthetic_demo,synthetic soil bucket proxy,True
2002-07-16,SB1,0.25201,synthetic_demo,synthetic soil bucket proxy,True
2002-07-17,SB1,0.2586,synthetic_demo,synthetic soil bucket proxy,True
2002-07-18,SB1,0.25808,synthetic_demo,synthetic soil bucket proxy,True
2002-07-19,SB1,0.25074,synthetic_demo,synthetic soil bucket proxy,True
2002-07-20,SB1,0.26028,synthetic_demo,synthetic soil bucket proxy,True
2002-07-21,SB1,0.24347,synthetic_demo,synthetic soil bucket proxy,True
2002-07-22,SB1,0.25132,synthetic_demo,synthetic soil bucket proxy,True
2002-07-23,SB1,0.25616,synthetic_demo,synthetic soil bucket proxy,True
2002-07-24,SB1,0.25034,synthetic_demo,synthetic soil bucket proxy,True
2002-07-25,SB1,0.26724,synthetic_demo,synthetic soil bucket proxy,True
2002-07-26,SB1,0.25702,synthetic_demo,synthetic soil bucket proxy,True
2002-07-27,SB1,0.26013,synthetic_demo,synthetic soil bucket proxy,True
2002-07-28,SB1,0.27449,synthetic_demo,synthetic soil bucket proxy,True
2002-07-29,SB1,0.26201,synthetic_demo,synthetic soil bucket proxy,True
2002-07-30,SB1,0.2607,synthetic_demo,synthetic soil bucket proxy,True
2002-07-31,SB1,0.26755,synthetic_demo,synthetic soil bucket proxy,True
2002-08-01,SB1,0.25934,synthetic_demo,synthetic soil bucket proxy,True
2002-08-02,SB1,0.25679,synthetic_demo,synthetic soil bucket proxy,True
2002-08-03,SB1,0.28235,synthetic_demo,synthetic soil bucket proxy,True
2002-08-04,SB1,0.2604,synthetic_demo,synthetic soil bucket proxy,True
2002-08-05,SB1,0.26708,synthetic_demo,synthetic soil bucket proxy,True
2002-08-06,SB1,0.26591,synthetic_demo,synthetic soil bucket proxy,True
2002-08-07,SB1,0.27781,synthetic_demo,synthetic soil bucket proxy,True
2002-08-08,SB1,0.27325,synthetic_demo,synthetic soil bucket proxy,True
2002-08-09,SB1,0.28666,synthetic_demo,synthetic soil bucket proxy,True
2002-08-10,SB1,0.28573,synthetic_demo,synthetic soil bucket proxy,True
2002-08-11,SB1,0.27516,synthetic_demo,synthetic soil bucket proxy,True
2002-08-12,SB1,0.29392,synthetic_demo,synthetic soil bucket proxy,True
2002-08-13,SB1,0.27538,synthetic_demo,synthetic soil bucket proxy,True
2002-08-14,SB1,0.26814,synthetic_demo,synthetic soil bucket proxy,True
2002-08-15,SB1,0.27238,synthetic_demo,synthetic soil bucket proxy,True
2002-08-16,SB1,0.27386,synthetic_demo,synthetic soil bucket proxy,True
2002-08-17,SB1,0.28922,synthetic_demo,synthetic soil bucket proxy,True
2002-08-18,SB1,0.2897,synthetic_demo,synthetic soil bucket proxy,True
2002-08-19,SB1,0.30171,synthetic_demo,synthetic soil bucket proxy,True
2002-08-20,SB1,0.29326,synthetic_demo,synthetic soil bucket proxy,True
2002-08-21,SB1,0.29599,synthetic_demo,synthetic soil bucket proxy,True
2002-08-22,SB1,0.31415,synthetic_demo,synthetic soil bucket proxy,True
2002-08-23,SB1,0.31049,synthetic_demo,synthetic soil bucket proxy,True
2002-08-24,SB1,0.30282,synthetic_demo,synthetic soil bucket proxy,True
2002-08-25,SB1,0.28573,synthetic_demo,synthetic soil bucket proxy,True
2002-08-26,SB1,0.31919,synthetic_demo,synthetic soil bucket proxy,True
2002-08-27,SB1,0.29817,synthetic_demo,synthetic soil bucket proxy,True
2002-08-28,SB1,0.29148,synthetic_demo,synthetic soil bucket proxy,True
2002-08-29,SB1,0.3011,synthetic_demo,synthetic soil bucket proxy,True
2002-08-30,SB1,0.29923,synthetic_demo,synthetic soil bucket proxy,True
2002-08-31,SB1,0.32183,synthetic_demo,synthetic soil bucket proxy,True
2002-09-01,SB1,0.31678,synthetic_demo,synthetic soil bucket proxy,True
2002-09-02,SB1,0.31428,synthetic_demo,synthetic soil bucket proxy,True
2002-09-03,SB1,0.32081,synthetic_demo,synthetic soil bucket proxy,True
2002-09-04,SB1,0.28695,synthetic_demo,synthetic soil bucket proxy,True
2002-09-05,SB1,0.30639,synthetic_demo,synthetic soil bucket proxy,True
2002-09-06,SB1,0.29717,synthetic_demo,synthetic soil bucket proxy,True
2002-09-07,SB1,0.28518,synthetic_demo,synthetic soil bucket proxy,True
2002-09-08,SB1,0.2971,synthetic_demo,synthetic soil bucket proxy,True
2002-09-09,SB1,0.29739,synthetic_demo,synthetic soil bucket proxy,True
2002-09-10,SB1,0.30024,synthetic_demo,synthetic soil bucket proxy,True
2002-09-11,SB1,0.32359,synthetic_demo,synthetic soil bucket proxy,True
2002-09-12,SB1,0.31829,synthetic_demo,synthetic soil bucket proxy,True
2002-09-13,SB1,0.33143,synthetic_demo,synthetic soil bucket proxy,True
2002-09-14,SB1,0.31687,synthetic_demo,synthetic soil bucket proxy,True
2002-09-15,SB1,0.30099,synthetic_demo,synthetic soil bucket proxy,True
2002-09-16,SB1,0.30996,synthetic_demo,synthetic soil bucket proxy,True
2002-09-17,SB1,0.31554,synthetic_demo,synthetic soil bucket proxy,True
2002-09-18,SB1,0.31567,synthetic_demo,synthetic soil bucket proxy,True
2002-09-19,SB1,0.32559,synthetic_demo,synthetic soil bucket proxy,True
2002-09-20,SB1,0.32041,synthetic_demo,synthetic soil bucket proxy,True
2002-09-21,SB1,0.30909,synthetic_demo,synthetic soil bucket proxy,True
2002-09-22,SB1,0.30061,synthetic_demo,synthetic soil bucket proxy,True
2002-09-23,SB1,0.30335,synthetic_demo,synthetic soil bucket proxy,True
2002-09-24,SB1,0.29337,synthetic_demo,synthetic soil bucket proxy,True
2002-09-25,SB1,0.30318,synthetic_demo,synthetic soil bucket proxy,True
2002-09-26,SB1,0.28875,synthetic_demo,synthetic soil bucket proxy,True
2002-09-27,SB1,0.29262,synthetic_demo,synthetic soil bucket proxy,True
2002-09-28,SB1,0.29553,synthetic_demo,synthetic soil bucket proxy,True
2002-09-29,SB1,0.30702,synthetic_demo,synthetic soil bucket proxy,True
2002-09-30,SB1,0.297,synthetic_demo,synthetic soil bucket proxy,True
2002-10-01,SB1,0.3075,synthetic_demo,synthetic soil bucket proxy,True
2002-10-02,SB1,0.30255,synthetic_demo,synthetic soil bucket proxy,True
2002-10-03,SB1,0.30155,synthetic_demo,synthetic soil bucket proxy,True
2002-10-04,SB1,0.29633,synthetic_demo,synthetic soil bucket proxy,True
2002-10-05,SB1,0.30415,synthetic_demo,synthetic soil bucket proxy,True
2002-10-06,SB1,0.31658,synthetic_demo,synthetic soil bucket proxy,True
2002-10-07,SB1,0.3141,synthetic_demo,synthetic soil bucket proxy,True
2002-10-08,SB1,0.32703,synthetic_demo,synthetic soil bucket proxy,True
2002-10-09,SB1,0.3257,synthetic_demo,synthetic soil bucket proxy,True
2002-10-10,SB1,0.33374,synthetic_demo,synthetic soil bucket proxy,True
2002-10-11,SB1,0.32974,synthetic_demo,synthetic soil bucket proxy,True
2002-10-12,SB1,0.34291,synthetic_demo,synthetic soil bucket proxy,True
2002-10-13,SB1,0.33647,synthetic_demo,synthetic soil bucket proxy,True
2002-10-14,SB1,0.34294,synthetic_demo,synthetic soil bucket proxy,True
2002-10-15,SB1,0.33416,synthetic_demo,synthetic soil bucket proxy,True
2002-10-16,SB1,0.3318,synthetic_demo,synthetic soil bucket proxy,True
2002-10-17,SB1,0.341,synthetic_demo,synthetic soil bucket proxy,True
2002-10-18,SB1,0.32813,synthetic_demo,synthetic soil bucket proxy,True
2002-10-19,SB1,0.33858,synthetic_demo,synthetic soil bucket proxy,True
2002-10-20,SB1,0.33905,synthetic_demo,synthetic soil bucket proxy,True
2002-10-21,SB1,0.3351,synthetic_demo,synthetic soil bucket proxy,True
2002-10-22,SB1,0.34076,synthetic_demo,synthetic soil bucket proxy,True
2002-10-23,SB1,0.33779,synthetic_demo,synthetic soil bucket proxy,True
2002-10-24,SB1,0.3424,synthetic_demo,synthetic soil bucket proxy,True
2002-10-25,SB1,0.34258,synthetic_demo,synthetic soil bucket proxy,True
2002-10-26,SB1,0.35099,synthetic_demo,synthetic soil bucket proxy,True
2002-10-27,SB1,0.3513,synthetic_demo,synthetic soil bucket proxy,True
2002-10-28,SB1,0.32902,synthetic_demo,synthetic soil bucket proxy,True
2002-10-29,SB1,0.34304,synthetic_demo,synthetic soil bucket proxy,True
2002-10-30,SB1,0.32593,synthetic_demo,synthetic soil bucket proxy,True
2002-10-31,SB1,0.30988,synthetic_demo,synthetic soil bucket proxy,True
2002-11-01,SB1,0.32468,synthetic_demo,synthetic soil bucket proxy,True
2002-11-02,SB1,0.31878,synthetic_demo,synthetic soil bucket proxy,True
2002-11-03,SB1,0.35818,synthetic_demo,synthetic soil bucket proxy,True
2002-11-04,SB1,0.34559,synthetic_demo,synthetic soil bucket proxy,True
2002-11-05,SB1,0.33333,synthetic_demo,synthetic soil bucket proxy,True
2002-11-06,SB1,0.32715,synthetic_demo,synthetic soil bucket proxy,True
2002-11-07,SB1,0.33893,synthetic_demo,synthetic soil bucket proxy,True
2002-11-08,SB1,0.31464,synthetic_demo,synthetic soil bucket proxy,True
2002-11-09,SB1,0.31278,synthetic_demo,synthetic soil bucket proxy,True
2002-11-10,SB1,0.30043,synthetic_demo,synthetic soil bucket proxy,True
2002-11-11,SB1,0.30847,synthetic_demo,synthetic soil bucket proxy,True
2002-11-12,SB1,0.30464,synthetic_demo,synthetic soil bucket proxy,True
2002-11-13,SB1,0.32577,synthetic_demo,synthetic soil bucket proxy,True
2002-11-14,SB1,0.32812,synthetic_demo,synthetic soil bucket proxy,True
2002-11-15,SB1,0.32411,synthetic_demo,synthetic soil bucket proxy,True
2002-11-16,SB1,0.33349,synthetic_demo,synthetic soil bucket proxy,True
2002-11-17,SB1,0.33368,synthetic_demo,synthetic soil bucket proxy,True
2002-11-18,SB1,0.31095,synthetic_demo,synthetic soil bucket proxy,True
2002-11-19,SB1,0.32867,synthetic_demo,synthetic soil bucket proxy,True
2002-11-20,SB1,0.33183,synthetic_demo,synthetic soil bucket proxy,True
2002-11-21,SB1,0.34693,synthetic_demo,synthetic soil bucket proxy,True
2002-11-22,SB1,0.32633,synthetic_demo,synthetic soil bucket proxy,True
2002-11-23,SB1,0.33167,synthetic_demo,synthetic soil bucket proxy,True
2002-11-24,SB1,0.32697,synthetic_demo,synthetic soil bucket proxy,True
2002-11-25,SB1,0.33257,synthetic_demo,synthetic soil bucket proxy,True
2002-11-26,SB1,0.3498,synthetic_demo,synthetic soil bucket proxy,True
2002-11-27,SB1,0.33821,synthetic_demo,synthetic soil bucket proxy,True
2002-11-28,SB1,0.33823,synthetic_demo,synthetic soil bucket proxy,True
2002-11-29,SB1,0.32058,synthetic_demo,synthetic soil bucket proxy,True
2002-11-30,SB1,0.33219,synthetic_demo,synthetic soil bucket proxy,True
2002-12-01,SB1,0.33332,synthetic_demo,synthetic soil bucket proxy,True
2002-12-02,SB1,0.33489,synthetic_demo,synthetic soil bucket proxy,True
2002-12-03,SB1,0.3425,synthetic_demo,synthetic soil bucket proxy,True
2002-12-04,SB1,0.32558,synthetic_demo,synthetic soil bucket proxy,True
2002-12-05,SB1,0.3065,synthetic_demo,synthetic soil bucket proxy,True
2002-12-06,SB1,0.31749,synthetic_demo,synthetic soil bucket proxy,True
2002-12-07,SB1,0.29839,synthetic_demo,synthetic soil bucket proxy,True
2002-12-08,SB1,0.30448,synthetic_demo,synthetic soil bucket proxy,True
2002-12-09,SB1,0.29818,synthetic_demo,synthetic soil bucket proxy,True
2002-12-10,SB1,0.2802,synthetic_demo,synthetic soil bucket proxy,True
2002-12-11,SB1,0.28945,synthetic_demo,synthetic soil bucket proxy,True
2002-12-12,SB1,0.29278,synthetic_demo,synthetic soil bucket proxy,True
2002-12-13,SB1,0.28563,synthetic_demo,synthetic soil bucket proxy,True
2002-12-14,SB1,0.28503,synthetic_demo,synthetic soil bucket proxy,True
2002-12-15,SB1,0.26415,synthetic_demo,synthetic soil bucket proxy,True
2002-12-16,SB1,0.27543,synthetic_demo,synthetic soil bucket proxy,True
2002-12-17,SB1,0.28545,synthetic_demo,synthetic soil bucket proxy,True
2002-12-18,SB1,0.26084,synthetic_demo,synthetic soil bucket proxy,True
2002-12-19,SB1,0.26609,synthetic_demo,synthetic soil bucket proxy,True
2002-12-20,SB1,0.26024,synthetic_demo,synthetic soil bucket proxy,True
2002-12-21,SB1,0.26377,synthetic_demo,synthetic soil bucket proxy,True
2002-12-22,SB1,0.25055,synthetic_demo,synthetic soil bucket proxy,True
2002-12-23,SB1,0.25523,synthetic_demo,synthetic soil bucket proxy,True
2002-12-24,SB1,0.26983,synthetic_demo,synthetic soil bucket proxy,True
2002-12-25,SB1,0.26624,synthetic_demo,synthetic soil bucket proxy,True
2002-12-26,SB1,0.25063,synthetic_demo,synthetic soil bucket proxy,True
2002-12-27,SB1,0.26108,synthetic_demo,synthetic soil bucket proxy,True
2002-12-28,SB1,0.2923,synthetic_demo,synthetic soil bucket proxy,True
2002-12-29,SB1,0.28226,synthetic_demo,synthetic soil bucket proxy,True
2002-12-30,SB1,0.27143,synthetic_demo,synthetic soil bucket proxy,True
2002-12-31,SB1,0.28829,synthetic_demo,synthetic soil bucket proxy,True
2003-01-01,SB1,0.28595,synthetic_demo,synthetic soil bucket proxy,True
2003-01-02,SB1,0.27246,synthetic_demo,synthetic soil bucket proxy,True
2003-01-03,SB1,0.2647,synthetic_demo,synthetic soil bucket proxy,True
2003-01-04,SB1,0.25757,synthetic_demo,synthetic soil bucket proxy,True
2003-01-05,SB1,0.26038,synthetic_demo,synthetic soil bucket proxy,True
2003-01-06,SB1,0.26024,synthetic_demo,synthetic soil bucket proxy,True
2003-01-07,SB1,0.26039,synthetic_demo,synthetic soil bucket proxy,True
2003-01-08,SB1,0.26734,synthetic_demo,synthetic soil bucket proxy,True
2003-01-09,SB1,0.26454,synthetic_demo,synthetic soil bucket proxy,True
2003-01-10,SB1,0.26193,synthetic_demo,synthetic soil bucket proxy,True
2003-01-11,SB1,0.25886,synthetic_demo,synthetic soil bucket proxy,True
2003-01-12,SB1,0.23814,synthetic_demo,synthetic soil bucket proxy,True
2003-01-13,SB1,0.24998,synthetic_demo,synthetic soil bucket proxy,True
2003-01-14,SB1,0.25437,synthetic_demo,synthetic soil bucket proxy,True
2003-01-15,SB1,0.25252,synthetic_demo,synthetic soil bucket proxy,True
2003-01-16,SB1,0.23981,synthetic_demo,synthetic soil bucket proxy,True
2003-01-17,SB1,0.25992,synthetic_demo,synthetic soil bucket proxy,True
2003-01-18,SB1,0.25115,synthetic_demo,synthetic soil bucket proxy,True
2003-01-19,SB1,0.24524,synthetic_demo,synthetic soil bucket proxy,True
2003-01-20,SB1,0.24108,synthetic_demo,synthetic soil bucket proxy,True
2003-01-21,SB1,0.24758,synthetic_demo,synthetic soil bucket proxy,True
2003-01-22,SB1,0.24973,synthetic_demo,synthetic soil bucket proxy,True
2003-01-23,SB1,0.23691,synthetic_demo,synthetic soil bucket proxy,True
2003-01-24,SB1,0.25376,synthetic_demo,synthetic soil bucket proxy,True
2003-01-25,SB1,0.23621,synthetic_demo,synthetic soil bucket proxy,True
2003-01-26,SB1,0.2306,synthetic_demo,synthetic soil bucket proxy,True
2003-01-27,SB1,0.24535,synthetic_demo,synthetic soil bucket proxy,True
2003-01-28,SB1,0.23432,synthetic_demo,synthetic soil bucket proxy,True
2003-01-29,SB1,0.23306,synthetic_demo,synthetic soil bucket proxy,True
2003-01-30,SB1,0.24774,synthetic_demo,synthetic soil bucket proxy,True
2003-01-31,SB1,0.24194,synthetic_demo,synthetic soil bucket proxy,True
2003-02-01,SB1,0.22192,synthetic_demo,synthetic soil bucket proxy,True
2003-02-02,SB1,0.24011,synthetic_demo,synthetic soil bucket proxy,True
2003-02-03,SB1,0.24516,synthetic_demo,synthetic soil bucket proxy,True
2003-02-04,SB1,0.23451,synthetic_demo,synthetic soil bucket proxy,True
2003-02-05,SB1,0.22992,synthetic_demo,synthetic soil bucket proxy,True
2003-02-06,SB1,0.22566,synthetic_demo,synthetic soil bucket proxy,True
2003-02-07,SB1,0.24076,synthetic_demo,synthetic soil bucket proxy,True
2003-02-08,SB1,0.24711,synthetic_demo,synthetic soil bucket proxy,True
2003-02-09,SB1,0.2285,synthetic_demo,synthetic soil bucket proxy,True
2003-02-10,SB1,0.24385,synthetic_demo,synthetic soil bucket proxy,True
2003-02-11,SB1,0.23602,synthetic_demo,synthetic soil bucket proxy,True
2003-02-12,SB1,0.23098,synthetic_demo,synthetic soil bucket proxy,True
2003-02-13,SB1,0.22311,synthetic_demo,synthetic soil bucket proxy,True
2003-02-14,SB1,0.23265,synthetic_demo,synthetic soil bucket proxy,True
2003-02-15,SB1,0.22269,synthetic_demo,synthetic soil bucket proxy,True
2003-02-16,SB1,0.25687,synthetic_demo,synthetic soil bucket proxy,True
2003-02-17,SB1,0.22515,synthetic_demo,synthetic soil bucket proxy,True
2003-02-18,SB1,0.23834,synthetic_demo,synthetic soil bucket proxy,True
2003-02-19,SB1,0.22692,synthetic_demo,synthetic soil bucket proxy,True
2003-02-20,SB1,0.23742,synthetic_demo,synthetic soil bucket proxy,True
2003-02-21,SB1,0.23587,synthetic_demo,synthetic soil bucket proxy,True
2003-02-22,SB1,0.22966,synthetic_demo,synthetic soil bucket proxy,True
2003-02-23,SB1,0.22416,synthetic_demo,synthetic soil bucket proxy,True
2003-02-24,SB1,0.22005,synthetic_demo,synthetic soil bucket proxy,True
2003-02-25,SB1,0.22219,synthetic_demo,synthetic soil bucket proxy,True
2003-02-26,SB1,0.20074,synthetic_demo,synthetic soil bucket proxy,True
2003-02-27,SB1,0.19723,synthetic_demo,synthetic soil bucket proxy,True
2003-02-28,SB1,0.20674,synthetic_demo,synthetic soil bucket proxy,True
2003-03-01,SB1,0.20597,synthetic_demo,synthetic soil bucket proxy,True
2003-03-02,SB1,0.20407,synthetic_demo,synthetic soil bucket proxy,True
2003-03-03,SB1,0.20728,synthetic_demo,synthetic soil bucket proxy,True
2003-03-04,SB1,0.20237,synthetic_demo,synthetic soil bucket proxy,True
2003-03-05,SB1,0.20422,synthetic_demo,synthetic soil bucket proxy,True
2003-03-06,SB1,0.21187,synthetic_demo,synthetic soil bucket proxy,True
2003-03-07,SB1,0.18792,synthetic_demo,synthetic soil bucket proxy,True
2003-03-08,SB1,0.20836,synthetic_demo,synthetic soil bucket proxy,True
2003-03-09,SB1,0.19284,synthetic_demo,synthetic soil bucket proxy,True
2003-03-10,SB1,0.20266,synthetic_demo,synthetic soil bucket proxy,True
2003-03-11,SB1,0.21233,synthetic_demo,synthetic soil bucket proxy,True
2003-03-12,SB1,0.20517,synthetic_demo,synthetic soil bucket proxy,True
2003-03-13,SB1,0.1852,synthetic_demo,synthetic soil bucket proxy,True
2003-03-14,SB1,0.20234,synthetic_demo,synthetic soil bucket proxy,True
2003-03-15,SB1,0.17909,synthetic_demo,synthetic soil bucket proxy,True
2003-03-16,SB1,0.18298,synthetic_demo,synthetic soil bucket proxy,True
2003-03-17,SB1,0.18197,synthetic_demo,synthetic soil bucket proxy,True
2003-03-18,SB1,0.17962,synthetic_demo,synthetic soil bucket proxy,True
2003-03-19,SB1,0.19035,synthetic_demo,synthetic soil bucket proxy,True
2003-03-20,SB1,0.17703,synthetic_demo,synthetic soil bucket proxy,True
2003-03-21,SB1,0.18465,synthetic_demo,synthetic soil bucket proxy,True
2003-03-22,SB1,0.18907,synthetic_demo,synthetic soil bucket proxy,True
2003-03-23,SB1,0.20523,synthetic_demo,synthetic soil bucket proxy,True
2003-03-24,SB1,0.1906,synthetic_demo,synthetic soil bucket proxy,True
2003-03-25,SB1,0.17738,synthetic_demo,synthetic soil bucket proxy,True
2003-03-26,SB1,0.1889,synthetic_demo,synthetic soil bucket proxy,True
2003-03-27,SB1,0.19052,synthetic_demo,synthetic soil bucket proxy,True
2003-03-28,SB1,0.17173,synthetic_demo,synthetic soil bucket proxy,True
2003-03-29,SB1,0.19591,synthetic_demo,synthetic soil bucket proxy,True
2003-03-30,SB1,0.16135,synthetic_demo,synthetic soil bucket proxy,True
2003-03-31,SB1,0.19628,synthetic_demo,synthetic soil bucket proxy,True
2003-04-01,SB1,0.18408,synthetic_demo,synthetic soil bucket proxy,True
2003-04-02,SB1,0.19642,synthetic_demo,synthetic soil bucket proxy,True
2003-04-03,SB1,0.18266,synthetic_demo,synthetic soil bucket proxy,True
2003-04-04,SB1,0.18695,synthetic_demo,synthetic soil bucket proxy,True
2003-04-05,SB1,0.18874,synthetic_demo,synthetic soil bucket proxy,True
2003-04-06,SB1,0.17573,synthetic_demo,synthetic soil bucket proxy,True
2003-04-07,SB1,0.19178,synthetic_demo,synthetic soil bucket proxy,True
2003-04-08,SB1,0.185,synthetic_demo,synthetic soil bucket proxy,True
2003-04-09,SB1,0.19658,synthetic_demo,synthetic soil bucket proxy,True
2003-04-10,SB1,0.19664,synthetic_demo,synthetic soil bucket proxy,True
2003-04-11,SB1,0.19233,synthetic_demo,synthetic soil bucket proxy,True
2003-04-12,SB1,0.19063,synthetic_demo,synthetic soil bucket proxy,True
2003-04-13,SB1,0.20445,synthetic_demo,synthetic soil bucket proxy,True
2003-04-14,SB1,0.20231,synthetic_demo,synthetic soil bucket proxy,True
2003-04-15,SB1,0.21125,synthetic_demo,synthetic soil bucket proxy,True
2003-04-16,SB1,0.19865,synthetic_demo,synthetic soil bucket proxy,True
2003-04-17,SB1,0.20016,synthetic_demo,synthetic soil bucket proxy,True
2003-04-18,SB1,0.21655,synthetic_demo,synthetic soil bucket proxy,True
2003-04-19,SB1,0.212,synthetic_demo,synthetic soil bucket proxy,True
2003-04-20,SB1,0.22813,synthetic_demo,synthetic soil bucket proxy,True
2003-04-21,SB1,0.22653,synthetic_demo,synthetic soil bucket proxy,True
2003-04-22,SB1,0.21601,synthetic_demo,synthetic soil bucket proxy,True
2003-04-23,SB1,0.22007,synthetic_demo,synthetic soil bucket proxy,True
2003-04-24,SB1,0.1924,synthetic_demo,synthetic soil bucket proxy,True
2003-04-25,SB1,0.21487,synthetic_demo,synthetic soil bucket proxy,True
2003-04-26,SB1,0.21159,synthetic_demo,synthetic soil bucket proxy,True
2003-04-27,SB1,0.21977,synthetic_demo,synthetic soil bucket proxy,True
2003-04-28,SB1,0.22246,synthetic_demo,synthetic soil bucket proxy,True
2003-04-29,SB1,0.21419,synthetic_demo,synthetic soil bucket proxy,True
2003-04-30,SB1,0.20578,synthetic_demo,synthetic soil bucket proxy,True
2003-05-01,SB1,0.22002,synthetic_demo,synthetic soil bucket proxy,True
2003-05-02,SB1,0.20954,synthetic_demo,synthetic soil bucket proxy,True
2003-05-03,SB1,0.2223,synthetic_demo,synthetic soil bucket proxy,True
2003-05-04,SB1,0.22653,synthetic_demo,synthetic soil bucket proxy,True
2003-05-05,SB1,0.2124,synthetic_demo,synthetic soil bucket proxy,True
2003-05-06,SB1,0.21487,synthetic_demo,synthetic soil bucket proxy,True
2003-05-07,SB1,0.19736,synthetic_demo,synthetic soil bucket proxy,True
2003-05-08,SB1,0.21837,synthetic_demo,synthetic soil bucket proxy,True
2003-05-09,SB1,0.21244,synthetic_demo,synthetic soil bucket proxy,True
2003-05-10,SB1,0.22134,synthetic_demo,synthetic soil bucket proxy,True
2003-05-11,SB1,0.22463,synthetic_demo,synthetic soil bucket proxy,True
2003-05-12,SB1,0.20887,synthetic_demo,synthetic soil bucket proxy,True
2003-05-13,SB1,0.20703,synthetic_demo,synthetic soil bucket proxy,True
2003-05-14,SB1,0.21207,synthetic_demo,synthetic soil bucket proxy,True
2003-05-15,SB1,0.22486,synthetic_demo,synthetic soil bucket proxy,True
2003-05-16,SB1,0.21041,synthetic_demo,synthetic soil bucket proxy,True
2003-05-17,SB1,0.2114,synthetic_demo,synthetic soil bucket proxy,True
2003-05-18,SB1,0.23073,synthetic_demo,synthetic soil bucket proxy,True
2003-05-19,SB1,0.21746,synthetic_demo,synthetic soil bucket proxy,True
2003-05-20,SB1,0.19898,synthetic_demo,synthetic soil bucket proxy,True
2003-05-21,SB1,0.22016,synthetic_demo,synthetic soil bucket proxy,True
2003-05-22,SB1,0.21177,synthetic_demo,synthetic soil bucket proxy,True
2003-05-23,SB1,0.20646,synthetic_demo,synthetic soil bucket proxy,True
2003-05-24,SB1,0.22651,synthetic_demo,synthetic soil bucket proxy,True
2003-05-25,SB1,0.21938,synthetic_demo,synthetic soil bucket proxy,True
2003-05-26,SB1,0.21386,synthetic_demo,synthetic soil bucket proxy,True
2003-05-27,SB1,0.21786,synthetic_demo,synthetic soil bucket proxy,True
2003-05-28,SB1,0.22195,synthetic_demo,synthetic soil bucket proxy,True
2003-05-29,SB1,0.21899,synthetic_demo,synthetic soil bucket proxy,True
2003-05-30,SB1,0.22677,synthetic_demo,synthetic soil bucket proxy,True
2003-05-31,SB1,0.2311,synthetic_demo,synthetic soil bucket proxy,True
2003-06-01,SB1,0.23362,synthetic_demo,synthetic soil bucket proxy,True
2003-06-02,SB1,0.21868,synthetic_demo,synthetic soil bucket proxy,True
2003-06-03,SB1,0.22327,synthetic_demo,synthetic soil bucket proxy,True
2003-06-04,SB1,0.22874,synthetic_demo,synthetic soil bucket proxy,True
2003-06-05,SB1,0.22443,synthetic_demo,synthetic soil bucket proxy,True
2003-06-06,SB1,0.20584,synthetic_demo,synthetic soil bucket proxy,True
2003-06-07,SB1,0.21969,synthetic_demo,synthetic soil bucket proxy,True
2003-06-08,SB1,0.22306,synthetic_demo,synthetic soil bucket proxy,True
2003-06-09,SB1,0.22499,synthetic_demo,synthetic soil bucket proxy,True
2003-06-10,SB1,0.22854,synthetic_demo,synthetic soil bucket proxy,True
2003-06-11,SB1,0.20782,synthetic_demo,synthetic soil bucket proxy,True
2003-06-12,SB1,0.20516,synthetic_demo,synthetic soil bucket proxy,True
2003-06-13,SB1,0.20763,synthetic_demo,synthetic soil bucket proxy,True
2003-06-14,SB1,0.20305,synthetic_demo,synthetic soil bucket proxy,True
2003-06-15,SB1,0.18812,synthetic_demo,synthetic soil bucket proxy,True
2003-06-16,SB1,0.19438,synthetic_demo,synthetic soil bucket proxy,True
2003-06-17,SB1,0.21581,synthetic_demo,synthetic soil bucket proxy,True
2003-06-18,SB1,0.20839,synthetic_demo,synthetic soil bucket proxy,True
2003-06-19,SB1,0.18849,synthetic_demo,synthetic soil bucket proxy,True
2003-06-20,SB1,0.19386,synthetic_demo,synthetic soil bucket proxy,True
2003-06-21,SB1,0.19984,synthetic_demo,synthetic soil bucket proxy,True
2003-06-22,SB1,0.19132,synthetic_demo,synthetic soil bucket proxy,True
2003-06-23,SB1,0.18724,synthetic_demo,synthetic soil bucket proxy,True
2003-06-24,SB1,0.19788,synthetic_demo,synthetic soil bucket proxy,True
2003-06-25,SB1,0.20148,synthetic_demo,synthetic soil bucket proxy,True
2003-06-26,SB1,0.18777,synthetic_demo,synthetic soil bucket proxy,True
2003-06-27,SB1,0.20286,synthetic_demo,synthetic soil bucket proxy,True
2003-06-28,SB1,0.21176,synthetic_demo,synthetic soil bucket proxy,True
2003-06-29,SB1,0.20656,synthetic_demo,synthetic soil bucket proxy,True
2003-06-30,SB1,0.20116,synthetic_demo,synthetic soil bucket proxy,True
2003-07-01,SB1,0.22032,synthetic_demo,synthetic soil bucket proxy,True
2003-07-02,SB1,0.23473,synthetic_demo,synthetic soil bucket proxy,True
2003-07-03,SB1,0.23382,synthetic_demo,synthetic soil bucket proxy,True
2003-07-04,SB1,0.22732,synthetic_demo,synthetic soil bucket proxy,True
2003-07-05,SB1,0.24725,synthetic_demo,synthetic soil bucket proxy,True
2003-07-06,SB1,0.24083,synthetic_demo,synthetic soil bucket proxy,True
2003-07-07,SB1,0.23068,synthetic_demo,synthetic soil bucket proxy,True
2003-07-08,SB1,0.23068,synthetic_demo,synthetic soil bucket proxy,True
2003-07-09,SB1,0.24638,synthetic_demo,synthetic soil bucket proxy,True
2003-07-10,SB1,0.23539,synthetic_demo,synthetic soil bucket proxy,True
2003-07-11,SB1,0.23228,synthetic_demo,synthetic soil bucket proxy,True
2003-07-12,SB1,0.24114,synthetic_demo,synthetic soil bucket proxy,True
2003-07-13,SB1,0.23591,synthetic_demo,synthetic soil bucket proxy,True
2003-07-14,SB1,0.22656,synthetic_demo,synthetic soil bucket proxy,True
2003-07-15,SB1,0.23281,synthetic_demo,synthetic soil bucket proxy,True
2003-07-16,SB1,0.24136,synthetic_demo,synthetic soil bucket proxy,True
2003-07-17,SB1,0.24512,synthetic_demo,synthetic soil bucket proxy,True
2003-07-18,SB1,0.2643,synthetic_demo,synthetic soil bucket proxy,True
2003-07-19,SB1,0.26343,synthetic_demo,synthetic soil bucket proxy,True
2003-07-20,SB1,0.26818,synthetic_demo,synthetic soil bucket proxy,True
2003-07-21,SB1,0.27115,synthetic_demo,synthetic soil bucket proxy,True
2003-07-22,SB1,0.27529,synthetic_demo,synthetic soil bucket proxy,True
2003-07-23,SB1,0.26521,synthetic_demo,synthetic soil bucket proxy,True
2003-07-24,SB1,0.27404,synthetic_demo,synthetic soil bucket proxy,True
2003-07-25,SB1,0.27335,synthetic_demo,synthetic soil bucket proxy,True
2003-07-26,SB1,0.25946,synthetic_demo,synthetic soil bucket proxy,True
2003-07-27,SB1,0.26665,synthetic_demo,synthetic soil bucket proxy,True
2003-07-28,SB1,0.26572,synthetic_demo,synthetic soil bucket proxy,True
2003-07-29,SB1,0.25695,synthetic_demo,synthetic soil bucket proxy,True
2003-07-30,SB1,0.264,synthetic_demo,synthetic soil bucket proxy,True
2003-07-31,SB1,0.25554,synthetic_demo,synthetic soil bucket proxy,True
2003-08-01,SB1,0.25769,synthetic_demo,synthetic soil bucket proxy,True
2003-08-02,SB1,0.25431,synthetic_demo,synthetic soil bucket proxy,True
2003-08-03,SB1,0.2483,synthetic_demo,synthetic soil bucket proxy,True
2003-08-04,SB1,0.25467,synthetic_demo,synthetic soil bucket proxy,True
2003-08-05,SB1,0.26069,synthetic_demo,synthetic soil bucket proxy,True
2003-08-06,SB1,0.27834,synthetic_demo,synthetic soil bucket proxy,True
2003-08-07,SB1,0.29719,synthetic_demo,synthetic soil bucket proxy,True
2003-08-08,SB1,0.2888,synthetic_demo,synthetic soil bucket proxy,True
2003-08-09,SB1,0.29952,synthetic_demo,synthetic soil bucket proxy,True
2003-08-10,SB1,0.30802,synthetic_demo,synthetic soil bucket proxy,True
2003-08-11,SB1,0.30523,synthetic_demo,synthetic soil bucket proxy,True
2003-08-12,SB1,0.28997,synthetic_demo,synthetic soil bucket proxy,True
2003-08-13,SB1,0.30154,synthetic_demo,synthetic soil bucket proxy,True
2003-08-14,SB1,0.29446,synthetic_demo,synthetic soil bucket proxy,True
2003-08-15,SB1,0.29897,synthetic_demo,synthetic soil bucket proxy,True
2003-08-16,SB1,0.29342,synthetic_demo,synthetic soil bucket proxy,True
2003-08-17,SB1,0.29011,synthetic_demo,synthetic soil bucket proxy,True
2003-08-18,SB1,0.30356,synthetic_demo,synthetic soil bucket proxy,True
2003-08-19,SB1,0.31131,synthetic_demo,synthetic soil bucket proxy,True
2003-08-20,SB1,0.35458,synthetic_demo,synthetic soil bucket proxy,True
2003-08-21,SB1,0.32126,synthetic_demo,synthetic soil bucket proxy,True
2003-08-22,SB1,0.35176,synthetic_demo,synthetic soil bucket proxy,True
2003-08-23,SB1,0.3502,synthetic_demo,synthetic soil bucket proxy,True
2003-08-24,SB1,0.34971,synthetic_demo,synthetic soil bucket proxy,True
2003-08-25,SB1,0.34519,synthetic_demo,synthetic soil bucket proxy,True
2003-08-26,SB1,0.35953,synthetic_demo,synthetic soil bucket proxy,True
2003-08-27,SB1,0.34263,synthetic_demo,synthetic soil bucket proxy,True
2003-08-28,SB1,0.34638,synthetic_demo,synthetic soil bucket proxy,True
2003-08-29,SB1,0.33754,synthetic_demo,synthetic soil bucket proxy,True
2003-08-30,SB1,0.33108,synthetic_demo,synthetic soil bucket proxy,True
2003-08-31,SB1,0.34727,synthetic_demo,synthetic soil bucket proxy,True
2003-09-01,SB1,0.33488,synthetic_demo,synthetic soil bucket proxy,True
2003-09-02,SB1,0.33764,synthetic_demo,synthetic soil bucket proxy,True
2003-09-03,SB1,0.33039,synthetic_demo,synthetic soil bucket proxy,True
2003-09-04,SB1,0.33417,synthetic_demo,synthetic soil bucket proxy,True
2003-09-05,SB1,0.33346,synthetic_demo,synthetic soil bucket proxy,True
2003-09-06,SB1,0.33995,synthetic_demo,synthetic soil bucket proxy,True
2003-09-07,SB1,0.33616,synthetic_demo,synthetic soil bucket proxy,True
2003-09-08,SB1,0.35646,synthetic_demo,synthetic soil bucket proxy,True
2003-09-09,SB1,0.3226,synthetic_demo,synthetic soil bucket proxy,True
2003-09-10,SB1,0.34086,synthetic_demo,synthetic soil bucket proxy,True
2003-09-11,SB1,0.33578,synthetic_demo,synthetic soil bucket proxy,True
2003-09-12,SB1,0.34086,synthetic_demo,synthetic soil bucket proxy,True
2003-09-13,SB1,0.3398,synthetic_demo,synthetic soil bucket proxy,True
2003-09-14,SB1,0.33046,synthetic_demo,synthetic soil bucket proxy,True
2003-09-15,SB1,0.31123,synthetic_demo,synthetic soil bucket proxy,True
2003-09-16,SB1,0.31904,synthetic_demo,synthetic soil bucket proxy,True
2003-09-17,SB1,0.31026,synthetic_demo,synthetic soil bucket proxy,True
2003-09-18,SB1,0.31546,synthetic_demo,synthetic soil bucket proxy,True
2003-09-19,SB1,0.32718,synthetic_demo,synthetic soil bucket proxy,True
2003-09-20,SB1,0.33219,synthetic_demo,synthetic soil bucket proxy,True
2003-09-21,SB1,0.32519,synthetic_demo,synthetic soil bucket proxy,True
2003-09-22,SB1,0.31034,synthetic_demo,synthetic soil bucket proxy,True
2003-09-23,SB1,0.31627,synthetic_demo,synthetic soil bucket proxy,True
2003-09-24,SB1,0.31641,synthetic_demo,synthetic soil bucket proxy,True
2003-09-25,SB1,0.31026,synthetic_demo,synthetic soil bucket proxy,True
2003-09-26,SB1,0.32978,synthetic_demo,synthetic soil bucket proxy,True
2003-09-27,SB1,0.33509,synthetic_demo,synthetic soil bucket proxy,True
2003-09-28,SB1,0.32624,synthetic_demo,synthetic soil bucket proxy,True
2003-09-29,SB1,0.32414,synthetic_demo,synthetic soil bucket proxy,True
2003-09-30,SB1,0.33345,synthetic_demo,synthetic soil bucket proxy,True
2003-10-01,SB1,0.32821,synthetic_demo,synthetic soil bucket proxy,True
2003-10-02,SB1,0.3364,synthetic_demo,synthetic soil bucket proxy,True
2003-10-03,SB1,0.3184,synthetic_demo,synthetic soil bucket proxy,True
2003-10-04,SB1,0.3409,synthetic_demo,synthetic soil bucket proxy,True
2003-10-05,SB1,0.34456,synthetic_demo,synthetic soil bucket proxy,True
2003-10-06,SB1,0.31653,synthetic_demo,synthetic soil bucket proxy,True
2003-10-07,SB1,0.31567,synthetic_demo,synthetic soil bucket proxy,True
2003-10-08,SB1,0.31607,synthetic_demo,synthetic soil bucket proxy,True
2003-10-09,SB1,0.32644,synthetic_demo,synthetic soil bucket proxy,True
2003-10-10,SB1,0.31622,synthetic_demo,synthetic soil bucket proxy,True
2003-10-11,SB1,0.32634,synthetic_demo,synthetic soil bucket proxy,True
2003-10-12,SB1,0.327,synthetic_demo,synthetic soil bucket proxy,True
2003-10-13,SB1,0.30898,synthetic_demo,synthetic soil bucket proxy,True
2003-10-14,SB1,0.32389,synthetic_demo,synthetic soil bucket proxy,True
2003-10-15,SB1,0.32547,synthetic_demo,synthetic soil bucket proxy,True
2003-10-16,SB1,0.30463,synthetic_demo,synthetic soil bucket proxy,True
2003-10-17,SB1,0.30405,synthetic_demo,synthetic soil bucket proxy,True
2003-10-18,SB1,0.3058,synthetic_demo,synthetic soil bucket proxy,True
2003-10-19,SB1,0.27872,synthetic_demo,synthetic soil bucket proxy,True
2003-10-20,SB1,0.26554,synthetic_demo,synthetic soil bucket proxy,True
2003-10-21,SB1,0.25984,synthetic_demo,synthetic soil bucket proxy,True
2003-10-22,SB1,0.27331,synthetic_demo,synthetic soil bucket proxy,True
2003-10-23,SB1,0.28079,synthetic_demo,synthetic soil bucket proxy,True
2003-10-24,SB1,0.28567,synthetic_demo,synthetic soil bucket proxy,True
2003-10-25,SB1,0.29346,synthetic_demo,synthetic soil bucket proxy,True
2003-10-26,SB1,0.28918,synthetic_demo,synthetic soil bucket proxy,True
2003-10-27,SB1,0.27941,synthetic_demo,synthetic soil bucket proxy,True
2003-10-28,SB1,0.28409,synthetic_demo,synthetic soil bucket proxy,True
2003-10-29,SB1,0.31624,synthetic_demo,synthetic soil bucket proxy,True
2003-10-30,SB1,0.31634,synthetic_demo,synthetic soil bucket proxy,True
2003-10-31,SB1,0.31394,synthetic_demo,synthetic soil bucket proxy,True
2003-11-01,SB1,0.32669,synthetic_demo,synthetic soil bucket proxy,True
2003-11-02,SB1,0.32903,synthetic_demo,synthetic soil bucket proxy,True
2003-11-03,SB1,0.33183,synthetic_demo,synthetic soil bucket proxy,True
2003-11-04,SB1,0.33041,synthetic_demo,synthetic soil bucket proxy,True
2003-11-05,SB1,0.32529,synthetic_demo,synthetic soil bucket proxy,True
2003-11-06,SB1,0.32903,synthetic_demo,synthetic soil bucket proxy,True
2003-11-07,SB1,0.32898,synthetic_demo,synthetic soil bucket proxy,True
2003-11-08,SB1,0.34189,synthetic_demo,synthetic soil bucket proxy,True
2003-11-09,SB1,0.3605,synthetic_demo,synthetic soil bucket proxy,True
2003-11-10,SB1,0.35843,synthetic_demo,synthetic soil bucket proxy,True
2003-11-11,SB1,0.36934,synthetic_demo,synthetic soil bucket proxy,True
2003-11-12,SB1,0.36534,synthetic_demo,synthetic soil bucket proxy,True
2003-11-13,SB1,0.3764,synthetic_demo,synthetic soil bucket proxy,True
2003-11-14,SB1,0.36305,synthetic_demo,synthetic soil bucket proxy,True
2003-11-15,SB1,0.36935,synthetic_demo,synthetic soil bucket proxy,True
2003-11-16,SB1,0.3738,synthetic_demo,synthetic soil bucket proxy,True
2003-11-17,SB1,0.362,synthetic_demo,synthetic soil bucket proxy,True
2003-11-18,SB1,0.36827,synthetic_demo,synthetic soil bucket proxy,True
2003-11-19,SB1,0.38648,synthetic_demo,synthetic soil bucket proxy,True
2003-11-20,SB1,0.39319,synthetic_demo,synthetic soil bucket proxy,True
2003-11-21,SB1,0.37971,synthetic_demo,synthetic soil bucket proxy,True
2003-11-22,SB1,0.39892,synthetic_demo,synthetic soil bucket proxy,True
2003-11-23,SB1,0.38034,synthetic_demo,synthetic soil bucket proxy,True
2003-11-24,SB1,0.37269,synthetic_demo,synthetic soil bucket proxy,True
2003-11-25,SB1,0.37832,synthetic_demo,synthetic soil bucket proxy,True
2003-11-26,SB1,0.37868,synthetic_demo,synthetic soil bucket proxy,True
2003-11-27,SB1,0.37086,synthetic_demo,synthetic soil bucket proxy,True
2003-11-28,SB1,0.39928,synthetic_demo,synthetic soil bucket proxy,True
2003-11-29,SB1,0.3736,synthetic_demo,synthetic soil bucket proxy,True
2003-11-30,SB1,0.35614,synthetic_demo,synthetic soil bucket proxy,True
2003-12-01,SB1,0.38103,synthetic_demo,synthetic soil bucket proxy,True
2003-12-02,SB1,0.37374,synthetic_demo,synthetic soil bucket proxy,True
2003-12-03,SB1,0.36203,synthetic_demo,synthetic soil bucket proxy,True
2003-12-04,SB1,0.36152,synthetic_demo,synthetic soil bucket proxy,True
2003-12-05,SB1,0.36529,synthetic_demo,synthetic soil bucket proxy,True
2003-12-06,SB1,0.36036,synthetic_demo,synthetic soil bucket proxy,True
2003-12-07,SB1,0.36824,synthetic_demo,synthetic soil bucket proxy,True
2003-12-08,SB1,0.35846,synthetic_demo,synthetic soil bucket proxy,True
2003-12-09,SB1,0.37722,synthetic_demo,synthetic soil bucket proxy,True
2003-12-10,SB1,0.37321,synthetic_demo,synthetic soil bucket proxy,True
2003-12-11,SB1,0.34831,synthetic_demo,synthetic soil bucket proxy,True
2003-12-12,SB1,0.37177,synthetic_demo,synthetic soil bucket proxy,True
2003-12-13,SB1,0.36299,synthetic_demo,synthetic soil bucket proxy,True
2003-12-14,SB1,0.37171,synthetic_demo,synthetic soil bucket proxy,True
2003-12-15,SB1,0.36422,synthetic_demo,synthetic soil bucket proxy,True
2003-12-16,SB1,0.35699,synthetic_demo,synthetic soil bucket proxy,True
2003-12-17,SB1,0.36557,synthetic_demo,synthetic soil bucket proxy,True
2003-12-18,SB1,0.36362,synthetic_demo,synthetic soil bucket proxy,True
2003-12-19,SB1,0.35854,synthetic_demo,synthetic soil bucket proxy,True
2003-12-20,SB1,0.35721,synthetic_demo,synthetic soil bucket proxy,True
2003-12-21,SB1,0.36083,synthetic_demo,synthetic soil bucket proxy,True
2003-12-22,SB1,0.3664,synthetic_demo,synthetic soil bucket proxy,True
2003-12-23,SB1,0.34432,synthetic_demo,synthetic soil bucket proxy,True
2003-12-24,SB1,0.36784,synthetic_demo,synthetic soil bucket proxy,True
2003-12-25,SB1,0.3554,synthetic_demo,synthetic soil bucket proxy,True
2003-12-26,SB1,0.31967,synthetic_demo,synthetic soil bucket proxy,True
2003-12-27,SB1,0.3316,synthetic_demo,synthetic soil bucket proxy,True
2003-12-28,SB1,0.30767,synthetic_demo,synthetic soil bucket proxy,True
2003-12-29,SB1,0.31373,synthetic_demo,synthetic soil bucket proxy,True
2003-12-30,SB1,0.3016,synthetic_demo,synthetic soil bucket proxy,True
2003-12-31,SB1,0.30439,synthetic_demo,synthetic soil bucket proxy,True
2004-01-01,SB1,0.30915,synthetic_demo,synthetic soil bucket proxy,True
2004-01-02,SB1,0.31018,synthetic_demo,synthetic soil bucket proxy,True
2004-01-03,SB1,0.27987,synthetic_demo,synthetic soil bucket proxy,True
2004-01-04,SB1,0.28807,synthetic_demo,synthetic soil bucket proxy,True
2004-01-05,SB1,0.25526,synthetic_demo,synthetic soil bucket proxy,True
2004-01-06,SB1,0.25462,synthetic_demo,synthetic soil bucket proxy,True
2004-01-07,SB1,0.28508,synthetic_demo,synthetic soil bucket proxy,True
2004-01-08,SB1,0.26605,synthetic_demo,synthetic soil bucket proxy,True
2004-01-09,SB1,0.24256,synthetic_demo,synthetic soil bucket proxy,True
2004-01-10,SB1,0.26346,synthetic_demo,synthetic soil bucket proxy,True
2004-01-11,SB1,0.24687,synthetic_demo,synthetic soil bucket proxy,True
2004-01-12,SB1,0.25102,synthetic_demo,synthetic soil bucket proxy,True
2004-01-13,SB1,0.25802,synthetic_demo,synthetic soil bucket proxy,True
2004-01-14,SB1,0.24634,synthetic_demo,synthetic soil bucket proxy,True
2004-01-15,SB1,0.25157,synthetic_demo,synthetic soil bucket proxy,True
2004-01-16,SB1,0.26444,synthetic_demo,synthetic soil bucket proxy,True
2004-01-17,SB1,0.25451,synthetic_demo,synthetic soil bucket proxy,True
2004-01-18,SB1,0.24468,synthetic_demo,synthetic soil bucket proxy,True
2004-01-19,SB1,0.22104,synthetic_demo,synthetic soil bucket proxy,True
2004-01-20,SB1,0.24421,synthetic_demo,synthetic soil bucket proxy,True
2004-01-21,SB1,0.22418,synthetic_demo,synthetic soil bucket proxy,True
2004-01-22,SB1,0.23695,synthetic_demo,synthetic soil bucket proxy,True
2004-01-23,SB1,0.23477,synthetic_demo,synthetic soil bucket proxy,True
2004-01-24,SB1,0.23298,synthetic_demo,synthetic soil bucket proxy,True
2004-01-25,SB1,0.23188,synthetic_demo,synthetic soil bucket proxy,True
2004-01-26,SB1,0.23195,synthetic_demo,synthetic soil bucket proxy,True
2004-01-27,SB1,0.22688,synthetic_demo,synthetic soil bucket proxy,True
2004-01-28,SB1,0.23733,synthetic_demo,synthetic soil bucket proxy,True
2004-01-29,SB1,0.23533,synthetic_demo,synthetic soil bucket proxy,True
2004-01-30,SB1,0.23606,synthetic_demo,synthetic soil bucket proxy,True
2004-01-31,SB1,0.23532,synthetic_demo,synthetic soil bucket proxy,True
2004-02-01,SB1,0.23455,synthetic_demo,synthetic soil bucket proxy,True
2004-02-02,SB1,0.22227,synthetic_demo,synthetic soil bucket proxy,True
2004-02-03,SB1,0.22417,synthetic_demo,synthetic soil bucket proxy,True
2004-02-04,SB1,0.22914,synthetic_demo,synthetic soil bucket proxy,True
2004-02-05,SB1,0.23741,synthetic_demo,synthetic soil bucket proxy,True
2004-02-06,SB1,0.22443,synthetic_demo,synthetic soil bucket proxy,True
2004-02-07,SB1,0.23512,synthetic_demo,synthetic soil bucket proxy,True
2004-02-08,SB1,0.22482,synthetic_demo,synthetic soil bucket proxy,True
2004-02-09,SB1,0.2224,synthetic_demo,synthetic soil bucket proxy,True
2004-02-10,SB1,0.22663,synthetic_demo,synthetic soil bucket proxy,True
2004-02-11,SB1,0.235,synthetic_demo,synthetic soil bucket proxy,True
2004-02-12,SB1,0.22353,synthetic_demo,synthetic soil bucket proxy,True
2004-02-13,SB1,0.22155,synthetic_demo,synthetic soil bucket proxy,True
2004-02-14,SB1,0.21814,synthetic_demo,synthetic soil bucket proxy,True
2004-02-15,SB1,0.21469,synthetic_demo,synthetic soil bucket proxy,True
2004-02-16,SB1,0.21302,synthetic_demo,synthetic soil bucket proxy,True
2004-02-17,SB1,0.2276,synthetic_demo,synthetic soil bucket proxy,True
2004-02-18,SB1,0.22279,synthetic_demo,synthetic soil bucket proxy,True
2004-02-19,SB1,0.20804,synthetic_demo,synthetic soil bucket proxy,True
2004-02-20,SB1,0.21819,synthetic_demo,synthetic soil bucket proxy,True
2004-02-21,SB1,0.21256,synthetic_demo,synthetic soil bucket proxy,True
2004-02-22,SB1,0.22448,synthetic_demo,synthetic soil bucket proxy,True
2004-02-23,SB1,0.21194,synthetic_demo,synthetic soil bucket proxy,True
2004-02-24,SB1,0.22455,synthetic_demo,synthetic soil bucket proxy,True
2004-02-25,SB1,0.22073,synthetic_demo,synthetic soil bucket proxy,True
2004-02-26,SB1,0.24049,synthetic_demo,synthetic soil bucket proxy,True
2004-02-27,SB1,0.23725,synthetic_demo,synthetic soil bucket proxy,True
2004-02-28,SB1,0.22413,synthetic_demo,synthetic soil bucket proxy,True
2004-02-29,SB1,0.2264,synthetic_demo,synthetic soil bucket proxy,True
2004-03-01,SB1,0.22783,synthetic_demo,synthetic soil bucket proxy,True
2004-03-02,SB1,0.23162,synthetic_demo,synthetic soil bucket proxy,True
2004-03-03,SB1,0.23073,synthetic_demo,synthetic soil bucket proxy,True
2004-03-04,SB1,0.22267,synthetic_demo,synthetic soil bucket proxy,True
2004-03-05,SB1,0.22553,synthetic_demo,synthetic soil bucket proxy,True
2004-03-06,SB1,0.24337,synthetic_demo,synthetic soil bucket proxy,True
2004-03-07,SB1,0.19999,synthetic_demo,synthetic soil bucket proxy,True
2004-03-08,SB1,0.20994,synthetic_demo,synthetic soil bucket proxy,True
2004-03-09,SB1,0.19477,synthetic_demo,synthetic soil bucket proxy,True
2004-03-10,SB1,0.2037,synthetic_demo,synthetic soil bucket proxy,True
2004-03-11,SB1,0.19262,synthetic_demo,synthetic soil bucket proxy,True
2004-03-12,SB1,0.1803,synthetic_demo,synthetic soil bucket proxy,True
2004-03-13,SB1,0.20354,synthetic_demo,synthetic soil bucket proxy,True
2004-03-14,SB1,0.19876,synthetic_demo,synthetic soil bucket proxy,True
2004-03-15,SB1,0.19835,synthetic_demo,synthetic soil bucket proxy,True
2004-03-16,SB1,0.19612,synthetic_demo,synthetic soil bucket proxy,True
2004-03-17,SB1,0.19056,synthetic_demo,synthetic soil bucket proxy,True
2004-03-18,SB1,0.18952,synthetic_demo,synthetic soil bucket proxy,True
2004-03-19,SB1,0.18678,synthetic_demo,synthetic soil bucket proxy,True
2004-03-20,SB1,0.19835,synthetic_demo,synthetic soil bucket proxy,True
2004-03-21,SB1,0.1994,synthetic_demo,synthetic soil bucket proxy,True
2004-03-22,SB1,0.1889,synthetic_demo,synthetic soil bucket proxy,True
2004-03-23,SB1,0.20303,synthetic_demo,synthetic soil bucket proxy,True
2004-03-24,SB1,0.1879,synthetic_demo,synthetic soil bucket proxy,True
2004-03-25,SB1,0.19708,synthetic_demo,synthetic soil bucket proxy,True
2004-03-26,SB1,0.19374,synthetic_demo,synthetic soil bucket proxy,True
2004-03-27,SB1,0.20114,synthetic_demo,synthetic soil bucket proxy,True
2004-03-28,SB1,0.18469,synthetic_demo,synthetic soil bucket proxy,True
2004-03-29,SB1,0.20055,synthetic_demo,synthetic soil bucket proxy,True
2004-03-30,SB1,0.18917,synthetic_demo,synthetic soil bucket proxy,True
2004-03-31,SB1,0.18898,synthetic_demo,synthetic soil bucket proxy,True
2004-04-01,SB1,0.18615,synthetic_demo,synthetic soil bucket proxy,True
2004-04-02,SB1,0.18614,synthetic_demo,synthetic soil bucket proxy,True
2004-04-03,SB1,0.19418,synthetic_demo,synthetic soil bucket proxy,True
2004-04-04,SB1,0.19779,synthetic_demo,synthetic soil bucket proxy,True
2004-04-05,SB1,0.20452,synthetic_demo,synthetic soil bucket proxy,True
2004-04-06,SB1,0.20279,synthetic_demo,synthetic soil bucket proxy,True
2004-04-07,SB1,0.19783,synthetic_demo,synthetic soil bucket proxy,True
2004-04-08,SB1,0.19235,synthetic_demo,synthetic soil bucket proxy,True
2004-04-09,SB1,0.20035,synthetic_demo,synthetic soil bucket proxy,True
2004-04-10,SB1,0.20277,synthetic_demo,synthetic soil bucket proxy,True
2004-04-11,SB1,0.17998,synthetic_demo,synthetic soil bucket proxy,True
2004-04-12,SB1,0.18838,synthetic_demo,synthetic soil bucket proxy,True
2004-04-13,SB1,0.20698,synthetic_demo,synthetic soil bucket proxy,True
2004-04-14,SB1,0.18585,synthetic_demo,synthetic soil bucket proxy,True
2004-04-15,SB1,0.22546,synthetic_demo,synthetic soil bucket proxy,True
2004-04-16,SB1,0.21543,synthetic_demo,synthetic soil bucket proxy,True
2004-04-17,SB1,0.22178,synthetic_demo,synthetic soil bucket proxy,True
2004-04-18,SB1,0.2199,synthetic_demo,synthetic soil bucket proxy,True
2004-04-19,SB1,0.20445,synthetic_demo,synthetic soil bucket proxy,True
2004-04-20,SB1,0.21688,synthetic_demo,synthetic soil bucket proxy,True
2004-04-21,SB1,0.20067,synthetic_demo,synthetic soil bucket proxy,True
2004-04-22,SB1,0.23173,synthetic_demo,synthetic soil bucket proxy,True
2004-04-23,SB1,0.23415,synthetic_demo,synthetic soil bucket proxy,True
2004-04-24,SB1,0.24363,synthetic_demo,synthetic soil bucket proxy,True
2004-04-25,SB1,0.24472,synthetic_demo,synthetic soil bucket proxy,True
2004-04-26,SB1,0.2591,synthetic_demo,synthetic soil bucket proxy,True
2004-04-27,SB1,0.2401,synthetic_demo,synthetic soil bucket proxy,True
2004-04-28,SB1,0.25031,synthetic_demo,synthetic soil bucket proxy,True
2004-04-29,SB1,0.24208,synthetic_demo,synthetic soil bucket proxy,True
2004-04-30,SB1,0.25349,synthetic_demo,synthetic soil bucket proxy,True
2004-05-01,SB1,0.24369,synthetic_demo,synthetic soil bucket proxy,True
2004-05-02,SB1,0.24001,synthetic_demo,synthetic soil bucket proxy,True
2004-05-03,SB1,0.23939,synthetic_demo,synthetic soil bucket proxy,True
2004-05-04,SB1,0.25423,synthetic_demo,synthetic soil bucket proxy,True
2004-05-05,SB1,0.2612,synthetic_demo,synthetic soil bucket proxy,True
2004-05-06,SB1,0.24508,synthetic_demo,synthetic soil bucket proxy,True
2004-05-07,SB1,0.25614,synthetic_demo,synthetic soil bucket proxy,True
2004-05-08,SB1,0.23644,synthetic_demo,synthetic soil bucket proxy,True
2004-05-09,SB1,0.247,synthetic_demo,synthetic soil bucket proxy,True
2004-05-10,SB1,0.25138,synthetic_demo,synthetic soil bucket proxy,True
2004-05-11,SB1,0.24712,synthetic_demo,synthetic soil bucket proxy,True
2004-05-12,SB1,0.25672,synthetic_demo,synthetic soil bucket proxy,True
2004-05-13,SB1,0.25009,synthetic_demo,synthetic soil bucket proxy,True
2004-05-14,SB1,0.25805,synthetic_demo,synthetic soil bucket proxy,True
2004-05-15,SB1,0.24697,synthetic_demo,synthetic soil bucket proxy,True
2004-05-16,SB1,0.25067,synthetic_demo,synthetic soil bucket proxy,True
2004-05-17,SB1,0.25542,synthetic_demo,synthetic soil bucket proxy,True
2004-05-18,SB1,0.28641,synthetic_demo,synthetic soil bucket proxy,True
2004-05-19,SB1,0.29002,synthetic_demo,synthetic soil bucket proxy,True
2004-05-20,SB1,0.2817,synthetic_demo,synthetic soil bucket proxy,True
2004-05-21,SB1,0.26942,synthetic_demo,synthetic soil bucket proxy,True
2004-05-22,SB1,0.26623,synthetic_demo,synthetic soil bucket proxy,True
2004-05-23,SB1,0.28555,synthetic_demo,synthetic soil bucket proxy,True
2004-05-24,SB1,0.28831,synthetic_demo,synthetic soil bucket proxy,True
2004-05-25,SB1,0.28043,synthetic_demo,synthetic soil bucket proxy,True
2004-05-26,SB1,0.2859,synthetic_demo,synthetic soil bucket proxy,True
2004-05-27,SB1,0.28052,synthetic_demo,synthetic soil bucket proxy,True
2004-05-28,SB1,0.27082,synthetic_demo,synthetic soil bucket proxy,True
2004-05-29,SB1,0.269,synthetic_demo,synthetic soil bucket proxy,True
2004-05-30,SB1,0.26732,synthetic_demo,synthetic soil bucket proxy,True
2004-05-31,SB1,0.29609,synthetic_demo,synthetic soil bucket proxy,True
2004-06-01,SB1,0.30293,synthetic_demo,synthetic soil bucket proxy,True
2004-06-02,SB1,0.29415,synthetic_demo,synthetic soil bucket proxy,True
2004-06-03,SB1,0.29974,synthetic_demo,synthetic soil bucket proxy,True
2004-06-04,SB1,0.30879,synthetic_demo,synthetic soil bucket proxy,True
2004-06-05,SB1,0.29813,synthetic_demo,synthetic soil bucket proxy,True
2004-06-06,SB1,0.30474,synthetic_demo,synthetic soil bucket proxy,True
2004-06-07,SB1,0.31085,synthetic_demo,synthetic soil bucket proxy,True
2004-06-08,SB1,0.31337,synthetic_demo,synthetic soil bucket proxy,True
2004-06-09,SB1,0.31995,synthetic_demo,synthetic soil bucket proxy,True
2004-06-10,SB1,0.3344,synthetic_demo,synthetic soil bucket proxy,True
2004-06-11,SB1,0.34179,synthetic_demo,synthetic soil bucket proxy,True
2004-06-12,SB1,0.32526,synthetic_demo,synthetic soil bucket proxy,True
2004-06-13,SB1,0.32582,synthetic_demo,synthetic soil bucket proxy,True
2004-06-14,SB1,0.3246,synthetic_demo,synthetic soil bucket proxy,True
2004-06-15,SB1,0.31309,synthetic_demo,synthetic soil bucket proxy,True
2004-06-16,SB1,0.31722,synthetic_demo,synthetic soil bucket proxy,True
2004-06-17,SB1,0.31856,synthetic_demo,synthetic soil bucket proxy,True
2004-06-18,SB1,0.30387,synthetic_demo,synthetic soil bucket proxy,True
2004-06-19,SB1,0.30236,synthetic_demo,synthetic soil bucket proxy,True
2004-06-20,SB1,0.32193,synthetic_demo,synthetic soil bucket proxy,True
2004-06-21,SB1,0.28426,synthetic_demo,synthetic soil bucket proxy,True
2004-06-22,SB1,0.29297,synthetic_demo,synthetic soil bucket proxy,True
2004-06-23,SB1,0.28389,synthetic_demo,synthetic soil bucket proxy,True
2004-06-24,SB1,0.30937,synthetic_demo,synthetic soil bucket proxy,True
2004-06-25,SB1,0.29125,synthetic_demo,synthetic soil bucket proxy,True
2004-06-26,SB1,0.28642,synthetic_demo,synthetic soil bucket proxy,True
2004-06-27,SB1,0.2811,synthetic_demo,synthetic soil bucket proxy,True
2004-06-28,SB1,0.28896,synthetic_demo,synthetic soil bucket proxy,True
2004-06-29,SB1,0.29619,synthetic_demo,synthetic soil bucket proxy,True
2004-06-30,SB1,0.32452,synthetic_demo,synthetic soil bucket proxy,True
2004-07-01,SB1,0.33186,synthetic_demo,synthetic soil bucket proxy,True
2004-07-02,SB1,0.32213,synthetic_demo,synthetic soil bucket proxy,True
2004-07-03,SB1,0.32011,synthetic_demo,synthetic soil bucket proxy,True
2004-07-04,SB1,0.31516,synthetic_demo,synthetic soil bucket proxy,True
2004-07-05,SB1,0.30568,synthetic_demo,synthetic soil bucket proxy,True
2004-07-06,SB1,0.30648,synthetic_demo,synthetic soil bucket proxy,True
2004-07-07,SB1,0.32478,synthetic_demo,synthetic soil bucket proxy,True
2004-07-08,SB1,0.32615,synthetic_demo,synthetic soil bucket proxy,True
2004-07-09,SB1,0.3226,synthetic_demo,synthetic soil bucket proxy,True
2004-07-10,SB1,0.33365,synthetic_demo,synthetic soil bucket proxy,True
2004-07-11,SB1,0.32869,synthetic_demo,synthetic soil bucket proxy,True
2004-07-12,SB1,0.35169,synthetic_demo,synthetic soil bucket proxy,True
2004-07-13,SB1,0.35704,synthetic_demo,synthetic soil bucket proxy,True
2004-07-14,SB1,0.36298,synthetic_demo,synthetic soil bucket proxy,True
2004-07-15,SB1,0.36694,synthetic_demo,synthetic soil bucket proxy,True
2004-07-16,SB1,0.39895,synthetic_demo,synthetic soil bucket proxy,True
2004-07-17,SB1,0.36858,synthetic_demo,synthetic soil bucket proxy,True
2004-07-18,SB1,0.34769,synthetic_demo,synthetic soil bucket proxy,True
2004-07-19,SB1,0.36957,synthetic_demo,synthetic soil bucket proxy,True
2004-07-20,SB1,0.38169,synthetic_demo,synthetic soil bucket proxy,True
2004-07-21,SB1,0.39506,synthetic_demo,synthetic soil bucket proxy,True
2004-07-22,SB1,0.3801,synthetic_demo,synthetic soil bucket proxy,True
2004-07-23,SB1,0.38102,synthetic_demo,synthetic soil bucket proxy,True
2004-07-24,SB1,0.3772,synthetic_demo,synthetic soil bucket proxy,True
2004-07-25,SB1,0.38037,synthetic_demo,synthetic soil bucket proxy,True
2004-07-26,SB1,0.37748,synthetic_demo,synthetic soil bucket proxy,True
2004-07-27,SB1,0.3855,synthetic_demo,synthetic soil bucket proxy,True
2004-07-28,SB1,0.41988,synthetic_demo,synthetic soil bucket proxy,True
2004-07-29,SB1,0.39589,synthetic_demo,synthetic soil bucket proxy,True
2004-07-30,SB1,0.38791,synthetic_demo,synthetic soil bucket proxy,True
2004-07-31,SB1,0.38973,synthetic_demo,synthetic soil bucket proxy,True
2004-08-01,SB1,0.39549,synthetic_demo,synthetic soil bucket proxy,True
2004-08-02,SB1,0.40984,synthetic_demo,synthetic soil bucket proxy,True
2004-08-03,SB1,0.40741,synthetic_demo,synthetic soil bucket proxy,True
2004-08-04,SB1,0.41505,synthetic_demo,synthetic soil bucket proxy,True
2004-08-05,SB1,0.42029,synthetic_demo,synthetic soil bucket proxy,True
2004-08-06,SB1,0.41535,synthetic_demo,synthetic soil bucket proxy,True
2004-08-07,SB1,0.40057,synthetic_demo,synthetic soil bucket proxy,True
2004-08-08,SB1,0.39373,synthetic_demo,synthetic soil bucket proxy,True
2004-08-09,SB1,0.40392,synthetic_demo,synthetic soil bucket proxy,True
2004-08-10,SB1,0.42388,synthetic_demo,synthetic soil bucket proxy,True
2004-08-11,SB1,0.41348,synthetic_demo,synthetic soil bucket proxy,True
2004-08-12,SB1,0.40824,synthetic_demo,synthetic soil bucket proxy,True
2004-08-13,SB1,0.41484,synthetic_demo,synthetic soil bucket proxy,True
2004-08-14,SB1,0.40422,synthetic_demo,synthetic soil bucket proxy,True
2004-08-15,SB1,0.41045,synthetic_demo,synthetic soil bucket proxy,True
2004-08-16,SB1,0.4101,synthetic_demo,synthetic soil bucket proxy,True
2004-08-17,SB1,0.3979,synthetic_demo,synthetic soil bucket proxy,True
2004-08-18,SB1,0.42398,synthetic_demo,synthetic soil bucket proxy,True
2004-08-19,SB1,0.42751,synthetic_demo,synthetic soil bucket proxy,True
2004-08-20,SB1,0.40643,synthetic_demo,synthetic soil bucket proxy,True
2004-08-21,SB1,0.42336,synthetic_demo,synthetic soil bucket proxy,True
2004-08-22,SB1,0.41774,synthetic_demo,synthetic soil bucket proxy,True
2004-08-23,SB1,0.41146,synthetic_demo,synthetic soil bucket proxy,True
2004-08-24,SB1,0.39901,synthetic_demo,synthetic soil bucket proxy,True
2004-08-25,SB1,0.40335,synthetic_demo,synthetic soil bucket proxy,True
2004-08-26,SB1,0.41579,synthetic_demo,synthetic soil bucket proxy,True
2004-08-27,SB1,0.42743,synthetic_demo,synthetic soil bucket proxy,True
2004-08-28,SB1,0.40145,synthetic_demo,synthetic soil bucket proxy,True
2004-08-29,SB1,0.40977,synthetic_demo,synthetic soil bucket proxy,True
2004-08-30,SB1,0.42893,synthetic_demo,synthetic soil bucket proxy,True
2004-08-31,SB1,0.43281,synthetic_demo,synthetic soil bucket proxy,True
2004-09-01,SB1,0.42677,synthetic_demo,synthetic soil bucket proxy,True
2004-09-02,SB1,0.43285,synthetic_demo,synthetic soil bucket proxy,True
2004-09-03,SB1,0.43249,synthetic_demo,synthetic soil bucket proxy,True
2004-09-04,SB1,0.41472,synthetic_demo,synthetic soil bucket proxy,True
2004-09-05,SB1,0.43462,synthetic_demo,synthetic soil bucket proxy,True
2004-09-06,SB1,0.44,synthetic_demo,synthetic soil bucket proxy,True
2004-09-07,SB1,0.4341,synthetic_demo,synthetic soil bucket proxy,True
2004-09-08,SB1,0.43426,synthetic_demo,synthetic soil bucket proxy,True
2004-09-09,SB1,0.44,synthetic_demo,synthetic soil bucket proxy,True
2004-09-10,SB1,0.398,synthetic_demo,synthetic soil bucket proxy,True
2004-09-11,SB1,0.40692,synthetic_demo,synthetic soil bucket proxy,True
2004-09-12,SB1,0.40614,synthetic_demo,synthetic soil bucket proxy,True
2004-09-13,SB1,0.39767,synthetic_demo,synthetic soil bucket proxy,True
2004-09-14,SB1,0.37655,synthetic_demo,synthetic soil bucket proxy,True
2004-09-15,SB1,0.37613,synthetic_demo,synthetic soil bucket proxy,True
2004-09-16,SB1,0.38685,synthetic_demo,synthetic soil bucket proxy,True
2004-09-17,SB1,0.37102,synthetic_demo,synthetic soil bucket proxy,True
2004-09-18,SB1,0.37154,synthetic_demo,synthetic soil bucket proxy,True
2004-09-19,SB1,0.38068,synthetic_demo,synthetic soil bucket proxy,True
2004-09-20,SB1,0.39053,synthetic_demo,synthetic soil bucket proxy,True
2004-09-21,SB1,0.39497,synthetic_demo,synthetic soil bucket proxy,True
2004-09-22,SB1,0.39682,synthetic_demo,synthetic soil bucket proxy,True
2004-09-23,SB1,0.38468,synthetic_demo,synthetic soil bucket proxy,True
2004-09-24,SB1,0.3797,synthetic_demo,synthetic soil bucket proxy,True
2004-09-25,SB1,0.35766,synthetic_demo,synthetic soil bucket proxy,True
2004-09-26,SB1,0.3763,synthetic_demo,synthetic soil bucket proxy,True
2004-09-27,SB1,0.37147,synthetic_demo,synthetic soil bucket proxy,True
2004-09-28,SB1,0.38475,synthetic_demo,synthetic soil bucket proxy,True
2004-09-29,SB1,0.37294,synthetic_demo,synthetic soil bucket proxy,True
2004-09-30,SB1,0.36459,synthetic_demo,synthetic soil bucket proxy,True
2004-10-01,SB1,0.38225,synthetic_demo,synthetic soil bucket proxy,True
2004-10-02,SB1,0.37672,synthetic_demo,synthetic soil bucket proxy,True
2004-10-03,SB1,0.3461,synthetic_demo,synthetic soil bucket proxy,True
2004-10-04,SB1,0.35943,synthetic_demo,synthetic soil bucket proxy,True
2004-10-05,SB1,0.36617,synthetic_demo,synthetic soil bucket proxy,True
2004-10-06,SB1,0.36716,synthetic_demo,synthetic soil bucket proxy,True
2004-10-07,SB1,0.3717,synthetic_demo,synthetic soil bucket proxy,True
2004-10-08,SB1,0.36014,synthetic_demo,synthetic soil bucket proxy,True
2004-10-09,SB1,0.36066,synthetic_demo,synthetic soil bucket proxy,True
2004-10-10,SB1,0.37912,synthetic_demo,synthetic soil bucket proxy,True
2004-10-11,SB1,0.36602,synthetic_demo,synthetic soil bucket proxy,True
2004-10-12,SB1,0.37936,synthetic_demo,synthetic soil bucket proxy,True
2004-10-13,SB1,0.37279,synthetic_demo,synthetic soil bucket proxy,True
2004-10-14,SB1,0.37043,synthetic_demo,synthetic soil bucket proxy,True
2004-10-15,SB1,0.38159,synthetic_demo,synthetic soil bucket proxy,True
2004-10-16,SB1,0.39046,synthetic_demo,synthetic soil bucket proxy,True
2004-10-17,SB1,0.3964,synthetic_demo,synthetic soil bucket proxy,True
2004-10-18,SB1,0.38733,synthetic_demo,synthetic soil bucket proxy,True
2004-10-19,SB1,0.40151,synthetic_demo,synthetic soil bucket proxy,True
2004-10-20,SB1,0.39814,synthetic_demo,synthetic soil bucket proxy,True
2004-10-21,SB1,0.41429,synthetic_demo,synthetic soil bucket proxy,True
2004-10-22,SB1,0.43449,synthetic_demo,synthetic soil bucket proxy,True
2004-10-23,SB1,0.41621,synthetic_demo,synthetic soil bucket proxy,True
2004-10-24,SB1,0.41253,synthetic_demo,synthetic soil bucket proxy,True
2004-10-25,SB1,0.40439,synthetic_demo,synthetic soil bucket proxy,True
2004-10-26,SB1,0.40413,synthetic_demo,synthetic soil bucket proxy,True
2004-10-27,SB1,0.4078,synthetic_demo,synthetic soil bucket proxy,True
2004-10-28,SB1,0.38403,synthetic_demo,synthetic soil bucket proxy,True
2004-10-29,SB1,0.37908,synthetic_demo,synthetic soil bucket proxy,True
2004-10-30,SB1,0.39179,synthetic_demo,synthetic soil bucket proxy,True
2004-10-31,SB1,0.37783,synthetic_demo,synthetic soil bucket proxy,True
2004-11-01,SB1,0.38406,synthetic_demo,synthetic soil bucket proxy,True
2004-11-02,SB1,0.39283,synthetic_demo,synthetic soil bucket proxy,True
2004-11-03,SB1,0.3685,synthetic_demo,synthetic soil bucket proxy,True
2004-11-04,SB1,0.35831,synthetic_demo,synthetic soil bucket proxy,True
2004-11-05,SB1,0.34529,synthetic_demo,synthetic soil bucket proxy,True
2004-11-06,SB1,0.35257,synthetic_demo,synthetic soil bucket proxy,True
2004-11-07,SB1,0.36564,synthetic_demo,synthetic soil bucket proxy,True
2004-11-08,SB1,0.38996,synthetic_demo,synthetic soil bucket proxy,True
2004-11-09,SB1,0.36989,synthetic_demo,synthetic soil bucket proxy,True
2004-11-10,SB1,0.38135,synthetic_demo,synthetic soil bucket proxy,True
2004-11-11,SB1,0.40268,synthetic_demo,synthetic soil bucket proxy,True
2004-11-12,SB1,0.37793,synthetic_demo,synthetic soil bucket proxy,True
2004-11-13,SB1,0.41072,synthetic_demo,synthetic soil bucket proxy,True
2004-11-14,SB1,0.42184,synthetic_demo,synthetic soil bucket proxy,True
2004-11-15,SB1,0.41722,synthetic_demo,synthetic soil bucket proxy,True
2004-11-16,SB1,0.42584,synthetic_demo,synthetic soil bucket proxy,True
2004-11-17,SB1,0.41662,synthetic_demo,synthetic soil bucket proxy,True
2004-11-18,SB1,0.40349,synthetic_demo,synthetic soil bucket proxy,True
2004-11-19,SB1,0.39764,synthetic_demo,synthetic soil bucket proxy,True
2004-11-20,SB1,0.39792,synthetic_demo,synthetic soil bucket proxy,True
2004-11-21,SB1,0.39466,synthetic_demo,synthetic soil bucket proxy,True
2004-11-22,SB1,0.40793,synthetic_demo,synthetic soil bucket proxy,True
2004-11-23,SB1,0.40453,synthetic_demo,synthetic soil bucket proxy,True
2004-11-24,SB1,0.40393,synthetic_demo,synthetic soil bucket proxy,True
2004-11-25,SB1,0.3999,synthetic_demo,synthetic soil bucket proxy,True
2004-11-26,SB1,0.4083,synthetic_demo,synthetic soil bucket proxy,True
2004-11-27,SB1,0.38552,synthetic_demo,synthetic soil bucket proxy,True
2004-11-28,SB1,0.40108,synthetic_demo,synthetic soil bucket proxy,True
2004-11-29,SB1,0.37707,synthetic_demo,synthetic soil bucket proxy,True
2004-11-30,SB1,0.37129,synthetic_demo,synthetic soil bucket proxy,True
2004-12-01,SB1,0.36766,synthetic_demo,synthetic soil bucket proxy,True
2004-12-02,SB1,0.37642,synthetic_demo,synthetic soil bucket proxy,True
2004-12-03,SB1,0.34495,synthetic_demo,synthetic soil bucket proxy,True
2004-12-04,SB1,0.35477,synthetic_demo,synthetic soil bucket proxy,True
2004-12-05,SB1,0.36325,synthetic_demo,synthetic soil bucket proxy,True
2004-12-06,SB1,0.37499,synthetic_demo,synthetic soil bucket proxy,True
2004-12-07,SB1,0.35511,synthetic_demo,synthetic soil bucket proxy,True
2004-12-08,SB1,0.36701,synthetic_demo,synthetic soil bucket proxy,True
2004-12-09,SB1,0.36513,synthetic_demo,synthetic soil bucket proxy,True
2004-12-10,SB1,0.36651,synthetic_demo,synthetic soil bucket proxy,True
2004-12-11,SB1,0.36816,synthetic_demo,synthetic soil bucket proxy,True
2004-12-12,SB1,0.36914,synthetic_demo,synthetic soil bucket proxy,True
2004-12-13,SB1,0.35777,synthetic_demo,synthetic soil bucket proxy,True
2004-12-14,SB1,0.35625,synthetic_demo,synthetic soil bucket proxy,True
2004-12-15,SB1,0.35576,synthetic_demo,synthetic soil bucket proxy,True
2004-12-16,SB1,0.35525,synthetic_demo,synthetic soil bucket proxy,True
2004-12-17,SB1,0.35,synthetic_demo,synthetic soil bucket proxy,True
2004-12-18,SB1,0.34027,synthetic_demo,synthetic soil bucket proxy,True
2004-12-19,SB1,0.33815,synthetic_demo,synthetic soil bucket proxy,True
2004-12-20,SB1,0.32614,synthetic_demo,synthetic soil bucket proxy,True
2004-12-21,SB1,0.32922,synthetic_demo,synthetic soil bucket proxy,True
2004-12-22,SB1,0.33416,synthetic_demo,synthetic soil bucket proxy,True
2004-12-23,SB1,0.31731,synthetic_demo,synthetic soil bucket proxy,True
2004-12-24,SB1,0.32514,synthetic_demo,synthetic soil bucket proxy,True
2004-12-25,SB1,0.3113,synthetic_demo,synthetic soil bucket proxy,True
2004-12-26,SB1,0.31106,synthetic_demo,synthetic soil bucket proxy,True
2004-12-27,SB1,0.29306,synthetic_demo,synthetic soil bucket proxy,True
2004-12-28,SB1,0.30132,synthetic_demo,synthetic soil bucket proxy,True
2004-12-29,SB1,0.29693,synthetic_demo,synthetic soil bucket proxy,True
2004-12-30,SB1,0.30263,synthetic_demo,synthetic soil bucket proxy,True
2004-12-31,SB1,0.29285,synthetic_demo,synthetic soil bucket proxy,True
2005-01-01,SB1,0.29924,synthetic_demo,synthetic soil bucket proxy,True
2005-01-02,SB1,0.30589,synthetic_demo,synthetic soil bucket proxy,True
2005-01-03,SB1,0.29299,synthetic_demo,synthetic soil bucket proxy,True
2005-01-04,SB1,0.29435,synthetic_demo,synthetic soil bucket proxy,True
2005-01-05,SB1,0.30194,synthetic_demo,synthetic soil bucket proxy,True
2005-01-06,SB1,0.30727,synthetic_demo,synthetic soil bucket proxy,True
2005-01-07,SB1,0.27983,synthetic_demo,synthetic soil bucket proxy,True
2005-01-08,SB1,0.28903,synthetic_demo,synthetic soil bucket proxy,True
2005-01-09,SB1,0.28146,synthetic_demo,synthetic soil bucket proxy,True
2005-01-10,SB1,0.273,synthetic_demo,synthetic soil bucket proxy,True
2005-01-11,SB1,0.27414,synthetic_demo,synthetic soil bucket proxy,True
2005-01-12,SB1,0.23801,synthetic_demo,synthetic soil bucket proxy,True
2005-01-13,SB1,0.23234,synthetic_demo,synthetic soil bucket proxy,True
2005-01-14,SB1,0.23995,synthetic_demo,synthetic soil bucket proxy,True
2005-01-15,SB1,0.24994,synthetic_demo,synthetic soil bucket proxy,True
2005-01-16,SB1,0.237,synthetic_demo,synthetic soil bucket proxy,True
2005-01-17,SB1,0.24718,synthetic_demo,synthetic soil bucket proxy,True
2005-01-18,SB1,0.23516,synthetic_demo,synthetic soil bucket proxy,True
2005-01-19,SB1,0.24103,synthetic_demo,synthetic soil bucket proxy,True
2005-01-20,SB1,0.2398,synthetic_demo,synthetic soil bucket proxy,True
2005-01-21,SB1,0.23434,synthetic_demo,synthetic soil bucket proxy,True
2005-01-22,SB1,0.2416,synthetic_demo,synthetic soil bucket proxy,True
2005-01-23,SB1,0.24287,synthetic_demo,synthetic soil bucket proxy,True
2005-01-24,SB1,0.24026,synthetic_demo,synthetic soil bucket proxy,True
2005-01-25,SB1,0.23637,synthetic_demo,synthetic soil bucket proxy,True
2005-01-26,SB1,0.21946,synthetic_demo,synthetic soil bucket proxy,True
2005-01-27,SB1,0.22106,synthetic_demo,synthetic soil bucket proxy,True
2005-01-28,SB1,0.2522,synthetic_demo,synthetic soil bucket proxy,True
2005-01-29,SB1,0.2357,synthetic_demo,synthetic soil bucket proxy,True
2005-01-30,SB1,0.24245,synthetic_demo,synthetic soil bucket proxy,True
2005-01-31,SB1,0.23128,synthetic_demo,synthetic soil bucket proxy,True
2005-02-01,SB1,0.23894,synthetic_demo,synthetic soil bucket proxy,True
2005-02-02,SB1,0.2232,synthetic_demo,synthetic soil bucket proxy,True
2005-02-03,SB1,0.22645,synthetic_demo,synthetic soil bucket proxy,True
2005-02-04,SB1,0.22914,synthetic_demo,synthetic soil bucket proxy,True
2005-02-05,SB1,0.22541,synthetic_demo,synthetic soil bucket proxy,True
2005-02-06,SB1,0.21506,synthetic_demo,synthetic soil bucket proxy,True
2005-02-07,SB1,0.20209,synthetic_demo,synthetic soil bucket proxy,True
2005-02-08,SB1,0.20726,synthetic_demo,synthetic soil bucket proxy,True
2005-02-09,SB1,0.21012,synthetic_demo,synthetic soil bucket proxy,True
2005-02-10,SB1,0.2069,synthetic_demo,synthetic soil bucket proxy,True
2005-02-11,SB1,0.1961,synthetic_demo,synthetic soil bucket proxy,True
2005-02-12,SB1,0.20813,synthetic_demo,synthetic soil bucket proxy,True
2005-02-13,SB1,0.23516,synthetic_demo,synthetic soil bucket proxy,True
2005-02-14,SB1,0.22822,synthetic_demo,synthetic soil bucket proxy,True
2005-02-15,SB1,0.22974,synthetic_demo,synthetic soil bucket proxy,True
2005-02-16,SB1,0.2161,synthetic_demo,synthetic soil bucket proxy,True
2005-02-17,SB1,0.23226,synthetic_demo,synthetic soil bucket proxy,True
2005-02-18,SB1,0.22832,synthetic_demo,synthetic soil bucket proxy,True
2005-02-19,SB1,0.21674,synthetic_demo,synthetic soil bucket proxy,True
2005-02-20,SB1,0.218,synthetic_demo,synthetic soil bucket proxy,True
2005-02-21,SB1,0.21368,synthetic_demo,synthetic soil bucket proxy,True
2005-02-22,SB1,0.22472,synthetic_demo,synthetic soil bucket proxy,True
2005-02-23,SB1,0.20888,synthetic_demo,synthetic soil bucket proxy,True
2005-02-24,SB1,0.23151,synthetic_demo,synthetic soil bucket proxy,True
2005-02-25,SB1,0.21436,synthetic_demo,synthetic soil bucket proxy,True
2005-02-26,SB1,0.22575,synthetic_demo,synthetic soil bucket proxy,True
2005-02-27,SB1,0.22338,synthetic_demo,synthetic soil bucket proxy,True
2005-02-28,SB1,0.22333,synthetic_demo,synthetic soil bucket proxy,True
2005-03-01,SB1,0.24161,synthetic_demo,synthetic soil bucket proxy,True
2005-03-02,SB1,0.22932,synthetic_demo,synthetic soil bucket proxy,True
2005-03-03,SB1,0.23353,synthetic_demo,synthetic soil bucket proxy,True
2005-03-04,SB1,0.21497,synthetic_demo,synthetic soil bucket proxy,True
2005-03-05,SB1,0.23242,synthetic_demo,synthetic soil bucket proxy,True
2005-03-06,SB1,0.22502,synthetic_demo,synthetic soil bucket proxy,True
2005-03-07,SB1,0.21879,synthetic_demo,synthetic soil bucket proxy,True
2005-03-08,SB1,0.23014,synthetic_demo,synthetic soil bucket proxy,True
2005-03-09,SB1,0.2297,synthetic_demo,synthetic soil bucket proxy,True
2005-03-10,SB1,0.24068,synthetic_demo,synthetic soil bucket proxy,True
2005-03-11,SB1,0.21397,synthetic_demo,synthetic soil bucket proxy,True
2005-03-12,SB1,0.21191,synthetic_demo,synthetic soil bucket proxy,True
2005-03-13,SB1,0.21897,synthetic_demo,synthetic soil bucket proxy,True
2005-03-14,SB1,0.21991,synthetic_demo,synthetic soil bucket proxy,True
2005-03-15,SB1,0.20618,synthetic_demo,synthetic soil bucket proxy,True
2005-03-16,SB1,0.22224,synthetic_demo,synthetic soil bucket proxy,True
2005-03-17,SB1,0.223,synthetic_demo,synthetic soil bucket proxy,True
2005-03-18,SB1,0.22537,synthetic_demo,synthetic soil bucket proxy,True
2005-03-19,SB1,0.20917,synthetic_demo,synthetic soil bucket proxy,True
2005-03-20,SB1,0.20923,synthetic_demo,synthetic soil bucket proxy,True
2005-03-21,SB1,0.21948,synthetic_demo,synthetic soil bucket proxy,True
2005-03-22,SB1,0.21277,synthetic_demo,synthetic soil bucket proxy,True
2005-03-23,SB1,0.21618,synthetic_demo,synthetic soil bucket proxy,True
2005-03-24,SB1,0.21019,synthetic_demo,synthetic soil bucket proxy,True
2005-03-25,SB1,0.20875,synthetic_demo,synthetic soil bucket proxy,True
2005-03-26,SB1,0.20857,synthetic_demo,synthetic soil bucket proxy,True
2005-03-27,SB1,0.23241,synthetic_demo,synthetic soil bucket proxy,True
2005-03-28,SB1,0.22957,synthetic_demo,synthetic soil bucket proxy,True
2005-03-29,SB1,0.21719,synthetic_demo,synthetic soil bucket proxy,True
2005-03-30,SB1,0.21643,synthetic_demo,synthetic soil bucket proxy,True
2005-03-31,SB1,0.23382,synthetic_demo,synthetic soil bucket proxy,True
2005-04-01,SB1,0.21859,synthetic_demo,synthetic soil bucket proxy,True
2005-04-02,SB1,0.22453,synthetic_demo,synthetic soil bucket proxy,True
2005-04-03,SB1,0.21074,synthetic_demo,synthetic soil bucket proxy,True
2005-04-04,SB1,0.2372,synthetic_demo,synthetic soil bucket proxy,True
2005-04-05,SB1,0.22153,synthetic_demo,synthetic soil bucket proxy,True
2005-04-06,SB1,0.26783,synthetic_demo,synthetic soil bucket proxy,True
2005-04-07,SB1,0.26071,synthetic_demo,synthetic soil bucket proxy,True
2005-04-08,SB1,0.24769,synthetic_demo,synthetic soil bucket proxy,True
2005-04-09,SB1,0.27998,synthetic_demo,synthetic soil bucket proxy,True
2005-04-10,SB1,0.25754,synthetic_demo,synthetic soil bucket proxy,True
2005-04-11,SB1,0.26859,synthetic_demo,synthetic soil bucket proxy,True
2005-04-12,SB1,0.25952,synthetic_demo,synthetic soil bucket proxy,True
2005-04-13,SB1,0.2494,synthetic_demo,synthetic soil bucket proxy,True
2005-04-14,SB1,0.23731,synthetic_demo,synthetic soil bucket proxy,True
2005-04-15,SB1,0.22971,synthetic_demo,synthetic soil bucket proxy,True
2005-04-16,SB1,0.23654,synthetic_demo,synthetic soil bucket proxy,True
2005-04-17,SB1,0.24227,synthetic_demo,synthetic soil bucket proxy,True
2005-04-18,SB1,0.22348,synthetic_demo,synthetic soil bucket proxy,True
2005-04-19,SB1,0.23622,synthetic_demo,synthetic soil bucket proxy,True
2005-04-20,SB1,0.23635,synthetic_demo,synthetic soil bucket proxy,True
2005-04-21,SB1,0.23123,synthetic_demo,synthetic soil bucket proxy,True
2005-04-22,SB1,0.23825,synthetic_demo,synthetic soil bucket proxy,True
2005-04-23,SB1,0.2662,synthetic_demo,synthetic soil bucket proxy,True
2005-04-24,SB1,0.27303,synthetic_demo,synthetic soil bucket proxy,True
2005-04-25,SB1,0.27744,synthetic_demo,synthetic soil bucket proxy,True
2005-04-26,SB1,0.26962,synthetic_demo,synthetic soil bucket proxy,True
2005-04-27,SB1,0.27278,synthetic_demo,synthetic soil bucket proxy,True
2005-04-28,SB1,0.25813,synthetic_demo,synthetic soil bucket proxy,True
2005-04-29,SB1,0.26755,synthetic_demo,synthetic soil bucket proxy,True
2005-04-30,SB1,0.27453,synthetic_demo,synthetic soil bucket proxy,True
2005-05-01,SB1,0.27199,synthetic_demo,synthetic soil bucket proxy,True
2005-05-02,SB1,0.27134,synthetic_demo,synthetic soil bucket proxy,True
2005-05-03,SB1,0.27877,synthetic_demo,synthetic soil bucket proxy,True
2005-05-04,SB1,0.27551,synthetic_demo,synthetic soil bucket proxy,True
2005-05-05,SB1,0.27009,synthetic_demo,synthetic soil bucket proxy,True
2005-05-06,SB1,0.27528,synthetic_demo,synthetic soil bucket proxy,True
2005-05-07,SB1,0.28276,synthetic_demo,synthetic soil bucket proxy,True
2005-05-08,SB1,0.2689,synthetic_demo,synthetic soil bucket proxy,True
2005-05-09,SB1,0.25899,synthetic_demo,synthetic soil bucket proxy,True
2005-05-10,SB1,0.28478,synthetic_demo,synthetic soil bucket proxy,True
2005-05-11,SB1,0.25734,synthetic_demo,synthetic soil bucket proxy,True
2005-05-12,SB1,0.27426,synthetic_demo,synthetic soil bucket proxy,True
2005-05-13,SB1,0.27365,synthetic_demo,synthetic soil bucket proxy,True
2005-05-14,SB1,0.26188,synthetic_demo,synthetic soil bucket proxy,True
2005-05-15,SB1,0.27514,synthetic_demo,synthetic soil bucket proxy,True
2005-05-16,SB1,0.25982,synthetic_demo,synthetic soil bucket proxy,True
2005-05-17,SB1,0.26485,synthetic_demo,synthetic soil bucket proxy,True
2005-05-18,SB1,0.27146,synthetic_demo,synthetic soil bucket proxy,True
2005-05-19,SB1,0.28903,synthetic_demo,synthetic soil bucket proxy,True
2005-05-20,SB1,0.27424,synthetic_demo,synthetic soil bucket proxy,True
2005-05-21,SB1,0.26089,synthetic_demo,synthetic soil bucket proxy,True
2005-05-22,SB1,0.28577,synthetic_demo,synthetic soil bucket proxy,True
2005-05-23,SB1,0.27164,synthetic_demo,synthetic soil bucket proxy,True
2005-05-24,SB1,0.28132,synthetic_demo,synthetic soil bucket proxy,True
2005-05-25,SB1,0.28197,synthetic_demo,synthetic soil bucket proxy,True
2005-05-26,SB1,0.26082,synthetic_demo,synthetic soil bucket proxy,True
2005-05-27,SB1,0.2573,synthetic_demo,synthetic soil bucket proxy,True
2005-05-28,SB1,0.26452,synthetic_demo,synthetic soil bucket proxy,True
2005-05-29,SB1,0.2605,synthetic_demo,synthetic soil bucket proxy,True
2005-05-30,SB1,0.24614,synthetic_demo,synthetic soil bucket proxy,True
2005-05-31,SB1,0.25496,synthetic_demo,synthetic soil bucket proxy,True
2005-06-01,SB1,0.25674,synthetic_demo,synthetic soil bucket proxy,True
2005-06-02,SB1,0.26812,synthetic_demo,synthetic soil bucket proxy,True
2005-06-03,SB1,0.26654,synthetic_demo,synthetic soil bucket proxy,True
2005-06-04,SB1,0.26274,synthetic_demo,synthetic soil bucket proxy,True
2005-06-05,SB1,0.24042,synthetic_demo,synthetic soil bucket proxy,True
2005-06-06,SB1,0.25217,synthetic_demo,synthetic soil bucket proxy,True
2005-06-07,SB1,0.23629,synthetic_demo,synthetic soil bucket proxy,True
2005-06-08,SB1,0.24589,synthetic_demo,synthetic soil bucket proxy,True
2005-06-09,SB1,0.25018,synthetic_demo,synthetic soil bucket proxy,True
2005-06-10,SB1,0.26084,synthetic_demo,synthetic soil bucket proxy,True
2005-06-11,SB1,0.23521,synthetic_demo,synthetic soil bucket proxy,True
2005-06-12,SB1,0.2712,synthetic_demo,synthetic soil bucket proxy,True
2005-06-13,SB1,0.26753,synthetic_demo,synthetic soil bucket proxy,True
2005-06-14,SB1,0.26931,synthetic_demo,synthetic soil bucket proxy,True
2005-06-15,SB1,0.27002,synthetic_demo,synthetic soil bucket proxy,True
2005-06-16,SB1,0.28382,synthetic_demo,synthetic soil bucket proxy,True
2005-06-17,SB1,0.26232,synthetic_demo,synthetic soil bucket proxy,True
2005-06-18,SB1,0.27844,synthetic_demo,synthetic soil bucket proxy,True
2005-06-19,SB1,0.29766,synthetic_demo,synthetic soil bucket proxy,True
2005-06-20,SB1,0.28558,synthetic_demo,synthetic soil bucket proxy,True
2005-06-21,SB1,0.29294,synthetic_demo,synthetic soil bucket proxy,True
2005-06-22,SB1,0.27193,synthetic_demo,synthetic soil bucket proxy,True
2005-06-23,SB1,0.26485,synthetic_demo,synthetic soil bucket proxy,True
2005-06-24,SB1,0.26739,synthetic_demo,synthetic soil bucket proxy,True
2005-06-25,SB1,0.2742,synthetic_demo,synthetic soil bucket proxy,True
2005-06-26,SB1,0.26532,synthetic_demo,synthetic soil bucket proxy,True
2005-06-27,SB1,0.27903,synthetic_demo,synthetic soil bucket proxy,True
2005-06-28,SB1,0.27631,synthetic_demo,synthetic soil bucket proxy,True
2005-06-29,SB1,0.28086,synthetic_demo,synthetic soil bucket proxy,True
2005-06-30,SB1,0.2749,synthetic_demo,synthetic soil bucket proxy,True
2005-07-01,SB1,0.27908,synthetic_demo,synthetic soil bucket proxy,True
2005-07-02,SB1,0.27688,synthetic_demo,synthetic soil bucket proxy,True
2005-07-03,SB1,0.28633,synthetic_demo,synthetic soil bucket proxy,True
2005-07-04,SB1,0.28531,synthetic_demo,synthetic soil bucket proxy,True
2005-07-05,SB1,0.27761,synthetic_demo,synthetic soil bucket proxy,True
2005-07-06,SB1,0.29359,synthetic_demo,synthetic soil bucket proxy,True
2005-07-07,SB1,0.29226,synthetic_demo,synthetic soil bucket proxy,True
2005-07-08,SB1,0.32353,synthetic_demo,synthetic soil bucket proxy,True
2005-07-09,SB1,0.33651,synthetic_demo,synthetic soil bucket proxy,True
2005-07-10,SB1,0.3267,synthetic_demo,synthetic soil bucket proxy,True
2005-07-11,SB1,0.32896,synthetic_demo,synthetic soil bucket proxy,True
2005-07-12,SB1,0.33585,synthetic_demo,synthetic soil bucket proxy,True
2005-07-13,SB1,0.33973,synthetic_demo,synthetic soil bucket proxy,True
2005-07-14,SB1,0.37349,synthetic_demo,synthetic soil bucket proxy,True
2005-07-15,SB1,0.42519,synthetic_demo,synthetic soil bucket proxy,True
2005-07-16,SB1,0.42648,synthetic_demo,synthetic soil bucket proxy,True
2005-07-17,SB1,0.43141,synthetic_demo,synthetic soil bucket proxy,True
2005-07-18,SB1,0.42582,synthetic_demo,synthetic soil bucket proxy,True
2005-07-19,SB1,0.42753,synthetic_demo,synthetic soil bucket proxy,True
2005-07-20,SB1,0.41389,synthetic_demo,synthetic soil bucket proxy,True
2005-07-21,SB1,0.41624,synthetic_demo,synthetic soil bucket proxy,True
2005-07-22,SB1,0.43844,synthetic_demo,synthetic soil bucket proxy,True
2005-07-23,SB1,0.42316,synthetic_demo,synthetic soil bucket proxy,True
2005-07-24,SB1,0.42376,synthetic_demo,synthetic soil bucket proxy,True
2005-07-25,SB1,0.42404,synthetic_demo,synthetic soil bucket proxy,True
2005-07-26,SB1,0.41573,synthetic_demo,synthetic soil bucket proxy,True
2005-07-27,SB1,0.40978,synthetic_demo,synthetic soil bucket proxy,True
2005-07-28,SB1,0.44,synthetic_demo,synthetic soil bucket proxy,True
2005-07-29,SB1,0.44,synthetic_demo,synthetic soil bucket proxy,True
2005-07-30,SB1,0.44,synthetic_demo,synthetic soil bucket proxy,True
2005-07-31,SB1,0.44,synthetic_demo,synthetic soil bucket proxy,True
2005-08-01,SB1,0.44,synthetic_demo,synthetic soil bucket proxy,True
2005-08-02,SB1,0.44,synthetic_demo,synthetic soil bucket proxy,True
2005-08-03,SB1,0.44,synthetic_demo,synthetic soil bucket proxy,True
2005-08-04,SB1,0.44,synthetic_demo,synthetic soil bucket proxy,True
2005-08-05,SB1,0.44,synthetic_demo,synthetic soil bucket proxy,True
2005-08-06,SB1,0.44,synthetic_demo,synthetic soil bucket proxy,True
2005-08-07,SB1,0.44,synthetic_demo,synthetic soil bucket proxy,True
2005-08-08,SB1,0.44,synthetic_demo,synthetic soil bucket proxy,True
2005-08-09,SB1,0.44,synthetic_demo,synthetic soil bucket proxy,True
2005-08-10,SB1,0.44,synthetic_demo,synthetic soil bucket proxy,True
2005-08-11,SB1,0.44,synthetic_demo,synthetic soil bucket proxy,True
2005-08-12,SB1,0.44,synthetic_demo,synthetic soil bucket proxy,True
2005-08-13,SB1,0.44,synthetic_demo,synthetic soil bucket proxy,True
2005-08-14,SB1,0.44,synthetic_demo,synthetic soil bucket proxy,True
2005-08-15,SB1,0.44,synthetic_demo,synthetic soil bucket proxy,True
2005-08-16,SB1,0.44,synthetic_demo,synthetic soil bucket proxy,True
2005-08-17,SB1,0.44,synthetic_demo,synthetic soil bucket proxy,True
2005-08-18,SB1,0.44,synthetic_demo,synthetic soil bucket proxy,True
2005-08-19,SB1,0.44,synthetic_demo,synthetic soil bucket proxy,True
2005-08-20,SB1,0.44,synthetic_demo,synthetic soil bucket proxy,True
2005-08-21,SB1,0.44,synthetic_demo,synthetic soil bucket proxy,True
2005-08-22,SB1,0.44,synthetic_demo,synthetic soil bucket proxy,True
2005-08-23,SB1,0.44,synthetic_demo,synthetic soil bucket proxy,True
2005-08-24,SB1,0.44,synthetic_demo,synthetic soil bucket proxy,True
2005-08-25,SB1,0.44,synthetic_demo,synthetic soil bucket proxy,True
2005-08-26,SB1,0.44,synthetic_demo,synthetic soil bucket proxy,True
2005-08-27,SB1,0.44,synthetic_demo,synthetic soil bucket proxy,True
2005-08-28,SB1,0.44,synthetic_demo,synthetic soil bucket proxy,True
2005-08-29,SB1,0.44,synthetic_demo,synthetic soil bucket proxy,True
2005-08-30,SB1,0.44,synthetic_demo,synthetic soil bucket proxy,True
2005-08-31,SB1,0.44,synthetic_demo,synthetic soil bucket proxy,True
2005-09-01,SB1,0.44,synthetic_demo,synthetic soil bucket proxy,True
2005-09-02,SB1,0.44,synthetic_demo,synthetic soil bucket proxy,True
2005-09-03,SB1,0.44,synthetic_demo,synthetic soil bucket proxy,True
2005-09-04,SB1,0.44,synthetic_demo,synthetic soil bucket proxy,True
2005-09-05,SB1,0.44,synthetic_demo,synthetic soil bucket proxy,True
2005-09-06,SB1,0.44,synthetic_demo,synthetic soil bucket proxy,True
2005-09-07,SB1,0.44,synthetic_demo,synthetic soil bucket proxy,True
2005-09-08,SB1,0.44,synthetic_demo,synthetic soil bucket proxy,True
2005-09-09,SB1,0.44,synthetic_demo,synthetic soil bucket proxy,True
2005-09-10,SB1,0.44,synthetic_demo,synthetic soil bucket proxy,True
2005-09-11,SB1,0.44,synthetic_demo,synthetic soil bucket proxy,True
2005-09-12,SB1,0.44,synthetic_demo,synthetic soil bucket proxy,True
2005-09-13,SB1,0.40921,synthetic_demo,synthetic soil bucket proxy,True
2005-09-14,SB1,0.37329,synthetic_demo,synthetic soil bucket proxy,True
2005-09-15,SB1,0.38712,synthetic_demo,synthetic soil bucket proxy,True
2005-09-16,SB1,0.37332,synthetic_demo,synthetic soil bucket proxy,True
2005-09-17,SB1,0.38687,synthetic_demo,synthetic soil bucket proxy,True
2005-09-18,SB1,0.38717,synthetic_demo,synthetic soil bucket proxy,True
2005-09-19,SB1,0.39419,synthetic_demo,synthetic soil bucket proxy,True
2005-09-20,SB1,0.3737,synthetic_demo,synthetic soil bucket proxy,True
2005-09-21,SB1,0.41137,synthetic_demo,synthetic soil bucket proxy,True
2005-09-22,SB1,0.40504,synthetic_demo,synthetic soil bucket proxy,True
2005-09-23,SB1,0.431,synthetic_demo,synthetic soil bucket proxy,True
2005-09-24,SB1,0.44,synthetic_demo,synthetic soil bucket proxy,True
2005-09-25,SB1,0.44,synthetic_demo,synthetic soil bucket proxy,True
2005-09-26,SB1,0.43591,synthetic_demo,synthetic soil bucket proxy,True
2005-09-27,SB1,0.44,synthetic_demo,synthetic soil bucket proxy,True
2005-09-28,SB1,0.42874,synthetic_demo,synthetic soil bucket proxy,True
2005-09-29,SB1,0.42401,synthetic_demo,synthetic soil bucket proxy,True
2005-09-30,SB1,0.43037,synthetic_demo,synthetic soil bucket proxy,True
2005-10-01,SB1,0.44,synthetic_demo,synthetic soil bucket proxy,True
2005-10-02,SB1,0.43493,synthetic_demo,synthetic soil bucket proxy,True
2005-10-03,SB1,0.43287,synthetic_demo,synthetic soil bucket proxy,True
2005-10-04,SB1,0.44,synthetic_demo,synthetic soil bucket proxy,True
2005-10-05,SB1,0.44,synthetic_demo,synthetic soil bucket proxy,True
2005-10-06,SB1,0.44,synthetic_demo,synthetic soil bucket proxy,True
2005-10-07,SB1,0.44,synthetic_demo,synthetic soil bucket proxy,True
2005-10-08,SB1,0.44,synthetic_demo,synthetic soil bucket proxy,True
2005-10-09,SB1,0.44,synthetic_demo,synthetic soil bucket proxy,True
2005-10-10,SB1,0.40219,synthetic_demo,synthetic soil bucket proxy,True
2005-10-11,SB1,0.43389,synthetic_demo,synthetic soil bucket proxy,True
2005-10-12,SB1,0.43103,synthetic_demo,synthetic soil bucket proxy,True
2005-10-13,SB1,0.41268,synthetic_demo,synthetic soil bucket proxy,True
2005-10-14,SB1,0.44,synthetic_demo,synthetic soil bucket proxy,True
2005-10-15,SB1,0.44,synthetic_demo,synthetic soil bucket proxy,True
2005-10-16,SB1,0.42996,synthetic_demo,synthetic soil bucket proxy,True
2005-10-17,SB1,0.43692,synthetic_demo,synthetic soil bucket proxy,True
2005-10-18,SB1,0.43901,synthetic_demo,synthetic soil bucket proxy,True
2005-10-19,SB1,0.44,synthetic_demo,synthetic soil bucket proxy,True
2005-10-20,SB1,0.43057,synthetic_demo,synthetic soil bucket proxy,True
2005-10-21,SB1,0.42552,synthetic_demo,synthetic soil bucket proxy,True
2005-10-22,SB1,0.43963,synthetic_demo,synthetic soil bucket proxy,True
2005-10-23,SB1,0.41987,synthetic_demo,synthetic soil bucket proxy,True
2005-10-24,SB1,0.44,synthetic_demo,synthetic soil bucket proxy,True
2005-10-25,SB1,0.44,synthetic_demo,synthetic soil bucket proxy,True
2005-10-26,SB1,0.44,synthetic_demo,synthetic soil bucket proxy,True
2005-10-27,SB1,0.44,synthetic_demo,synthetic soil bucket proxy,True
2005-10-28,SB1,0.44,synthetic_demo,synthetic soil bucket proxy,True
2005-10-29,SB1,0.44,synthetic_demo,synthetic soil bucket proxy,True
2005-10-30,SB1,0.44,synthetic_demo,synthetic soil bucket proxy,True
2005-10-31,SB1,0.44,synthetic_demo,synthetic soil bucket proxy,True
2005-11-01,SB1,0.44,synthetic_demo,synthetic soil bucket proxy,True
2005-11-02,SB1,0.44,synthetic_demo,synthetic soil bucket proxy,True
2005-11-03,SB1,0.44,synthetic_demo,synthetic soil bucket proxy,True
2005-11-04,SB1,0.44,synthetic_demo,synthetic soil bucket proxy,True
2005-11-05,SB1,0.44,synthetic_demo,synthetic soil bucket proxy,True
2005-11-06,SB1,0.44,synthetic_demo,synthetic soil bucket proxy,True
2005-11-07,SB1,0.44,synthetic_demo,synthetic soil bucket proxy,True
2005-11-08,SB1,0.44,synthetic_demo,synthetic soil bucket proxy,True
2005-11-09,SB1,0.44,synthetic_demo,synthetic soil bucket proxy,True
2005-11-10,SB1,0.44,synthetic_demo,synthetic soil bucket proxy,True
2005-11-11,SB1,0.44,synthetic_demo,synthetic soil bucket proxy,True
2005-11-12,SB1,0.44,synthetic_demo,synthetic soil bucket proxy,True
2005-11-13,SB1,0.44,synthetic_demo,synthetic soil bucket proxy,True
2005-11-14,SB1,0.44,synthetic_demo,synthetic soil bucket proxy,True
2005-11-15,SB1,0.44,synthetic_demo,synthetic soil bucket proxy,True
2005-11-16,SB1,0.44,synthetic_demo,synthetic soil bucket proxy,True
2005-11-17,SB1,0.44,synthetic_demo,synthetic soil bucket proxy,True
2005-11-18,SB1,0.44,synthetic_demo,synthetic soil bucket proxy,True
2005-11-19,SB1,0.44,synthetic_demo,synthetic soil bucket proxy,True
2005-11-20,SB1,0.44,synthetic_demo,synthetic soil bucket proxy,True
2005-11-21,SB1,0.44,synthetic_demo,synthetic soil bucket proxy,True
2005-11-22,SB1,0.44,synthetic_demo,synthetic soil bucket proxy,True
2005-11-23,SB1,0.44,synthetic_demo,synthetic soil bucket proxy,True
2005-11-24,SB1,0.44,synthetic_demo,synthetic soil bucket proxy,True
2005-11-25,SB1,0.44,synthetic_demo,synthetic soil bucket proxy,True
2005-11-26,SB1,0.44,synthetic_demo,synthetic soil bucket proxy,True
2005-11-27,SB1,0.44,synthetic_demo,synthetic soil bucket proxy,True
2005-11-28,SB1,0.44,synthetic_demo,synthetic soil bucket proxy,True
2005-11-29,SB1,0.44,synthetic_demo,synthetic soil bucket proxy,True
2005-11-30,SB1,0.44,synthetic_demo,synthetic soil bucket proxy,True
2005-12-01,SB1,0.44,synthetic_demo,synthetic soil bucket proxy,True
2005-12-02,SB1,0.44,synthetic_demo,synthetic soil bucket proxy,True
2005-12-03,SB1,0.44,synthetic_demo,synthetic soil bucket proxy,True
2005-12-04,SB1,0.44,synthetic_demo,synthetic soil bucket proxy,True
2005-12-05,SB1,0.44,synthetic_demo,synthetic soil bucket proxy,True
2005-12-06,SB1,0.44,synthetic_demo,synthetic soil bucket proxy,True
2005-12-07,SB1,0.44,synthetic_demo,synthetic soil bucket proxy,True
2005-12-08,SB1,0.44,synthetic_demo,synthetic soil bucket proxy,True
2005-12-09,SB1,0.44,synthetic_demo,synthetic soil bucket proxy,True
2005-12-10,SB1,0.44,synthetic_demo,synthetic soil bucket proxy,True
2005-12-11,SB1,0.44,synthetic_demo,synthetic soil bucket proxy,True
2005-12-12,SB1,0.44,synthetic_demo,synthetic soil bucket proxy,True
2005-12-13,SB1,0.44,synthetic_demo,synthetic soil bucket proxy,True
2005-12-14,SB1,0.44,synthetic_demo,synthetic soil bucket proxy,True
2005-12-15,SB1,0.44,synthetic_demo,synthetic soil bucket proxy,True
2005-12-16,SB1,0.44,synthetic_demo,synthetic soil bucket proxy,True
2005-12-17,SB1,0.44,synthetic_demo,synthetic soil bucket proxy,True
2005-12-18,SB1,0.44,synthetic_demo,synthetic soil bucket proxy,True
2005-12-19,SB1,0.44,synthetic_demo,synthetic soil bucket proxy,True
2005-12-20,SB1,0.44,synthetic_demo,synthetic soil bucket proxy,True
2005-12-21,SB1,0.44,synthetic_demo,synthetic soil bucket proxy,True
2005-12-22,SB1,0.44,synthetic_demo,synthetic soil bucket proxy,True
2005-12-23,SB1,0.44,synthetic_demo,synthetic soil bucket proxy,True
2005-12-24,SB1,0.44,synthetic_demo,synthetic soil bucket proxy,True
2005-12-25,SB1,0.44,synthetic_demo,synthetic soil bucket proxy,True
2005-12-26,SB1,0.44,synthetic_demo,synthetic soil bucket proxy,True
2005-12-27,SB1,0.44,synthetic_demo,synthetic soil bucket proxy,True
2005-12-28,SB1,0.44,synthetic_demo,synthetic soil bucket proxy,True
2005-12-29,SB1,0.44,synthetic_demo,synthetic soil bucket proxy,True
2005-12-30,SB1,0.42147,synthetic_demo,synthetic soil bucket proxy,True
2005-12-31,SB1,0.4368,synthetic_demo,synthetic soil bucket proxy,True
2006-01-01,SB1,0.42672,synthetic_demo,synthetic soil bucket proxy,True
2006-01-02,SB1,0.40288,synthetic_demo,synthetic soil bucket proxy,True
2006-01-03,SB1,0.41046,synthetic_demo,synthetic soil bucket proxy,True
2006-01-04,SB1,0.40972,synthetic_demo,synthetic soil bucket proxy,True
2006-01-05,SB1,0.42613,synthetic_demo,synthetic soil bucket proxy,True
2006-01-06,SB1,0.40839,synthetic_demo,synthetic soil bucket proxy,True
2006-01-07,SB1,0.38396,synthetic_demo,synthetic soil bucket proxy,True
2006-01-08,SB1,0.36944,synthetic_demo,synthetic soil bucket proxy,True
2006-01-09,SB1,0.39085,synthetic_demo,synthetic soil bucket proxy,True
2006-01-10,SB1,0.37977,synthetic_demo,synthetic soil bucket proxy,True
2006-01-11,SB1,0.38951,synthetic_demo,synthetic soil bucket proxy,True
2006-01-12,SB1,0.38431,synthetic_demo,synthetic soil bucket proxy,True
2006-01-13,SB1,0.36818,synthetic_demo,synthetic soil bucket proxy,True
2006-01-14,SB1,0.36201,synthetic_demo,synthetic soil bucket proxy,True
2006-01-15,SB1,0.35767,synthetic_demo,synthetic soil bucket proxy,True
2006-01-16,SB1,0.36618,synthetic_demo,synthetic soil bucket proxy,True
2006-01-17,SB1,0.3749,synthetic_demo,synthetic soil bucket proxy,True
2006-01-18,SB1,0.36789,synthetic_demo,synthetic soil bucket proxy,True
2006-01-19,SB1,0.36066,synthetic_demo,synthetic soil bucket proxy,True
2006-01-20,SB1,0.35805,synthetic_demo,synthetic soil bucket proxy,True
2006-01-21,SB1,0.3608,synthetic_demo,synthetic soil bucket proxy,True
2006-01-22,SB1,0.35683,synthetic_demo,synthetic soil bucket proxy,True
2006-01-23,SB1,0.35697,synthetic_demo,synthetic soil bucket proxy,True
2006-01-24,SB1,0.3587,synthetic_demo,synthetic soil bucket proxy,True
2006-01-25,SB1,0.36381,synthetic_demo,synthetic soil bucket proxy,True
2006-01-26,SB1,0.35086,synthetic_demo,synthetic soil bucket proxy,True
2006-01-27,SB1,0.32822,synthetic_demo,synthetic soil bucket proxy,True
2006-01-28,SB1,0.32697,synthetic_demo,synthetic soil bucket proxy,True
2006-01-29,SB1,0.30592,synthetic_demo,synthetic soil bucket proxy,True
2006-01-30,SB1,0.31246,synthetic_demo,synthetic soil bucket proxy,True
2006-01-31,SB1,0.32033,synthetic_demo,synthetic soil bucket proxy,True
2006-02-01,SB1,0.30132,synthetic_demo,synthetic soil bucket proxy,True
2006-02-02,SB1,0.29159,synthetic_demo,synthetic soil bucket proxy,True
2006-02-03,SB1,0.28453,synthetic_demo,synthetic soil bucket proxy,True
2006-02-04,SB1,0.27905,synthetic_demo,synthetic soil bucket proxy,True
2006-02-05,SB1,0.26699,synthetic_demo,synthetic soil bucket proxy,True
2006-02-06,SB1,0.26555,synthetic_demo,synthetic soil bucket proxy,True
2006-02-07,SB1,0.24948,synthetic_demo,synthetic soil bucket proxy,True
2006-02-08,SB1,0.24195,synthetic_demo,synthetic soil bucket proxy,True
2006-02-09,SB1,0.2403,synthetic_demo,synthetic soil bucket proxy,True
2006-02-10,SB1,0.25617,synthetic_demo,synthetic soil bucket proxy,True
2006-02-11,SB1,0.23402,synthetic_demo,synthetic soil bucket proxy,True
2006-02-12,SB1,0.24214,synthetic_demo,synthetic soil bucket proxy,True
2006-02-13,SB1,0.23958,synthetic_demo,synthetic soil bucket proxy,True
2006-02-14,SB1,0.24668,synthetic_demo,synthetic soil bucket proxy,True
2006-02-15,SB1,0.21299,synthetic_demo,synthetic soil bucket proxy,True
2006-02-16,SB1,0.21249,synthetic_demo,synthetic soil bucket proxy,True
2006-02-17,SB1,0.2093,synthetic_demo,synthetic soil bucket proxy,True
2006-02-18,SB1,0.21191,synthetic_demo,synthetic soil bucket proxy,True
2006-02-19,SB1,0.21692,synthetic_demo,synthetic soil bucket proxy,True
2006-02-20,SB1,0.20615,synthetic_demo,synthetic soil bucket proxy,True
2006-02-21,SB1,0.20061,synthetic_demo,synthetic soil bucket proxy,True
2006-02-22,SB1,0.19064,synthetic_demo,synthetic soil bucket proxy,True
2006-02-23,SB1,0.19193,synthetic_demo,synthetic soil bucket proxy,True
2006-02-24,SB1,0.21931,synthetic_demo,synthetic soil bucket proxy,True
2006-02-25,SB1,0.19767,synthetic_demo,synthetic soil bucket proxy,True
2006-02-26,SB1,0.20697,synthetic_demo,synthetic soil bucket proxy,True
2006-02-27,SB1,0.21051,synthetic_demo,synthetic soil bucket proxy,True
2006-02-28,SB1,0.21165,synthetic_demo,synthetic soil bucket proxy,True
2006-03-01,SB1,0.20264,synthetic_demo,synthetic soil bucket proxy,True
2006-03-02,SB1,0.2385,synthetic_demo,synthetic soil bucket proxy,True
2006-03-03,SB1,0.24987,synthetic_demo,synthetic soil bucket proxy,True
2006-03-04,SB1,0.23642,synthetic_demo,synthetic soil bucket proxy,True
2006-03-05,SB1,0.2388,synthetic_demo,synthetic soil bucket proxy,True
2006-03-06,SB1,0.23427,synthetic_demo,synthetic soil bucket proxy,True
2006-03-07,SB1,0.23864,synthetic_demo,synthetic soil bucket proxy,True
2006-03-08,SB1,0.23749,synthetic_demo,synthetic soil bucket proxy,True
2006-03-09,SB1,0.23387,synthetic_demo,synthetic soil bucket proxy,True
2006-03-10,SB1,0.22162,synthetic_demo,synthetic soil bucket proxy,True
2006-03-11,SB1,0.24185,synthetic_demo,synthetic soil bucket proxy,True
2006-03-12,SB1,0.2329,synthetic_demo,synthetic soil bucket proxy,True
2006-03-13,SB1,0.22406,synthetic_demo,synthetic soil bucket proxy,True
2006-03-14,SB1,0.2488,synthetic_demo,synthetic soil bucket proxy,True
2006-03-15,SB1,0.22103,synthetic_demo,synthetic soil bucket proxy,True
2006-03-16,SB1,0.2334,synthetic_demo,synthetic soil bucket proxy,True
2006-03-17,SB1,0.23744,synthetic_demo,synthetic soil bucket proxy,True
2006-03-18,SB1,0.22652,synthetic_demo,synthetic soil bucket proxy,True
2006-03-19,SB1,0.21871,synthetic_demo,synthetic soil bucket proxy,True
2006-03-20,SB1,0.2256,synthetic_demo,synthetic soil bucket proxy,True
2006-03-21,SB1,0.2519,synthetic_demo,synthetic soil bucket proxy,True
2006-03-22,SB1,0.23844,synthetic_demo,synthetic soil bucket proxy,True
2006-03-23,SB1,0.2433,synthetic_demo,synthetic soil bucket proxy,True
2006-03-24,SB1,0.23404,synthetic_demo,synthetic soil bucket proxy,True
2006-03-25,SB1,0.2379,synthetic_demo,synthetic soil bucket proxy,True
2006-03-26,SB1,0.25065,synthetic_demo,synthetic soil bucket proxy,True
2006-03-27,SB1,0.24733,synthetic_demo,synthetic soil bucket proxy,True
2006-03-28,SB1,0.24354,synthetic_demo,synthetic soil bucket proxy,True
2006-03-29,SB1,0.2435,synthetic_demo,synthetic soil bucket proxy,True
2006-03-30,SB1,0.24043,synthetic_demo,synthetic soil bucket proxy,True
2006-03-31,SB1,0.23644,synthetic_demo,synthetic soil bucket proxy,True
2006-04-01,SB1,0.24431,synthetic_demo,synthetic soil bucket proxy,True
2006-04-02,SB1,0.23242,synthetic_demo,synthetic soil bucket proxy,True
2006-04-03,SB1,0.22484,synthetic_demo,synthetic soil bucket proxy,True
2006-04-04,SB1,0.22274,synthetic_demo,synthetic soil bucket proxy,True
2006-04-05,SB1,0.22658,synthetic_demo,synthetic soil bucket proxy,True
2006-04-06,SB1,0.23291,synthetic_demo,synthetic soil bucket proxy,True
2006-04-07,SB1,0.23414,synthetic_demo,synthetic soil bucket proxy,True
2006-04-08,SB1,0.22696,synthetic_demo,synthetic soil bucket proxy,True
2006-04-09,SB1,0.22573,synthetic_demo,synthetic soil bucket proxy,True
2006-04-10,SB1,0.22857,synthetic_demo,synthetic soil bucket proxy,True
2006-04-11,SB1,0.22619,synthetic_demo,synthetic soil bucket proxy,True
2006-04-12,SB1,0.22749,synthetic_demo,synthetic soil bucket proxy,True
2006-04-13,SB1,0.2404,synthetic_demo,synthetic soil bucket proxy,True
2006-04-14,SB1,0.21431,synthetic_demo,synthetic soil bucket proxy,True
2006-04-15,SB1,0.22576,synthetic_demo,synthetic soil bucket proxy,True
2006-04-16,SB1,0.21713,synthetic_demo,synthetic soil bucket proxy,True
2006-04-17,SB1,0.22393,synthetic_demo,synthetic soil bucket proxy,True
2006-04-18,SB1,0.23824,synthetic_demo,synthetic soil bucket proxy,True
2006-04-19,SB1,0.207,synthetic_demo,synthetic soil bucket proxy,True
2006-04-20,SB1,0.21222,synthetic_demo,synthetic soil bucket proxy,True
2006-04-21,SB1,0.21894,synthetic_demo,synthetic soil bucket proxy,True
2006-04-22,SB1,0.22029,synthetic_demo,synthetic soil bucket proxy,True
2006-04-23,SB1,0.22623,synthetic_demo,synthetic soil bucket proxy,True
2006-04-24,SB1,0.22295,synthetic_demo,synthetic soil bucket proxy,True
2006-04-25,SB1,0.22917,synthetic_demo,synthetic soil bucket proxy,True
2006-04-26,SB1,0.20609,synthetic_demo,synthetic soil bucket proxy,True
2006-04-27,SB1,0.22636,synthetic_demo,synthetic soil bucket proxy,True
2006-04-28,SB1,0.23782,synthetic_demo,synthetic soil bucket proxy,True
2006-04-29,SB1,0.23154,synthetic_demo,synthetic soil bucket proxy,True
2006-04-30,SB1,0.23882,synthetic_demo,synthetic soil bucket proxy,True
2006-05-01,SB1,0.20983,synthetic_demo,synthetic soil bucket proxy,True
2006-05-02,SB1,0.2204,synthetic_demo,synthetic soil bucket proxy,True
2006-05-03,SB1,0.20013,synthetic_demo,synthetic soil bucket proxy,True
2006-05-04,SB1,0.21726,synthetic_demo,synthetic soil bucket proxy,True
2006-05-05,SB1,0.19877,synthetic_demo,synthetic soil bucket proxy,True
2006-05-06,SB1,0.20342,synthetic_demo,synthetic soil bucket proxy,True
2006-05-07,SB1,0.20868,synthetic_demo,synthetic soil bucket proxy,True
2006-05-08,SB1,0.21202,synthetic_demo,synthetic soil bucket proxy,True
2006-05-09,SB1,0.20642,synthetic_demo,synthetic soil bucket proxy,True
2006-05-10,SB1,0.20759,synthetic_demo,synthetic soil bucket proxy,True
2006-05-11,SB1,0.20919,synthetic_demo,synthetic soil bucket proxy,True
2006-05-12,SB1,0.19897,synthetic_demo,synthetic soil bucket proxy,True
2006-05-13,SB1,0.22358,synthetic_demo,synthetic soil bucket proxy,True
2006-05-14,SB1,0.21294,synthetic_demo,synthetic soil bucket proxy,True
2006-05-15,SB1,0.21027,synthetic_demo,synthetic soil bucket proxy,True
2006-05-16,SB1,0.20424,synthetic_demo,synthetic soil bucket proxy,True
2006-05-17,SB1,0.21014,synthetic_demo,synthetic soil bucket proxy,True
2006-05-18,SB1,0.20114,synthetic_demo,synthetic soil bucket proxy,True
2006-05-19,SB1,0.20311,synthetic_demo,synthetic soil bucket proxy,True
2006-05-20,SB1,0.19899,synthetic_demo,synthetic soil bucket proxy,True
2006-05-21,SB1,0.21289,synthetic_demo,synthetic soil bucket proxy,True
2006-05-22,SB1,0.19424,synthetic_demo,synthetic soil bucket proxy,True
2006-05-23,SB1,0.22384,synthetic_demo,synthetic soil bucket proxy,True
2006-05-24,SB1,0.24666,synthetic_demo,synthetic soil bucket proxy,True
2006-05-25,SB1,0.23587,synthetic_demo,synthetic soil bucket proxy,True
2006-05-26,SB1,0.2338,synthetic_demo,synthetic soil bucket proxy,True
2006-05-27,SB1,0.23679,synthetic_demo,synthetic soil bucket proxy,True
2006-05-28,SB1,0.23549,synthetic_demo,synthetic soil bucket proxy,True
2006-05-29,SB1,0.23713,synthetic_demo,synthetic soil bucket proxy,True
2006-05-30,SB1,0.2501,synthetic_demo,synthetic soil bucket proxy,True
2006-05-31,SB1,0.23219,synthetic_demo,synthetic soil bucket proxy,True
2006-06-01,SB1,0.23357,synthetic_demo,synthetic soil bucket proxy,True
2006-06-02,SB1,0.23793,synthetic_demo,synthetic soil bucket proxy,True
2006-06-03,SB1,0.21994,synthetic_demo,synthetic soil bucket proxy,True
2006-06-04,SB1,0.2408,synthetic_demo,synthetic soil bucket proxy,True
2006-06-05,SB1,0.23172,synthetic_demo,synthetic soil bucket proxy,True
2006-06-06,SB1,0.23472,synthetic_demo,synthetic soil bucket proxy,True
2006-06-07,SB1,0.22881,synthetic_demo,synthetic soil bucket proxy,True
2006-06-08,SB1,0.22861,synthetic_demo,synthetic soil bucket proxy,True
2006-06-09,SB1,0.23539,synthetic_demo,synthetic soil bucket proxy,True
2006-06-10,SB1,0.23797,synthetic_demo,synthetic soil bucket proxy,True
2006-06-11,SB1,0.23086,synthetic_demo,synthetic soil bucket proxy,True
2006-06-12,SB1,0.22976,synthetic_demo,synthetic soil bucket proxy,True
2006-06-13,SB1,0.24649,synthetic_demo,synthetic soil bucket proxy,True
2006-06-14,SB1,0.24692,synthetic_demo,synthetic soil bucket proxy,True
2006-06-15,SB1,0.26258,synthetic_demo,synthetic soil bucket proxy,True
2006-06-16,SB1,0.25784,synthetic_demo,synthetic soil bucket proxy,True
2006-06-17,SB1,0.27615,synthetic_demo,synthetic soil bucket proxy,True
2006-06-18,SB1,0.29081,synthetic_demo,synthetic soil bucket proxy,True
2006-06-19,SB1,0.27847,synthetic_demo,synthetic soil bucket proxy,True
2006-06-20,SB1,0.27531,synthetic_demo,synthetic soil bucket proxy,True
2006-06-21,SB1,0.28628,synthetic_demo,synthetic soil bucket proxy,True
2006-06-22,SB1,0.29837,synthetic_demo,synthetic soil bucket proxy,True
2006-06-23,SB1,0.27212,synthetic_demo,synthetic soil bucket proxy,True
2006-06-24,SB1,0.29673,synthetic_demo,synthetic soil bucket proxy,True
2006-06-25,SB1,0.27914,synthetic_demo,synthetic soil bucket proxy,True
2006-06-26,SB1,0.29612,synthetic_demo,synthetic soil bucket proxy,True
2006-06-27,SB1,0.27693,synthetic_demo,synthetic soil bucket proxy,True
2006-06-28,SB1,0.26831,synthetic_demo,synthetic soil bucket proxy,True
2006-06-29,SB1,0.2959,synthetic_demo,synthetic soil bucket proxy,True
2006-06-30,SB1,0.28221,synthetic_demo,synthetic soil bucket proxy,True
2006-07-01,SB1,0.33482,synthetic_demo,synthetic soil bucket proxy,True
2006-07-02,SB1,0.307,synthetic_demo,synthetic soil bucket proxy,True
2006-07-03,SB1,0.31004,synthetic_demo,synthetic soil bucket proxy,True
2006-07-04,SB1,0.32866,synthetic_demo,synthetic soil bucket proxy,True
2006-07-05,SB1,0.30616,synthetic_demo,synthetic soil bucket proxy,True
2006-07-06,SB1,0.31888,synthetic_demo,synthetic soil bucket proxy,True
2006-07-07,SB1,0.31387,synthetic_demo,synthetic soil bucket proxy,True
2006-07-08,SB1,0.30802,synthetic_demo,synthetic soil bucket proxy,True
2006-07-09,SB1,0.3062,synthetic_demo,synthetic soil bucket proxy,True
2006-07-10,SB1,0.31194,synthetic_demo,synthetic soil bucket proxy,True
2006-07-11,SB1,0.29789,synthetic_demo,synthetic soil bucket proxy,True
2006-07-12,SB1,0.31212,synthetic_demo,synthetic soil bucket proxy,True
2006-07-13,SB1,0.32805,synthetic_demo,synthetic soil bucket proxy,True
2006-07-14,SB1,0.32213,synthetic_demo,synthetic soil bucket proxy,True
2006-07-15,SB1,0.32794,synthetic_demo,synthetic soil bucket proxy,True
2006-07-16,SB1,0.34854,synthetic_demo,synthetic soil bucket proxy,True
2006-07-17,SB1,0.38564,synthetic_demo,synthetic soil bucket proxy,True
2006-07-18,SB1,0.37054,synthetic_demo,synthetic soil bucket proxy,True
2006-07-19,SB1,0.37968,synthetic_demo,synthetic soil bucket proxy,True
2006-07-20,SB1,0.38303,synthetic_demo,synthetic soil bucket proxy,True
2006-07-21,SB1,0.37287,synthetic_demo,synthetic soil bucket proxy,True
2006-07-22,SB1,0.37117,synthetic_demo,synthetic soil bucket proxy,True
2006-07-23,SB1,0.339,synthetic_demo,synthetic soil bucket proxy,True
2006-07-24,SB1,0.35642,synthetic_demo,synthetic soil bucket proxy,True
2006-07-25,SB1,0.34396,synthetic_demo,synthetic soil bucket proxy,True
2006-07-26,SB1,0.34573,synthetic_demo,synthetic soil bucket proxy,True
2006-07-27,SB1,0.35535,synthetic_demo,synthetic soil bucket proxy,True
2006-07-28,SB1,0.37278,synthetic_demo,synthetic soil bucket proxy,True
2006-07-29,SB1,0.3924,synthetic_demo,synthetic soil bucket proxy,True
2006-07-30,SB1,0.39959,synthetic_demo,synthetic soil bucket proxy,True
2006-07-31,SB1,0.39255,synthetic_demo,synthetic soil bucket proxy,True
2006-08-01,SB1,0.38317,synthetic_demo,synthetic soil bucket proxy,True
2006-08-02,SB1,0.37755,synthetic_demo,synthetic soil bucket proxy,True
2006-08-03,SB1,0.39347,synthetic_demo,synthetic soil bucket proxy,True
2006-08-04,SB1,0.39043,synthetic_demo,synthetic soil bucket proxy,True
2006-08-05,SB1,0.40573,synthetic_demo,synthetic soil bucket proxy,True
2006-08-06,SB1,0.41561,synthetic_demo,synthetic soil bucket proxy,True
2006-08-07,SB1,0.40382,synthetic_demo,synthetic soil bucket proxy,True
2006-08-08,SB1,0.40848,synthetic_demo,synthetic soil bucket proxy,True
2006-08-09,SB1,0.41608,synthetic_demo,synthetic soil bucket proxy,True
2006-08-10,SB1,0.41009,synthetic_demo,synthetic soil bucket proxy,True
2006-08-11,SB1,0.40135,synthetic_demo,synthetic soil bucket proxy,True
2006-08-12,SB1,0.39595,synthetic_demo,synthetic soil bucket proxy,True
2006-08-13,SB1,0.39835,synthetic_demo,synthetic soil bucket proxy,True
2006-08-14,SB1,0.40156,synthetic_demo,synthetic soil bucket proxy,True
2006-08-15,SB1,0.41482,synthetic_demo,synthetic soil bucket proxy,True
2006-08-16,SB1,0.36678,synthetic_demo,synthetic soil bucket proxy,True
2006-08-17,SB1,0.36306,synthetic_demo,synthetic soil bucket proxy,True
2006-08-18,SB1,0.3964,synthetic_demo,synthetic soil bucket proxy,True
2006-08-19,SB1,0.39279,synthetic_demo,synthetic soil bucket proxy,True
2006-08-20,SB1,0.3955,synthetic_demo,synthetic soil bucket proxy,True
2006-08-21,SB1,0.3966,synthetic_demo,synthetic soil bucket proxy,True
2006-08-22,SB1,0.39679,synthetic_demo,synthetic soil bucket proxy,True
2006-08-23,SB1,0.39548,synthetic_demo,synthetic soil bucket proxy,True
2006-08-24,SB1,0.40004,synthetic_demo,synthetic soil bucket proxy,True
2006-08-25,SB1,0.38995,synthetic_demo,synthetic soil bucket proxy,True
2006-08-26,SB1,0.38713,synthetic_demo,synthetic soil bucket proxy,True
2006-08-27,SB1,0.40216,synthetic_demo,synthetic soil bucket proxy,True
2006-08-28,SB1,0.38432,synthetic_demo,synthetic soil bucket proxy,True
2006-08-29,SB1,0.40071,synthetic_demo,synthetic soil bucket proxy,True
2006-08-30,SB1,0.40678,synthetic_demo,synthetic soil bucket proxy,True
2006-08-31,SB1,0.40231,synthetic_demo,synthetic soil bucket proxy,True
2006-09-01,SB1,0.40444,synthetic_demo,synthetic soil bucket proxy,True
2006-09-02,SB1,0.42505,synthetic_demo,synthetic soil bucket proxy,True
2006-09-03,SB1,0.40704,synthetic_demo,synthetic soil bucket proxy,True
2006-09-04,SB1,0.41614,synthetic_demo,synthetic soil bucket proxy,True
2006-09-05,SB1,0.42189,synthetic_demo,synthetic soil bucket proxy,True
2006-09-06,SB1,0.42457,synthetic_demo,synthetic soil bucket proxy,True
2006-09-07,SB1,0.4094,synthetic_demo,synthetic soil bucket proxy,True
2006-09-08,SB1,0.40616,synthetic_demo,synthetic soil bucket proxy,True
2006-09-09,SB1,0.40739,synthetic_demo,synthetic soil bucket proxy,True
2006-09-10,SB1,0.41813,synthetic_demo,synthetic soil bucket proxy,True
2006-09-11,SB1,0.41107,synthetic_demo,synthetic soil bucket proxy,True
2006-09-12,SB1,0.39057,synthetic_demo,synthetic soil bucket proxy,True
2006-09-13,SB1,0.38575,synthetic_demo,synthetic soil bucket proxy,True
2006-09-14,SB1,0.4099,synthetic_demo,synthetic soil bucket proxy,True
2006-09-15,SB1,0.36248,synthetic_demo,synthetic soil bucket proxy,True
2006-09-16,SB1,0.36863,synthetic_demo,synthetic soil bucket proxy,True
2006-09-17,SB1,0.36483,synthetic_demo,synthetic soil bucket proxy,True
2006-09-18,SB1,0.35436,synthetic_demo,synthetic soil bucket proxy,True
2006-09-19,SB1,0.36072,synthetic_demo,synthetic soil bucket proxy,True
2006-09-20,SB1,0.35605,synthetic_demo,synthetic soil bucket proxy,True
2006-09-21,SB1,0.35672,synthetic_demo,synthetic soil bucket proxy,True
2006-09-22,SB1,0.37254,synthetic_demo,synthetic soil bucket proxy,True
2006-09-23,SB1,0.34161,synthetic_demo,synthetic soil bucket proxy,True
2006-09-24,SB1,0.37794,synthetic_demo,synthetic soil bucket proxy,True
2006-09-25,SB1,0.35759,synthetic_demo,synthetic soil bucket proxy,True
2006-09-26,SB1,0.36771,synthetic_demo,synthetic soil bucket proxy,True
2006-09-27,SB1,0.34949,synthetic_demo,synthetic soil bucket proxy,True
2006-09-28,SB1,0.33677,synthetic_demo,synthetic soil bucket proxy,True
2006-09-29,SB1,0.34199,synthetic_demo,synthetic soil bucket proxy,True
2006-09-30,SB1,0.32745,synthetic_demo,synthetic soil bucket proxy,True
2006-10-01,SB1,0.33665,synthetic_demo,synthetic soil bucket proxy,True
2006-10-02,SB1,0.33707,synthetic_demo,synthetic soil bucket proxy,True
2006-10-03,SB1,0.33713,synthetic_demo,synthetic soil bucket proxy,True
2006-10-04,SB1,0.32135,synthetic_demo,synthetic soil bucket proxy,True
2006-10-05,SB1,0.30977,synthetic_demo,synthetic soil bucket proxy,True
2006-10-06,SB1,0.32622,synthetic_demo,synthetic soil bucket proxy,True
2006-10-07,SB1,0.32457,synthetic_demo,synthetic soil bucket proxy,True
2006-10-08,SB1,0.33214,synthetic_demo,synthetic soil bucket proxy,True
2006-10-09,SB1,0.3256,synthetic_demo,synthetic soil bucket proxy,True
2006-10-10,SB1,0.33471,synthetic_demo,synthetic soil bucket proxy,True
2006-10-11,SB1,0.32316,synthetic_demo,synthetic soil bucket proxy,True
2006-10-12,SB1,0.3228,synthetic_demo,synthetic soil bucket proxy,True
2006-10-13,SB1,0.34687,synthetic_demo,synthetic soil bucket proxy,True
2006-10-14,SB1,0.33115,synthetic_demo,synthetic soil bucket proxy,True
2006-10-15,SB1,0.35365,synthetic_demo,synthetic soil bucket proxy,True
2006-10-16,SB1,0.3458,synthetic_demo,synthetic soil bucket proxy,True
2006-10-17,SB1,0.31991,synthetic_demo,synthetic soil bucket proxy,True
2006-10-18,SB1,0.32175,synthetic_demo,synthetic soil bucket proxy,True
2006-10-19,SB1,0.31668,synthetic_demo,synthetic soil bucket proxy,True
2006-10-20,SB1,0.32905,synthetic_demo,synthetic soil bucket proxy,True
2006-10-21,SB1,0.31257,synthetic_demo,synthetic soil bucket proxy,True
2006-10-22,SB1,0.32801,synthetic_demo,synthetic soil bucket proxy,True
2006-10-23,SB1,0.3269,synthetic_demo,synthetic soil bucket proxy,True
2006-10-24,SB1,0.31947,synthetic_demo,synthetic soil bucket proxy,True
2006-10-25,SB1,0.3268,synthetic_demo,synthetic soil bucket proxy,True
2006-10-26,SB1,0.31166,synthetic_demo,synthetic soil bucket proxy,True
2006-10-27,SB1,0.29441,synthetic_demo,synthetic soil bucket proxy,True
2006-10-28,SB1,0.28823,synthetic_demo,synthetic soil bucket proxy,True
2006-10-29,SB1,0.25583,synthetic_demo,synthetic soil bucket proxy,True
2006-10-30,SB1,0.2947,synthetic_demo,synthetic soil bucket proxy,True
2006-10-31,SB1,0.29277,synthetic_demo,synthetic soil bucket proxy,True
2006-11-01,SB1,0.302,synthetic_demo,synthetic soil bucket proxy,True
2006-11-02,SB1,0.30169,synthetic_demo,synthetic soil bucket proxy,True
2006-11-03,SB1,0.3396,synthetic_demo,synthetic soil bucket proxy,True
2006-11-04,SB1,0.32872,synthetic_demo,synthetic soil bucket proxy,True
2006-11-05,SB1,0.33949,synthetic_demo,synthetic soil bucket proxy,True
2006-11-06,SB1,0.35453,synthetic_demo,synthetic soil bucket proxy,True
2006-11-07,SB1,0.37072,synthetic_demo,synthetic soil bucket proxy,True
2006-11-08,SB1,0.36326,synthetic_demo,synthetic soil bucket proxy,True
2006-11-09,SB1,0.37284,synthetic_demo,synthetic soil bucket proxy,True
2006-11-10,SB1,0.35564,synthetic_demo,synthetic soil bucket proxy,True
2006-11-11,SB1,0.39733,synthetic_demo,synthetic soil bucket proxy,True
2006-11-12,SB1,0.40927,synthetic_demo,synthetic soil bucket proxy,True
2006-11-13,SB1,0.39439,synthetic_demo,synthetic soil bucket proxy,True
2006-11-14,SB1,0.4009,synthetic_demo,synthetic soil bucket proxy,True
2006-11-15,SB1,0.40518,synthetic_demo,synthetic soil bucket proxy,True
2006-11-16,SB1,0.38815,synthetic_demo,synthetic soil bucket proxy,True
2006-11-17,SB1,0.39758,synthetic_demo,synthetic soil bucket proxy,True
2006-11-18,SB1,0.40745,synthetic_demo,synthetic soil bucket proxy,True
2006-11-19,SB1,0.38417,synthetic_demo,synthetic soil bucket proxy,True
2006-11-20,SB1,0.4111,synthetic_demo,synthetic soil bucket proxy,True
2006-11-21,SB1,0.39874,synthetic_demo,synthetic soil bucket proxy,True
2006-11-22,SB1,0.39527,synthetic_demo,synthetic soil bucket proxy,True
2006-11-23,SB1,0.40159,synthetic_demo,synthetic soil bucket proxy,True
2006-11-24,SB1,0.38501,synthetic_demo,synthetic soil bucket proxy,True
2006-11-25,SB1,0.38321,synthetic_demo,synthetic soil bucket proxy,True
2006-11-26,SB1,0.38762,synthetic_demo,synthetic soil bucket proxy,True
2006-11-27,SB1,0.37801,synthetic_demo,synthetic soil bucket proxy,True
2006-11-28,SB1,0.40229,synthetic_demo,synthetic soil bucket proxy,True
2006-11-29,SB1,0.41046,synthetic_demo,synthetic soil bucket proxy,True
2006-11-30,SB1,0.39789,synthetic_demo,synthetic soil bucket proxy,True
2006-12-01,SB1,0.38762,synthetic_demo,synthetic soil bucket proxy,True
2006-12-02,SB1,0.4051,synthetic_demo,synthetic soil bucket proxy,True
2006-12-03,SB1,0.43391,synthetic_demo,synthetic soil bucket proxy,True
2006-12-04,SB1,0.44,synthetic_demo,synthetic soil bucket proxy,True
2006-12-05,SB1,0.43303,synthetic_demo,synthetic soil bucket proxy,True
2006-12-06,SB1,0.42711,synthetic_demo,synthetic soil bucket proxy,True
2006-12-07,SB1,0.42279,synthetic_demo,synthetic soil bucket proxy,True
2006-12-08,SB1,0.42198,synthetic_demo,synthetic soil bucket proxy,True
2006-12-09,SB1,0.43204,synthetic_demo,synthetic soil bucket proxy,True
2006-12-10,SB1,0.43545,synthetic_demo,synthetic soil bucket proxy,True
2006-12-11,SB1,0.41815,synthetic_demo,synthetic soil bucket proxy,True
2006-12-12,SB1,0.426,synthetic_demo,synthetic soil bucket proxy,True
2006-12-13,SB1,0.42452,synthetic_demo,synthetic soil bucket proxy,True
2006-12-14,SB1,0.40534,synthetic_demo,synthetic soil bucket proxy,True
2006-12-15,SB1,0.42177,synthetic_demo,synthetic soil bucket proxy,True
2006-12-16,SB1,0.40666,synthetic_demo,synthetic soil bucket proxy,True
2006-12-17,SB1,0.41428,synthetic_demo,synthetic soil bucket proxy,True
2006-12-18,SB1,0.39741,synthetic_demo,synthetic soil bucket proxy,True
2006-12-19,SB1,0.41155,synthetic_demo,synthetic soil bucket proxy,True
2006-12-20,SB1,0.4085,synthetic_demo,synthetic soil bucket proxy,True
2006-12-21,SB1,0.41808,synthetic_demo,synthetic soil bucket proxy,True
2006-12-22,SB1,0.41496,synthetic_demo,synthetic soil bucket proxy,True
2006-12-23,SB1,0.41964,synthetic_demo,synthetic soil bucket proxy,True
2006-12-24,SB1,0.44,synthetic_demo,synthetic soil bucket proxy,True
2006-12-25,SB1,0.44,synthetic_demo,synthetic soil bucket proxy,True
2006-12-26,SB1,0.44,synthetic_demo,synthetic soil bucket proxy,True
2006-12-27,SB1,0.44,synthetic_demo,synthetic soil bucket proxy,True
2006-12-28,SB1,0.44,synthetic_demo,synthetic soil bucket proxy,True
2006-12-29,SB1,0.44,synthetic_demo,synthetic soil bucket proxy,True
2006-12-30,SB1,0.44,synthetic_demo,synthetic soil bucket proxy,True
2006-12-31,SB1,0.44,synthetic_demo,synthetic soil bucket proxy,True
2007-01-01,SB1,0.44,synthetic_demo,synthetic soil bucket proxy,True
2007-01-02,SB1,0.41971,synthetic_demo,synthetic soil bucket proxy,True
2007-01-03,SB1,0.43556,synthetic_demo,synthetic soil bucket proxy,True
2007-01-04,SB1,0.4296,synthetic_demo,synthetic soil bucket proxy,True
2007-01-05,SB1,0.39551,synthetic_demo,synthetic soil bucket proxy,True
2007-01-06,SB1,0.4039,synthetic_demo,synthetic soil bucket proxy,True
2007-01-07,SB1,0.36701,synthetic_demo,synthetic soil bucket proxy,True
2007-01-08,SB1,0.37359,synthetic_demo,synthetic soil bucket proxy,True
2007-01-09,SB1,0.3831,synthetic_demo,synthetic soil bucket proxy,True
2007-01-10,SB1,0.33032,synthetic_demo,synthetic soil bucket proxy,True
2007-01-11,SB1,0.3346,synthetic_demo,synthetic soil bucket proxy,True
2007-01-12,SB1,0.32822,synthetic_demo,synthetic soil bucket proxy,True
2007-01-13,SB1,0.33151,synthetic_demo,synthetic soil bucket proxy,True
2007-01-14,SB1,0.33973,synthetic_demo,synthetic soil bucket proxy,True
2007-01-15,SB1,0.33233,synthetic_demo,synthetic soil bucket proxy,True
2007-01-16,SB1,0.33864,synthetic_demo,synthetic soil bucket proxy,True
2007-01-17,SB1,0.32422,synthetic_demo,synthetic soil bucket proxy,True
2007-01-18,SB1,0.3403,synthetic_demo,synthetic soil bucket proxy,True
2007-01-19,SB1,0.33415,synthetic_demo,synthetic soil bucket proxy,True
2007-01-20,SB1,0.31356,synthetic_demo,synthetic soil bucket proxy,True
2007-01-21,SB1,0.33548,synthetic_demo,synthetic soil bucket proxy,True
2007-01-22,SB1,0.33596,synthetic_demo,synthetic soil bucket proxy,True
2007-01-23,SB1,0.35104,synthetic_demo,synthetic soil bucket proxy,True
2007-01-24,SB1,0.33319,synthetic_demo,synthetic soil bucket proxy,True
2007-01-25,SB1,0.33376,synthetic_demo,synthetic soil bucket proxy,True
2007-01-26,SB1,0.36886,synthetic_demo,synthetic soil bucket proxy,True
2007-01-27,SB1,0.34897,synthetic_demo,synthetic soil bucket proxy,True
2007-01-28,SB1,0.33643,synthetic_demo,synthetic soil bucket proxy,True
2007-01-29,SB1,0.34099,synthetic_demo,synthetic soil bucket proxy,True
2007-01-30,SB1,0.3508,synthetic_demo,synthetic soil bucket proxy,True
2007-01-31,SB1,0.34508,synthetic_demo,synthetic soil bucket proxy,True
2007-02-01,SB1,0.30092,synthetic_demo,synthetic soil bucket proxy,True
2007-02-02,SB1,0.30757,synthetic_demo,synthetic soil bucket proxy,True
2007-02-03,SB1,0.29826,synthetic_demo,synthetic soil bucket proxy,True
2007-02-04,SB1,0.28323,synthetic_demo,synthetic soil bucket proxy,True
2007-02-05,SB1,0.28793,synthetic_demo,synthetic soil bucket proxy,True
2007-02-06,SB1,0.29504,synthetic_demo,synthetic soil bucket proxy,True
2007-02-07,SB1,0.2799,synthetic_demo,synthetic soil bucket proxy,True
2007-02-08,SB1,0.27794,synthetic_demo,synthetic soil bucket proxy,True
2007-02-09,SB1,0.27968,synthetic_demo,synthetic soil bucket proxy,True
2007-02-10,SB1,0.27375,synthetic_demo,synthetic soil bucket proxy,True
2007-02-11,SB1,0.28757,synthetic_demo,synthetic soil bucket proxy,True
2007-02-12,SB1,0.29488,synthetic_demo,synthetic soil bucket proxy,True
2007-02-13,SB1,0.28143,synthetic_demo,synthetic soil bucket proxy,True
2007-02-14,SB1,0.30514,synthetic_demo,synthetic soil bucket proxy,True
2007-02-15,SB1,0.30243,synthetic_demo,synthetic soil bucket proxy,True
2007-02-16,SB1,0.28499,synthetic_demo,synthetic soil bucket proxy,True
2007-02-17,SB1,0.29265,synthetic_demo,synthetic soil bucket proxy,True
2007-02-18,SB1,0.28275,synthetic_demo,synthetic soil bucket proxy,True
2007-02-19,SB1,0.28604,synthetic_demo,synthetic soil bucket proxy,True
2007-02-20,SB1,0.27851,synthetic_demo,synthetic soil bucket proxy,True
2007-02-21,SB1,0.26926,synthetic_demo,synthetic soil bucket proxy,True
2007-02-22,SB1,0.24623,synthetic_demo,synthetic soil bucket proxy,True
2007-02-23,SB1,0.23242,synthetic_demo,synthetic soil bucket proxy,True
2007-02-24,SB1,0.23044,synthetic_demo,synthetic soil bucket proxy,True
2007-02-25,SB1,0.21473,synthetic_demo,synthetic soil bucket proxy,True
2007-02-26,SB1,0.22217,synthetic_demo,synthetic soil bucket proxy,True
2007-02-27,SB1,0.20407,synthetic_demo,synthetic soil bucket proxy,True
2007-02-28,SB1,0.21443,synthetic_demo,synthetic soil bucket proxy,True
2007-03-01,SB1,0.20527,synthetic_demo,synthetic soil bucket proxy,True
2007-03-02,SB1,0.20826,synthetic_demo,synthetic soil bucket proxy,True
2007-03-03,SB1,0.20515,synthetic_demo,synthetic soil bucket proxy,True
2007-03-04,SB1,0.20781,synthetic_demo,synthetic soil bucket proxy,True
2007-03-05,SB1,0.21661,synthetic_demo,synthetic soil bucket proxy,True
2007-03-06,SB1,0.19976,synthetic_demo,synthetic soil bucket proxy,True
2007-03-07,SB1,0.2041,synthetic_demo,synthetic soil bucket proxy,True
2007-03-08,SB1,0.2099,synthetic_demo,synthetic soil bucket proxy,True
2007-03-09,SB1,0.20846,synthetic_demo,synthetic soil bucket proxy,True
2007-03-10,SB1,0.20916,synthetic_demo,synthetic soil bucket proxy,True
2007-03-11,SB1,0.20409,synthetic_demo,synthetic soil bucket proxy,True
2007-03-12,SB1,0.21372,synthetic_demo,synthetic soil bucket proxy,True
2007-03-13,SB1,0.20318,synthetic_demo,synthetic soil bucket proxy,True
2007-03-14,SB1,0.2142,synthetic_demo,synthetic soil bucket proxy,True
2007-03-15,SB1,0.21242,synthetic_demo,synthetic soil bucket proxy,True
2007-03-16,SB1,0.20878,synthetic_demo,synthetic soil bucket proxy,True
2007-03-17,SB1,0.21666,synthetic_demo,synthetic soil bucket proxy,True
2007-03-18,SB1,0.20459,synthetic_demo,synthetic soil bucket proxy,True
2007-03-19,SB1,0.21819,synthetic_demo,synthetic soil bucket proxy,True
2007-03-20,SB1,0.21789,synthetic_demo,synthetic soil bucket proxy,True
2007-03-21,SB1,0.22239,synthetic_demo,synthetic soil bucket proxy,True
2007-03-22,SB1,0.23158,synthetic_demo,synthetic soil bucket proxy,True
2007-03-23,SB1,0.22835,synthetic_demo,synthetic soil bucket proxy,True
2007-03-24,SB1,0.22978,synthetic_demo,synthetic soil bucket proxy,True
2007-03-25,SB1,0.23038,synthetic_demo,synthetic soil bucket proxy,True
2007-03-26,SB1,0.23091,synthetic_demo,synthetic soil bucket proxy,True
2007-03-27,SB1,0.20031,synthetic_demo,synthetic soil bucket proxy,True
2007-03-28,SB1,0.20313,synthetic_demo,synthetic soil bucket proxy,True
2007-03-29,SB1,0.20439,synthetic_demo,synthetic soil bucket proxy,True
2007-03-30,SB1,0.21697,synthetic_demo,synthetic soil bucket proxy,True
2007-03-31,SB1,0.2019,synthetic_demo,synthetic soil bucket proxy,True
2007-04-01,SB1,0.19905,synthetic_demo,synthetic soil bucket proxy,True
2007-04-02,SB1,0.20754,synthetic_demo,synthetic soil bucket proxy,True
2007-04-03,SB1,0.1975,synthetic_demo,synthetic soil bucket proxy,True
2007-04-04,SB1,0.20749,synthetic_demo,synthetic soil bucket proxy,True
2007-04-05,SB1,0.19394,synthetic_demo,synthetic soil bucket proxy,True
2007-04-06,SB1,0.19295,synthetic_demo,synthetic soil bucket proxy,True
2007-04-07,SB1,0.1942,synthetic_demo,synthetic soil bucket proxy,True
2007-04-08,SB1,0.21151,synthetic_demo,synthetic soil bucket proxy,True
2007-04-09,SB1,0.21145,synthetic_demo,synthetic soil bucket proxy,True
2007-04-10,SB1,0.20829,synthetic_demo,synthetic soil bucket proxy,True
2007-04-11,SB1,0.20398,synthetic_demo,synthetic soil bucket proxy,True
2007-04-12,SB1,0.19025,synthetic_demo,synthetic soil bucket proxy,True
2007-04-13,SB1,0.18821,synthetic_demo,synthetic soil bucket proxy,True
2007-04-14,SB1,0.20049,synthetic_demo,synthetic soil bucket proxy,True
2007-04-15,SB1,0.18911,synthetic_demo,synthetic soil bucket proxy,True
2007-04-16,SB1,0.19833,synthetic_demo,synthetic soil bucket proxy,True
2007-04-17,SB1,0.18907,synthetic_demo,synthetic soil bucket proxy,True
2007-04-18,SB1,0.20556,synthetic_demo,synthetic soil bucket proxy,True
2007-04-19,SB1,0.21076,synthetic_demo,synthetic soil bucket proxy,True
2007-04-20,SB1,0.19347,synthetic_demo,synthetic soil bucket proxy,True
2007-04-21,SB1,0.20421,synthetic_demo,synthetic soil bucket proxy,True
2007-04-22,SB1,0.19675,synthetic_demo,synthetic soil bucket proxy,True
2007-04-23,SB1,0.20568,synthetic_demo,synthetic soil bucket proxy,True
2007-04-24,SB1,0.25393,synthetic_demo,synthetic soil bucket proxy,True
2007-04-25,SB1,0.2358,synthetic_demo,synthetic soil bucket proxy,True
2007-04-26,SB1,0.24328,synthetic_demo,synthetic soil bucket proxy,True
2007-04-27,SB1,0.23273,synthetic_demo,synthetic soil bucket proxy,True
2007-04-28,SB1,0.23121,synthetic_demo,synthetic soil bucket proxy,True
2007-04-29,SB1,0.23504,synthetic_demo,synthetic soil bucket proxy,True
2007-04-30,SB1,0.24168,synthetic_demo,synthetic soil bucket proxy,True
2007-05-01,SB1,0.23071,synthetic_demo,synthetic soil bucket proxy,True
2007-05-02,SB1,0.24105,synthetic_demo,synthetic soil bucket proxy,True
2007-05-03,SB1,0.23847,synthetic_demo,synthetic soil bucket proxy,True
2007-05-04,SB1,0.23991,synthetic_demo,synthetic soil bucket proxy,True
2007-05-05,SB1,0.23902,synthetic_demo,synthetic soil bucket proxy,True
2007-05-06,SB1,0.23635,synthetic_demo,synthetic soil bucket proxy,True
2007-05-07,SB1,0.24633,synthetic_demo,synthetic soil bucket proxy,True
2007-05-08,SB1,0.2353,synthetic_demo,synthetic soil bucket proxy,True
2007-05-09,SB1,0.24211,synthetic_demo,synthetic soil bucket proxy,True
2007-05-10,SB1,0.22808,synthetic_demo,synthetic soil bucket proxy,True
2007-05-11,SB1,0.22566,synthetic_demo,synthetic soil bucket proxy,True
2007-05-12,SB1,0.22656,synthetic_demo,synthetic soil bucket proxy,True
2007-05-13,SB1,0.21723,synthetic_demo,synthetic soil bucket proxy,True
2007-05-14,SB1,0.24772,synthetic_demo,synthetic soil bucket proxy,True
2007-05-15,SB1,0.23451,synthetic_demo,synthetic soil bucket proxy,True
2007-05-16,SB1,0.233,synthetic_demo,synthetic soil bucket proxy,True
2007-05-17,SB1,0.23721,synthetic_demo,synthetic soil bucket proxy,True
2007-05-18,SB1,0.24144,synthetic_demo,synthetic soil bucket proxy,True
2007-05-19,SB1,0.23614,synthetic_demo,synthetic soil bucket proxy,True
2007-05-20,SB1,0.2401,synthetic_demo,synthetic soil bucket proxy,True
2007-05-21,SB1,0.22831,synthetic_demo,synthetic soil bucket proxy,True
2007-05-22,SB1,0.23673,synthetic_demo,synthetic soil bucket proxy,True
2007-05-23,SB1,0.22158,synthetic_demo,synthetic soil bucket proxy,True
2007-05-24,SB1,0.2278,synthetic_demo,synthetic soil bucket proxy,True
2007-05-25,SB1,0.23934,synthetic_demo,synthetic soil bucket proxy,True
2007-05-26,SB1,0.22906,synthetic_demo,synthetic soil bucket proxy,True
2007-05-27,SB1,0.22685,synthetic_demo,synthetic soil bucket proxy,True
2007-05-28,SB1,0.23341,synthetic_demo,synthetic soil bucket proxy,True
2007-05-29,SB1,0.22835,synthetic_demo,synthetic soil bucket proxy,True
2007-05-30,SB1,0.22301,synthetic_demo,synthetic soil bucket proxy,True
2007-05-31,SB1,0.23641,synthetic_demo,synthetic soil bucket proxy,True
2007-06-01,SB1,0.22173,synthetic_demo,synthetic soil bucket proxy,True
2007-06-02,SB1,0.2352,synthetic_demo,synthetic soil bucket proxy,True
2007-06-03,SB1,0.23364,synthetic_demo,synthetic soil bucket proxy,True
2007-06-04,SB1,0.24305,synthetic_demo,synthetic soil bucket proxy,True
2007-06-05,SB1,0.22334,synthetic_demo,synthetic soil bucket proxy,True
2007-06-06,SB1,0.22679,synthetic_demo,synthetic soil bucket proxy,True
2007-06-07,SB1,0.22752,synthetic_demo,synthetic soil bucket proxy,True
2007-06-08,SB1,0.22996,synthetic_demo,synthetic soil bucket proxy,True
2007-06-09,SB1,0.23982,synthetic_demo,synthetic soil bucket proxy,True
2007-06-10,SB1,0.2303,synthetic_demo,synthetic soil bucket proxy,True
2007-06-11,SB1,0.23758,synthetic_demo,synthetic soil bucket proxy,True
2007-06-12,SB1,0.25711,synthetic_demo,synthetic soil bucket proxy,True
2007-06-13,SB1,0.23262,synthetic_demo,synthetic soil bucket proxy,True
2007-06-14,SB1,0.2536,synthetic_demo,synthetic soil bucket proxy,True
2007-06-15,SB1,0.23305,synthetic_demo,synthetic soil bucket proxy,True
2007-06-16,SB1,0.21796,synthetic_demo,synthetic soil bucket proxy,True
2007-06-17,SB1,0.26666,synthetic_demo,synthetic soil bucket proxy,True
2007-06-18,SB1,0.29953,synthetic_demo,synthetic soil bucket proxy,True
2007-06-19,SB1,0.30552,synthetic_demo,synthetic soil bucket proxy,True
2007-06-20,SB1,0.29711,synthetic_demo,synthetic soil bucket proxy,True
2007-06-21,SB1,0.29717,synthetic_demo,synthetic soil bucket proxy,True
2007-06-22,SB1,0.2862,synthetic_demo,synthetic soil bucket proxy,True
2007-06-23,SB1,0.26849,synthetic_demo,synthetic soil bucket proxy,True
2007-06-24,SB1,0.26473,synthetic_demo,synthetic soil bucket proxy,True
2007-06-25,SB1,0.27165,synthetic_demo,synthetic soil bucket proxy,True
2007-06-26,SB1,0.2822,synthetic_demo,synthetic soil bucket proxy,True
2007-06-27,SB1,0.27672,synthetic_demo,synthetic soil bucket proxy,True
2007-06-28,SB1,0.29413,synthetic_demo,synthetic soil bucket proxy,True
2007-06-29,SB1,0.26914,synthetic_demo,synthetic soil bucket proxy,True
2007-06-30,SB1,0.27287,synthetic_demo,synthetic soil bucket proxy,True
2007-07-01,SB1,0.29131,synthetic_demo,synthetic soil bucket proxy,True
2007-07-02,SB1,0.29378,synthetic_demo,synthetic soil bucket proxy,True
2007-07-03,SB1,0.28271,synthetic_demo,synthetic soil bucket proxy,True
2007-07-04,SB1,0.30104,synthetic_demo,synthetic soil bucket proxy,True
2007-07-05,SB1,0.29076,synthetic_demo,synthetic soil bucket proxy,True
2007-07-06,SB1,0.31513,synthetic_demo,synthetic soil bucket proxy,True
2007-07-07,SB1,0.32381,synthetic_demo,synthetic soil bucket proxy,True
2007-07-08,SB1,0.33236,synthetic_demo,synthetic soil bucket proxy,True
2007-07-09,SB1,0.31555,synthetic_demo,synthetic soil bucket proxy,True
2007-07-10,SB1,0.34729,synthetic_demo,synthetic soil bucket proxy,True
2007-07-11,SB1,0.34876,synthetic_demo,synthetic soil bucket proxy,True
2007-07-12,SB1,0.33302,synthetic_demo,synthetic soil bucket proxy,True
2007-07-13,SB1,0.35062,synthetic_demo,synthetic soil bucket proxy,True
2007-07-14,SB1,0.34487,synthetic_demo,synthetic soil bucket proxy,True
2007-07-15,SB1,0.37746,synthetic_demo,synthetic soil bucket proxy,True
2007-07-16,SB1,0.36738,synthetic_demo,synthetic soil bucket proxy,True
2007-07-17,SB1,0.36309,synthetic_demo,synthetic soil bucket proxy,True
2007-07-18,SB1,0.37101,synthetic_demo,synthetic soil bucket proxy,True
2007-07-19,SB1,0.37338,synthetic_demo,synthetic soil bucket proxy,True
2007-07-20,SB1,0.37348,synthetic_demo,synthetic soil bucket proxy,True
2007-07-21,SB1,0.3724,synthetic_demo,synthetic soil bucket proxy,True
2007-07-22,SB1,0.37992,synthetic_demo,synthetic soil bucket proxy,True
2007-07-23,SB1,0.36941,synthetic_demo,synthetic soil bucket proxy,True
2007-07-24,SB1,0.35398,synthetic_demo,synthetic soil bucket proxy,True
2007-07-25,SB1,0.39092,synthetic_demo,synthetic soil bucket proxy,True
2007-07-26,SB1,0.38261,synthetic_demo,synthetic soil bucket proxy,True
2007-07-27,SB1,0.38826,synthetic_demo,synthetic soil bucket proxy,True
2007-07-28,SB1,0.39266,synthetic_demo,synthetic soil bucket proxy,True
2007-07-29,SB1,0.38378,synthetic_demo,synthetic soil bucket proxy,True
2007-07-30,SB1,0.38774,synthetic_demo,synthetic soil bucket proxy,True
2007-07-31,SB1,0.4062,synthetic_demo,synthetic soil bucket proxy,True
2007-08-01,SB1,0.40468,synthetic_demo,synthetic soil bucket proxy,True
2007-08-02,SB1,0.41307,synthetic_demo,synthetic soil bucket proxy,True
2007-08-03,SB1,0.42533,synthetic_demo,synthetic soil bucket proxy,True
2007-08-04,SB1,0.41652,synthetic_demo,synthetic soil bucket proxy,True
2007-08-05,SB1,0.41119,synthetic_demo,synthetic soil bucket proxy,True
2007-08-06,SB1,0.43676,synthetic_demo,synthetic soil bucket proxy,True
2007-08-07,SB1,0.44,synthetic_demo,synthetic soil bucket proxy,True
2007-08-08,SB1,0.43113,synthetic_demo,synthetic soil bucket proxy,True
2007-08-09,SB1,0.44,synthetic_demo,synthetic soil bucket proxy,True
2007-08-10,SB1,0.42982,synthetic_demo,synthetic soil bucket proxy,True
2007-08-11,SB1,0.44,synthetic_demo,synthetic soil bucket proxy,True
2007-08-12,SB1,0.44,synthetic_demo,synthetic soil bucket proxy,True
2007-08-13,SB1,0.44,synthetic_demo,synthetic soil bucket proxy,True
2007-08-14,SB1,0.44,synthetic_demo,synthetic soil bucket proxy,True
2007-08-15,SB1,0.44,synthetic_demo,synthetic soil bucket proxy,True
2007-08-16,SB1,0.4284,synthetic_demo,synthetic soil bucket proxy,True
2007-08-17,SB1,0.41304,synthetic_demo,synthetic soil bucket proxy,True
2007-08-18,SB1,0.40717,synthetic_demo,synthetic soil bucket proxy,True
2007-08-19,SB1,0.41879,synthetic_demo,synthetic soil bucket proxy,True
2007-08-20,SB1,0.42856,synthetic_demo,synthetic soil bucket proxy,True
2007-08-21,SB1,0.42325,synthetic_demo,synthetic soil bucket proxy,True
2007-08-22,SB1,0.43168,synthetic_demo,synthetic soil bucket proxy,True
2007-08-23,SB1,0.42288,synthetic_demo,synthetic soil bucket proxy,True
2007-08-24,SB1,0.44,synthetic_demo,synthetic soil bucket proxy,True
2007-08-25,SB1,0.44,synthetic_demo,synthetic soil bucket proxy,True
2007-08-26,SB1,0.43974,synthetic_demo,synthetic soil bucket proxy,True
2007-08-27,SB1,0.44,synthetic_demo,synthetic soil bucket proxy,True
2007-08-28,SB1,0.44,synthetic_demo,synthetic soil bucket proxy,True
2007-08-29,SB1,0.44,synthetic_demo,synthetic soil bucket proxy,True
2007-08-30,SB1,0.44,synthetic_demo,synthetic soil bucket proxy,True
2007-08-31,SB1,0.44,synthetic_demo,synthetic soil bucket proxy,True
2007-09-01,SB1,0.44,synthetic_demo,synthetic soil bucket proxy,True
2007-09-02,SB1,0.44,synthetic_demo,synthetic soil bucket proxy,True
2007-09-03,SB1,0.44,synthetic_demo,synthetic soil bucket proxy,True
2007-09-04,SB1,0.44,synthetic_demo,synthetic soil bucket proxy,True
2007-09-05,SB1,0.44,synthetic_demo,synthetic soil bucket proxy,True
2007-09-06,SB1,0.44,synthetic_demo,synthetic soil bucket proxy,True
2007-09-07,SB1,0.44,synthetic_demo,synthetic soil bucket proxy,True
2007-09-08,SB1,0.44,synthetic_demo,synthetic soil bucket proxy,True
2007-09-09,SB1,0.44,synthetic_demo,synthetic soil bucket proxy,True
2007-09-10,SB1,0.44,synthetic_demo,synthetic soil bucket proxy,True
2007-09-11,SB1,0.44,synthetic_demo,synthetic soil bucket proxy,True
2007-09-12,SB1,0.44,synthetic_demo,synthetic soil bucket proxy,True
2007-09-13,SB1,0.44,synthetic_demo,synthetic soil bucket proxy,True
2007-09-14,SB1,0.44,synthetic_demo,synthetic soil bucket proxy,True
2007-09-15,SB1,0.44,synthetic_demo,synthetic soil bucket proxy,True
2007-09-16,SB1,0.44,synthetic_demo,synthetic soil bucket proxy,True
2007-09-17,SB1,0.44,synthetic_demo,synthetic soil bucket proxy,True
2007-09-18,SB1,0.44,synthetic_demo,synthetic soil bucket proxy,True
2007-09-19,SB1,0.44,synthetic_demo,synthetic soil bucket proxy,True
2007-09-20,SB1,0.44,synthetic_demo,synthetic soil bucket proxy,True
2007-09-21,SB1,0.44,synthetic_demo,synthetic soil bucket proxy,True
2007-09-22,SB1,0.44,synthetic_demo,synthetic soil bucket proxy,True
2007-09-23,SB1,0.44,synthetic_demo,synthetic soil bucket proxy,True
2007-09-24,SB1,0.44,synthetic_demo,synthetic soil bucket proxy,True
2007-09-25,SB1,0.44,synthetic_demo,synthetic soil bucket proxy,True
2007-09-26,SB1,0.44,synthetic_demo,synthetic soil bucket proxy,True
2007-09-27,SB1,0.44,synthetic_demo,synthetic soil bucket proxy,True
2007-09-28,SB1,0.44,synthetic_demo,synthetic soil bucket proxy,True
2007-09-29,SB1,0.44,synthetic_demo,synthetic soil bucket proxy,True
2007-09-30,SB1,0.44,synthetic_demo,synthetic soil bucket proxy,True
2007-10-01,SB1,0.44,synthetic_demo,synthetic soil bucket proxy,True
2007-10-02,SB1,0.44,synthetic_demo,synthetic soil bucket proxy,True
2007-10-03,SB1,0.44,synthetic_demo,synthetic soil bucket proxy,True
2007-10-04,SB1,0.44,synthetic_demo,synthetic soil bucket proxy,True
2007-10-05,SB1,0.44,synthetic_demo,synthetic soil bucket proxy,True
2007-10-06,SB1,0.44,synthetic_demo,synthetic soil bucket proxy,True
2007-10-07,SB1,0.44,synthetic_demo,synthetic soil bucket proxy,True
2007-10-08,SB1,0.44,synthetic_demo,synthetic soil bucket proxy,True
2007-10-09,SB1,0.44,synthetic_demo,synthetic soil bucket proxy,True
2007-10-10,SB1,0.44,synthetic_demo,synthetic soil bucket proxy,True
2007-10-11,SB1,0.44,synthetic_demo,synthetic soil bucket proxy,True
2007-10-12,SB1,0.44,synthetic_demo,synthetic soil bucket proxy,True
2007-10-13,SB1,0.44,synthetic_demo,synthetic soil bucket proxy,True
2007-10-14,SB1,0.44,synthetic_demo,synthetic soil bucket proxy,True
2007-10-15,SB1,0.44,synthetic_demo,synthetic soil bucket proxy,True
2007-10-16,SB1,0.44,synthetic_demo,synthetic soil bucket proxy,True
2007-10-17,SB1,0.44,synthetic_demo,synthetic soil bucket proxy,True
2007-10-18,SB1,0.44,synthetic_demo,synthetic soil bucket proxy,True
2007-10-19,SB1,0.44,synthetic_demo,synthetic soil bucket proxy,True
2007-10-20,SB1,0.44,synthetic_demo,synthetic soil bucket proxy,True
2007-10-21,SB1,0.44,synthetic_demo,synthetic soil bucket proxy,True
2007-10-22,SB1,0.44,synthetic_demo,synthetic soil bucket proxy,True
2007-10-23,SB1,0.44,synthetic_demo,synthetic soil bucket proxy,True
2007-10-24,SB1,0.44,synthetic_demo,synthetic soil bucket proxy,True
2007-10-25,SB1,0.44,synthetic_demo,synthetic soil bucket proxy,True
2007-10-26,SB1,0.44,synthetic_demo,synthetic soil bucket proxy,True
2007-10-27,SB1,0.44,synthetic_demo,synthetic soil bucket proxy,True
2007-10-28,SB1,0.44,synthetic_demo,synthetic soil bucket proxy,True
2007-10-29,SB1,0.44,synthetic_demo,synthetic soil bucket proxy,True
2007-10-30,SB1,0.44,synthetic_demo,synthetic soil bucket proxy,True
2007-10-31,SB1,0.42985,synthetic_demo,synthetic soil bucket proxy,True
2007-11-01,SB1,0.43988,synthetic_demo,synthetic soil bucket proxy,True
2007-11-02,SB1,0.44,synthetic_demo,synthetic soil bucket proxy,True
2007-11-03,SB1,0.44,synthetic_demo,synthetic soil bucket proxy,True
2007-11-04,SB1,0.42627,synthetic_demo,synthetic soil bucket proxy,True
2007-11-05,SB1,0.44,synthetic_demo,synthetic soil bucket proxy,True
2007-11-06,SB1,0.42478,synthetic_demo,synthetic soil bucket proxy,True
2007-11-07,SB1,0.40404,synthetic_demo,synthetic soil bucket proxy,True
2007-11-08,SB1,0.39808,synthetic_demo,synthetic soil bucket proxy,True
2007-11-09,SB1,0.40621,synthetic_demo,synthetic soil bucket proxy,True
2007-11-10,SB1,0.38849,synthetic_demo,synthetic soil bucket proxy,True
2007-11-11,SB1,0.37424,synthetic_demo,synthetic soil bucket proxy,True
2007-11-12,SB1,0.37243,synthetic_demo,synthetic soil bucket proxy,True
2007-11-13,SB1,0.36837,synthetic_demo,synthetic soil bucket proxy,True
2007-11-14,SB1,0.34762,synthetic_demo,synthetic soil bucket proxy,True
2007-11-15,SB1,0.3443,synthetic_demo,synthetic soil bucket proxy,True
2007-11-16,SB1,0.35575,synthetic_demo,synthetic soil bucket proxy,True
2007-11-17,SB1,0.35589,synthetic_demo,synthetic soil bucket proxy,True
2007-11-18,SB1,0.35173,synthetic_demo,synthetic soil bucket proxy,True
2007-11-19,SB1,0.35609,synthetic_demo,synthetic soil bucket proxy,True
2007-11-20,SB1,0.3844,synthetic_demo,synthetic soil bucket proxy,True
2007-11-21,SB1,0.40239,synthetic_demo,synthetic soil bucket proxy,True
2007-11-22,SB1,0.39241,synthetic_demo,synthetic soil bucket proxy,True
2007-11-23,SB1,0.39376,synthetic_demo,synthetic soil bucket proxy,True
2007-11-24,SB1,0.38492,synthetic_demo,synthetic soil bucket proxy,True
2007-11-25,SB1,0.38135,synthetic_demo,synthetic soil bucket proxy,True
2007-11-26,SB1,0.36126,synthetic_demo,synthetic soil bucket proxy,True
2007-11-27,SB1,0.39842,synthetic_demo,synthetic soil bucket proxy,True
2007-11-28,SB1,0.38214,synthetic_demo,synthetic soil bucket proxy,True
2007-11-29,SB1,0.38834,synthetic_demo,synthetic soil bucket proxy,True
2007-11-30,SB1,0.38597,synthetic_demo,synthetic soil bucket proxy,True
2007-12-01,SB1,0.38318,synthetic_demo,synthetic soil bucket proxy,True
2007-12-02,SB1,0.36339,synthetic_demo,synthetic soil bucket proxy,True
2007-12-03,SB1,0.38195,synthetic_demo,synthetic soil bucket proxy,True
2007-12-04,SB1,0.37049,synthetic_demo,synthetic soil bucket proxy,True
2007-12-05,SB1,0.38038,synthetic_demo,synthetic soil bucket proxy,True
2007-12-06,SB1,0.39273,synthetic_demo,synthetic soil bucket proxy,True
2007-12-07,SB1,0.38033,synthetic_demo,synthetic soil bucket proxy,True
2007-12-08,SB1,0.37569,synthetic_demo,synthetic soil bucket proxy,True
2007-12-09,SB1,0.38851,synthetic_demo,synthetic soil bucket proxy,True
2007-12-10,SB1,0.37095,synthetic_demo,synthetic soil bucket proxy,True
2007-12-11,SB1,0.35797,synthetic_demo,synthetic soil bucket proxy,True
2007-12-12,SB1,0.35522,synthetic_demo,synthetic soil bucket proxy,True
2007-12-13,SB1,0.37723,synthetic_demo,synthetic soil bucket proxy,True
2007-12-14,SB1,0.37415,synthetic_demo,synthetic soil bucket proxy,True
2007-12-15,SB1,0.38107,synthetic_demo,synthetic soil bucket proxy,True
2007-12-16,SB1,0.3517,synthetic_demo,synthetic soil bucket proxy,True
2007-12-17,SB1,0.35049,synthetic_demo,synthetic soil bucket proxy,True
2007-12-18,SB1,0.36867,synthetic_demo,synthetic soil bucket proxy,True
2007-12-19,SB1,0.36728,synthetic_demo,synthetic soil bucket proxy,True
2007-12-20,SB1,0.38706,synthetic_demo,synthetic soil bucket proxy,True
2007-12-21,SB1,0.37929,synthetic_demo,synthetic soil bucket proxy,True
2007-12-22,SB1,0.37097,synthetic_demo,synthetic soil bucket proxy,True
2007-12-23,SB1,0.32609,synthetic_demo,synthetic soil bucket proxy,True
2007-12-24,SB1,0.34926,synthetic_demo,synthetic soil bucket proxy,True
2007-12-25,SB1,0.33732,synthetic_demo,synthetic soil bucket proxy,True
2007-12-26,SB1,0.35405,synthetic_demo,synthetic soil bucket proxy,True
2007-12-27,SB1,0.34632,synthetic_demo,synthetic soil bucket proxy,True
2007-12-28,SB1,0.33354,synthetic_demo,synthetic soil bucket proxy,True
2007-12-29,SB1,0.33236,synthetic_demo,synthetic soil bucket proxy,True
2007-12-30,SB1,0.33245,synthetic_demo,synthetic soil bucket proxy,True
2007-12-31,SB1,0.34186,synthetic_demo,synthetic soil bucket proxy,True
2008-01-01,SB1,0.33569,synthetic_demo,synthetic soil bucket proxy,True
2008-01-02,SB1,0.34339,synthetic_demo,synthetic soil bucket proxy,True
2008-01-03,SB1,0.3375,synthetic_demo,synthetic soil bucket proxy,True
2008-01-04,SB1,0.34308,synthetic_demo,synthetic soil bucket proxy,True
2008-01-05,SB1,0.33279,synthetic_demo,synthetic soil bucket proxy,True
2008-01-06,SB1,0.33994,synthetic_demo,synthetic soil bucket proxy,True
2008-01-07,SB1,0.32137,synthetic_demo,synthetic soil bucket proxy,True
2008-01-08,SB1,0.33579,synthetic_demo,synthetic soil bucket proxy,True
2008-01-09,SB1,0.33181,synthetic_demo,synthetic soil bucket proxy,True
2008-01-10,SB1,0.32545,synthetic_demo,synthetic soil bucket proxy,True
2008-01-11,SB1,0.32993,synthetic_demo,synthetic soil bucket proxy,True
2008-01-12,SB1,0.34333,synthetic_demo,synthetic soil bucket proxy,True
2008-01-13,SB1,0.32587,synthetic_demo,synthetic soil bucket proxy,True
2008-01-14,SB1,0.35183,synthetic_demo,synthetic soil bucket proxy,True
2008-01-15,SB1,0.34304,synthetic_demo,synthetic soil bucket proxy,True
2008-01-16,SB1,0.3219,synthetic_demo,synthetic soil bucket proxy,True
2008-01-17,SB1,0.34579,synthetic_demo,synthetic soil bucket proxy,True
2008-01-18,SB1,0.32749,synthetic_demo,synthetic soil bucket proxy,True
2008-01-19,SB1,0.31027,synthetic_demo,synthetic soil bucket proxy,True
2008-01-20,SB1,0.27971,synthetic_demo,synthetic soil bucket proxy,True
2008-01-21,SB1,0.27473,synthetic_demo,synthetic soil bucket proxy,True
2008-01-22,SB1,0.27515,synthetic_demo,synthetic soil bucket proxy,True
2008-01-23,SB1,0.27919,synthetic_demo,synthetic soil bucket proxy,True
2008-01-24,SB1,0.30266,synthetic_demo,synthetic soil bucket proxy,True
2008-01-25,SB1,0.28105,synthetic_demo,synthetic soil bucket proxy,True
2008-01-26,SB1,0.29284,synthetic_demo,synthetic soil bucket proxy,True
2008-01-27,SB1,0.29687,synthetic_demo,synthetic soil bucket proxy,True
2008-01-28,SB1,0.30962,synthetic_demo,synthetic soil bucket proxy,True
2008-01-29,SB1,0.32043,synthetic_demo,synthetic soil bucket proxy,True
2008-01-30,SB1,0.28624,synthetic_demo,synthetic soil bucket proxy,True
2008-01-31,SB1,0.28308,synthetic_demo,synthetic soil bucket proxy,True
2008-02-01,SB1,0.30198,synthetic_demo,synthetic soil bucket proxy,True
2008-02-02,SB1,0.28007,synthetic_demo,synthetic soil bucket proxy,True
2008-02-03,SB1,0.27589,synthetic_demo,synthetic soil bucket proxy,True
2008-02-04,SB1,0.28367,synthetic_demo,synthetic soil bucket proxy,True
2008-02-05,SB1,0.27455,synthetic_demo,synthetic soil bucket proxy,True
2008-02-06,SB1,0.28606,synthetic_demo,synthetic soil bucket proxy,True
2008-02-07,SB1,0.28833,synthetic_demo,synthetic soil bucket proxy,True
2008-02-08,SB1,0.27556,synthetic_demo,synthetic soil bucket proxy,True
2008-02-09,SB1,0.28327,synthetic_demo,synthetic soil bucket proxy,True
2008-02-10,SB1,0.3138,synthetic_demo,synthetic soil bucket proxy,True
2008-02-11,SB1,0.27895,synthetic_demo,synthetic soil bucket proxy,True
2008-02-12,SB1,0.27892,synthetic_demo,synthetic soil bucket proxy,True
2008-02-13,SB1,0.27197,synthetic_demo,synthetic soil bucket proxy,True
2008-02-14,SB1,0.28719,synthetic_demo,synthetic soil bucket proxy,True
2008-02-15,SB1,0.28789,synthetic_demo,synthetic soil bucket proxy,True
2008-02-16,SB1,0.27426,synthetic_demo,synthetic soil bucket proxy,True
2008-02-17,SB1,0.26643,synthetic_demo,synthetic soil bucket proxy,True
2008-02-18,SB1,0.271,synthetic_demo,synthetic soil bucket proxy,True
2008-02-19,SB1,0.26813,synthetic_demo,synthetic soil bucket proxy,True
2008-02-20,SB1,0.27361,synthetic_demo,synthetic soil bucket proxy,True
2008-02-21,SB1,0.24819,synthetic_demo,synthetic soil bucket proxy,True
2008-02-22,SB1,0.24353,synthetic_demo,synthetic soil bucket proxy,True
2008-02-23,SB1,0.23768,synthetic_demo,synthetic soil bucket proxy,True
2008-02-24,SB1,0.25096,synthetic_demo,synthetic soil bucket proxy,True
2008-02-25,SB1,0.23366,synthetic_demo,synthetic soil bucket proxy,True
2008-02-26,SB1,0.23593,synthetic_demo,synthetic soil bucket proxy,True
2008-02-27,SB1,0.24227,synthetic_demo,synthetic soil bucket proxy,True
2008-02-28,SB1,0.26332,synthetic_demo,synthetic soil bucket proxy,True
2008-02-29,SB1,0.25741,synthetic_demo,synthetic soil bucket proxy,True
2008-03-01,SB1,0.28155,synthetic_demo,synthetic soil bucket proxy,True
2008-03-02,SB1,0.28059,synthetic_demo,synthetic soil bucket proxy,True
2008-03-03,SB1,0.27094,synthetic_demo,synthetic soil bucket proxy,True
2008-03-04,SB1,0.28295,synthetic_demo,synthetic soil bucket proxy,True
2008-03-05,SB1,0.26613,synthetic_demo,synthetic soil bucket proxy,True
2008-03-06,SB1,0.27481,synthetic_demo,synthetic soil bucket proxy,True
2008-03-07,SB1,0.27149,synthetic_demo,synthetic soil bucket proxy,True
2008-03-08,SB1,0.26272,synthetic_demo,synthetic soil bucket proxy,True
2008-03-09,SB1,0.28921,synthetic_demo,synthetic soil bucket proxy,True
2008-03-10,SB1,0.30225,synthetic_demo,synthetic soil bucket proxy,True
2008-03-11,SB1,0.28248,synthetic_demo,synthetic soil bucket proxy,True
2008-03-12,SB1,0.31174,synthetic_demo,synthetic soil bucket proxy,True
2008-03-13,SB1,0.30908,synthetic_demo,synthetic soil bucket proxy,True
2008-03-14,SB1,0.29308,synthetic_demo,synthetic soil bucket proxy,True
2008-03-15,SB1,0.30651,synthetic_demo,synthetic soil bucket proxy,True
2008-03-16,SB1,0.30515,synthetic_demo,synthetic soil bucket proxy,True
2008-03-17,SB1,0.29331,synthetic_demo,synthetic soil bucket proxy,True
2008-03-18,SB1,0.29341,synthetic_demo,synthetic soil bucket proxy,True
2008-03-19,SB1,0.29911,synthetic_demo,synthetic soil bucket proxy,True
2008-03-20,SB1,0.29364,synthetic_demo,synthetic soil bucket proxy,True
2008-03-21,SB1,0.2908,synthetic_demo,synthetic soil bucket proxy,True
2008-03-22,SB1,0.28775,synthetic_demo,synthetic soil bucket proxy,True
2008-03-23,SB1,0.29344,synthetic_demo,synthetic soil bucket proxy,True
2008-03-24,SB1,0.2834,synthetic_demo,synthetic soil bucket proxy,True
2008-03-25,SB1,0.28322,synthetic_demo,synthetic soil bucket proxy,True
2008-03-26,SB1,0.29561,synthetic_demo,synthetic soil bucket proxy,True
2008-03-27,SB1,0.28495,synthetic_demo,synthetic soil bucket proxy,True
2008-03-28,SB1,0.26544,synthetic_demo,synthetic soil bucket proxy,True
2008-03-29,SB1,0.27911,synthetic_demo,synthetic soil bucket proxy,True
2008-03-30,SB1,0.28704,synthetic_demo,synthetic soil bucket proxy,True
2008-03-31,SB1,0.26867,synthetic_demo,synthetic soil bucket proxy,True
2008-04-01,SB1,0.2665,synthetic_demo,synthetic soil bucket proxy,True
2008-04-02,SB1,0.27579,synthetic_demo,synthetic soil bucket proxy,True
2008-04-03,SB1,0.29132,synthetic_demo,synthetic soil bucket proxy,True
2008-04-04,SB1,0.28177,synthetic_demo,synthetic soil bucket proxy,True
2008-04-05,SB1,0.29187,synthetic_demo,synthetic soil bucket proxy,True
2008-04-06,SB1,0.28153,synthetic_demo,synthetic soil bucket proxy,True
2008-04-07,SB1,0.27897,synthetic_demo,synthetic soil bucket proxy,True
2008-04-08,SB1,0.29074,synthetic_demo,synthetic soil bucket proxy,True
2008-04-09,SB1,0.28746,synthetic_demo,synthetic soil bucket proxy,True
2008-04-10,SB1,0.28432,synthetic_demo,synthetic soil bucket proxy,True
2008-04-11,SB1,0.28743,synthetic_demo,synthetic soil bucket proxy,True
2008-04-12,SB1,0.28933,synthetic_demo,synthetic soil bucket proxy,True
2008-04-13,SB1,0.27985,synthetic_demo,synthetic soil bucket proxy,True
2008-04-14,SB1,0.27538,synthetic_demo,synthetic soil bucket proxy,True
2008-04-15,SB1,0.28647,synthetic_demo,synthetic soil bucket proxy,True
2008-04-16,SB1,0.28513,synthetic_demo,synthetic soil bucket proxy,True
2008-04-17,SB1,0.31708,synthetic_demo,synthetic soil bucket proxy,True
2008-04-18,SB1,0.31042,synthetic_demo,synthetic soil bucket proxy,True
2008-04-19,SB1,0.31296,synthetic_demo,synthetic soil bucket proxy,True
2008-04-20,SB1,0.30521,synthetic_demo,synthetic soil bucket proxy,True
2008-04-21,SB1,0.31827,synthetic_demo,synthetic soil bucket proxy,True
2008-04-22,SB1,0.31756,synthetic_demo,synthetic soil bucket proxy,True
2008-04-23,SB1,0.30216,synthetic_demo,synthetic soil bucket proxy,True
2008-04-24,SB1,0.30726,synthetic_demo,synthetic soil bucket proxy,True
2008-04-25,SB1,0.30502,synthetic_demo,synthetic soil bucket proxy,True
2008-04-26,SB1,0.31792,synthetic_demo,synthetic soil bucket proxy,True
2008-04-27,SB1,0.30128,synthetic_demo,synthetic soil bucket proxy,True
2008-04-28,SB1,0.2916,synthetic_demo,synthetic soil bucket proxy,True
2008-04-29,SB1,0.29397,synthetic_demo,synthetic soil bucket proxy,True
2008-04-30,SB1,0.2637,synthetic_demo,synthetic soil bucket proxy,True
2008-05-01,SB1,0.27515,synthetic_demo,synthetic soil bucket proxy,True
2008-05-02,SB1,0.28966,synthetic_demo,synthetic soil bucket proxy,True
2008-05-03,SB1,0.26689,synthetic_demo,synthetic soil bucket proxy,True
2008-05-04,SB1,0.28153,synthetic_demo,synthetic soil bucket proxy,True
2008-05-05,SB1,0.26999,synthetic_demo,synthetic soil bucket proxy,True
2008-05-06,SB1,0.25794,synthetic_demo,synthetic soil bucket proxy,True
2008-05-07,SB1,0.27145,synthetic_demo,synthetic soil bucket proxy,True
2008-05-08,SB1,0.27431,synthetic_demo,synthetic soil bucket proxy,True
2008-05-09,SB1,0.25089,synthetic_demo,synthetic soil bucket proxy,True
2008-05-10,SB1,0.25001,synthetic_demo,synthetic soil bucket proxy,True
2008-05-11,SB1,0.25487,synthetic_demo,synthetic soil bucket proxy,True
2008-05-12,SB1,0.25928,synthetic_demo,synthetic soil bucket proxy,True
2008-05-13,SB1,0.24496,synthetic_demo,synthetic soil bucket proxy,True
2008-05-14,SB1,0.26164,synthetic_demo,synthetic soil bucket proxy,True
2008-05-15,SB1,0.25221,synthetic_demo,synthetic soil bucket proxy,True
2008-05-16,SB1,0.25676,synthetic_demo,synthetic soil bucket proxy,True
2008-05-17,SB1,0.24528,synthetic_demo,synthetic soil bucket proxy,True
2008-05-18,SB1,0.24631,synthetic_demo,synthetic soil bucket proxy,True
2008-05-19,SB1,0.24594,synthetic_demo,synthetic soil bucket proxy,True
2008-05-20,SB1,0.2301,synthetic_demo,synthetic soil bucket proxy,True
2008-05-21,SB1,0.24644,synthetic_demo,synthetic soil bucket proxy,True
2008-05-22,SB1,0.25227,synthetic_demo,synthetic soil bucket proxy,True
2008-05-23,SB1,0.25711,synthetic_demo,synthetic soil bucket proxy,True
2008-05-24,SB1,0.23944,synthetic_demo,synthetic soil bucket proxy,True
2008-05-25,SB1,0.25352,synthetic_demo,synthetic soil bucket proxy,True
2008-05-26,SB1,0.24902,synthetic_demo,synthetic soil bucket proxy,True
2008-05-27,SB1,0.25796,synthetic_demo,synthetic soil bucket proxy,True
2008-05-28,SB1,0.25363,synthetic_demo,synthetic soil bucket proxy,True
2008-05-29,SB1,0.25563,synthetic_demo,synthetic soil bucket proxy,True
2008-05-30,SB1,0.30043,synthetic_demo,synthetic soil bucket proxy,True
2008-05-31,SB1,0.30762,synthetic_demo,synthetic soil bucket proxy,True
2008-06-01,SB1,0.30636,synthetic_demo,synthetic soil bucket proxy,True
2008-06-02,SB1,0.29598,synthetic_demo,synthetic soil bucket proxy,True
2008-06-03,SB1,0.2834,synthetic_demo,synthetic soil bucket proxy,True
2008-06-04,SB1,0.28419,synthetic_demo,synthetic soil bucket proxy,True
2008-06-05,SB1,0.28139,synthetic_demo,synthetic soil bucket proxy,True
2008-06-06,SB1,0.29034,synthetic_demo,synthetic soil bucket proxy,True
2008-06-07,SB1,0.29402,synthetic_demo,synthetic soil bucket proxy,True
2008-06-08,SB1,0.30203,synthetic_demo,synthetic soil bucket proxy,True
2008-06-09,SB1,0.29997,synthetic_demo,synthetic soil bucket proxy,True
2008-06-10,SB1,0.30656,synthetic_demo,synthetic soil bucket proxy,True
2008-06-11,SB1,0.30131,synthetic_demo,synthetic soil bucket proxy,True
2008-06-12,SB1,0.30165,synthetic_demo,synthetic soil bucket proxy,True
2008-06-13,SB1,0.3082,synthetic_demo,synthetic soil bucket proxy,True
2008-06-14,SB1,0.2942,synthetic_demo,synthetic soil bucket proxy,True
2008-06-15,SB1,0.32115,synthetic_demo,synthetic soil bucket proxy,True
2008-06-16,SB1,0.29249,synthetic_demo,synthetic soil bucket proxy,True
2008-06-17,SB1,0.27391,synthetic_demo,synthetic soil bucket proxy,True
2008-06-18,SB1,0.28373,synthetic_demo,synthetic soil bucket proxy,True
2008-06-19,SB1,0.27314,synthetic_demo,synthetic soil bucket proxy,True
2008-06-20,SB1,0.27832,synthetic_demo,synthetic soil bucket proxy,True
2008-06-21,SB1,0.29097,synthetic_demo,synthetic soil bucket proxy,True
2008-06-22,SB1,0.28618,synthetic_demo,synthetic soil bucket proxy,True
2008-06-23,SB1,0.29431,synthetic_demo,synthetic soil bucket proxy,True
2008-06-24,SB1,0.27976,synthetic_demo,synthetic soil bucket proxy,True
2008-06-25,SB1,0.29602,synthetic_demo,synthetic soil bucket proxy,True
2008-06-26,SB1,0.30625,synthetic_demo,synthetic soil bucket proxy,True
2008-06-27,SB1,0.30267,synthetic_demo,synthetic soil bucket proxy,True
2008-06-28,SB1,0.29749,synthetic_demo,synthetic soil bucket proxy,True
2008-06-29,SB1,0.29688,synthetic_demo,synthetic soil bucket proxy,True
2008-06-30,SB1,0.28765,synthetic_demo,synthetic soil bucket proxy,True
2008-07-01,SB1,0.29932,synthetic_demo,synthetic soil bucket proxy,True
2008-07-02,SB1,0.30119,synthetic_demo,synthetic soil bucket proxy,True
2008-07-03,SB1,0.30047,synthetic_demo,synthetic soil bucket proxy,True
2008-07-04,SB1,0.30169,synthetic_demo,synthetic soil bucket proxy,True
2008-07-05,SB1,0.30068,synthetic_demo,synthetic soil bucket proxy,True
2008-07-06,SB1,0.33062,synthetic_demo,synthetic soil bucket proxy,True
2008-07-07,SB1,0.31778,synthetic_demo,synthetic soil bucket proxy,True
2008-07-08,SB1,0.31921,synthetic_demo,synthetic soil bucket proxy,True
2008-07-09,SB1,0.30739,synthetic_demo,synthetic soil bucket proxy,True
2008-07-10,SB1,0.30984,synthetic_demo,synthetic soil bucket proxy,True
2008-07-11,SB1,0.32853,synthetic_demo,synthetic soil bucket proxy,True
2008-07-12,SB1,0.32208,synthetic_demo,synthetic soil bucket proxy,True
2008-07-13,SB1,0.32263,synthetic_demo,synthetic soil bucket proxy,True
2008-07-14,SB1,0.33972,synthetic_demo,synthetic soil bucket proxy,True
2008-07-15,SB1,0.33272,synthetic_demo,synthetic soil bucket proxy,True
2008-07-16,SB1,0.32068,synthetic_demo,synthetic soil bucket proxy,True
2008-07-17,SB1,0.32604,synthetic_demo,synthetic soil bucket proxy,True
2008-07-18,SB1,0.3394,synthetic_demo,synthetic soil bucket proxy,True
2008-07-19,SB1,0.32967,synthetic_demo,synthetic soil bucket proxy,True
2008-07-20,SB1,0.3345,synthetic_demo,synthetic soil bucket proxy,True
2008-07-21,SB1,0.34771,synthetic_demo,synthetic soil bucket proxy,True
2008-07-22,SB1,0.34578,synthetic_demo,synthetic soil bucket proxy,True
2008-07-23,SB1,0.33587,synthetic_demo,synthetic soil bucket proxy,True
2008-07-24,SB1,0.3389,synthetic_demo,synthetic soil bucket proxy,True
2008-07-25,SB1,0.34267,synthetic_demo,synthetic soil bucket proxy,True
2008-07-26,SB1,0.32321,synthetic_demo,synthetic soil bucket proxy,True
2008-07-27,SB1,0.34732,synthetic_demo,synthetic soil bucket proxy,True
2008-07-28,SB1,0.33453,synthetic_demo,synthetic soil bucket proxy,True
2008-07-29,SB1,0.29129,synthetic_demo,synthetic soil bucket proxy,True
2008-07-30,SB1,0.29892,synthetic_demo,synthetic soil bucket proxy,True
2008-07-31,SB1,0.29238,synthetic_demo,synthetic soil bucket proxy,True
2008-08-01,SB1,0.29939,synthetic_demo,synthetic soil bucket proxy,True
2008-08-02,SB1,0.2988,synthetic_demo,synthetic soil bucket proxy,True
2008-08-03,SB1,0.29587,synthetic_demo,synthetic soil bucket proxy,True
2008-08-04,SB1,0.29315,synthetic_demo,synthetic soil bucket proxy,True
2008-08-05,SB1,0.30742,synthetic_demo,synthetic soil bucket proxy,True
2008-08-06,SB1,0.29134,synthetic_demo,synthetic soil bucket proxy,True
2008-08-07,SB1,0.29597,synthetic_demo,synthetic soil bucket proxy,True
2008-08-08,SB1,0.28998,synthetic_demo,synthetic soil bucket proxy,True
2008-08-09,SB1,0.30269,synthetic_demo,synthetic soil bucket proxy,True
2008-08-10,SB1,0.30747,synthetic_demo,synthetic soil bucket proxy,True
2008-08-11,SB1,0.30731,synthetic_demo,synthetic soil bucket proxy,True
2008-08-12,SB1,0.30493,synthetic_demo,synthetic soil bucket proxy,True
2008-08-13,SB1,0.30382,synthetic_demo,synthetic soil bucket proxy,True
2008-08-14,SB1,0.30549,synthetic_demo,synthetic soil bucket proxy,True
2008-08-15,SB1,0.32194,synthetic_demo,synthetic soil bucket proxy,True
2008-08-16,SB1,0.30875,synthetic_demo,synthetic soil bucket proxy,True
2008-08-17,SB1,0.32036,synthetic_demo,synthetic soil bucket proxy,True
2008-08-18,SB1,0.31855,synthetic_demo,synthetic soil bucket proxy,True
2008-08-19,SB1,0.32807,synthetic_demo,synthetic soil bucket proxy,True
2008-08-20,SB1,0.31585,synthetic_demo,synthetic soil bucket proxy,True
2008-08-21,SB1,0.32015,synthetic_demo,synthetic soil bucket proxy,True
2008-08-22,SB1,0.32428,synthetic_demo,synthetic soil bucket proxy,True
2008-08-23,SB1,0.33569,synthetic_demo,synthetic soil bucket proxy,True
2008-08-24,SB1,0.36457,synthetic_demo,synthetic soil bucket proxy,True
2008-08-25,SB1,0.38254,synthetic_demo,synthetic soil bucket proxy,True
2008-08-26,SB1,0.40392,synthetic_demo,synthetic soil bucket proxy,True
2008-08-27,SB1,0.38717,synthetic_demo,synthetic soil bucket proxy,True
2008-08-28,SB1,0.38861,synthetic_demo,synthetic soil bucket proxy,True
2008-08-29,SB1,0.40961,synthetic_demo,synthetic soil bucket proxy,True
2008-08-30,SB1,0.40781,synthetic_demo,synthetic soil bucket proxy,True
2008-08-31,SB1,0.4045,synthetic_demo,synthetic soil bucket proxy,True
2008-09-01,SB1,0.40596,synthetic_demo,synthetic soil bucket proxy,True
2008-09-02,SB1,0.44,synthetic_demo,synthetic soil bucket proxy,True
2008-09-03,SB1,0.43974,synthetic_demo,synthetic soil bucket proxy,True
2008-09-04,SB1,0.41271,synthetic_demo,synthetic soil bucket proxy,True
2008-09-05,SB1,0.44,synthetic_demo,synthetic soil bucket proxy,True
2008-09-06,SB1,0.43888,synthetic_demo,synthetic soil bucket proxy,True
2008-09-07,SB1,0.44,synthetic_demo,synthetic soil bucket proxy,True
2008-09-08,SB1,0.44,synthetic_demo,synthetic soil bucket proxy,True
2008-09-09,SB1,0.44,synthetic_demo,synthetic soil bucket proxy,True
2008-09-10,SB1,0.44,synthetic_demo,synthetic soil bucket proxy,True
2008-09-11,SB1,0.44,synthetic_demo,synthetic soil bucket proxy,True
2008-09-12,SB1,0.44,synthetic_demo,synthetic soil bucket proxy,True
2008-09-13,SB1,0.44,synthetic_demo,synthetic soil bucket proxy,True
2008-09-14,SB1,0.44,synthetic_demo,synthetic soil bucket proxy,True
2008-09-15,SB1,0.44,synthetic_demo,synthetic soil bucket proxy,True
2008-09-16,SB1,0.44,synthetic_demo,synthetic soil bucket proxy,True
2008-09-17,SB1,0.44,synthetic_demo,synthetic soil bucket proxy,True
2008-09-18,SB1,0.44,synthetic_demo,synthetic soil bucket proxy,True
2008-09-19,SB1,0.44,synthetic_demo,synthetic soil bucket proxy,True
2008-09-20,SB1,0.44,synthetic_demo,synthetic soil bucket proxy,True
2008-09-21,SB1,0.44,synthetic_demo,synthetic soil bucket proxy,True
2008-09-22,SB1,0.44,synthetic_demo,synthetic soil bucket proxy,True
2008-09-23,SB1,0.44,synthetic_demo,synthetic soil bucket proxy,True
2008-09-24,SB1,0.44,synthetic_demo,synthetic soil bucket proxy,True
2008-09-25,SB1,0.44,synthetic_demo,synthetic soil bucket proxy,True
2008-09-26,SB1,0.44,synthetic_demo,synthetic soil bucket proxy,True
2008-09-27,SB1,0.44,synthetic_demo,synthetic soil bucket proxy,True
2008-09-28,SB1,0.44,synthetic_demo,synthetic soil bucket proxy,True
2008-09-29,SB1,0.44,synthetic_demo,synthetic soil bucket proxy,True
2008-09-30,SB1,0.44,synthetic_demo,synthetic soil bucket proxy,True
2008-10-01,SB1,0.44,synthetic_demo,synthetic soil bucket proxy,True
2008-10-02,SB1,0.44,synthetic_demo,synthetic soil bucket proxy,True
2008-10-03,SB1,0.44,synthetic_demo,synthetic soil bucket proxy,True
2008-10-04,SB1,0.44,synthetic_demo,synthetic soil bucket proxy,True
2008-10-05,SB1,0.44,synthetic_demo,synthetic soil bucket proxy,True
2008-10-06,SB1,0.44,synthetic_demo,synthetic soil bucket proxy,True
2008-10-07,SB1,0.44,synthetic_demo,synthetic soil bucket proxy,True
2008-10-08,SB1,0.44,synthetic_demo,synthetic soil bucket proxy,True
2008-10-09,SB1,0.44,synthetic_demo,synthetic soil bucket proxy,True
2008-10-10,SB1,0.44,synthetic_demo,synthetic soil bucket proxy,True
2008-10-11,SB1,0.44,synthetic_demo,synthetic soil bucket proxy,True
2008-10-12,SB1,0.44,synthetic_demo,synthetic soil bucket proxy,True
2008-10-13,SB1,0.44,synthetic_demo,synthetic soil bucket proxy,True
2008-10-14,SB1,0.44,synthetic_demo,synthetic soil bucket proxy,True
2008-10-15,SB1,0.44,synthetic_demo,synthetic soil bucket proxy,True
2008-10-16,SB1,0.44,synthetic_demo,synthetic soil bucket proxy,True
2008-10-17,SB1,0.44,synthetic_demo,synthetic soil bucket proxy,True
2008-10-18,SB1,0.44,synthetic_demo,synthetic soil bucket proxy,True
2008-10-19,SB1,0.44,synthetic_demo,synthetic soil bucket proxy,True
2008-10-20,SB1,0.44,synthetic_demo,synthetic soil bucket proxy,True
2008-10-21,SB1,0.44,synthetic_demo,synthetic soil bucket proxy,True
2008-10-22,SB1,0.44,synthetic_demo,synthetic soil bucket proxy,True
2008-10-23,SB1,0.44,synthetic_demo,synthetic soil bucket proxy,True
2008-10-24,SB1,0.44,synthetic_demo,synthetic soil bucket proxy,True
2008-10-25,SB1,0.44,synthetic_demo,synthetic soil bucket proxy,True
2008-10-26,SB1,0.44,synthetic_demo,synthetic soil bucket proxy,True
2008-10-27,SB1,0.44,synthetic_demo,synthetic soil bucket proxy,True
2008-10-28,SB1,0.44,synthetic_demo,synthetic soil bucket proxy,True
2008-10-29,SB1,0.44,synthetic_demo,synthetic soil bucket proxy,True
2008-10-30,SB1,0.44,synthetic_demo,synthetic soil bucket proxy,True
2008-10-31,SB1,0.44,synthetic_demo,synthetic soil bucket proxy,True
2008-11-01,SB1,0.44,synthetic_demo,synthetic soil bucket proxy,True
2008-11-02,SB1,0.44,synthetic_demo,synthetic soil bucket proxy,True
2008-11-03,SB1,0.44,synthetic_demo,synthetic soil bucket proxy,True
2008-11-04,SB1,0.44,synthetic_demo,synthetic soil bucket proxy,True
2008-11-05,SB1,0.44,synthetic_demo,synthetic soil bucket proxy,True
2008-11-06,SB1,0.44,synthetic_demo,synthetic soil bucket proxy,True
2008-11-07,SB1,0.44,synthetic_demo,synthetic soil bucket proxy,True
2008-11-08,SB1,0.44,synthetic_demo,synthetic soil bucket proxy,True
2008-11-09,SB1,0.44,synthetic_demo,synthetic soil bucket proxy,True
2008-11-10,SB1,0.44,synthetic_demo,synthetic soil bucket proxy,True
2008-11-11,SB1,0.44,synthetic_demo,synthetic soil bucket proxy,True
2008-11-12,SB1,0.44,synthetic_demo,synthetic soil bucket proxy,True
2008-11-13,SB1,0.44,synthetic_demo,synthetic soil bucket proxy,True
2008-11-14,SB1,0.44,synthetic_demo,synthetic soil bucket proxy,True
2008-11-15,SB1,0.44,synthetic_demo,synthetic soil bucket proxy,True
2008-11-16,SB1,0.44,synthetic_demo,synthetic soil bucket proxy,True
2008-11-17,SB1,0.44,synthetic_demo,synthetic soil bucket proxy,True
2008-11-18,SB1,0.44,synthetic_demo,synthetic soil bucket proxy,True
2008-11-19,SB1,0.43679,synthetic_demo,synthetic soil bucket proxy,True
2008-11-20,SB1,0.43118,synthetic_demo,synthetic soil bucket proxy,True
2008-11-21,SB1,0.44,synthetic_demo,synthetic soil bucket proxy,True
2008-11-22,SB1,0.44,synthetic_demo,synthetic soil bucket proxy,True
2008-11-23,SB1,0.44,synthetic_demo,synthetic soil bucket proxy,True
2008-11-24,SB1,0.44,synthetic_demo,synthetic soil bucket proxy,True
2008-11-25,SB1,0.44,synthetic_demo,synthetic soil bucket proxy,True
2008-11-26,SB1,0.44,synthetic_demo,synthetic soil bucket proxy,True
2008-11-27,SB1,0.44,synthetic_demo,synthetic soil bucket proxy,True
2008-11-28,SB1,0.44,synthetic_demo,synthetic soil bucket proxy,True
2008-11-29,SB1,0.44,synthetic_demo,synthetic soil bucket proxy,True
2008-11-30,SB1,0.44,synthetic_demo,synthetic soil bucket proxy,True
2008-12-01,SB1,0.42465,synthetic_demo,synthetic soil bucket proxy,True
2008-12-02,SB1,0.38973,synthetic_demo,synthetic soil bucket proxy,True
2008-12-03,SB1,0.36158,synthetic_demo,synthetic soil bucket proxy,True
2008-12-04,SB1,0.36765,synthetic_demo,synthetic soil bucket proxy,True
2008-12-05,SB1,0.36279,synthetic_demo,synthetic soil bucket proxy,True
2008-12-06,SB1,0.3262,synthetic_demo,synthetic soil bucket proxy,True
2008-12-07,SB1,0.34666,synthetic_demo,synthetic soil bucket proxy,True
2008-12-08,SB1,0.34779,synthetic_demo,synthetic soil bucket proxy,True
2008-12-09,SB1,0.34498,synthetic_demo,synthetic soil bucket proxy,True
2008-12-10,SB1,0.3539,synthetic_demo,synthetic soil bucket proxy,True
2008-12-11,SB1,0.32863,synthetic_demo,synthetic soil bucket proxy,True
2008-12-12,SB1,0.33597,synthetic_demo,synthetic soil bucket proxy,True
2008-12-13,SB1,0.31807,synthetic_demo,synthetic soil bucket proxy,True
2008-12-14,SB1,0.36583,synthetic_demo,synthetic soil bucket proxy,True
2008-12-15,SB1,0.37406,synthetic_demo,synthetic soil bucket proxy,True
2008-12-16,SB1,0.36683,synthetic_demo,synthetic soil bucket proxy,True
2008-12-17,SB1,0.34479,synthetic_demo,synthetic soil bucket proxy,True
2008-12-18,SB1,0.35086,synthetic_demo,synthetic soil bucket proxy,True
2008-12-19,SB1,0.3357,synthetic_demo,synthetic soil bucket proxy,True
2008-12-20,SB1,0.34243,synthetic_demo,synthetic soil bucket proxy,True
2008-12-21,SB1,0.32795,synthetic_demo,synthetic soil bucket proxy,True
2008-12-22,SB1,0.34213,synthetic_demo,synthetic soil bucket proxy,True
2008-12-23,SB1,0.34905,synthetic_demo,synthetic soil bucket proxy,True
2008-12-24,SB1,0.31888,synthetic_demo,synthetic soil bucket proxy,True
2008-12-25,SB1,0.3244,synthetic_demo,synthetic soil bucket proxy,True
2008-12-26,SB1,0.3121,synthetic_demo,synthetic soil bucket proxy,True
2008-12-27,SB1,0.31366,synthetic_demo,synthetic soil bucket proxy,True
2008-12-28,SB1,0.31557,synthetic_demo,synthetic soil bucket proxy,True
2008-12-29,SB1,0.32089,synthetic_demo,synthetic soil bucket proxy,True
2008-12-30,SB1,0.31212,synthetic_demo,synthetic soil bucket proxy,True
2008-12-31,SB1,0.30592,synthetic_demo,synthetic soil bucket proxy,True
2009-01-01,SB1,0.32151,synthetic_demo,synthetic soil bucket proxy,True
2009-01-02,SB1,0.32597,synthetic_demo,synthetic soil bucket proxy,True
2009-01-03,SB1,0.34038,synthetic_demo,synthetic soil bucket proxy,True
2009-01-04,SB1,0.32838,synthetic_demo,synthetic soil bucket proxy,True
2009-01-05,SB1,0.34006,synthetic_demo,synthetic soil bucket proxy,True
2009-01-06,SB1,0.33943,synthetic_demo,synthetic soil bucket proxy,True
2009-01-07,SB1,0.3397,synthetic_demo,synthetic soil bucket proxy,True
2009-01-08,SB1,0.33663,synthetic_demo,synthetic soil bucket proxy,True
2009-01-09,SB1,0.34082,synthetic_demo,synthetic soil bucket proxy,True
2009-01-10,SB1,0.32881,synthetic_demo,synthetic soil bucket proxy,True
2009-01-11,SB1,0.3358,synthetic_demo,synthetic soil bucket proxy,True
2009-01-12,SB1,0.33063,synthetic_demo,synthetic soil bucket proxy,True
2009-01-13,SB1,0.35008,synthetic_demo,synthetic soil bucket proxy,True
2009-01-14,SB1,0.32783,synthetic_demo,synthetic soil bucket proxy,True
2009-01-15,SB1,0.32963,synthetic_demo,synthetic soil bucket proxy,True
2009-01-16,SB1,0.33818,synthetic_demo,synthetic soil bucket proxy,True
2009-01-17,SB1,0.33189,synthetic_demo,synthetic soil bucket proxy,True
2009-01-18,SB1,0.33457,synthetic_demo,synthetic soil bucket proxy,True
2009-01-19,SB1,0.32784,synthetic_demo,synthetic soil bucket proxy,True
2009-01-20,SB1,0.31485,synthetic_demo,synthetic soil bucket proxy,True
2009-01-21,SB1,0.31262,synthetic_demo,synthetic soil bucket proxy,True
2009-01-22,SB1,0.3263,synthetic_demo,synthetic soil bucket proxy,True
2009-01-23,SB1,0.31487,synthetic_demo,synthetic soil bucket proxy,True
2009-01-24,SB1,0.28897,synthetic_demo,synthetic soil bucket proxy,True
2009-01-25,SB1,0.30881,synthetic_demo,synthetic soil bucket proxy,True
2009-01-26,SB1,0.3138,synthetic_demo,synthetic soil bucket proxy,True
2009-01-27,SB1,0.31891,synthetic_demo,synthetic soil bucket proxy,True
2009-01-28,SB1,0.30613,synthetic_demo,synthetic soil bucket proxy,True
2009-01-29,SB1,0.30824,synthetic_demo,synthetic soil bucket proxy,True
2009-01-30,SB1,0.3149,synthetic_demo,synthetic soil bucket proxy,True
2009-01-31,SB1,0.31881,synthetic_demo,synthetic soil bucket proxy,True
2009-02-01,SB1,0.30241,synthetic_demo,synthetic soil bucket proxy,True
2009-02-02,SB1,0.31278,synthetic_demo,synthetic soil bucket proxy,True
2009-02-03,SB1,0.30808,synthetic_demo,synthetic soil bucket proxy,True
2009-02-04,SB1,0.30205,synthetic_demo,synthetic soil bucket proxy,True
2009-02-05,SB1,0.29678,synthetic_demo,synthetic soil bucket proxy,True
2009-02-06,SB1,0.30582,synthetic_demo,synthetic soil bucket proxy,True
2009-02-07,SB1,0.30185,synthetic_demo,synthetic soil bucket proxy,True
2009-02-08,SB1,0.29938,synthetic_demo,synthetic soil bucket proxy,True
2009-02-09,SB1,0.28795,synthetic_demo,synthetic soil bucket proxy,True
2009-02-10,SB1,0.29068,synthetic_demo,synthetic soil bucket proxy,True
2009-02-11,SB1,0.33902,synthetic_demo,synthetic soil bucket proxy,True
2009-02-12,SB1,0.29907,synthetic_demo,synthetic soil bucket proxy,True
2009-02-13,SB1,0.31228,synthetic_demo,synthetic soil bucket proxy,True
2009-02-14,SB1,0.30046,synthetic_demo,synthetic soil bucket proxy,True
2009-02-15,SB1,0.28977,synthetic_demo,synthetic soil bucket proxy,True
2009-02-16,SB1,0.29554,synthetic_demo,synthetic soil bucket proxy,True
2009-02-17,SB1,0.32167,synthetic_demo,synthetic soil bucket proxy,True
2009-02-18,SB1,0.30502,synthetic_demo,synthetic soil bucket proxy,True
2009-02-19,SB1,0.31814,synthetic_demo,synthetic soil bucket proxy,True
2009-02-20,SB1,0.29837,synthetic_demo,synthetic soil bucket proxy,True
2009-02-21,SB1,0.31699,synthetic_demo,synthetic soil bucket proxy,True
2009-02-22,SB1,0.30348,synthetic_demo,synthetic soil bucket proxy,True
2009-02-23,SB1,0.32484,synthetic_demo,synthetic soil bucket proxy,True
2009-02-24,SB1,0.32076,synthetic_demo,synthetic soil bucket proxy,True
2009-02-25,SB1,0.35527,synthetic_demo,synthetic soil bucket proxy,True
2009-02-26,SB1,0.35936,synthetic_demo,synthetic soil bucket proxy,True
2009-02-27,SB1,0.35076,synthetic_demo,synthetic soil bucket proxy,True
2009-02-28,SB1,0.37258,synthetic_demo,synthetic soil bucket proxy,True
2009-03-01,SB1,0.37455,synthetic_demo,synthetic soil bucket proxy,True
2009-03-02,SB1,0.3945,synthetic_demo,synthetic soil bucket proxy,True
2009-03-03,SB1,0.35568,synthetic_demo,synthetic soil bucket proxy,True
2009-03-04,SB1,0.36973,synthetic_demo,synthetic soil bucket proxy,True
2009-03-05,SB1,0.38393,synthetic_demo,synthetic soil bucket proxy,True
2009-03-06,SB1,0.37945,synthetic_demo,synthetic soil bucket proxy,True
2009-03-07,SB1,0.3771,synthetic_demo,synthetic soil bucket proxy,True
2009-03-08,SB1,0.37167,synthetic_demo,synthetic soil bucket proxy,True
2009-03-09,SB1,0.3723,synthetic_demo,synthetic soil bucket proxy,True
2009-03-10,SB1,0.37275,synthetic_demo,synthetic soil bucket proxy,True
2009-03-11,SB1,0.36683,synthetic_demo,synthetic soil bucket proxy,True
2009-03-12,SB1,0.36542,synthetic_demo,synthetic soil bucket proxy,True
2009-03-13,SB1,0.35549,synthetic_demo,synthetic soil bucket proxy,True
2009-03-14,SB1,0.35174,synthetic_demo,synthetic soil bucket proxy,True
2009-03-15,SB1,0.34177,synthetic_demo,synthetic soil bucket proxy,True
2009-03-16,SB1,0.36674,synthetic_demo,synthetic soil bucket proxy,True
2009-03-17,SB1,0.35821,synthetic_demo,synthetic soil bucket proxy,True
2009-03-18,SB1,0.34201,synthetic_demo,synthetic soil bucket proxy,True
2009-03-19,SB1,0.36452,synthetic_demo,synthetic soil bucket proxy,True
2009-03-20,SB1,0.35013,synthetic_demo,synthetic soil bucket proxy,True
2009-03-21,SB1,0.35065,synthetic_demo,synthetic soil bucket proxy,True
2009-03-22,SB1,0.34733,synthetic_demo,synthetic soil bucket proxy,True
2009-03-23,SB1,0.36189,synthetic_demo,synthetic soil bucket proxy,True
2009-03-24,SB1,0.36386,synthetic_demo,synthetic soil bucket proxy,True
2009-03-25,SB1,0.35436,synthetic_demo,synthetic soil bucket proxy,True
2009-03-26,SB1,0.3488,synthetic_demo,synthetic soil bucket proxy,True
2009-03-27,SB1,0.34105,synthetic_demo,synthetic soil bucket proxy,True
2009-03-28,SB1,0.3508,synthetic_demo,synthetic soil bucket proxy,True
2009-03-29,SB1,0.36057,synthetic_demo,synthetic soil bucket proxy,True
2009-03-30,SB1,0.36864,synthetic_demo,synthetic soil bucket proxy,True
2009-03-31,SB1,0.36636,synthetic_demo,synthetic soil bucket proxy,True
2009-04-01,SB1,0.36869,synthetic_demo,synthetic soil bucket proxy,True
2009-04-02,SB1,0.36877,synthetic_demo,synthetic soil bucket proxy,True
2009-04-03,SB1,0.37754,synthetic_demo,synthetic soil bucket proxy,True
2009-04-04,SB1,0.36427,synthetic_demo,synthetic soil bucket proxy,True
2009-04-05,SB1,0.3765,synthetic_demo,synthetic soil bucket proxy,True
2009-04-06,SB1,0.3631,synthetic_demo,synthetic soil bucket proxy,True
2009-04-07,SB1,0.38039,synthetic_demo,synthetic soil bucket proxy,True
2009-04-08,SB1,0.38812,synthetic_demo,synthetic soil bucket proxy,True
2009-04-09,SB1,0.38586,synthetic_demo,synthetic soil bucket proxy,True
2009-04-10,SB1,0.37765,synthetic_demo,synthetic soil bucket proxy,True
2009-04-11,SB1,0.38603,synthetic_demo,synthetic soil bucket proxy,True
2009-04-12,SB1,0.34323,synthetic_demo,synthetic soil bucket proxy,True
2009-04-13,SB1,0.3358,synthetic_demo,synthetic soil bucket proxy,True
2009-04-14,SB1,0.34554,synthetic_demo,synthetic soil bucket proxy,True
2009-04-15,SB1,0.35257,synthetic_demo,synthetic soil bucket proxy,True
2009-04-16,SB1,0.34807,synthetic_demo,synthetic soil bucket proxy,True
2009-04-17,SB1,0.3492,synthetic_demo,synthetic soil bucket proxy,True
2009-04-18,SB1,0.34421,synthetic_demo,synthetic soil bucket proxy,True
2009-04-19,SB1,0.32355,synthetic_demo,synthetic soil bucket proxy,True
2009-04-20,SB1,0.33735,synthetic_demo,synthetic soil bucket proxy,True
2009-04-21,SB1,0.33373,synthetic_demo,synthetic soil bucket proxy,True
2009-04-22,SB1,0.34015,synthetic_demo,synthetic soil bucket proxy,True
2009-04-23,SB1,0.33943,synthetic_demo,synthetic soil bucket proxy,True
2009-04-24,SB1,0.31401,synthetic_demo,synthetic soil bucket proxy,True
2009-04-25,SB1,0.30286,synthetic_demo,synthetic soil bucket proxy,True
2009-04-26,SB1,0.2811,synthetic_demo,synthetic soil bucket proxy,True
2009-04-27,SB1,0.27606,synthetic_demo,synthetic soil bucket proxy,True
2009-04-28,SB1,0.26379,synthetic_demo,synthetic soil bucket proxy,True
2009-04-29,SB1,0.25408,synthetic_demo,synthetic soil bucket proxy,True
2009-04-30,SB1,0.26618,synthetic_demo,synthetic soil bucket proxy,True
2009-05-01,SB1,0.24136,synthetic_demo,synthetic soil bucket proxy,True
2009-05-02,SB1,0.24313,synthetic_demo,synthetic soil bucket proxy,True
2009-05-03,SB1,0.2233,synthetic_demo,synthetic soil bucket proxy,True
2009-05-04,SB1,0.22431,synthetic_demo,synthetic soil bucket proxy,True
2009-05-05,SB1,0.23758,synthetic_demo,synthetic soil bucket proxy,True
2009-05-06,SB1,0.23348,synthetic_demo,synthetic soil bucket proxy,True
2009-05-07,SB1,0.22686,synthetic_demo,synthetic soil bucket proxy,True
2009-05-08,SB1,0.22515,synthetic_demo,synthetic soil bucket proxy,True
2009-05-09,SB1,0.2193,synthetic_demo,synthetic soil bucket proxy,True
2009-05-10,SB1,0.22462,synthetic_demo,synthetic soil bucket proxy,True
2009-05-11,SB1,0.23934,synthetic_demo,synthetic soil bucket proxy,True
2009-05-12,SB1,0.20806,synthetic_demo,synthetic soil bucket proxy,True
2009-05-13,SB1,0.21788,synthetic_demo,synthetic soil bucket proxy,True
2009-05-14,SB1,0.23672,synthetic_demo,synthetic soil bucket proxy,True
2009-05-15,SB1,0.22387,synthetic_demo,synthetic soil bucket proxy,True
2009-05-16,SB1,0.23424,synthetic_demo,synthetic soil bucket proxy,True
2009-05-17,SB1,0.23079,synthetic_demo,synthetic soil bucket proxy,True
2009-05-18,SB1,0.22202,synthetic_demo,synthetic soil bucket proxy,True
2009-05-19,SB1,0.26157,synthetic_demo,synthetic soil bucket proxy,True
2009-05-20,SB1,0.24448,synthetic_demo,synthetic soil bucket proxy,True
2009-05-21,SB1,0.23635,synthetic_demo,synthetic soil bucket proxy,True
2009-05-22,SB1,0.23604,synthetic_demo,synthetic soil bucket proxy,True
2009-05-23,SB1,0.25387,synthetic_demo,synthetic soil bucket proxy,True
2009-05-24,SB1,0.24567,synthetic_demo,synthetic soil bucket proxy,True
2009-05-25,SB1,0.25045,synthetic_demo,synthetic soil bucket proxy,True
2009-05-26,SB1,0.23597,synthetic_demo,synthetic soil bucket proxy,True
2009-05-27,SB1,0.24886,synthetic_demo,synthetic soil bucket proxy,True
2009-05-28,SB1,0.23512,synthetic_demo,synthetic soil bucket proxy,True
2009-05-29,SB1,0.23048,synthetic_demo,synthetic soil bucket proxy,True
2009-05-30,SB1,0.22925,synthetic_demo,synthetic soil bucket proxy,True
2009-05-31,SB1,0.22359,synthetic_demo,synthetic soil bucket proxy,True
2009-06-01,SB1,0.23261,synthetic_demo,synthetic soil bucket proxy,True
2009-06-02,SB1,0.21933,synthetic_demo,synthetic soil bucket proxy,True
2009-06-03,SB1,0.22932,synthetic_demo,synthetic soil bucket proxy,True
2009-06-04,SB1,0.2307,synthetic_demo,synthetic soil bucket proxy,True
2009-06-05,SB1,0.23962,synthetic_demo,synthetic soil bucket proxy,True
2009-06-06,SB1,0.224,synthetic_demo,synthetic soil bucket proxy,True
2009-06-07,SB1,0.22012,synthetic_demo,synthetic soil bucket proxy,True
2009-06-08,SB1,0.20522,synthetic_demo,synthetic soil bucket proxy,True
2009-06-09,SB1,0.21354,synthetic_demo,synthetic soil bucket proxy,True
2009-06-10,SB1,0.21375,synthetic_demo,synthetic soil bucket proxy,True
2009-06-11,SB1,0.21962,synthetic_demo,synthetic soil bucket proxy,True
2009-06-12,SB1,0.20977,synthetic_demo,synthetic soil bucket proxy,True
2009-06-13,SB1,0.2129,synthetic_demo,synthetic soil bucket proxy,True
2009-06-14,SB1,0.2042,synthetic_demo,synthetic soil bucket proxy,True
2009-06-15,SB1,0.20347,synthetic_demo,synthetic soil bucket proxy,True
2009-06-16,SB1,0.21882,synthetic_demo,synthetic soil bucket proxy,True
2009-06-17,SB1,0.21329,synthetic_demo,synthetic soil bucket proxy,True
2009-06-18,SB1,0.20686,synthetic_demo,synthetic soil bucket proxy,True
2009-06-19,SB1,0.20586,synthetic_demo,synthetic soil bucket proxy,True
2009-06-20,SB1,0.20629,synthetic_demo,synthetic soil bucket proxy,True
2009-06-21,SB1,0.20309,synthetic_demo,synthetic soil bucket proxy,True
2009-06-22,SB1,0.21998,synthetic_demo,synthetic soil bucket proxy,True
2009-06-23,SB1,0.19686,synthetic_demo,synthetic soil bucket proxy,True
2009-06-24,SB1,0.2314,synthetic_demo,synthetic soil bucket proxy,True
2009-06-25,SB1,0.21628,synthetic_demo,synthetic soil bucket proxy,True
2009-06-26,SB1,0.20543,synthetic_demo,synthetic soil bucket proxy,True
2009-06-27,SB1,0.21701,synthetic_demo,synthetic soil bucket proxy,True
2009-06-28,SB1,0.20639,synthetic_demo,synthetic soil bucket proxy,True
2009-06-29,SB1,0.21589,synthetic_demo,synthetic soil bucket proxy,True
2009-06-30,SB1,0.21422,synthetic_demo,synthetic soil bucket proxy,True
2009-07-01,SB1,0.21763,synthetic_demo,synthetic soil bucket proxy,True
2009-07-02,SB1,0.21422,synthetic_demo,synthetic soil bucket proxy,True
2009-07-03,SB1,0.20415,synthetic_demo,synthetic soil bucket proxy,True
2009-07-04,SB1,0.2008,synthetic_demo,synthetic soil bucket proxy,True
2009-07-05,SB1,0.21606,synthetic_demo,synthetic soil bucket proxy,True
2009-07-06,SB1,0.2261,synthetic_demo,synthetic soil bucket proxy,True
2009-07-07,SB1,0.22044,synthetic_demo,synthetic soil bucket proxy,True
2009-07-08,SB1,0.22298,synthetic_demo,synthetic soil bucket proxy,True
2009-07-09,SB1,0.23309,synthetic_demo,synthetic soil bucket proxy,True
2009-07-10,SB1,0.23718,synthetic_demo,synthetic soil bucket proxy,True
2009-07-11,SB1,0.23727,synthetic_demo,synthetic soil bucket proxy,True
2009-07-12,SB1,0.22815,synthetic_demo,synthetic soil bucket proxy,True
2009-07-13,SB1,0.22221,synthetic_demo,synthetic soil bucket proxy,True
2009-07-14,SB1,0.2266,synthetic_demo,synthetic soil bucket proxy,True
2009-07-15,SB1,0.22886,synthetic_demo,synthetic soil bucket proxy,True
2009-07-16,SB1,0.21788,synthetic_demo,synthetic soil bucket proxy,True
2009-07-17,SB1,0.23168,synthetic_demo,synthetic soil bucket proxy,True
2009-07-18,SB1,0.21581,synthetic_demo,synthetic soil bucket proxy,True
2009-07-19,SB1,0.2216,synthetic_demo,synthetic soil bucket proxy,True
2009-07-20,SB1,0.20706,synthetic_demo,synthetic soil bucket proxy,True
2009-07-21,SB1,0.2219,synthetic_demo,synthetic soil bucket proxy,True
2009-07-22,SB1,0.22155,synthetic_demo,synthetic soil bucket proxy,True
2009-07-23,SB1,0.2224,synthetic_demo,synthetic soil bucket proxy,True
2009-07-24,SB1,0.23076,synthetic_demo,synthetic soil bucket proxy,True
2009-07-25,SB1,0.21324,synthetic_demo,synthetic soil bucket proxy,True
2009-07-26,SB1,0.22443,synthetic_demo,synthetic soil bucket proxy,True
2009-07-27,SB1,0.23064,synthetic_demo,synthetic soil bucket proxy,True
2009-07-28,SB1,0.22428,synthetic_demo,synthetic soil bucket proxy,True
2009-07-29,SB1,0.22457,synthetic_demo,synthetic soil bucket proxy,True
2009-07-30,SB1,0.23159,synthetic_demo,synthetic soil bucket proxy,True
2009-07-31,SB1,0.23929,synthetic_demo,synthetic soil bucket proxy,True
2009-08-01,SB1,0.22909,synthetic_demo,synthetic soil bucket proxy,True
2009-08-02,SB1,0.24045,synthetic_demo,synthetic soil bucket proxy,True
2009-08-03,SB1,0.22701,synthetic_demo,synthetic soil bucket proxy,True
2009-08-04,SB1,0.25214,synthetic_demo,synthetic soil bucket proxy,True
2009-08-05,SB1,0.24535,synthetic_demo,synthetic soil bucket proxy,True
2009-08-06,SB1,0.24572,synthetic_demo,synthetic soil bucket proxy,True
2009-08-07,SB1,0.25432,synthetic_demo,synthetic soil bucket proxy,True
2009-08-08,SB1,0.24335,synthetic_demo,synthetic soil bucket proxy,True
2009-08-09,SB1,0.25133,synthetic_demo,synthetic soil bucket proxy,True
2009-08-10,SB1,0.24771,synthetic_demo,synthetic soil bucket proxy,True
2009-08-11,SB1,0.2687,synthetic_demo,synthetic soil bucket proxy,True
2009-08-12,SB1,0.26371,synthetic_demo,synthetic soil bucket proxy,True
2009-08-13,SB1,0.26592,synthetic_demo,synthetic soil bucket proxy,True
2009-08-14,SB1,0.28055,synthetic_demo,synthetic soil bucket proxy,True
2009-08-15,SB1,0.2703,synthetic_demo,synthetic soil bucket proxy,True
2009-08-16,SB1,0.27983,synthetic_demo,synthetic soil bucket proxy,True
2009-08-17,SB1,0.27945,synthetic_demo,synthetic soil bucket proxy,True
2009-08-18,SB1,0.29101,synthetic_demo,synthetic soil bucket proxy,True
2009-08-19,SB1,0.28415,synthetic_demo,synthetic soil bucket proxy,True
2009-08-20,SB1,0.30272,synthetic_demo,synthetic soil bucket proxy,True
2009-08-21,SB1,0.28754,synthetic_demo,synthetic soil bucket proxy,True
2009-08-22,SB1,0.29525,synthetic_demo,synthetic soil bucket proxy,True
2009-08-23,SB1,0.28452,synthetic_demo,synthetic soil bucket proxy,True
2009-08-24,SB1,0.3066,synthetic_demo,synthetic soil bucket proxy,True
2009-08-25,SB1,0.27825,synthetic_demo,synthetic soil bucket proxy,True
2009-08-26,SB1,0.31487,synthetic_demo,synthetic soil bucket proxy,True
2009-08-27,SB1,0.26641,synthetic_demo,synthetic soil bucket proxy,True
2009-08-28,SB1,0.30511,synthetic_demo,synthetic soil bucket proxy,True
2009-08-29,SB1,0.29278,synthetic_demo,synthetic soil bucket proxy,True
2009-08-30,SB1,0.28514,synthetic_demo,synthetic soil bucket proxy,True
2009-08-31,SB1,0.29552,synthetic_demo,synthetic soil bucket proxy,True
2009-09-01,SB1,0.30188,synthetic_demo,synthetic soil bucket proxy,True
2009-09-02,SB1,0.31599,synthetic_demo,synthetic soil bucket proxy,True
2009-09-03,SB1,0.30905,synthetic_demo,synthetic soil bucket proxy,True
2009-09-04,SB1,0.29972,synthetic_demo,synthetic soil bucket proxy,True
2009-09-05,SB1,0.30745,synthetic_demo,synthetic soil bucket proxy,True
2009-09-06,SB1,0.32039,synthetic_demo,synthetic soil bucket proxy,True
2009-09-07,SB1,0.30563,synthetic_demo,synthetic soil bucket proxy,True
2009-09-08,SB1,0.30554,synthetic_demo,synthetic soil bucket proxy,True
2009-09-09,SB1,0.3181,synthetic_demo,synthetic soil bucket proxy,True
2009-09-10,SB1,0.30487,synthetic_demo,synthetic soil bucket proxy,True
2009-09-11,SB1,0.32761,synthetic_demo,synthetic soil bucket proxy,True
2009-09-12,SB1,0.32572,synthetic_demo,synthetic soil bucket proxy,True
2009-09-13,SB1,0.32322,synthetic_demo,synthetic soil bucket proxy,True
2009-09-14,SB1,0.33498,synthetic_demo,synthetic soil bucket proxy,True
2009-09-15,SB1,0.31511,synthetic_demo,synthetic soil bucket proxy,True
2009-09-16,SB1,0.34797,synthetic_demo,synthetic soil bucket proxy,True
2009-09-17,SB1,0.34124,synthetic_demo,synthetic soil bucket proxy,True
2009-09-18,SB1,0.32453,synthetic_demo,synthetic soil bucket proxy,True
2009-09-19,SB1,0.32883,synthetic_demo,synthetic soil bucket proxy,True
2009-09-20,SB1,0.332,synthetic_demo,synthetic soil bucket proxy,True
2009-09-21,SB1,0.33362,synthetic_demo,synthetic soil bucket proxy,True
2009-09-22,SB1,0.34079,synthetic_demo,synthetic soil bucket proxy,True
2009-09-23,SB1,0.35867,synthetic_demo,synthetic soil bucket proxy,True
2009-09-24,SB1,0.36071,synthetic_demo,synthetic soil bucket proxy,True
2009-09-25,SB1,0.34908,synthetic_demo,synthetic soil bucket proxy,True
2009-09-26,SB1,0.35804,synthetic_demo,synthetic soil bucket proxy,True
2009-09-27,SB1,0.35641,synthetic_demo,synthetic soil bucket proxy,True
2009-09-28,SB1,0.34381,synthetic_demo,synthetic soil bucket proxy,True
2009-09-29,SB1,0.34256,synthetic_demo,synthetic soil bucket proxy,True
2009-09-30,SB1,0.33712,synthetic_demo,synthetic soil bucket proxy,True
2009-10-01,SB1,0.35064,synthetic_demo,synthetic soil bucket proxy,True
2009-10-02,SB1,0.35371,synthetic_demo,synthetic soil bucket proxy,True
2009-10-03,SB1,0.35428,synthetic_demo,synthetic soil bucket proxy,True
2009-10-04,SB1,0.35226,synthetic_demo,synthetic soil bucket proxy,True
2009-10-05,SB1,0.35864,synthetic_demo,synthetic soil bucket proxy,True
2009-10-06,SB1,0.38721,synthetic_demo,synthetic soil bucket proxy,True
2009-10-07,SB1,0.40238,synthetic_demo,synthetic soil bucket proxy,True
2009-10-08,SB1,0.39011,synthetic_demo,synthetic soil bucket proxy,True
2009-10-09,SB1,0.38007,synthetic_demo,synthetic soil bucket proxy,True
2009-10-10,SB1,0.37828,synthetic_demo,synthetic soil bucket proxy,True
2009-10-11,SB1,0.37814,synthetic_demo,synthetic soil bucket proxy,True
2009-10-12,SB1,0.38003,synthetic_demo,synthetic soil bucket proxy,True
2009-10-13,SB1,0.34845,synthetic_demo,synthetic soil bucket proxy,True
2009-10-14,SB1,0.35516,synthetic_demo,synthetic soil bucket proxy,True
2009-10-15,SB1,0.37286,synthetic_demo,synthetic soil bucket proxy,True
2009-10-16,SB1,0.36979,synthetic_demo,synthetic soil bucket proxy,True
2009-10-17,SB1,0.36707,synthetic_demo,synthetic soil bucket proxy,True
2009-10-18,SB1,0.37178,synthetic_demo,synthetic soil bucket proxy,True
2009-10-19,SB1,0.37485,synthetic_demo,synthetic soil bucket proxy,True
2009-10-20,SB1,0.38481,synthetic_demo,synthetic soil bucket proxy,True
2009-10-21,SB1,0.38643,synthetic_demo,synthetic soil bucket proxy,True
2009-10-22,SB1,0.38447,synthetic_demo,synthetic soil bucket proxy,True
2009-10-23,SB1,0.38213,synthetic_demo,synthetic soil bucket proxy,True
2009-10-24,SB1,0.38525,synthetic_demo,synthetic soil bucket proxy,True
2009-10-25,SB1,0.38032,synthetic_demo,synthetic soil bucket proxy,True
2009-10-26,SB1,0.38225,synthetic_demo,synthetic soil bucket proxy,True
2009-10-27,SB1,0.39737,synthetic_demo,synthetic soil bucket proxy,True
2009-10-28,SB1,0.40417,synthetic_demo,synthetic soil bucket proxy,True
2009-10-29,SB1,0.40697,synthetic_demo,synthetic soil bucket proxy,True
2009-10-30,SB1,0.39783,synthetic_demo,synthetic soil bucket proxy,True
2009-10-31,SB1,0.40891,synthetic_demo,synthetic soil bucket proxy,True
2009-11-01,SB1,0.40454,synthetic_demo,synthetic soil bucket proxy,True
2009-11-02,SB1,0.41574,synthetic_demo,synthetic soil bucket proxy,True
2009-11-03,SB1,0.38052,synthetic_demo,synthetic soil bucket proxy,True
2009-11-04,SB1,0.38967,synthetic_demo,synthetic soil bucket proxy,True
2009-11-05,SB1,0.38174,synthetic_demo,synthetic soil bucket proxy,True
2009-11-06,SB1,0.36854,synthetic_demo,synthetic soil bucket proxy,True
2009-11-07,SB1,0.36687,synthetic_demo,synthetic soil bucket proxy,True
2009-11-08,SB1,0.37226,synthetic_demo,synthetic soil bucket proxy,True
2009-11-09,SB1,0.37309,synthetic_demo,synthetic soil bucket proxy,True
2009-11-10,SB1,0.37821,synthetic_demo,synthetic soil bucket proxy,True
2009-11-11,SB1,0.3649,synthetic_demo,synthetic soil bucket proxy,True
2009-11-12,SB1,0.39337,synthetic_demo,synthetic soil bucket proxy,True
2009-11-13,SB1,0.38486,synthetic_demo,synthetic soil bucket proxy,True
2009-11-14,SB1,0.38188,synthetic_demo,synthetic soil bucket proxy,True
2009-11-15,SB1,0.3766,synthetic_demo,synthetic soil bucket proxy,True
2009-11-16,SB1,0.37021,synthetic_demo,synthetic soil bucket proxy,True
2009-11-17,SB1,0.36659,synthetic_demo,synthetic soil bucket proxy,True
2009-11-18,SB1,0.36225,synthetic_demo,synthetic soil bucket proxy,True
2009-11-19,SB1,0.35774,synthetic_demo,synthetic soil bucket proxy,True
2009-11-20,SB1,0.35889,synthetic_demo,synthetic soil bucket proxy,True
2009-11-21,SB1,0.36565,synthetic_demo,synthetic soil bucket proxy,True
2009-11-22,SB1,0.34805,synthetic_demo,synthetic soil bucket proxy,True
2009-11-23,SB1,0.36385,synthetic_demo,synthetic soil bucket proxy,True
2009-11-24,SB1,0.3394,synthetic_demo,synthetic soil bucket proxy,True
2009-11-25,SB1,0.34159,synthetic_demo,synthetic soil bucket proxy,True
2009-11-26,SB1,0.33635,synthetic_demo,synthetic soil bucket proxy,True
2009-11-27,SB1,0.35418,synthetic_demo,synthetic soil bucket proxy,True
2009-11-28,SB1,0.34758,synthetic_demo,synthetic soil bucket proxy,True
2009-11-29,SB1,0.34544,synthetic_demo,synthetic soil bucket proxy,True
2009-11-30,SB1,0.34411,synthetic_demo,synthetic soil bucket proxy,True
2009-12-01,SB1,0.3339,synthetic_demo,synthetic soil bucket proxy,True
2009-12-02,SB1,0.32439,synthetic_demo,synthetic soil bucket proxy,True
2009-12-03,SB1,0.33712,synthetic_demo,synthetic soil bucket proxy,True
2009-12-04,SB1,0.32404,synthetic_demo,synthetic soil bucket proxy,True
2009-12-05,SB1,0.31053,synthetic_demo,synthetic soil bucket proxy,True
2009-12-06,SB1,0.281,synthetic_demo,synthetic soil bucket proxy,True
2009-12-07,SB1,0.29477,synthetic_demo,synthetic soil bucket proxy,True
2009-12-08,SB1,0.30939,synthetic_demo,synthetic soil bucket proxy,True
2009-12-09,SB1,0.30912,synthetic_demo,synthetic soil bucket proxy,True
2009-12-10,SB1,0.30422,synthetic_demo,synthetic soil bucket proxy,True
2009-12-11,SB1,0.30763,synthetic_demo,synthetic soil bucket proxy,True
2009-12-12,SB1,0.29676,synthetic_demo,synthetic soil bucket proxy,True
2009-12-13,SB1,0.2832,synthetic_demo,synthetic soil bucket proxy,True
2009-12-14,SB1,0.31834,synthetic_demo,synthetic soil bucket proxy,True
2009-12-15,SB1,0.28954,synthetic_demo,synthetic soil bucket proxy,True
2009-12-16,SB1,0.29173,synthetic_demo,synthetic soil bucket proxy,True
2009-12-17,SB1,0.31957,synthetic_demo,synthetic soil bucket proxy,True
2009-12-18,SB1,0.2999,synthetic_demo,synthetic soil bucket proxy,True
2009-12-19,SB1,0.29058,synthetic_demo,synthetic soil bucket proxy,True
2009-12-20,SB1,0.27969,synthetic_demo,synthetic soil bucket proxy,True
2009-12-21,SB1,0.30532,synthetic_demo,synthetic soil bucket proxy,True
2009-12-22,SB1,0.31237,synthetic_demo,synthetic soil bucket proxy,True
2009-12-23,SB1,0.32059,synthetic_demo,synthetic soil bucket proxy,True
2009-12-24,SB1,0.31365,synthetic_demo,synthetic soil bucket proxy,True
2009-12-25,SB1,0.30992,synthetic_demo,synthetic soil bucket proxy,True
2009-12-26,SB1,0.30457,synthetic_demo,synthetic soil bucket proxy,True
2009-12-27,SB1,0.29361,synthetic_demo,synthetic soil bucket proxy,True
2009-12-28,SB1,0.28422,synthetic_demo,synthetic soil bucket proxy,True
2009-12-29,SB1,0.29099,synthetic_demo,synthetic soil bucket proxy,True
2009-12-30,SB1,0.28607,synthetic_demo,synthetic soil bucket proxy,True
2009-12-31,SB1,0.28746,synthetic_demo,synthetic soil bucket proxy,True
2010-01-01,SB1,0.27929,synthetic_demo,synthetic soil bucket proxy,True
2010-01-02,SB1,0.29673,synthetic_demo,synthetic soil bucket proxy,True
2010-01-03,SB1,0.28981,synthetic_demo,synthetic soil bucket proxy,True
2010-01-04,SB1,0.28783,synthetic_demo,synthetic soil bucket proxy,True
2010-01-05,SB1,0.2882,synthetic_demo,synthetic soil bucket proxy,True
2010-01-06,SB1,0.28014,synthetic_demo,synthetic soil bucket proxy,True
2010-01-07,SB1,0.29398,synthetic_demo,synthetic soil bucket proxy,True
2010-01-08,SB1,0.28019,synthetic_demo,synthetic soil bucket proxy,True
2010-01-09,SB1,0.287,synthetic_demo,synthetic soil bucket proxy,True
2010-01-10,SB1,0.29065,synthetic_demo,synthetic soil bucket proxy,True
2010-01-11,SB1,0.2582,synthetic_demo,synthetic soil bucket proxy,True
2010-01-12,SB1,0.27708,synthetic_demo,synthetic soil bucket proxy,True
2010-01-13,SB1,0.26344,synthetic_demo,synthetic soil bucket proxy,True
2010-01-14,SB1,0.26762,synthetic_demo,synthetic soil bucket proxy,True
2010-01-15,SB1,0.27163,synthetic_demo,synthetic soil bucket proxy,True
2010-01-16,SB1,0.25259,synthetic_demo,synthetic soil bucket proxy,True
2010-01-17,SB1,0.2822,synthetic_demo,synthetic soil bucket proxy,True
2010-01-18,SB1,0.26831,synthetic_demo,synthetic soil bucket proxy,True
2010-01-19,SB1,0.25963,synthetic_demo,synthetic soil bucket proxy,True
2010-01-20,SB1,0.23544,synthetic_demo,synthetic soil bucket proxy,True
2010-01-21,SB1,0.26685,synthetic_demo,synthetic soil bucket proxy,True
2010-01-22,SB1,0.24318,synthetic_demo,synthetic soil bucket proxy,True
2010-01-23,SB1,0.2446,synthetic_demo,synthetic soil bucket proxy,True
2010-01-24,SB1,0.27131,synthetic_demo,synthetic soil bucket proxy,True
2010-01-25,SB1,0.27142,synthetic_demo,synthetic soil bucket proxy,True
2010-01-26,SB1,0.24477,synthetic_demo,synthetic soil bucket proxy,True
2010-01-27,SB1,0.25557,synthetic_demo,synthetic soil bucket proxy,True
2010-01-28,SB1,0.25497,synthetic_demo,synthetic soil bucket proxy,True
2010-01-29,SB1,0.25546,synthetic_demo,synthetic soil bucket proxy,True
2010-01-30,SB1,0.25812,synthetic_demo,synthetic soil bucket proxy,True
2010-01-31,SB1,0.25415,synthetic_demo,synthetic soil bucket proxy,True
2010-02-01,SB1,0.24636,synthetic_demo,synthetic soil bucket proxy,True
2010-02-02,SB1,0.24267,synthetic_demo,synthetic soil bucket proxy,True
2010-02-03,SB1,0.25678,synthetic_demo,synthetic soil bucket proxy,True
2010-02-04,SB1,0.24282,synthetic_demo,synthetic soil bucket proxy,True
2010-02-05,SB1,0.2493,synthetic_demo,synthetic soil bucket proxy,True
2010-02-06,SB1,0.23873,synthetic_demo,synthetic soil bucket proxy,True
2010-02-07,SB1,0.24057,synthetic_demo,synthetic soil bucket proxy,True
2010-02-08,SB1,0.25615,synthetic_demo,synthetic soil bucket proxy,True
2010-02-09,SB1,0.24533,synthetic_demo,synthetic soil bucket proxy,True
2010-02-10,SB1,0.25062,synthetic_demo,synthetic soil bucket proxy,True
2010-02-11,SB1,0.23483,synthetic_demo,synthetic soil bucket proxy,True
2010-02-12,SB1,0.2407,synthetic_demo,synthetic soil bucket proxy,True
2010-02-13,SB1,0.23936,synthetic_demo,synthetic soil bucket proxy,True
2010-02-14,SB1,0.25077,synthetic_demo,synthetic soil bucket proxy,True
2010-02-15,SB1,0.21915,synthetic_demo,synthetic soil bucket proxy,True
2010-02-16,SB1,0.23686,synthetic_demo,synthetic soil bucket proxy,True
2010-02-17,SB1,0.22547,synthetic_demo,synthetic soil bucket proxy,True
2010-02-18,SB1,0.21917,synthetic_demo,synthetic soil bucket proxy,True
2010-02-19,SB1,0.2063,synthetic_demo,synthetic soil bucket proxy,True
2010-02-20,SB1,0.19833,synthetic_demo,synthetic soil bucket proxy,True
2010-02-21,SB1,0.19618,synthetic_demo,synthetic soil bucket proxy,True
2010-02-22,SB1,0.19437,synthetic_demo,synthetic soil bucket proxy,True
2010-02-23,SB1,0.20004,synthetic_demo,synthetic soil bucket proxy,True
2010-02-24,SB1,0.20862,synthetic_demo,synthetic soil bucket proxy,True
2010-02-25,SB1,0.19519,synthetic_demo,synthetic soil bucket proxy,True
2010-02-26,SB1,0.20205,synthetic_demo,synthetic soil bucket proxy,True
2010-02-27,SB1,0.18194,synthetic_demo,synthetic soil bucket proxy,True
2010-02-28,SB1,0.2067,synthetic_demo,synthetic soil bucket proxy,True
2010-03-01,SB1,0.19833,synthetic_demo,synthetic soil bucket proxy,True
2010-03-02,SB1,0.18953,synthetic_demo,synthetic soil bucket proxy,True
2010-03-03,SB1,0.1992,synthetic_demo,synthetic soil bucket proxy,True
2010-03-04,SB1,0.19009,synthetic_demo,synthetic soil bucket proxy,True
2010-03-05,SB1,0.18847,synthetic_demo,synthetic soil bucket proxy,True
2010-03-06,SB1,0.19755,synthetic_demo,synthetic soil bucket proxy,True
2010-03-07,SB1,0.19299,synthetic_demo,synthetic soil bucket proxy,True
2010-03-08,SB1,0.20082,synthetic_demo,synthetic soil bucket proxy,True
2010-03-09,SB1,0.20402,synthetic_demo,synthetic soil bucket proxy,True
2010-03-10,SB1,0.20202,synthetic_demo,synthetic soil bucket proxy,True
2010-03-11,SB1,0.19913,synthetic_demo,synthetic soil bucket proxy,True
2010-03-12,SB1,0.19339,synthetic_demo,synthetic soil bucket proxy,True
2010-03-13,SB1,0.18972,synthetic_demo,synthetic soil bucket proxy,True
2010-03-14,SB1,0.20326,synthetic_demo,synthetic soil bucket proxy,True
2010-03-15,SB1,0.19361,synthetic_demo,synthetic soil bucket proxy,True
2010-03-16,SB1,0.20108,synthetic_demo,synthetic soil bucket proxy,True
2010-03-17,SB1,0.18983,synthetic_demo,synthetic soil bucket proxy,True
2010-03-18,SB1,0.18657,synthetic_demo,synthetic soil bucket proxy,True
2010-03-19,SB1,0.21367,synthetic_demo,synthetic soil bucket proxy,True
2010-03-20,SB1,0.19587,synthetic_demo,synthetic soil bucket proxy,True
2010-03-21,SB1,0.2223,synthetic_demo,synthetic soil bucket proxy,True
2010-03-22,SB1,0.17948,synthetic_demo,synthetic soil bucket proxy,True
2010-03-23,SB1,0.20365,synthetic_demo,synthetic soil bucket proxy,True
2010-03-24,SB1,0.19509,synthetic_demo,synthetic soil bucket proxy,True
2010-03-25,SB1,0.18767,synthetic_demo,synthetic soil bucket proxy,True
2010-03-26,SB1,0.18114,synthetic_demo,synthetic soil bucket proxy,True
2010-03-27,SB1,0.20096,synthetic_demo,synthetic soil bucket proxy,True
2010-03-28,SB1,0.18939,synthetic_demo,synthetic soil bucket proxy,True
2010-03-29,SB1,0.20785,synthetic_demo,synthetic soil bucket proxy,True
2010-03-30,SB1,0.20286,synthetic_demo,synthetic soil bucket proxy,True
2010-03-31,SB1,0.20567,synthetic_demo,synthetic soil bucket proxy,True
2010-04-01,SB1,0.20081,synthetic_demo,synthetic soil bucket proxy,True
2010-04-02,SB1,0.18604,synthetic_demo,synthetic soil bucket proxy,True
2010-04-03,SB1,0.20169,synthetic_demo,synthetic soil bucket proxy,True
2010-04-04,SB1,0.20883,synthetic_demo,synthetic soil bucket proxy,True
2010-04-05,SB1,0.20654,synthetic_demo,synthetic soil bucket proxy,True
2010-04-06,SB1,0.21079,synthetic_demo,synthetic soil bucket proxy,True
2010-04-07,SB1,0.20753,synthetic_demo,synthetic soil bucket proxy,True
2010-04-08,SB1,0.2093,synthetic_demo,synthetic soil bucket proxy,True
2010-04-09,SB1,0.19707,synthetic_demo,synthetic soil bucket proxy,True
2010-04-10,SB1,0.20769,synthetic_demo,synthetic soil bucket proxy,True
2010-04-11,SB1,0.20994,synthetic_demo,synthetic soil bucket proxy,True
2010-04-12,SB1,0.20788,synthetic_demo,synthetic soil bucket proxy,True
2010-04-13,SB1,0.19619,synthetic_demo,synthetic soil bucket proxy,True
2010-04-14,SB1,0.21845,synthetic_demo,synthetic soil bucket proxy,True
2010-04-15,SB1,0.21847,synthetic_demo,synthetic soil bucket proxy,True
2010-04-16,SB1,0.22034,synthetic_demo,synthetic soil bucket proxy,True
2010-04-17,SB1,0.22678,synthetic_demo,synthetic soil bucket proxy,True
2010-04-18,SB1,0.2261,synthetic_demo,synthetic soil bucket proxy,True
2010-04-19,SB1,0.21671,synthetic_demo,synthetic soil bucket proxy,True
2010-04-20,SB1,0.22353,synthetic_demo,synthetic soil bucket proxy,True
2010-04-21,SB1,0.21153,synthetic_demo,synthetic soil bucket proxy,True
2010-04-22,SB1,0.20723,synthetic_demo,synthetic soil bucket proxy,True
2010-04-23,SB1,0.21074,synthetic_demo,synthetic soil bucket proxy,True
2010-04-24,SB1,0.20949,synthetic_demo,synthetic soil bucket proxy,True
2010-04-25,SB1,0.21951,synthetic_demo,synthetic soil bucket proxy,True
2010-04-26,SB1,0.20905,synthetic_demo,synthetic soil bucket proxy,True
2010-04-27,SB1,0.20736,synthetic_demo,synthetic soil bucket proxy,True
2010-04-28,SB1,0.21926,synthetic_demo,synthetic soil bucket proxy,True
2010-04-29,SB1,0.2133,synthetic_demo,synthetic soil bucket proxy,True
2010-04-30,SB1,0.21507,synthetic_demo,synthetic soil bucket proxy,True
2010-05-01,SB1,0.20873,synthetic_demo,synthetic soil bucket proxy,True
2010-05-02,SB1,0.19992,synthetic_demo,synthetic soil bucket proxy,True
2010-05-03,SB1,0.20717,synthetic_demo,synthetic soil bucket proxy,True
2010-05-04,SB1,0.21618,synthetic_demo,synthetic soil bucket proxy,True
2010-05-05,SB1,0.21635,synthetic_demo,synthetic soil bucket proxy,True
2010-05-06,SB1,0.20583,synthetic_demo,synthetic soil bucket proxy,True
2010-05-07,SB1,0.21193,synthetic_demo,synthetic soil bucket proxy,True
2010-05-08,SB1,0.21371,synthetic_demo,synthetic soil bucket proxy,True
2010-05-09,SB1,0.20761,synthetic_demo,synthetic soil bucket proxy,True
2010-05-10,SB1,0.22337,synthetic_demo,synthetic soil bucket proxy,True
2010-05-11,SB1,0.21621,synthetic_demo,synthetic soil bucket proxy,True
2010-05-12,SB1,0.22045,synthetic_demo,synthetic soil bucket proxy,True
2010-05-13,SB1,0.20769,synthetic_demo,synthetic soil bucket proxy,True
2010-05-14,SB1,0.21462,synthetic_demo,synthetic soil bucket proxy,True
2010-05-15,SB1,0.20824,synthetic_demo,synthetic soil bucket proxy,True
2010-05-16,SB1,0.21739,synthetic_demo,synthetic soil bucket proxy,True
2010-05-17,SB1,0.21035,synthetic_demo,synthetic soil bucket proxy,True
2010-05-18,SB1,0.23489,synthetic_demo,synthetic soil bucket proxy,True
2010-05-19,SB1,0.23848,synthetic_demo,synthetic soil bucket proxy,True
2010-05-20,SB1,0.23337,synthetic_demo,synthetic soil bucket proxy,True
2010-05-21,SB1,0.22592,synthetic_demo,synthetic soil bucket proxy,True
2010-05-22,SB1,0.24331,synthetic_demo,synthetic soil bucket proxy,True
2010-05-23,SB1,0.23619,synthetic_demo,synthetic soil bucket proxy,True
2010-05-24,SB1,0.23706,synthetic_demo,synthetic soil bucket proxy,True
2010-05-25,SB1,0.23232,synthetic_demo,synthetic soil bucket proxy,True
2010-05-26,SB1,0.23248,synthetic_demo,synthetic soil bucket proxy,True
2010-05-27,SB1,0.22754,synthetic_demo,synthetic soil bucket proxy,True
2010-05-28,SB1,0.22468,synthetic_demo,synthetic soil bucket proxy,True
2010-05-29,SB1,0.22887,synthetic_demo,synthetic soil bucket proxy,True
2010-05-30,SB1,0.21789,synthetic_demo,synthetic soil bucket proxy,True
2010-05-31,SB1,0.22679,synthetic_demo,synthetic soil bucket proxy,True
2010-06-01,SB1,0.23957,synthetic_demo,synthetic soil bucket proxy,True
2010-06-02,SB1,0.20885,synthetic_demo,synthetic soil bucket proxy,True
2010-06-03,SB1,0.21973,synthetic_demo,synthetic soil bucket proxy,True
2010-06-04,SB1,0.21689,synthetic_demo,synthetic soil bucket proxy,True
2010-06-05,SB1,0.21278,synthetic_demo,synthetic soil bucket proxy,True
2010-06-06,SB1,0.22048,synthetic_demo,synthetic soil bucket proxy,True
2010-06-07,SB1,0.21596,synthetic_demo,synthetic soil bucket proxy,True
2010-06-08,SB1,0.22758,synthetic_demo,synthetic soil bucket proxy,True
2010-06-09,SB1,0.22745,synthetic_demo,synthetic soil bucket proxy,True
2010-06-10,SB1,0.23557,synthetic_demo,synthetic soil bucket proxy,True
2010-06-11,SB1,0.24047,synthetic_demo,synthetic soil bucket proxy,True
2010-06-12,SB1,0.23594,synthetic_demo,synthetic soil bucket proxy,True
2010-06-13,SB1,0.21573,synthetic_demo,synthetic soil bucket proxy,True
2010-06-14,SB1,0.22279,synthetic_demo,synthetic soil bucket proxy,True
2010-06-15,SB1,0.21373,synthetic_demo,synthetic soil bucket proxy,True
2010-06-16,SB1,0.23137,synthetic_demo,synthetic soil bucket proxy,True
2010-06-17,SB1,0.2311,synthetic_demo,synthetic soil bucket proxy,True
2010-06-18,SB1,0.23523,synthetic_demo,synthetic soil bucket proxy,True
2010-06-19,SB1,0.23605,synthetic_demo,synthetic soil bucket proxy,True
2010-06-20,SB1,0.23683,synthetic_demo,synthetic soil bucket proxy,True
2010-06-21,SB1,0.23835,synthetic_demo,synthetic soil bucket proxy,True
2010-06-22,SB1,0.22438,synthetic_demo,synthetic soil bucket proxy,True
2010-06-23,SB1,0.24687,synthetic_demo,synthetic soil bucket proxy,True
2010-06-24,SB1,0.23004,synthetic_demo,synthetic soil bucket proxy,True
2010-06-25,SB1,0.23601,synthetic_demo,synthetic soil bucket proxy,True
2010-06-26,SB1,0.23663,synthetic_demo,synthetic soil bucket proxy,True
2010-06-27,SB1,0.23923,synthetic_demo,synthetic soil bucket proxy,True
2010-06-28,SB1,0.23094,synthetic_demo,synthetic soil bucket proxy,True
2010-06-29,SB1,0.23464,synthetic_demo,synthetic soil bucket proxy,True
2010-06-30,SB1,0.24374,synthetic_demo,synthetic soil bucket proxy,True
2010-07-01,SB1,0.22828,synthetic_demo,synthetic soil bucket proxy,True
2010-07-02,SB1,0.23013,synthetic_demo,synthetic soil bucket proxy,True
2010-07-03,SB1,0.22941,synthetic_demo,synthetic soil bucket proxy,True
2010-07-04,SB1,0.26616,synthetic_demo,synthetic soil bucket proxy,True
2010-07-05,SB1,0.25516,synthetic_demo,synthetic soil bucket proxy,True
2010-07-06,SB1,0.26499,synthetic_demo,synthetic soil bucket proxy,True
2010-07-07,SB1,0.25521,synthetic_demo,synthetic soil bucket proxy,True
2010-07-08,SB1,0.25612,synthetic_demo,synthetic soil bucket proxy,True
2010-07-09,SB1,0.26066,synthetic_demo,synthetic soil bucket proxy,True
2010-07-10,SB1,0.26183,synthetic_demo,synthetic soil bucket proxy,True
2010-07-11,SB1,0.28162,synthetic_demo,synthetic soil bucket proxy,True
2010-07-12,SB1,0.29216,synthetic_demo,synthetic soil bucket proxy,True
2010-07-13,SB1,0.28702,synthetic_demo,synthetic soil bucket proxy,True
2010-07-14,SB1,0.28313,synthetic_demo,synthetic soil bucket proxy,True
2010-07-15,SB1,0.28454,synthetic_demo,synthetic soil bucket proxy,True
2010-07-16,SB1,0.29981,synthetic_demo,synthetic soil bucket proxy,True
2010-07-17,SB1,0.26835,synthetic_demo,synthetic soil bucket proxy,True
2010-07-18,SB1,0.27651,synthetic_demo,synthetic soil bucket proxy,True
2010-07-19,SB1,0.26183,synthetic_demo,synthetic soil bucket proxy,True
2010-07-20,SB1,0.26576,synthetic_demo,synthetic soil bucket proxy,True
2010-07-21,SB1,0.28491,synthetic_demo,synthetic soil bucket proxy,True
2010-07-22,SB1,0.27461,synthetic_demo,synthetic soil bucket proxy,True
2010-07-23,SB1,0.27637,synthetic_demo,synthetic soil bucket proxy,True
2010-07-24,SB1,0.2793,synthetic_demo,synthetic soil bucket proxy,True
2010-07-25,SB1,0.28125,synthetic_demo,synthetic soil bucket proxy,True
2010-07-26,SB1,0.27061,synthetic_demo,synthetic soil bucket proxy,True
2010-07-27,SB1,0.2735,synthetic_demo,synthetic soil bucket proxy,True
2010-07-28,SB1,0.28409,synthetic_demo,synthetic soil bucket proxy,True
2010-07-29,SB1,0.27506,synthetic_demo,synthetic soil bucket proxy,True
2010-07-30,SB1,0.28289,synthetic_demo,synthetic soil bucket proxy,True
2010-07-31,SB1,0.28529,synthetic_demo,synthetic soil bucket proxy,True
2010-08-01,SB1,0.29343,synthetic_demo,synthetic soil bucket proxy,True
2010-08-02,SB1,0.289,synthetic_demo,synthetic soil bucket proxy,True
2010-08-03,SB1,0.30897,synthetic_demo,synthetic soil bucket proxy,True
2010-08-04,SB1,0.2942,synthetic_demo,synthetic soil bucket proxy,True
2010-08-05,SB1,0.29865,synthetic_demo,synthetic soil bucket proxy,True
2010-08-06,SB1,0.29489,synthetic_demo,synthetic soil bucket proxy,True
2010-08-07,SB1,0.29955,synthetic_demo,synthetic soil bucket proxy,True
2010-08-08,SB1,0.30877,synthetic_demo,synthetic soil bucket proxy,True
2010-08-09,SB1,0.30004,synthetic_demo,synthetic soil bucket proxy,True
2010-08-10,SB1,0.2995,synthetic_demo,synthetic soil bucket proxy,True
2010-08-11,SB1,0.30102,synthetic_demo,synthetic soil bucket proxy,True
2010-08-12,SB1,0.30626,synthetic_demo,synthetic soil bucket proxy,True
2010-08-13,SB1,0.3042,synthetic_demo,synthetic soil bucket proxy,True
2010-08-14,SB1,0.30373,synthetic_demo,synthetic soil bucket proxy,True
2010-08-15,SB1,0.31325,synthetic_demo,synthetic soil bucket proxy,True
2010-08-16,SB1,0.28918,synthetic_demo,synthetic soil bucket proxy,True
2010-08-17,SB1,0.30018,synthetic_demo,synthetic soil bucket proxy,True
2010-08-18,SB1,0.30701,synthetic_demo,synthetic soil bucket proxy,True
2010-08-19,SB1,0.29491,synthetic_demo,synthetic soil bucket proxy,True
2010-08-20,SB1,0.32891,synthetic_demo,synthetic soil bucket proxy,True
2010-08-21,SB1,0.34972,synthetic_demo,synthetic soil bucket proxy,True
2010-08-22,SB1,0.34501,synthetic_demo,synthetic soil bucket proxy,True
2010-08-23,SB1,0.33193,synthetic_demo,synthetic soil bucket proxy,True
2010-08-24,SB1,0.34374,synthetic_demo,synthetic soil bucket proxy,True
2010-08-25,SB1,0.3527,synthetic_demo,synthetic soil bucket proxy,True
2010-08-26,SB1,0.35409,synthetic_demo,synthetic soil bucket proxy,True
2010-08-27,SB1,0.3772,synthetic_demo,synthetic soil bucket proxy,True
2010-08-28,SB1,0.38603,synthetic_demo,synthetic soil bucket proxy,True
2010-08-29,SB1,0.37536,synthetic_demo,synthetic soil bucket proxy,True
2010-08-30,SB1,0.39517,synthetic_demo,synthetic soil bucket proxy,True
2010-08-31,SB1,0.3933,synthetic_demo,synthetic soil bucket proxy,True
2010-09-01,SB1,0.38979,synthetic_demo,synthetic soil bucket proxy,True
2010-09-02,SB1,0.36603,synthetic_demo,synthetic soil bucket proxy,True
2010-09-03,SB1,0.35579,synthetic_demo,synthetic soil bucket proxy,True
2010-09-04,SB1,0.37942,synthetic_demo,synthetic soil bucket proxy,True
2010-09-05,SB1,0.37072,synthetic_demo,synthetic soil bucket proxy,True
2010-09-06,SB1,0.36012,synthetic_demo,synthetic soil bucket proxy,True
2010-09-07,SB1,0.41404,synthetic_demo,synthetic soil bucket proxy,True
2010-09-08,SB1,0.40261,synthetic_demo,synthetic soil bucket proxy,True
2010-09-09,SB1,0.38506,synthetic_demo,synthetic soil bucket proxy,True
2010-09-10,SB1,0.38482,synthetic_demo,synthetic soil bucket proxy,True
2010-09-11,SB1,0.37861,synthetic_demo,synthetic soil bucket proxy,True
2010-09-12,SB1,0.36421,synthetic_demo,synthetic soil bucket proxy,True
2010-09-13,SB1,0.40628,synthetic_demo,synthetic soil bucket proxy,True
2010-09-14,SB1,0.39329,synthetic_demo,synthetic soil bucket proxy,True
2010-09-15,SB1,0.40761,synthetic_demo,synthetic soil bucket proxy,True
2010-09-16,SB1,0.39544,synthetic_demo,synthetic soil bucket proxy,True
2010-09-17,SB1,0.41797,synthetic_demo,synthetic soil bucket proxy,True
2010-09-18,SB1,0.40323,synthetic_demo,synthetic soil bucket proxy,True
2010-09-19,SB1,0.40924,synthetic_demo,synthetic soil bucket proxy,True
2010-09-20,SB1,0.42709,synthetic_demo,synthetic soil bucket proxy,True
2010-09-21,SB1,0.43073,synthetic_demo,synthetic soil bucket proxy,True
2010-09-22,SB1,0.42508,synthetic_demo,synthetic soil bucket proxy,True
2010-09-23,SB1,0.41424,synthetic_demo,synthetic soil bucket proxy,True
2010-09-24,SB1,0.43329,synthetic_demo,synthetic soil bucket proxy,True
2010-09-25,SB1,0.43493,synthetic_demo,synthetic soil bucket proxy,True
2010-09-26,SB1,0.44,synthetic_demo,synthetic soil bucket proxy,True
2010-09-27,SB1,0.44,synthetic_demo,synthetic soil bucket proxy,True
2010-09-28,SB1,0.44,synthetic_demo,synthetic soil bucket proxy,True
2010-09-29,SB1,0.44,synthetic_demo,synthetic soil bucket proxy,True
2010-09-30,SB1,0.44,synthetic_demo,synthetic soil bucket proxy,True
2010-10-01,SB1,0.44,synthetic_demo,synthetic soil bucket proxy,True
2010-10-02,SB1,0.44,synthetic_demo,synthetic soil bucket proxy,True
2010-10-03,SB1,0.44,synthetic_demo,synthetic soil bucket proxy,True
2010-10-04,SB1,0.44,synthetic_demo,synthetic soil bucket proxy,True
2010-10-05,SB1,0.44,synthetic_demo,synthetic soil bucket proxy,True
2010-10-06,SB1,0.4324,synthetic_demo,synthetic soil bucket proxy,True
2010-10-07,SB1,0.44,synthetic_demo,synthetic soil bucket proxy,True
2010-10-08,SB1,0.43347,synthetic_demo,synthetic soil bucket proxy,True
2010-10-09,SB1,0.44,synthetic_demo,synthetic soil bucket proxy,True
2010-10-10,SB1,0.44,synthetic_demo,synthetic soil bucket proxy,True
2010-10-11,SB1,0.44,synthetic_demo,synthetic soil bucket proxy,True
2010-10-12,SB1,0.44,synthetic_demo,synthetic soil bucket proxy,True
2010-10-13,SB1,0.44,synthetic_demo,synthetic soil bucket proxy,True
2010-10-14,SB1,0.44,synthetic_demo,synthetic soil bucket proxy,True
2010-10-15,SB1,0.44,synthetic_demo,synthetic soil bucket proxy,True
2010-10-16,SB1,0.426,synthetic_demo,synthetic soil bucket proxy,True
2010-10-17,SB1,0.44,synthetic_demo,synthetic soil bucket proxy,True
2010-10-18,SB1,0.44,synthetic_demo,synthetic soil bucket proxy,True
2010-10-19,SB1,0.41591,synthetic_demo,synthetic soil bucket proxy,True
2010-10-20,SB1,0.40048,synthetic_demo,synthetic soil bucket proxy,True
2010-10-21,SB1,0.39776,synthetic_demo,synthetic soil bucket proxy,True
2010-10-22,SB1,0.41309,synthetic_demo,synthetic soil bucket proxy,True
2010-10-23,SB1,0.41429,synthetic_demo,synthetic soil bucket proxy,True
2010-10-24,SB1,0.41142,synthetic_demo,synthetic soil bucket proxy,True
2010-10-25,SB1,0.40806,synthetic_demo,synthetic soil bucket proxy,True
2010-10-26,SB1,0.37151,synthetic_demo,synthetic soil bucket proxy,True
2010-10-27,SB1,0.38879,synthetic_demo,synthetic soil bucket proxy,True
2010-10-28,SB1,0.37687,synthetic_demo,synthetic soil bucket proxy,True
2010-10-29,SB1,0.37354,synthetic_demo,synthetic soil bucket proxy,True
2010-10-30,SB1,0.39214,synthetic_demo,synthetic soil bucket proxy,True
2010-10-31,SB1,0.37382,synthetic_demo,synthetic soil bucket proxy,True
2010-11-01,SB1,0.38113,synthetic_demo,synthetic soil bucket proxy,True
2010-11-02,SB1,0.37796,synthetic_demo,synthetic soil bucket proxy,True
2010-11-03,SB1,0.36742,synthetic_demo,synthetic soil bucket proxy,True
2010-11-04,SB1,0.36544,synthetic_demo,synthetic soil bucket proxy,True
2010-11-05,SB1,0.36157,synthetic_demo,synthetic soil bucket proxy,True
2010-11-06,SB1,0.36112,synthetic_demo,synthetic soil bucket proxy,True
2010-11-07,SB1,0.33837,synthetic_demo,synthetic soil bucket proxy,True
2010-11-08,SB1,0.34073,synthetic_demo,synthetic soil bucket proxy,True
2010-11-09,SB1,0.34422,synthetic_demo,synthetic soil bucket proxy,True
2010-11-10,SB1,0.3428,synthetic_demo,synthetic soil bucket proxy,True
2010-11-11,SB1,0.34832,synthetic_demo,synthetic soil bucket proxy,True
2010-11-12,SB1,0.31716,synthetic_demo,synthetic soil bucket proxy,True
2010-11-13,SB1,0.32521,synthetic_demo,synthetic soil bucket proxy,True
2010-11-14,SB1,0.33162,synthetic_demo,synthetic soil bucket proxy,True
2010-11-15,SB1,0.32272,synthetic_demo,synthetic soil bucket proxy,True
2010-11-16,SB1,0.32544,synthetic_demo,synthetic soil bucket proxy,True
2010-11-17,SB1,0.36265,synthetic_demo,synthetic soil bucket proxy,True
2010-11-18,SB1,0.35509,synthetic_demo,synthetic soil bucket proxy,True
2010-11-19,SB1,0.34753,synthetic_demo,synthetic soil bucket proxy,True
2010-11-20,SB1,0.34985,synthetic_demo,synthetic soil bucket proxy,True
2010-11-21,SB1,0.34276,synthetic_demo,synthetic soil bucket proxy,True
2010-11-22,SB1,0.34704,synthetic_demo,synthetic soil bucket proxy,True
2010-11-23,SB1,0.35151,synthetic_demo,synthetic soil bucket proxy,True
2010-11-24,SB1,0.3371,synthetic_demo,synthetic soil bucket proxy,True
2010-11-25,SB1,0.32598,synthetic_demo,synthetic soil bucket proxy,True
2010-11-26,SB1,0.3152,synthetic_demo,synthetic soil bucket proxy,True
2010-11-27,SB1,0.32253,synthetic_demo,synthetic soil bucket proxy,True
2010-11-28,SB1,0.30599,synthetic_demo,synthetic soil bucket proxy,True
2010-11-29,SB1,0.31645,synthetic_demo,synthetic soil bucket proxy,True
2010-11-30,SB1,0.31074,synthetic_demo,synthetic soil bucket proxy,True
2010-12-01,SB1,0.31493,synthetic_demo,synthetic soil bucket proxy,True
2010-12-02,SB1,0.31578,synthetic_demo,synthetic soil bucket proxy,True
2010-12-03,SB1,0.30686,synthetic_demo,synthetic soil bucket proxy,True
2010-12-04,SB1,0.29105,synthetic_demo,synthetic soil bucket proxy,True
2010-12-05,SB1,0.31281,synthetic_demo,synthetic soil bucket proxy,True
2010-12-06,SB1,0.30534,synthetic_demo,synthetic soil bucket proxy,True
2010-12-07,SB1,0.31594,synthetic_demo,synthetic soil bucket proxy,True
2010-12-08,SB1,0.31869,synthetic_demo,synthetic soil bucket proxy,True
2010-12-09,SB1,0.31549,synthetic_demo,synthetic soil bucket proxy,True
2010-12-10,SB1,0.31163,synthetic_demo,synthetic soil bucket proxy,True
2010-12-11,SB1,0.31391,synthetic_demo,synthetic soil bucket proxy,True
2010-12-12,SB1,0.31839,synthetic_demo,synthetic soil bucket proxy,True
2010-12-13,SB1,0.31819,synthetic_demo,synthetic soil bucket proxy,True
2010-12-14,SB1,0.30554,synthetic_demo,synthetic soil bucket proxy,True
2010-12-15,SB1,0.32181,synthetic_demo,synthetic soil bucket proxy,True
2010-12-16,SB1,0.33024,synthetic_demo,synthetic soil bucket proxy,True
2010-12-17,SB1,0.30881,synthetic_demo,synthetic soil bucket proxy,True
2010-12-18,SB1,0.31521,synthetic_demo,synthetic soil bucket proxy,True
2010-12-19,SB1,0.32628,synthetic_demo,synthetic soil bucket proxy,True
2010-12-20,SB1,0.32382,synthetic_demo,synthetic soil bucket proxy,True
2010-12-21,SB1,0.31969,synthetic_demo,synthetic soil bucket proxy,True
2010-12-22,SB1,0.31015,synthetic_demo,synthetic soil bucket proxy,True
2010-12-23,SB1,0.2982,synthetic_demo,synthetic soil bucket proxy,True
2010-12-24,SB1,0.30625,synthetic_demo,synthetic soil bucket proxy,True
2010-12-25,SB1,0.31836,synthetic_demo,synthetic soil bucket proxy,True
2010-12-26,SB1,0.29728,synthetic_demo,synthetic soil bucket proxy,True
2010-12-27,SB1,0.29957,synthetic_demo,synthetic soil bucket proxy,True
2010-12-28,SB1,0.31343,synthetic_demo,synthetic soil bucket proxy,True
2010-12-29,SB1,0.29881,synthetic_demo,synthetic soil bucket proxy,True
2010-12-30,SB1,0.30275,synthetic_demo,synthetic soil bucket proxy,True
2010-12-31,SB1,0.31068,synthetic_demo,synthetic soil bucket proxy,True
2011-01-01,SB1,0.29277,synthetic_demo,synthetic soil bucket proxy,True
2011-01-02,SB1,0.31606,synthetic_demo,synthetic soil bucket proxy,True
2011-01-03,SB1,0.29615,synthetic_demo,synthetic soil bucket proxy,True
2011-01-04,SB1,0.3042,synthetic_demo,synthetic soil bucket proxy,True
2011-01-05,SB1,0.30348,synthetic_demo,synthetic soil bucket proxy,True
2011-01-06,SB1,0.3151,synthetic_demo,synthetic soil bucket proxy,True
2011-01-07,SB1,0.29438,synthetic_demo,synthetic soil bucket proxy,True
2011-01-08,SB1,0.28564,synthetic_demo,synthetic soil bucket proxy,True
2011-01-09,SB1,0.28983,synthetic_demo,synthetic soil bucket proxy,True
2011-01-10,SB1,0.28979,synthetic_demo,synthetic soil bucket proxy,True
2011-01-11,SB1,0.28081,synthetic_demo,synthetic soil bucket proxy,True
2011-01-12,SB1,0.28399,synthetic_demo,synthetic soil bucket proxy,True
2011-01-13,SB1,0.27625,synthetic_demo,synthetic soil bucket proxy,True
2011-01-14,SB1,0.27953,synthetic_demo,synthetic soil bucket proxy,True
2011-01-15,SB1,0.26957,synthetic_demo,synthetic soil bucket proxy,True
2011-01-16,SB1,0.21864,synthetic_demo,synthetic soil bucket proxy,True
2011-01-17,SB1,0.23619,synthetic_demo,synthetic soil bucket proxy,True
2011-01-18,SB1,0.24697,synthetic_demo,synthetic soil bucket proxy,True
2011-01-19,SB1,0.23506,synthetic_demo,synthetic soil bucket proxy,True
2011-01-20,SB1,0.22718,synthetic_demo,synthetic soil bucket proxy,True
2011-01-21,SB1,0.23352,synthetic_demo,synthetic soil bucket proxy,True
2011-01-22,SB1,0.23258,synthetic_demo,synthetic soil bucket proxy,True
2011-01-23,SB1,0.22567,synthetic_demo,synthetic soil bucket proxy,True
2011-01-24,SB1,0.22629,synthetic_demo,synthetic soil bucket proxy,True
2011-01-25,SB1,0.234,synthetic_demo,synthetic soil bucket proxy,True
2011-01-26,SB1,0.22297,synthetic_demo,synthetic soil bucket proxy,True
2011-01-27,SB1,0.2158,synthetic_demo,synthetic soil bucket proxy,True
2011-01-28,SB1,0.23074,synthetic_demo,synthetic soil bucket proxy,True
2011-01-29,SB1,0.23202,synthetic_demo,synthetic soil bucket proxy,True
2011-01-30,SB1,0.22339,synthetic_demo,synthetic soil bucket proxy,True
2011-01-31,SB1,0.21873,synthetic_demo,synthetic soil bucket proxy,True
2011-02-01,SB1,0.22333,synthetic_demo,synthetic soil bucket proxy,True
2011-02-02,SB1,0.22059,synthetic_demo,synthetic soil bucket proxy,True
2011-02-03,SB1,0.22498,synthetic_demo,synthetic soil bucket proxy,True
2011-02-04,SB1,0.20666,synthetic_demo,synthetic soil bucket proxy,True
2011-02-05,SB1,0.21271,synthetic_demo,synthetic soil bucket proxy,True
2011-02-06,SB1,0.20552,synthetic_demo,synthetic soil bucket proxy,True
2011-02-07,SB1,0.1946,synthetic_demo,synthetic soil bucket proxy,True
2011-02-08,SB1,0.19571,synthetic_demo,synthetic soil bucket proxy,True
2011-02-09,SB1,0.20425,synthetic_demo,synthetic soil bucket proxy,True
2011-02-10,SB1,0.18576,synthetic_demo,synthetic soil bucket proxy,True
2011-02-11,SB1,0.20195,synthetic_demo,synthetic soil bucket proxy,True
2011-02-12,SB1,0.17827,synthetic_demo,synthetic soil bucket proxy,True
2011-02-13,SB1,0.19161,synthetic_demo,synthetic soil bucket proxy,True
2011-02-14,SB1,0.1901,synthetic_demo,synthetic soil bucket proxy,True
2011-02-15,SB1,0.19133,synthetic_demo,synthetic soil bucket proxy,True
2011-02-16,SB1,0.19498,synthetic_demo,synthetic soil bucket proxy,True
2011-02-17,SB1,0.17106,synthetic_demo,synthetic soil bucket proxy,True
2011-02-18,SB1,0.18569,synthetic_demo,synthetic soil bucket proxy,True
2011-02-19,SB1,0.20199,synthetic_demo,synthetic soil bucket proxy,True
2011-02-20,SB1,0.18835,synthetic_demo,synthetic soil bucket proxy,True
2011-02-21,SB1,0.19032,synthetic_demo,synthetic soil bucket proxy,True
2011-02-22,SB1,0.19969,synthetic_demo,synthetic soil bucket proxy,True
2011-02-23,SB1,0.19409,synthetic_demo,synthetic soil bucket proxy,True
2011-02-24,SB1,0.19853,synthetic_demo,synthetic soil bucket proxy,True
2011-02-25,SB1,0.19203,synthetic_demo,synthetic soil bucket proxy,True
2011-02-26,SB1,0.18826,synthetic_demo,synthetic soil bucket proxy,True
2011-02-27,SB1,0.20979,synthetic_demo,synthetic soil bucket proxy,True
2011-02-28,SB1,0.20229,synthetic_demo,synthetic soil bucket proxy,True
2011-03-01,SB1,0.20639,synthetic_demo,synthetic soil bucket proxy,True
2011-03-02,SB1,0.21566,synthetic_demo,synthetic soil bucket proxy,True
2011-03-03,SB1,0.20692,synthetic_demo,synthetic soil bucket proxy,True
2011-03-04,SB1,0.22409,synthetic_demo,synthetic soil bucket proxy,True
2011-03-05,SB1,0.22228,synthetic_demo,synthetic soil bucket proxy,True
2011-03-06,SB1,0.2303,synthetic_demo,synthetic soil bucket proxy,True
2011-03-07,SB1,0.20606,synthetic_demo,synthetic soil bucket proxy,True
2011-03-08,SB1,0.22358,synthetic_demo,synthetic soil bucket proxy,True
2011-03-09,SB1,0.21432,synthetic_demo,synthetic soil bucket proxy,True
2011-03-10,SB1,0.22477,synthetic_demo,synthetic soil bucket proxy,True
2011-03-11,SB1,0.21613,synthetic_demo,synthetic soil bucket proxy,True
2011-03-12,SB1,0.22556,synthetic_demo,synthetic soil bucket proxy,True
2011-03-13,SB1,0.21626,synthetic_demo,synthetic soil bucket proxy,True
2011-03-14,SB1,0.21917,synthetic_demo,synthetic soil bucket proxy,True
2011-03-15,SB1,0.22285,synthetic_demo,synthetic soil bucket proxy,True
2011-03-16,SB1,0.22844,synthetic_demo,synthetic soil bucket proxy,True
2011-03-17,SB1,0.25183,synthetic_demo,synthetic soil bucket proxy,True
2011-03-18,SB1,0.25513,synthetic_demo,synthetic soil bucket proxy,True
2011-03-19,SB1,0.25406,synthetic_demo,synthetic soil bucket proxy,True
2011-03-20,SB1,0.25881,synthetic_demo,synthetic soil bucket proxy,True
2011-03-21,SB1,0.24235,synthetic_demo,synthetic soil bucket proxy,True
2011-03-22,SB1,0.24502,synthetic_demo,synthetic soil bucket proxy,True
2011-03-23,SB1,0.27637,synthetic_demo,synthetic soil bucket proxy,True
2011-03-24,SB1,0.25069,synthetic_demo,synthetic soil bucket proxy,True
2011-03-25,SB1,0.2671,synthetic_demo,synthetic soil bucket proxy,True
2011-03-26,SB1,0.25083,synthetic_demo,synthetic soil bucket proxy,True
2011-03-27,SB1,0.25336,synthetic_demo,synthetic soil bucket proxy,True
2011-03-28,SB1,0.24853,synthetic_demo,synthetic soil bucket proxy,True
2011-03-29,SB1,0.25392,synthetic_demo,synthetic soil bucket proxy,True
2011-03-30,SB1,0.24986,synthetic_demo,synthetic soil bucket proxy,True
2011-03-31,SB1,0.26699,synthetic_demo,synthetic soil bucket proxy,True
2011-04-01,SB1,0.23477,synthetic_demo,synthetic soil bucket proxy,True
2011-04-02,SB1,0.26465,synthetic_demo,synthetic soil bucket proxy,True
2011-04-03,SB1,0.25676,synthetic_demo,synthetic soil bucket proxy,True
2011-04-04,SB1,0.25541,synthetic_demo,synthetic soil bucket proxy,True
2011-04-05,SB1,0.23987,synthetic_demo,synthetic soil bucket proxy,True
2011-04-06,SB1,0.25202,synthetic_demo,synthetic soil bucket proxy,True
2011-04-07,SB1,0.2461,synthetic_demo,synthetic soil bucket proxy,True
2011-04-08,SB1,0.25164,synthetic_demo,synthetic soil bucket proxy,True
2011-04-09,SB1,0.23666,synthetic_demo,synthetic soil bucket proxy,True
2011-04-10,SB1,0.2703,synthetic_demo,synthetic soil bucket proxy,True
2011-04-11,SB1,0.25646,synthetic_demo,synthetic soil bucket proxy,True
2011-04-12,SB1,0.25767,synthetic_demo,synthetic soil bucket proxy,True
2011-04-13,SB1,0.27296,synthetic_demo,synthetic soil bucket proxy,True
2011-04-14,SB1,0.28017,synthetic_demo,synthetic soil bucket proxy,True
2011-04-15,SB1,0.32716,synthetic_demo,synthetic soil bucket proxy,True
2011-04-16,SB1,0.30022,synthetic_demo,synthetic soil bucket proxy,True
2011-04-17,SB1,0.3119,synthetic_demo,synthetic soil bucket proxy,True
2011-04-18,SB1,0.32393,synthetic_demo,synthetic soil bucket proxy,True
2011-04-19,SB1,0.30862,synthetic_demo,synthetic soil bucket proxy,True
2011-04-20,SB1,0.2991,synthetic_demo,synthetic soil bucket proxy,True
2011-04-21,SB1,0.32645,synthetic_demo,synthetic soil bucket proxy,True
2011-04-22,SB1,0.31408,synthetic_demo,synthetic soil bucket proxy,True
2011-04-23,SB1,0.33508,synthetic_demo,synthetic soil bucket proxy,True
2011-04-24,SB1,0.30668,synthetic_demo,synthetic soil bucket proxy,True
2011-04-25,SB1,0.31498,synthetic_demo,synthetic soil bucket proxy,True
2011-04-26,SB1,0.31126,synthetic_demo,synthetic soil bucket proxy,True
2011-04-27,SB1,0.3155,synthetic_demo,synthetic soil bucket proxy,True
2011-04-28,SB1,0.30214,synthetic_demo,synthetic soil bucket proxy,True
2011-04-29,SB1,0.33508,synthetic_demo,synthetic soil bucket proxy,True
2011-04-30,SB1,0.28926,synthetic_demo,synthetic soil bucket proxy,True
2011-05-01,SB1,0.29083,synthetic_demo,synthetic soil bucket proxy,True
2011-05-02,SB1,0.29124,synthetic_demo,synthetic soil bucket proxy,True
2011-05-03,SB1,0.28215,synthetic_demo,synthetic soil bucket proxy,True
2011-05-04,SB1,0.29257,synthetic_demo,synthetic soil bucket proxy,True
2011-05-05,SB1,0.28859,synthetic_demo,synthetic soil bucket proxy,True
2011-05-06,SB1,0.28391,synthetic_demo,synthetic soil bucket proxy,True
2011-05-07,SB1,0.28393,synthetic_demo,synthetic soil bucket proxy,True
2011-05-08,SB1,0.31003,synthetic_demo,synthetic soil bucket proxy,True
2011-05-09,SB1,0.3153,synthetic_demo,synthetic soil bucket proxy,True
2011-05-10,SB1,0.3192,synthetic_demo,synthetic soil bucket proxy,True
2011-05-11,SB1,0.32772,synthetic_demo,synthetic soil bucket proxy,True
2011-05-12,SB1,0.34221,synthetic_demo,synthetic soil bucket proxy,True
2011-05-13,SB1,0.34102,synthetic_demo,synthetic soil bucket proxy,True
2011-05-14,SB1,0.32609,synthetic_demo,synthetic soil bucket proxy,True
2011-05-15,SB1,0.32511,synthetic_demo,synthetic soil bucket proxy,True
2011-05-16,SB1,0.30361,synthetic_demo,synthetic soil bucket proxy,True
2011-05-17,SB1,0.30435,synthetic_demo,synthetic soil bucket proxy,True
2011-05-18,SB1,0.30014,synthetic_demo,synthetic soil bucket proxy,True
2011-05-19,SB1,0.3008,synthetic_demo,synthetic soil bucket proxy,True
2011-05-20,SB1,0.30382,synthetic_demo,synthetic soil bucket proxy,True
2011-05-21,SB1,0.30646,synthetic_demo,synthetic soil bucket proxy,True
2011-05-22,SB1,0.30263,synthetic_demo,synthetic soil bucket proxy,True
2011-05-23,SB1,0.30206,synthetic_demo,synthetic soil bucket proxy,True
2011-05-24,SB1,0.3062,synthetic_demo,synthetic soil bucket proxy,True
2011-05-25,SB1,0.31424,synthetic_demo,synthetic soil bucket proxy,True
2011-05-26,SB1,0.3137,synthetic_demo,synthetic soil bucket proxy,True
2011-05-27,SB1,0.30386,synthetic_demo,synthetic soil bucket proxy,True
2011-05-28,SB1,0.30715,synthetic_demo,synthetic soil bucket proxy,True
2011-05-29,SB1,0.32219,synthetic_demo,synthetic soil bucket proxy,True
2011-05-30,SB1,0.31909,synthetic_demo,synthetic soil bucket proxy,True
2011-05-31,SB1,0.32283,synthetic_demo,synthetic soil bucket proxy,True
2011-06-01,SB1,0.31834,synthetic_demo,synthetic soil bucket proxy,True
2011-06-02,SB1,0.31611,synthetic_demo,synthetic soil bucket proxy,True
2011-06-03,SB1,0.30739,synthetic_demo,synthetic soil bucket proxy,True
2011-06-04,SB1,0.31549,synthetic_demo,synthetic soil bucket proxy,True
2011-06-05,SB1,0.30891,synthetic_demo,synthetic soil bucket proxy,True
2011-06-06,SB1,0.32282,synthetic_demo,synthetic soil bucket proxy,True
2011-06-07,SB1,0.31958,synthetic_demo,synthetic soil bucket proxy,True
2011-06-08,SB1,0.31775,synthetic_demo,synthetic soil bucket proxy,True
2011-06-09,SB1,0.31554,synthetic_demo,synthetic soil bucket proxy,True
2011-06-10,SB1,0.30683,synthetic_demo,synthetic soil bucket proxy,True
2011-06-11,SB1,0.29368,synthetic_demo,synthetic soil bucket proxy,True
2011-06-12,SB1,0.29713,synthetic_demo,synthetic soil bucket proxy,True
2011-06-13,SB1,0.29679,synthetic_demo,synthetic soil bucket proxy,True
2011-06-14,SB1,0.25849,synthetic_demo,synthetic soil bucket proxy,True
2011-06-15,SB1,0.27659,synthetic_demo,synthetic soil bucket proxy,True
2011-06-16,SB1,0.26015,synthetic_demo,synthetic soil bucket proxy,True
2011-06-17,SB1,0.25437,synthetic_demo,synthetic soil bucket proxy,True
2011-06-18,SB1,0.26047,synthetic_demo,synthetic soil bucket proxy,True
2011-06-19,SB1,0.25011,synthetic_demo,synthetic soil bucket proxy,True
2011-06-20,SB1,0.25712,synthetic_demo,synthetic soil bucket proxy,True
2011-06-21,SB1,0.24491,synthetic_demo,synthetic soil bucket proxy,True
2011-06-22,SB1,0.24677,synthetic_demo,synthetic soil bucket proxy,True
2011-06-23,SB1,0.26514,synthetic_demo,synthetic soil bucket proxy,True
2011-06-24,SB1,0.26993,synthetic_demo,synthetic soil bucket proxy,True
2011-06-25,SB1,0.26291,synthetic_demo,synthetic soil bucket proxy,True
2011-06-26,SB1,0.25538,synthetic_demo,synthetic soil bucket proxy,True
2011-06-27,SB1,0.26572,synthetic_demo,synthetic soil bucket proxy,True
2011-06-28,SB1,0.26563,synthetic_demo,synthetic soil bucket proxy,True
2011-06-29,SB1,0.25475,synthetic_demo,synthetic soil bucket proxy,True
2011-06-30,SB1,0.27172,synthetic_demo,synthetic soil bucket proxy,True
2011-07-01,SB1,0.28548,synthetic_demo,synthetic soil bucket proxy,True
2011-07-02,SB1,0.27799,synthetic_demo,synthetic soil bucket proxy,True
2011-07-03,SB1,0.28463,synthetic_demo,synthetic soil bucket proxy,True
2011-07-04,SB1,0.27616,synthetic_demo,synthetic soil bucket proxy,True
2011-07-05,SB1,0.27555,synthetic_demo,synthetic soil bucket proxy,True
2011-07-06,SB1,0.29831,synthetic_demo,synthetic soil bucket proxy,True
2011-07-07,SB1,0.26311,synthetic_demo,synthetic soil bucket proxy,True
2011-07-08,SB1,0.27182,synthetic_demo,synthetic soil bucket proxy,True
2011-07-09,SB1,0.27296,synthetic_demo,synthetic soil bucket proxy,True
2011-07-10,SB1,0.25824,synthetic_demo,synthetic soil bucket proxy,True
2011-07-11,SB1,0.24256,synthetic_demo,synthetic soil bucket proxy,True
2011-07-12,SB1,0.29238,synthetic_demo,synthetic soil bucket proxy,True
2011-07-13,SB1,0.28289,synthetic_demo,synthetic soil bucket proxy,True
2011-07-14,SB1,0.27743,synthetic_demo,synthetic soil bucket proxy,True
2011-07-15,SB1,0.28419,synthetic_demo,synthetic soil bucket proxy,True
2011-07-16,SB1,0.28009,synthetic_demo,synthetic soil bucket proxy,True
2011-07-17,SB1,0.28573,synthetic_demo,synthetic soil bucket proxy,True
2011-07-18,SB1,0.28565,synthetic_demo,synthetic soil bucket proxy,True
2011-07-19,SB1,0.29067,synthetic_demo,synthetic soil bucket proxy,True
2011-07-20,SB1,0.28823,synthetic_demo,synthetic soil bucket proxy,True
2011-07-21,SB1,0.27858,synthetic_demo,synthetic soil bucket proxy,True
2011-07-22,SB1,0.27628,synthetic_demo,synthetic soil bucket proxy,True
2011-07-23,SB1,0.28953,synthetic_demo,synthetic soil bucket proxy,True
2011-07-24,SB1,0.29056,synthetic_demo,synthetic soil bucket proxy,True
2011-07-25,SB1,0.30378,synthetic_demo,synthetic soil bucket proxy,True
2011-07-26,SB1,0.29662,synthetic_demo,synthetic soil bucket proxy,True
2011-07-27,SB1,0.2989,synthetic_demo,synthetic soil bucket proxy,True
2011-07-28,SB1,0.32188,synthetic_demo,synthetic soil bucket proxy,True
2011-07-29,SB1,0.3303,synthetic_demo,synthetic soil bucket proxy,True
2011-07-30,SB1,0.30166,synthetic_demo,synthetic soil bucket proxy,True
2011-07-31,SB1,0.29718,synthetic_demo,synthetic soil bucket proxy,True
2011-08-01,SB1,0.30732,synthetic_demo,synthetic soil bucket proxy,True
2011-08-02,SB1,0.31064,synthetic_demo,synthetic soil bucket proxy,True
2011-08-03,SB1,0.31557,synthetic_demo,synthetic soil bucket proxy,True
2011-08-04,SB1,0.32598,synthetic_demo,synthetic soil bucket proxy,True
2011-08-05,SB1,0.31902,synthetic_demo,synthetic soil bucket proxy,True
2011-08-06,SB1,0.31867,synthetic_demo,synthetic soil bucket proxy,True
2011-08-07,SB1,0.31544,synthetic_demo,synthetic soil bucket proxy,True
2011-08-08,SB1,0.29705,synthetic_demo,synthetic soil bucket proxy,True
2011-08-09,SB1,0.31848,synthetic_demo,synthetic soil bucket proxy,True
2011-08-10,SB1,0.30035,synthetic_demo,synthetic soil bucket proxy,True
2011-08-11,SB1,0.31851,synthetic_demo,synthetic soil bucket proxy,True
2011-08-12,SB1,0.303,synthetic_demo,synthetic soil bucket proxy,True
2011-08-13,SB1,0.30077,synthetic_demo,synthetic soil bucket proxy,True
2011-08-14,SB1,0.3075,synthetic_demo,synthetic soil bucket proxy,True
2011-08-15,SB1,0.30244,synthetic_demo,synthetic soil bucket proxy,True
2011-08-16,SB1,0.31156,synthetic_demo,synthetic soil bucket proxy,True
2011-08-17,SB1,0.33234,synthetic_demo,synthetic soil bucket proxy,True
2011-08-18,SB1,0.30566,synthetic_demo,synthetic soil bucket proxy,True
2011-08-19,SB1,0.31547,synthetic_demo,synthetic soil bucket proxy,True
2011-08-20,SB1,0.3254,synthetic_demo,synthetic soil bucket proxy,True
2011-08-21,SB1,0.32191,synthetic_demo,synthetic soil bucket proxy,True
2011-08-22,SB1,0.32347,synthetic_demo,synthetic soil bucket proxy,True
2011-08-23,SB1,0.35795,synthetic_demo,synthetic soil bucket proxy,True
2011-08-24,SB1,0.35453,synthetic_demo,synthetic soil bucket proxy,True
2011-08-25,SB1,0.36688,synthetic_demo,synthetic soil bucket proxy,True
2011-08-26,SB1,0.35462,synthetic_demo,synthetic soil bucket proxy,True
2011-08-27,SB1,0.34452,synthetic_demo,synthetic soil bucket proxy,True
2011-08-28,SB1,0.348,synthetic_demo,synthetic soil bucket proxy,True
2011-08-29,SB1,0.36058,synthetic_demo,synthetic soil bucket proxy,True
2011-08-30,SB1,0.38544,synthetic_demo,synthetic soil bucket proxy,True
2011-08-31,SB1,0.37845,synthetic_demo,synthetic soil bucket proxy,True
2011-09-01,SB1,0.37631,synthetic_demo,synthetic soil bucket proxy,True
2011-09-02,SB1,0.38343,synthetic_demo,synthetic soil bucket proxy,True
2011-09-03,SB1,0.40011,synthetic_demo,synthetic soil bucket proxy,True
2011-09-04,SB1,0.42625,synthetic_demo,synthetic soil bucket proxy,True
2011-09-05,SB1,0.42663,synthetic_demo,synthetic soil bucket proxy,True
2011-09-06,SB1,0.42155,synthetic_demo,synthetic soil bucket proxy,True
2011-09-07,SB1,0.43664,synthetic_demo,synthetic soil bucket proxy,True
2011-09-08,SB1,0.42368,synthetic_demo,synthetic soil bucket proxy,True
2011-09-09,SB1,0.43782,synthetic_demo,synthetic soil bucket proxy,True
2011-09-10,SB1,0.40919,synthetic_demo,synthetic soil bucket proxy,True
2011-09-11,SB1,0.41606,synthetic_demo,synthetic soil bucket proxy,True
2011-09-12,SB1,0.41208,synthetic_demo,synthetic soil bucket proxy,True
2011-09-13,SB1,0.40842,synthetic_demo,synthetic soil bucket proxy,True
2011-09-14,SB1,0.41934,synthetic_demo,synthetic soil bucket proxy,True
2011-09-15,SB1,0.43312,synthetic_demo,synthetic soil bucket proxy,True
2011-09-16,SB1,0.44,synthetic_demo,synthetic soil bucket proxy,True
2011-09-17,SB1,0.44,synthetic_demo,synthetic soil bucket proxy,True
2011-09-18,SB1,0.44,synthetic_demo,synthetic soil bucket proxy,True
2011-09-19,SB1,0.44,synthetic_demo,synthetic soil bucket proxy,True
2011-09-20,SB1,0.44,synthetic_demo,synthetic soil bucket proxy,True
2011-09-21,SB1,0.44,synthetic_demo,synthetic soil bucket proxy,True
2011-09-22,SB1,0.44,synthetic_demo,synthetic soil bucket proxy,True
2011-09-23,SB1,0.44,synthetic_demo,synthetic soil bucket proxy,True
2011-09-24,SB1,0.44,synthetic_demo,synthetic soil bucket proxy,True
2011-09-25,SB1,0.44,synthetic_demo,synthetic soil bucket proxy,True
2011-09-26,SB1,0.44,synthetic_demo,synthetic soil bucket proxy,True
2011-09-27,SB1,0.44,synthetic_demo,synthetic soil bucket proxy,True
2011-09-28,SB1,0.44,synthetic_demo,synthetic soil bucket proxy,True
2011-09-29,SB1,0.44,synthetic_demo,synthetic soil bucket proxy,True
2011-09-30,SB1,0.44,synthetic_demo,synthetic soil bucket proxy,True
2011-10-01,SB1,0.44,synthetic_demo,synthetic soil bucket proxy,True
2011-10-02,SB1,0.44,synthetic_demo,synthetic soil bucket proxy,True
2011-10-03,SB1,0.44,synthetic_demo,synthetic soil bucket proxy,True
2011-10-04,SB1,0.44,synthetic_demo,synthetic soil bucket proxy,True
2011-10-05,SB1,0.44,synthetic_demo,synthetic soil bucket proxy,True
2011-10-06,SB1,0.44,synthetic_demo,synthetic soil bucket proxy,True
2011-10-07,SB1,0.44,synthetic_demo,synthetic soil bucket proxy,True
2011-10-08,SB1,0.44,synthetic_demo,synthetic soil bucket proxy,True
2011-10-09,SB1,0.44,synthetic_demo,synthetic soil bucket proxy,True
2011-10-10,SB1,0.44,synthetic_demo,synthetic soil bucket proxy,True
2011-10-11,SB1,0.44,synthetic_demo,synthetic soil bucket proxy,True
2011-10-12,SB1,0.44,synthetic_demo,synthetic soil bucket proxy,True
2011-10-13,SB1,0.44,synthetic_demo,synthetic soil bucket proxy,True
2011-10-14,SB1,0.44,synthetic_demo,synthetic soil bucket proxy,True
2011-10-15,SB1,0.44,synthetic_demo,synthetic soil bucket proxy,True
2011-10-16,SB1,0.44,synthetic_demo,synthetic soil bucket proxy,True
2011-10-17,SB1,0.44,synthetic_demo,synthetic soil bucket proxy,True
2011-10-18,SB1,0.44,synthetic_demo,synthetic soil bucket proxy,True
2011-10-19,SB1,0.44,synthetic_demo,synthetic soil bucket proxy,True
2011-10-20,SB1,0.44,synthetic_demo,synthetic soil bucket proxy,True
2011-10-21,SB1,0.44,synthetic_demo,synthetic soil bucket proxy,True
2011-10-22,SB1,0.44,synthetic_demo,synthetic soil bucket proxy,True
2011-10-23,SB1,0.44,synthetic_demo,synthetic soil bucket proxy,True
2011-10-24,SB1,0.44,synthetic_demo,synthetic soil bucket proxy,True
2011-10-25,SB1,0.44,synthetic_demo,synthetic soil bucket proxy,True
2011-10-26,SB1,0.44,synthetic_demo,synthetic soil bucket proxy,True
2011-10-27,SB1,0.44,synthetic_demo,synthetic soil bucket proxy,True
2011-10-28,SB1,0.44,synthetic_demo,synthetic soil bucket proxy,True
2011-10-29,SB1,0.44,synthetic_demo,synthetic soil bucket proxy,True
2011-10-30,SB1,0.44,synthetic_demo,synthetic soil bucket proxy,True
2011-10-31,SB1,0.44,synthetic_demo,synthetic soil bucket proxy,True
2011-11-01,SB1,0.44,synthetic_demo,synthetic soil bucket proxy,True
2011-11-02,SB1,0.44,synthetic_demo,synthetic soil bucket proxy,True
2011-11-03,SB1,0.44,synthetic_demo,synthetic soil bucket proxy,True
2011-11-04,SB1,0.44,synthetic_demo,synthetic soil bucket proxy,True
2011-11-05,SB1,0.44,synthetic_demo,synthetic soil bucket proxy,True
2011-11-06,SB1,0.44,synthetic_demo,synthetic soil bucket proxy,True
2011-11-07,SB1,0.44,synthetic_demo,synthetic soil bucket proxy,True
2011-11-08,SB1,0.44,synthetic_demo,synthetic soil bucket proxy,True
2011-11-09,SB1,0.44,synthetic_demo,synthetic soil bucket proxy,True
2011-11-10,SB1,0.44,synthetic_demo,synthetic soil bucket proxy,True
2011-11-11,SB1,0.44,synthetic_demo,synthetic soil bucket proxy,True
2011-11-12,SB1,0.44,synthetic_demo,synthetic soil bucket proxy,True
2011-11-13,SB1,0.44,synthetic_demo,synthetic soil bucket proxy,True
2011-11-14,SB1,0.44,synthetic_demo,synthetic soil bucket proxy,True
2011-11-15,SB1,0.44,synthetic_demo,synthetic soil bucket proxy,True
2011-11-16,SB1,0.44,synthetic_demo,synthetic soil bucket proxy,True
2011-11-17,SB1,0.44,synthetic_demo,synthetic soil bucket proxy,True
2011-11-18,SB1,0.44,synthetic_demo,synthetic soil bucket proxy,True
2011-11-19,SB1,0.44,synthetic_demo,synthetic soil bucket proxy,True
2011-11-20,SB1,0.44,synthetic_demo,synthetic soil bucket proxy,True
2011-11-21,SB1,0.44,synthetic_demo,synthetic soil bucket proxy,True
2011-11-22,SB1,0.44,synthetic_demo,synthetic soil bucket proxy,True
2011-11-23,SB1,0.44,synthetic_demo,synthetic soil bucket proxy,True
2011-11-24,SB1,0.44,synthetic_demo,synthetic soil bucket proxy,True
2011-11-25,SB1,0.44,synthetic_demo,synthetic soil bucket proxy,True
2011-11-26,SB1,0.44,synthetic_demo,synthetic soil bucket proxy,True
2011-11-27,SB1,0.429,synthetic_demo,synthetic soil bucket proxy,True
2011-11-28,SB1,0.44,synthetic_demo,synthetic soil bucket proxy,True
2011-11-29,SB1,0.44,synthetic_demo,synthetic soil bucket proxy,True
2011-11-30,SB1,0.43829,synthetic_demo,synthetic soil bucket proxy,True
2011-12-01,SB1,0.44,synthetic_demo,synthetic soil bucket proxy,True
2011-12-02,SB1,0.42548,synthetic_demo,synthetic soil bucket proxy,True
2011-12-03,SB1,0.42625,synthetic_demo,synthetic soil bucket proxy,True
2011-12-04,SB1,0.43956,synthetic_demo,synthetic soil bucket proxy,True
2011-12-05,SB1,0.42356,synthetic_demo,synthetic soil bucket proxy,True
2011-12-06,SB1,0.42054,synthetic_demo,synthetic soil bucket proxy,True
2011-12-07,SB1,0.41994,synthetic_demo,synthetic soil bucket proxy,True
2011-12-08,SB1,0.41949,synthetic_demo,synthetic soil bucket proxy,True
2011-12-09,SB1,0.41962,synthetic_demo,synthetic soil bucket proxy,True
2011-12-10,SB1,0.39771,synthetic_demo,synthetic soil bucket proxy,True
2011-12-11,SB1,0.41913,synthetic_demo,synthetic soil bucket proxy,True
2011-12-12,SB1,0.42271,synthetic_demo,synthetic soil bucket proxy,True
2011-12-13,SB1,0.40334,synthetic_demo,synthetic soil bucket proxy,True
2011-12-14,SB1,0.41036,synthetic_demo,synthetic soil bucket proxy,True
2011-12-15,SB1,0.40125,synthetic_demo,synthetic soil bucket proxy,True
2011-12-16,SB1,0.41757,synthetic_demo,synthetic soil bucket proxy,True
2011-12-17,SB1,0.42772,synthetic_demo,synthetic soil bucket proxy,True
2011-12-18,SB1,0.40197,synthetic_demo,synthetic soil bucket proxy,True
2011-12-19,SB1,0.39282,synthetic_demo,synthetic soil bucket proxy,True
2011-12-20,SB1,0.4003,synthetic_demo,synthetic soil bucket proxy,True
2011-12-21,SB1,0.37324,synthetic_demo,synthetic soil bucket proxy,True
2011-12-22,SB1,0.41465,synthetic_demo,synthetic soil bucket proxy,True
2011-12-23,SB1,0.37233,synthetic_demo,synthetic soil bucket proxy,True
2011-12-24,SB1,0.38694,synthetic_demo,synthetic soil bucket proxy,True
2011-12-25,SB1,0.37466,synthetic_demo,synthetic soil bucket proxy,True
2011-12-26,SB1,0.35361,synthetic_demo,synthetic soil bucket proxy,True
2011-12-27,SB1,0.35968,synthetic_demo,synthetic soil bucket proxy,True
2011-12-28,SB1,0.36525,synthetic_demo,synthetic soil bucket proxy,True
2011-12-29,SB1,0.34202,synthetic_demo,synthetic soil bucket proxy,True
2011-12-30,SB1,0.31418,synthetic_demo,synthetic soil bucket proxy,True
2011-12-31,SB1,0.32381,synthetic_demo,synthetic soil bucket proxy,True
2012-01-01,SB1,0.31239,synthetic_demo,synthetic soil bucket proxy,True
2012-01-02,SB1,0.30369,synthetic_demo,synthetic soil bucket proxy,True
2012-01-03,SB1,0.31291,synthetic_demo,synthetic soil bucket proxy,True
2012-01-04,SB1,0.3039,synthetic_demo,synthetic soil bucket proxy,True
2012-01-05,SB1,0.29061,synthetic_demo,synthetic soil bucket proxy,True
2012-01-06,SB1,0.27803,synthetic_demo,synthetic soil bucket proxy,True
2012-01-07,SB1,0.27563,synthetic_demo,synthetic soil bucket proxy,True
2012-01-08,SB1,0.26193,synthetic_demo,synthetic soil bucket proxy,True
2012-01-09,SB1,0.2677,synthetic_demo,synthetic soil bucket proxy,True
2012-01-10,SB1,0.27028,synthetic_demo,synthetic soil bucket proxy,True
2012-01-11,SB1,0.25627,synthetic_demo,synthetic soil bucket proxy,True
2012-01-12,SB1,0.25904,synthetic_demo,synthetic soil bucket proxy,True
2012-01-13,SB1,0.26896,synthetic_demo,synthetic soil bucket proxy,True
2012-01-14,SB1,0.23487,synthetic_demo,synthetic soil bucket proxy,True
2012-01-15,SB1,0.21866,synthetic_demo,synthetic soil bucket proxy,True
2012-01-16,SB1,0.23981,synthetic_demo,synthetic soil bucket proxy,True
2012-01-17,SB1,0.22958,synthetic_demo,synthetic soil bucket proxy,True
2012-01-18,SB1,0.22563,synthetic_demo,synthetic soil bucket proxy,True
2012-01-19,SB1,0.21856,synthetic_demo,synthetic soil bucket proxy,True
2012-01-20,SB1,0.22116,synthetic_demo,synthetic soil bucket proxy,True
2012-01-21,SB1,0.22536,synthetic_demo,synthetic soil bucket proxy,True
2012-01-22,SB1,0.21796,synthetic_demo,synthetic soil bucket proxy,True
2012-01-23,SB1,0.2125,synthetic_demo,synthetic soil bucket proxy,True
2012-01-24,SB1,0.23406,synthetic_demo,synthetic soil bucket proxy,True
2012-01-25,SB1,0.21172,synthetic_demo,synthetic soil bucket proxy,True
2012-01-26,SB1,0.20515,synthetic_demo,synthetic soil bucket proxy,True
2012-01-27,SB1,0.20197,synthetic_demo,synthetic soil bucket proxy,True
2012-01-28,SB1,0.21585,synthetic_demo,synthetic soil bucket proxy,True
2012-01-29,SB1,0.2172,synthetic_demo,synthetic soil bucket proxy,True
2012-01-30,SB1,0.20211,synthetic_demo,synthetic soil bucket proxy,True
2012-01-31,SB1,0.20226,synthetic_demo,synthetic soil bucket proxy,True
2012-02-01,SB1,0.23905,synthetic_demo,synthetic soil bucket proxy,True
2012-02-02,SB1,0.25908,synthetic_demo,synthetic soil bucket proxy,True
2012-02-03,SB1,0.25695,synthetic_demo,synthetic soil bucket proxy,True
2012-02-04,SB1,0.24925,synthetic_demo,synthetic soil bucket proxy,True
2012-02-05,SB1,0.26076,synthetic_demo,synthetic soil bucket proxy,True
2012-02-06,SB1,0.24837,synthetic_demo,synthetic soil bucket proxy,True
2012-02-07,SB1,0.27943,synthetic_demo,synthetic soil bucket proxy,True
2012-02-08,SB1,0.25538,synthetic_demo,synthetic soil bucket proxy,True
2012-02-09,SB1,0.26049,synthetic_demo,synthetic soil bucket proxy,True
2012-02-10,SB1,0.26793,synthetic_demo,synthetic soil bucket proxy,True
2012-02-11,SB1,0.25667,synthetic_demo,synthetic soil bucket proxy,True
2012-02-12,SB1,0.27773,synthetic_demo,synthetic soil bucket proxy,True
2012-02-13,SB1,0.27904,synthetic_demo,synthetic soil bucket proxy,True
2012-02-14,SB1,0.25145,synthetic_demo,synthetic soil bucket proxy,True
2012-02-15,SB1,0.22443,synthetic_demo,synthetic soil bucket proxy,True
2012-02-16,SB1,0.24623,synthetic_demo,synthetic soil bucket proxy,True
2012-02-17,SB1,0.24729,synthetic_demo,synthetic soil bucket proxy,True
2012-02-18,SB1,0.24567,synthetic_demo,synthetic soil bucket proxy,True
2012-02-19,SB1,0.25853,synthetic_demo,synthetic soil bucket proxy,True
2012-02-20,SB1,0.24685,synthetic_demo,synthetic soil bucket proxy,True
2012-02-21,SB1,0.24147,synthetic_demo,synthetic soil bucket proxy,True
2012-02-22,SB1,0.24039,synthetic_demo,synthetic soil bucket proxy,True
2012-02-23,SB1,0.26503,synthetic_demo,synthetic soil bucket proxy,True
2012-02-24,SB1,0.24926,synthetic_demo,synthetic soil bucket proxy,True
2012-02-25,SB1,0.24255,synthetic_demo,synthetic soil bucket proxy,True
2012-02-26,SB1,0.25589,synthetic_demo,synthetic soil bucket proxy,True
2012-02-27,SB1,0.27467,synthetic_demo,synthetic soil bucket proxy,True
2012-02-28,SB1,0.25626,synthetic_demo,synthetic soil bucket proxy,True
2012-02-29,SB1,0.25655,synthetic_demo,synthetic soil bucket proxy,True
2012-03-01,SB1,0.24239,synthetic_demo,synthetic soil bucket proxy,True
2012-03-02,SB1,0.26412,synthetic_demo,synthetic soil bucket proxy,True
2012-03-03,SB1,0.26017,synthetic_demo,synthetic soil bucket proxy,True
2012-03-04,SB1,0.26731,synthetic_demo,synthetic soil bucket proxy,True
2012-03-05,SB1,0.26275,synthetic_demo,synthetic soil bucket proxy,True
2012-03-06,SB1,0.24765,synthetic_demo,synthetic soil bucket proxy,True
2012-03-07,SB1,0.25694,synthetic_demo,synthetic soil bucket proxy,True
2012-03-08,SB1,0.26413,synthetic_demo,synthetic soil bucket proxy,True
2012-03-09,SB1,0.26284,synthetic_demo,synthetic soil bucket proxy,True
2012-03-10,SB1,0.25824,synthetic_demo,synthetic soil bucket proxy,True
2012-03-11,SB1,0.25594,synthetic_demo,synthetic soil bucket proxy,True
2012-03-12,SB1,0.25374,synthetic_demo,synthetic soil bucket proxy,True
2012-03-13,SB1,0.24448,synthetic_demo,synthetic soil bucket proxy,True
2012-03-14,SB1,0.26824,synthetic_demo,synthetic soil bucket proxy,True
2012-03-15,SB1,0.25604,synthetic_demo,synthetic soil bucket proxy,True
2012-03-16,SB1,0.26623,synthetic_demo,synthetic soil bucket proxy,True
2012-03-17,SB1,0.2674,synthetic_demo,synthetic soil bucket proxy,True
2012-03-18,SB1,0.25237,synthetic_demo,synthetic soil bucket proxy,True
2012-03-19,SB1,0.26735,synthetic_demo,synthetic soil bucket proxy,True
2012-03-20,SB1,0.27079,synthetic_demo,synthetic soil bucket proxy,True
2012-03-21,SB1,0.25576,synthetic_demo,synthetic soil bucket proxy,True
2012-03-22,SB1,0.23477,synthetic_demo,synthetic soil bucket proxy,True
2012-03-23,SB1,0.25074,synthetic_demo,synthetic soil bucket proxy,True
2012-03-24,SB1,0.26222,synthetic_demo,synthetic soil bucket proxy,True
2012-03-25,SB1,0.26539,synthetic_demo,synthetic soil bucket proxy,True
2012-03-26,SB1,0.26813,synthetic_demo,synthetic soil bucket proxy,True
2012-03-27,SB1,0.25338,synthetic_demo,synthetic soil bucket proxy,True
2012-03-28,SB1,0.26492,synthetic_demo,synthetic soil bucket proxy,True
2012-03-29,SB1,0.25809,synthetic_demo,synthetic soil bucket proxy,True
2012-03-30,SB1,0.25317,synthetic_demo,synthetic soil bucket proxy,True
2012-03-31,SB1,0.30898,synthetic_demo,synthetic soil bucket proxy,True
2012-04-01,SB1,0.26996,synthetic_demo,synthetic soil bucket proxy,True
2012-04-02,SB1,0.25869,synthetic_demo,synthetic soil bucket proxy,True
2012-04-03,SB1,0.26123,synthetic_demo,synthetic soil bucket proxy,True
2012-04-04,SB1,0.27175,synthetic_demo,synthetic soil bucket proxy,True
2012-04-05,SB1,0.28175,synthetic_demo,synthetic soil bucket proxy,True
2012-04-06,SB1,0.27628,synthetic_demo,synthetic soil bucket proxy,True
2012-04-07,SB1,0.26091,synthetic_demo,synthetic soil bucket proxy,True
2012-04-08,SB1,0.27919,synthetic_demo,synthetic soil bucket proxy,True
2012-04-09,SB1,0.275,synthetic_demo,synthetic soil bucket proxy,True
2012-04-10,SB1,0.24814,synthetic_demo,synthetic soil bucket proxy,True
2012-04-11,SB1,0.26423,synthetic_demo,synthetic soil bucket proxy,True
2012-04-12,SB1,0.26198,synthetic_demo,synthetic soil bucket proxy,True
2012-04-13,SB1,0.2843,synthetic_demo,synthetic soil bucket proxy,True
2012-04-14,SB1,0.28437,synthetic_demo,synthetic soil bucket proxy,True
2012-04-15,SB1,0.27707,synthetic_demo,synthetic soil bucket proxy,True
2012-04-16,SB1,0.28141,synthetic_demo,synthetic soil bucket proxy,True
2012-04-17,SB1,0.27511,synthetic_demo,synthetic soil bucket proxy,True
2012-04-18,SB1,0.27475,synthetic_demo,synthetic soil bucket proxy,True
2012-04-19,SB1,0.2818,synthetic_demo,synthetic soil bucket proxy,True
2012-04-20,SB1,0.25602,synthetic_demo,synthetic soil bucket proxy,True
2012-04-21,SB1,0.28126,synthetic_demo,synthetic soil bucket proxy,True
2012-04-22,SB1,0.27648,synthetic_demo,synthetic soil bucket proxy,True
2012-04-23,SB1,0.26673,synthetic_demo,synthetic soil bucket proxy,True
2012-04-24,SB1,0.27984,synthetic_demo,synthetic soil bucket proxy,True
2012-04-25,SB1,0.26191,synthetic_demo,synthetic soil bucket proxy,True
2012-04-26,SB1,0.28147,synthetic_demo,synthetic soil bucket proxy,True
2012-04-27,SB1,0.26777,synthetic_demo,synthetic soil bucket proxy,True
2012-04-28,SB1,0.26267,synthetic_demo,synthetic soil bucket proxy,True
2012-04-29,SB1,0.25526,synthetic_demo,synthetic soil bucket proxy,True
2012-04-30,SB1,0.25919,synthetic_demo,synthetic soil bucket proxy,True
2012-05-01,SB1,0.28367,synthetic_demo,synthetic soil bucket proxy,True
2012-05-02,SB1,0.26808,synthetic_demo,synthetic soil bucket proxy,True
2012-05-03,SB1,0.26137,synthetic_demo,synthetic soil bucket proxy,True
2012-05-04,SB1,0.25989,synthetic_demo,synthetic soil bucket proxy,True
2012-05-05,SB1,0.26258,synthetic_demo,synthetic soil bucket proxy,True
2012-05-06,SB1,0.26396,synthetic_demo,synthetic soil bucket proxy,True
2012-05-07,SB1,0.25941,synthetic_demo,synthetic soil bucket proxy,True
2012-05-08,SB1,0.26778,synthetic_demo,synthetic soil bucket proxy,True
2012-05-09,SB1,0.25857,synthetic_demo,synthetic soil bucket proxy,True
2012-05-10,SB1,0.26039,synthetic_demo,synthetic soil bucket proxy,True
2012-05-11,SB1,0.25036,synthetic_demo,synthetic soil bucket proxy,True
2012-05-12,SB1,0.25396,synthetic_demo,synthetic soil bucket proxy,True
2012-05-13,SB1,0.27277,synthetic_demo,synthetic soil bucket proxy,True
2012-05-14,SB1,0.27182,synthetic_demo,synthetic soil bucket proxy,True
2012-05-15,SB1,0.28218,synthetic_demo,synthetic soil bucket proxy,True
2012-05-16,SB1,0.25989,synthetic_demo,synthetic soil bucket proxy,True
2012-05-17,SB1,0.26026,synthetic_demo,synthetic soil bucket proxy,True
2012-05-18,SB1,0.26949,synthetic_demo,synthetic soil bucket proxy,True
2012-05-19,SB1,0.26388,synthetic_demo,synthetic soil bucket proxy,True
2012-05-20,SB1,0.27623,synthetic_demo,synthetic soil bucket proxy,True
2012-05-21,SB1,0.27297,synthetic_demo,synthetic soil bucket proxy,True
2012-05-22,SB1,0.25427,synthetic_demo,synthetic soil bucket proxy,True
2012-05-23,SB1,0.27023,synthetic_demo,synthetic soil bucket proxy,True
2012-05-24,SB1,0.28013,synthetic_demo,synthetic soil bucket proxy,True
2012-05-25,SB1,0.27804,synthetic_demo,synthetic soil bucket proxy,True
2012-05-26,SB1,0.30042,synthetic_demo,synthetic soil bucket proxy,True
2012-05-27,SB1,0.30631,synthetic_demo,synthetic soil bucket proxy,True
2012-05-28,SB1,0.3073,synthetic_demo,synthetic soil bucket proxy,True
2012-05-29,SB1,0.30199,synthetic_demo,synthetic soil bucket proxy,True
2012-05-30,SB1,0.25771,synthetic_demo,synthetic soil bucket proxy,True
2012-05-31,SB1,0.26703,synthetic_demo,synthetic soil bucket proxy,True
2012-06-01,SB1,0.27217,synthetic_demo,synthetic soil bucket proxy,True
2012-06-02,SB1,0.26157,synthetic_demo,synthetic soil bucket proxy,True
2012-06-03,SB1,0.2563,synthetic_demo,synthetic soil bucket proxy,True
2012-06-04,SB1,0.26356,synthetic_demo,synthetic soil bucket proxy,True
2012-06-05,SB1,0.27443,synthetic_demo,synthetic soil bucket proxy,True
2012-06-06,SB1,0.25404,synthetic_demo,synthetic soil bucket proxy,True
2012-06-07,SB1,0.26787,synthetic_demo,synthetic soil bucket proxy,True
2012-06-08,SB1,0.26777,synthetic_demo,synthetic soil bucket proxy,True
2012-06-09,SB1,0.25704,synthetic_demo,synthetic soil bucket proxy,True
2012-06-10,SB1,0.26633,synthetic_demo,synthetic soil bucket proxy,True
2012-06-11,SB1,0.26514,synthetic_demo,synthetic soil bucket proxy,True
2012-06-12,SB1,0.27096,synthetic_demo,synthetic soil bucket proxy,True
2012-06-13,SB1,0.24848,synthetic_demo,synthetic soil bucket proxy,True
2012-06-14,SB1,0.25074,synthetic_demo,synthetic soil bucket proxy,True
2012-06-15,SB1,0.24447,synthetic_demo,synthetic soil bucket proxy,True
2012-06-16,SB1,0.25477,synthetic_demo,synthetic soil bucket proxy,True
2012-06-17,SB1,0.25144,synthetic_demo,synthetic soil bucket proxy,True
2012-06-18,SB1,0.2673,synthetic_demo,synthetic soil bucket proxy,True
2012-06-19,SB1,0.26994,synthetic_demo,synthetic soil bucket proxy,True
2012-06-20,SB1,0.28688,synthetic_demo,synthetic soil bucket proxy,True
2012-06-21,SB1,0.31494,synthetic_demo,synthetic soil bucket proxy,True
2012-06-22,SB1,0.32087,synthetic_demo,synthetic soil bucket proxy,True
2012-06-23,SB1,0.29558,synthetic_demo,synthetic soil bucket proxy,True
2012-06-24,SB1,0.31188,synthetic_demo,synthetic soil bucket proxy,True
2012-06-25,SB1,0.31204,synthetic_demo,synthetic soil bucket proxy,True
2012-06-26,SB1,0.31324,synthetic_demo,synthetic soil bucket proxy,True
2012-06-27,SB1,0.32621,synthetic_demo,synthetic soil bucket proxy,True
2012-06-28,SB1,0.31834,synthetic_demo,synthetic soil bucket proxy,True
2012-06-29,SB1,0.32322,synthetic_demo,synthetic soil bucket proxy,True
2012-06-30,SB1,0.31478,synthetic_demo,synthetic soil bucket proxy,True
2012-07-01,SB1,0.32859,synthetic_demo,synthetic soil bucket proxy,True
2012-07-02,SB1,0.30685,synthetic_demo,synthetic soil bucket proxy,True
2012-07-03,SB1,0.31662,synthetic_demo,synthetic soil bucket proxy,True
2012-07-04,SB1,0.33515,synthetic_demo,synthetic soil bucket proxy,True
2012-07-05,SB1,0.32553,synthetic_demo,synthetic soil bucket proxy,True
2012-07-06,SB1,0.31066,synthetic_demo,synthetic soil bucket proxy,True
2012-07-07,SB1,0.31239,synthetic_demo,synthetic soil bucket proxy,True
2012-07-08,SB1,0.33734,synthetic_demo,synthetic soil bucket proxy,True
2012-07-09,SB1,0.33602,synthetic_demo,synthetic soil bucket proxy,True
2012-07-10,SB1,0.34909,synthetic_demo,synthetic soil bucket proxy,True
2012-07-11,SB1,0.35489,synthetic_demo,synthetic soil bucket proxy,True
2012-07-12,SB1,0.36609,synthetic_demo,synthetic soil bucket proxy,True
2012-07-13,SB1,0.38911,synthetic_demo,synthetic soil bucket proxy,True
2012-07-14,SB1,0.39612,synthetic_demo,synthetic soil bucket proxy,True
2012-07-15,SB1,0.38596,synthetic_demo,synthetic soil bucket proxy,True
2012-07-16,SB1,0.40013,synthetic_demo,synthetic soil bucket proxy,True
2012-07-17,SB1,0.40105,synthetic_demo,synthetic soil bucket proxy,True
2012-07-18,SB1,0.40531,synthetic_demo,synthetic soil bucket proxy,True
2012-07-19,SB1,0.40173,synthetic_demo,synthetic soil bucket proxy,True
2012-07-20,SB1,0.38502,synthetic_demo,synthetic soil bucket proxy,True
2012-07-21,SB1,0.40636,synthetic_demo,synthetic soil bucket proxy,True
2012-07-22,SB1,0.38068,synthetic_demo,synthetic soil bucket proxy,True
2012-07-23,SB1,0.41578,synthetic_demo,synthetic soil bucket proxy,True
2012-07-24,SB1,0.4276,synthetic_demo,synthetic soil bucket proxy,True
2012-07-25,SB1,0.40173,synthetic_demo,synthetic soil bucket proxy,True
2012-07-26,SB1,0.40688,synthetic_demo,synthetic soil bucket proxy,True
2012-07-27,SB1,0.40731,synthetic_demo,synthetic soil bucket proxy,True
2012-07-28,SB1,0.41133,synthetic_demo,synthetic soil bucket proxy,True
2012-07-29,SB1,0.41116,synthetic_demo,synthetic soil bucket proxy,True
2012-07-30,SB1,0.39247,synthetic_demo,synthetic soil bucket proxy,True
2012-07-31,SB1,0.39795,synthetic_demo,synthetic soil bucket proxy,True
2012-08-01,SB1,0.39134,synthetic_demo,synthetic soil bucket proxy,True
2012-08-02,SB1,0.41632,synthetic_demo,synthetic soil bucket proxy,True
2012-08-03,SB1,0.38668,synthetic_demo,synthetic soil bucket proxy,True
2012-08-04,SB1,0.39683,synthetic_demo,synthetic soil bucket proxy,True
2012-08-05,SB1,0.41998,synthetic_demo,synthetic soil bucket proxy,True
2012-08-06,SB1,0.41134,synthetic_demo,synthetic soil bucket proxy,True
2012-08-07,SB1,0.42962,synthetic_demo,synthetic soil bucket proxy,True
2012-08-08,SB1,0.44,synthetic_demo,synthetic soil bucket proxy,True
2012-08-09,SB1,0.44,synthetic_demo,synthetic soil bucket proxy,True
2012-08-10,SB1,0.44,synthetic_demo,synthetic soil bucket proxy,True
2012-08-11,SB1,0.43137,synthetic_demo,synthetic soil bucket proxy,True
2012-08-12,SB1,0.44,synthetic_demo,synthetic soil bucket proxy,True
2012-08-13,SB1,0.44,synthetic_demo,synthetic soil bucket proxy,True
2012-08-14,SB1,0.44,synthetic_demo,synthetic soil bucket proxy,True
2012-08-15,SB1,0.44,synthetic_demo,synthetic soil bucket proxy,True
2012-08-16,SB1,0.44,synthetic_demo,synthetic soil bucket proxy,True
2012-08-17,SB1,0.44,synthetic_demo,synthetic soil bucket proxy,True
2012-08-18,SB1,0.44,synthetic_demo,synthetic soil bucket proxy,True
2012-08-19,SB1,0.44,synthetic_demo,synthetic soil bucket proxy,True
2012-08-20,SB1,0.43943,synthetic_demo,synthetic soil bucket proxy,True
2012-08-21,SB1,0.44,synthetic_demo,synthetic soil bucket proxy,True
2012-08-22,SB1,0.44,synthetic_demo,synthetic soil bucket proxy,True
2012-08-23,SB1,0.44,synthetic_demo,synthetic soil bucket proxy,True
2012-08-24,SB1,0.44,synthetic_demo,synthetic soil bucket proxy,True
2012-08-25,SB1,0.44,synthetic_demo,synthetic soil bucket proxy,True
2012-08-26,SB1,0.44,synthetic_demo,synthetic soil bucket proxy,True
2012-08-27,SB1,0.44,synthetic_demo,synthetic soil bucket proxy,True
2012-08-28,SB1,0.44,synthetic_demo,synthetic soil bucket proxy,True
2012-08-29,SB1,0.44,synthetic_demo,synthetic soil bucket proxy,True
2012-08-30,SB1,0.44,synthetic_demo,synthetic soil bucket proxy,True
2012-08-31,SB1,0.44,synthetic_demo,synthetic soil bucket proxy,True
2012-09-01,SB1,0.44,synthetic_demo,synthetic soil bucket proxy,True
2012-09-02,SB1,0.44,synthetic_demo,synthetic soil bucket proxy,True
2012-09-03,SB1,0.44,synthetic_demo,synthetic soil bucket proxy,True
2012-09-04,SB1,0.44,synthetic_demo,synthetic soil bucket proxy,True
2012-09-05,SB1,0.44,synthetic_demo,synthetic soil bucket proxy,True
2012-09-06,SB1,0.44,synthetic_demo,synthetic soil bucket proxy,True
2012-09-07,SB1,0.44,synthetic_demo,synthetic soil bucket proxy,True
2012-09-08,SB1,0.44,synthetic_demo,synthetic soil bucket proxy,True
2012-09-09,SB1,0.44,synthetic_demo,synthetic soil bucket proxy,True
2012-09-10,SB1,0.44,synthetic_demo,synthetic soil bucket proxy,True
2012-09-11,SB1,0.44,synthetic_demo,synthetic soil bucket proxy,True
2012-09-12,SB1,0.44,synthetic_demo,synthetic soil bucket proxy,True
2012-09-13,SB1,0.44,synthetic_demo,synthetic soil bucket proxy,True
2012-09-14,SB1,0.44,synthetic_demo,synthetic soil bucket proxy,True
2012-09-15,SB1,0.44,synthetic_demo,synthetic soil bucket proxy,True
2012-09-16,SB1,0.44,synthetic_demo,synthetic soil bucket proxy,True
2012-09-17,SB1,0.44,synthetic_demo,synthetic soil bucket proxy,True
2012-09-18,SB1,0.44,synthetic_demo,synthetic soil bucket proxy,True
2012-09-19,SB1,0.44,synthetic_demo,synthetic soil bucket proxy,True
2012-09-20,SB1,0.44,synthetic_demo,synthetic soil bucket proxy,True
2012-09-21,SB1,0.44,synthetic_demo,synthetic soil bucket proxy,True
2012-09-22,SB1,0.44,synthetic_demo,synthetic soil bucket proxy,True
2012-09-23,SB1,0.44,synthetic_demo,synthetic soil bucket proxy,True
2012-09-24,SB1,0.44,synthetic_demo,synthetic soil bucket proxy,True
2012-09-25,SB1,0.44,synthetic_demo,synthetic soil bucket proxy,True
2012-09-26,SB1,0.44,synthetic_demo,synthetic soil bucket proxy,True
2012-09-27,SB1,0.44,synthetic_demo,synthetic soil bucket proxy,True
2012-09-28,SB1,0.44,synthetic_demo,synthetic soil bucket proxy,True
2012-09-29,SB1,0.44,synthetic_demo,synthetic soil bucket proxy,True
2012-09-30,SB1,0.44,synthetic_demo,synthetic soil bucket proxy,True
2012-10-01,SB1,0.44,synthetic_demo,synthetic soil bucket proxy,True
2012-10-02,SB1,0.44,synthetic_demo,synthetic soil bucket proxy,True
2012-10-03,SB1,0.44,synthetic_demo,synthetic soil bucket proxy,True
2012-10-04,SB1,0.44,synthetic_demo,synthetic soil bucket proxy,True
2012-10-05,SB1,0.44,synthetic_demo,synthetic soil bucket proxy,True
2012-10-06,SB1,0.44,synthetic_demo,synthetic soil bucket proxy,True
2012-10-07,SB1,0.44,synthetic_demo,synthetic soil bucket proxy,True
2012-10-08,SB1,0.44,synthetic_demo,synthetic soil bucket proxy,True
2012-10-09,SB1,0.44,synthetic_demo,synthetic soil bucket proxy,True
2012-10-10,SB1,0.44,synthetic_demo,synthetic soil bucket proxy,True
2012-10-11,SB1,0.44,synthetic_demo,synthetic soil bucket proxy,True
2012-10-12,SB1,0.44,synthetic_demo,synthetic soil bucket proxy,True
2012-10-13,SB1,0.44,synthetic_demo,synthetic soil bucket proxy,True
2012-10-14,SB1,0.44,synthetic_demo,synthetic soil bucket proxy,True
2012-10-15,SB1,0.44,synthetic_demo,synthetic soil bucket proxy,True
2012-10-16,SB1,0.44,synthetic_demo,synthetic soil bucket proxy,True
2012-10-17,SB1,0.44,synthetic_demo,synthetic soil bucket proxy,True
2012-10-18,SB1,0.44,synthetic_demo,synthetic soil bucket proxy,True
2012-10-19,SB1,0.44,synthetic_demo,synthetic soil bucket proxy,True
2012-10-20,SB1,0.44,synthetic_demo,synthetic soil bucket proxy,True
2012-10-21,SB1,0.44,synthetic_demo,synthetic soil bucket proxy,True
2012-10-22,SB1,0.44,synthetic_demo,synthetic soil bucket proxy,True
2012-10-23,SB1,0.44,synthetic_demo,synthetic soil bucket proxy,True
2012-10-24,SB1,0.44,synthetic_demo,synthetic soil bucket proxy,True
2012-10-25,SB1,0.44,synthetic_demo,synthetic soil bucket proxy,True
2012-10-26,SB1,0.44,synthetic_demo,synthetic soil bucket proxy,True
2012-10-27,SB1,0.44,synthetic_demo,synthetic soil bucket proxy,True
2012-10-28,SB1,0.44,synthetic_demo,synthetic soil bucket proxy,True
2012-10-29,SB1,0.44,synthetic_demo,synthetic soil bucket proxy,True
2012-10-30,SB1,0.44,synthetic_demo,synthetic soil bucket proxy,True
2012-10-31,SB1,0.44,synthetic_demo,synthetic soil bucket proxy,True
2012-11-01,SB1,0.44,synthetic_demo,synthetic soil bucket proxy,True
2012-11-02,SB1,0.44,synthetic_demo,synthetic soil bucket proxy,True
2012-11-03,SB1,0.44,synthetic_demo,synthetic soil bucket proxy,True
2012-11-04,SB1,0.44,synthetic_demo,synthetic soil bucket proxy,True
2012-11-05,SB1,0.44,synthetic_demo,synthetic soil bucket proxy,True
2012-11-06,SB1,0.44,synthetic_demo,synthetic soil bucket proxy,True
2012-11-07,SB1,0.44,synthetic_demo,synthetic soil bucket proxy,True
2012-11-08,SB1,0.44,synthetic_demo,synthetic soil bucket proxy,True
2012-11-09,SB1,0.44,synthetic_demo,synthetic soil bucket proxy,True
2012-11-10,SB1,0.44,synthetic_demo,synthetic soil bucket proxy,True
2012-11-11,SB1,0.44,synthetic_demo,synthetic soil bucket proxy,True
2012-11-12,SB1,0.44,synthetic_demo,synthetic soil bucket proxy,True
2012-11-13,SB1,0.44,synthetic_demo,synthetic soil bucket proxy,True
2012-11-14,SB1,0.44,synthetic_demo,synthetic soil bucket proxy,True
2012-11-15,SB1,0.44,synthetic_demo,synthetic soil bucket proxy,True
2012-11-16,SB1,0.44,synthetic_demo,synthetic soil bucket proxy,True
2012-11-17,SB1,0.42879,synthetic_demo,synthetic soil bucket proxy,True
2012-11-18,SB1,0.4399,synthetic_demo,synthetic soil bucket proxy,True
2012-11-19,SB1,0.43249,synthetic_demo,synthetic soil bucket proxy,True
2012-11-20,SB1,0.44,synthetic_demo,synthetic soil bucket proxy,True
2012-11-21,SB1,0.44,synthetic_demo,synthetic soil bucket proxy,True
2012-11-22,SB1,0.42064,synthetic_demo,synthetic soil bucket proxy,True
2012-11-23,SB1,0.42491,synthetic_demo,synthetic soil bucket proxy,True
2012-11-24,SB1,0.41472,synthetic_demo,synthetic soil bucket proxy,True
2012-11-25,SB1,0.382,synthetic_demo,synthetic soil bucket proxy,True
2012-11-26,SB1,0.40906,synthetic_demo,synthetic soil bucket proxy,True
2012-11-27,SB1,0.36755,synthetic_demo,synthetic soil bucket proxy,True
2012-11-28,SB1,0.34241,synthetic_demo,synthetic soil bucket proxy,True
2012-11-29,SB1,0.33829,synthetic_demo,synthetic soil bucket proxy,True
2012-11-30,SB1,0.37203,synthetic_demo,synthetic soil bucket proxy,True
2012-12-01,SB1,0.39643,synthetic_demo,synthetic soil bucket proxy,True
2012-12-02,SB1,0.3797,synthetic_demo,synthetic soil bucket proxy,True
2012-12-03,SB1,0.38364,synthetic_demo,synthetic soil bucket proxy,True
2012-12-04,SB1,0.38022,synthetic_demo,synthetic soil bucket proxy,True
2012-12-05,SB1,0.37286,synthetic_demo,synthetic soil bucket proxy,True
2012-12-06,SB1,0.39119,synthetic_demo,synthetic soil bucket proxy,True
2012-12-07,SB1,0.39234,synthetic_demo,synthetic soil bucket proxy,True
2012-12-08,SB1,0.38124,synthetic_demo,synthetic soil bucket proxy,True
2012-12-09,SB1,0.36074,synthetic_demo,synthetic soil bucket proxy,True
2012-12-10,SB1,0.35492,synthetic_demo,synthetic soil bucket proxy,True
2012-12-11,SB1,0.35363,synthetic_demo,synthetic soil bucket proxy,True
2012-12-12,SB1,0.36461,synthetic_demo,synthetic soil bucket proxy,True
2012-12-13,SB1,0.36215,synthetic_demo,synthetic soil bucket proxy,True
2012-12-14,SB1,0.34969,synthetic_demo,synthetic soil bucket proxy,True
2012-12-15,SB1,0.36058,synthetic_demo,synthetic soil bucket proxy,True
2012-12-16,SB1,0.36927,synthetic_demo,synthetic soil bucket proxy,True
2012-12-17,SB1,0.36003,synthetic_demo,synthetic soil bucket proxy,True
2012-12-18,SB1,0.36818,synthetic_demo,synthetic soil bucket proxy,True
2012-12-19,SB1,0.36166,synthetic_demo,synthetic soil bucket proxy,True
2012-12-20,SB1,0.37609,synthetic_demo,synthetic soil bucket proxy,True
2012-12-21,SB1,0.36478,synthetic_demo,synthetic soil bucket proxy,True
2012-12-22,SB1,0.36101,synthetic_demo,synthetic soil bucket proxy,True
2012-12-23,SB1,0.35761,synthetic_demo,synthetic soil bucket proxy,True
2012-12-24,SB1,0.36308,synthetic_demo,synthetic soil bucket proxy,True
2012-12-25,SB1,0.3499,synthetic_demo,synthetic soil bucket proxy,True
2012-12-26,SB1,0.37102,synthetic_demo,synthetic soil bucket proxy,True
2012-12-27,SB1,0.35687,synthetic_demo,synthetic soil bucket proxy,True
2012-12-28,SB1,0.35754,synthetic_demo,synthetic soil bucket proxy,True
2012-12-29,SB1,0.35133,synthetic_demo,synthetic soil bucket proxy,True
2012-12-30,SB1,0.36745,synthetic_demo,synthetic soil bucket proxy,True
2012-12-31,SB1,0.35304,synthetic_demo,synthetic soil bucket proxy,True
2013-01-01,SB1,0.33106,synthetic_demo,synthetic soil bucket proxy,True
2013-01-02,SB1,0.33371,synthetic_demo,synthetic soil bucket proxy,True
2013-01-03,SB1,0.3467,synthetic_demo,synthetic soil bucket proxy,True
2013-01-04,SB1,0.36253,synthetic_demo,synthetic soil bucket proxy,True
2013-01-05,SB1,0.34319,synthetic_demo,synthetic soil bucket proxy,True
2013-01-06,SB1,0.36072,synthetic_demo,synthetic soil bucket proxy,True
2013-01-07,SB1,0.33876,synthetic_demo,synthetic soil bucket proxy,True
2013-01-08,SB1,0.33386,synthetic_demo,synthetic soil bucket proxy,True
2013-01-09,SB1,0.34465,synthetic_demo,synthetic soil bucket proxy,True
2013-01-10,SB1,0.34646,synthetic_demo,synthetic soil bucket proxy,True
2013-01-11,SB1,0.33669,synthetic_demo,synthetic soil bucket proxy,True
2013-01-12,SB1,0.33259,synthetic_demo,synthetic soil bucket proxy,True
2013-01-13,SB1,0.32106,synthetic_demo,synthetic soil bucket proxy,True
2013-01-14,SB1,0.34087,synthetic_demo,synthetic soil bucket proxy,True
2013-01-15,SB1,0.33613,synthetic_demo,synthetic soil bucket proxy,True
2013-01-16,SB1,0.32587,synthetic_demo,synthetic soil bucket proxy,True
2013-01-17,SB1,0.33815,synthetic_demo,synthetic soil bucket proxy,True
2013-01-18,SB1,0.31996,synthetic_demo,synthetic soil bucket proxy,True
2013-01-19,SB1,0.32661,synthetic_demo,synthetic soil bucket proxy,True
2013-01-20,SB1,0.32028,synthetic_demo,synthetic soil bucket proxy,True
2013-01-21,SB1,0.32682,synthetic_demo,synthetic soil bucket proxy,True
2013-01-22,SB1,0.32967,synthetic_demo,synthetic soil bucket proxy,True
2013-01-23,SB1,0.33418,synthetic_demo,synthetic soil bucket proxy,True
2013-01-24,SB1,0.3487,synthetic_demo,synthetic soil bucket proxy,True
2013-01-25,SB1,0.32285,synthetic_demo,synthetic soil bucket proxy,True
2013-01-26,SB1,0.30571,synthetic_demo,synthetic soil bucket proxy,True
2013-01-27,SB1,0.3261,synthetic_demo,synthetic soil bucket proxy,True
2013-01-28,SB1,0.32845,synthetic_demo,synthetic soil bucket proxy,True
2013-01-29,SB1,0.28606,synthetic_demo,synthetic soil bucket proxy,True
2013-01-30,SB1,0.24683,synthetic_demo,synthetic soil bucket proxy,True
2013-01-31,SB1,0.22417,synthetic_demo,synthetic soil bucket proxy,True
2013-02-01,SB1,0.26405,synthetic_demo,synthetic soil bucket proxy,True
2013-02-02,SB1,0.24947,synthetic_demo,synthetic soil bucket proxy,True
2013-02-03,SB1,0.24587,synthetic_demo,synthetic soil bucket proxy,True
2013-02-04,SB1,0.25026,synthetic_demo,synthetic soil bucket proxy,True
2013-02-05,SB1,0.27342,synthetic_demo,synthetic soil bucket proxy,True
2013-02-06,SB1,0.28376,synthetic_demo,synthetic soil bucket proxy,True
2013-02-07,SB1,0.27075,synthetic_demo,synthetic soil bucket proxy,True
2013-02-08,SB1,0.27039,synthetic_demo,synthetic soil bucket proxy,True
2013-02-09,SB1,0.28778,synthetic_demo,synthetic soil bucket proxy,True
2013-02-10,SB1,0.29664,synthetic_demo,synthetic soil bucket proxy,True
2013-02-11,SB1,0.285,synthetic_demo,synthetic soil bucket proxy,True
2013-02-12,SB1,0.2949,synthetic_demo,synthetic soil bucket proxy,True
2013-02-13,SB1,0.2999,synthetic_demo,synthetic soil bucket proxy,True
2013-02-14,SB1,0.28209,synthetic_demo,synthetic soil bucket proxy,True
2013-02-15,SB1,0.29385,synthetic_demo,synthetic soil bucket proxy,True
2013-02-16,SB1,0.29124,synthetic_demo,synthetic soil bucket proxy,True
2013-02-17,SB1,0.29126,synthetic_demo,synthetic soil bucket proxy,True
2013-02-18,SB1,0.27569,synthetic_demo,synthetic soil bucket proxy,True
2013-02-19,SB1,0.29546,synthetic_demo,synthetic soil bucket proxy,True
2013-02-20,SB1,0.30041,synthetic_demo,synthetic soil bucket proxy,True
2013-02-21,SB1,0.28927,synthetic_demo,synthetic soil bucket proxy,True
2013-02-22,SB1,0.30547,synthetic_demo,synthetic soil bucket proxy,True
2013-02-23,SB1,0.29438,synthetic_demo,synthetic soil bucket proxy,True
2013-02-24,SB1,0.26965,synthetic_demo,synthetic soil bucket proxy,True
2013-02-25,SB1,0.30296,synthetic_demo,synthetic soil bucket proxy,True
2013-02-26,SB1,0.29414,synthetic_demo,synthetic soil bucket proxy,True
2013-02-27,SB1,0.29,synthetic_demo,synthetic soil bucket proxy,True
2013-02-28,SB1,0.2927,synthetic_demo,synthetic soil bucket proxy,True
2013-03-01,SB1,0.29439,synthetic_demo,synthetic soil bucket proxy,True
2013-03-02,SB1,0.27464,synthetic_demo,synthetic soil bucket proxy,True
2013-03-03,SB1,0.28548,synthetic_demo,synthetic soil bucket proxy,True
2013-03-04,SB1,0.27351,synthetic_demo,synthetic soil bucket proxy,True
2013-03-05,SB1,0.27193,synthetic_demo,synthetic soil bucket proxy,True
2013-03-06,SB1,0.28472,synthetic_demo,synthetic soil bucket proxy,True
2013-03-07,SB1,0.27545,synthetic_demo,synthetic soil bucket proxy,True
2013-03-08,SB1,0.28722,synthetic_demo,synthetic soil bucket proxy,True
2013-03-09,SB1,0.28812,synthetic_demo,synthetic soil bucket proxy,True
2013-03-10,SB1,0.28159,synthetic_demo,synthetic soil bucket proxy,True
2013-03-11,SB1,0.27346,synthetic_demo,synthetic soil bucket proxy,True
2013-03-12,SB1,0.27454,synthetic_demo,synthetic soil bucket proxy,True
2013-03-13,SB1,0.26572,synthetic_demo,synthetic soil bucket proxy,True
2013-03-14,SB1,0.26403,synthetic_demo,synthetic soil bucket proxy,True
2013-03-15,SB1,0.2645,synthetic_demo,synthetic soil bucket proxy,True
2013-03-16,SB1,0.27526,synthetic_demo,synthetic soil bucket proxy,True
2013-03-17,SB1,0.32983,synthetic_demo,synthetic soil bucket proxy,True
2013-03-18,SB1,0.33886,synthetic_demo,synthetic soil bucket proxy,True
2013-03-19,SB1,0.31781,synthetic_demo,synthetic soil bucket proxy,True
2013-03-20,SB1,0.31249,synthetic_demo,synthetic soil bucket proxy,True
2013-03-21,SB1,0.30379,synthetic_demo,synthetic soil bucket proxy,True
2013-03-22,SB1,0.30727,synthetic_demo,synthetic soil bucket proxy,True
2013-03-23,SB1,0.31385,synthetic_demo,synthetic soil bucket proxy,True
2013-03-24,SB1,0.30767,synthetic_demo,synthetic soil bucket proxy,True
2013-03-25,SB1,0.3027,synthetic_demo,synthetic soil bucket proxy,True
2013-03-26,SB1,0.29942,synthetic_demo,synthetic soil bucket proxy,True
2013-03-27,SB1,0.31593,synthetic_demo,synthetic soil bucket proxy,True
2013-03-28,SB1,0.32137,synthetic_demo,synthetic soil bucket proxy,True
2013-03-29,SB1,0.32151,synthetic_demo,synthetic soil bucket proxy,True
2013-03-30,SB1,0.31388,synthetic_demo,synthetic soil bucket proxy,True
2013-03-31,SB1,0.32714,synthetic_demo,synthetic soil bucket proxy,True
2013-04-01,SB1,0.32805,synthetic_demo,synthetic soil bucket proxy,True
2013-04-02,SB1,0.2975,synthetic_demo,synthetic soil bucket proxy,True
2013-04-03,SB1,0.29673,synthetic_demo,synthetic soil bucket proxy,True
2013-04-04,SB1,0.28995,synthetic_demo,synthetic soil bucket proxy,True
2013-04-05,SB1,0.28813,synthetic_demo,synthetic soil bucket proxy,True
2013-04-06,SB1,0.2789,synthetic_demo,synthetic soil bucket proxy,True
2013-04-07,SB1,0.25753,synthetic_demo,synthetic soil bucket proxy,True
2013-04-08,SB1,0.25936,synthetic_demo,synthetic soil bucket proxy,True
2013-04-09,SB1,0.25748,synthetic_demo,synthetic soil bucket proxy,True
2013-04-10,SB1,0.25111,synthetic_demo,synthetic soil bucket proxy,True
2013-04-11,SB1,0.2539,synthetic_demo,synthetic soil bucket proxy,True
2013-04-12,SB1,0.24917,synthetic_demo,synthetic soil bucket proxy,True
2013-04-13,SB1,0.25017,synthetic_demo,synthetic soil bucket proxy,True
2013-04-14,SB1,0.26007,synthetic_demo,synthetic soil bucket proxy,True
2013-04-15,SB1,0.25346,synthetic_demo,synthetic soil bucket proxy,True
2013-04-16,SB1,0.24054,synthetic_demo,synthetic soil bucket proxy,True
2013-04-17,SB1,0.26166,synthetic_demo,synthetic soil bucket proxy,True
2013-04-18,SB1,0.24629,synthetic_demo,synthetic soil bucket proxy,True
2013-04-19,SB1,0.26595,synthetic_demo,synthetic soil bucket proxy,True
2013-04-20,SB1,0.25553,synthetic_demo,synthetic soil bucket proxy,True
2013-04-21,SB1,0.26485,synthetic_demo,synthetic soil bucket proxy,True
2013-04-22,SB1,0.25295,synthetic_demo,synthetic soil bucket proxy,True
2013-04-23,SB1,0.24284,synthetic_demo,synthetic soil bucket proxy,True
2013-04-24,SB1,0.25481,synthetic_demo,synthetic soil bucket proxy,True
2013-04-25,SB1,0.25764,synthetic_demo,synthetic soil bucket proxy,True
2013-04-26,SB1,0.24266,synthetic_demo,synthetic soil bucket proxy,True
2013-04-27,SB1,0.24769,synthetic_demo,synthetic soil bucket proxy,True
2013-04-28,SB1,0.24906,synthetic_demo,synthetic soil bucket proxy,True
2013-04-29,SB1,0.25775,synthetic_demo,synthetic soil bucket proxy,True
2013-04-30,SB1,0.2461,synthetic_demo,synthetic soil bucket proxy,True
2013-05-01,SB1,0.24313,synthetic_demo,synthetic soil bucket proxy,True
2013-05-02,SB1,0.24557,synthetic_demo,synthetic soil bucket proxy,True
2013-05-03,SB1,0.24131,synthetic_demo,synthetic soil bucket proxy,True
2013-05-04,SB1,0.26101,synthetic_demo,synthetic soil bucket proxy,True
2013-05-05,SB1,0.26207,synthetic_demo,synthetic soil bucket proxy,True
2013-05-06,SB1,0.28203,synthetic_demo,synthetic soil bucket proxy,True
2013-05-07,SB1,0.26085,synthetic_demo,synthetic soil bucket proxy,True
2013-05-08,SB1,0.25724,synthetic_demo,synthetic soil bucket proxy,True
2013-05-09,SB1,0.26369,synthetic_demo,synthetic soil bucket proxy,True
2013-05-10,SB1,0.2641,synthetic_demo,synthetic soil bucket proxy,True
2013-05-11,SB1,0.28267,synthetic_demo,synthetic soil bucket proxy,True
2013-05-12,SB1,0.27355,synthetic_demo,synthetic soil bucket proxy,True
2013-05-13,SB1,0.28312,synthetic_demo,synthetic soil bucket proxy,True
2013-05-14,SB1,0.28671,synthetic_demo,synthetic soil bucket proxy,True
2013-05-15,SB1,0.28203,synthetic_demo,synthetic soil bucket proxy,True
2013-05-16,SB1,0.27307,synthetic_demo,synthetic soil bucket proxy,True
2013-05-17,SB1,0.27117,synthetic_demo,synthetic soil bucket proxy,True
2013-05-18,SB1,0.29579,synthetic_demo,synthetic soil bucket proxy,True
2013-05-19,SB1,0.29534,synthetic_demo,synthetic soil bucket proxy,True
2013-05-20,SB1,0.28119,synthetic_demo,synthetic soil bucket proxy,True
2013-05-21,SB1,0.28914,synthetic_demo,synthetic soil bucket proxy,True
2013-05-22,SB1,0.27561,synthetic_demo,synthetic soil bucket proxy,True
2013-05-23,SB1,0.29753,synthetic_demo,synthetic soil bucket proxy,True
2013-05-24,SB1,0.29208,synthetic_demo,synthetic soil bucket proxy,True
2013-05-25,SB1,0.30212,synthetic_demo,synthetic soil bucket proxy,True
2013-05-26,SB1,0.29183,synthetic_demo,synthetic soil bucket proxy,True
2013-05-27,SB1,0.28241,synthetic_demo,synthetic soil bucket proxy,True
2013-05-28,SB1,0.27815,synthetic_demo,synthetic soil bucket proxy,True
2013-05-29,SB1,0.28733,synthetic_demo,synthetic soil bucket proxy,True
2013-05-30,SB1,0.28757,synthetic_demo,synthetic soil bucket proxy,True
2013-05-31,SB1,0.27433,synthetic_demo,synthetic soil bucket proxy,True
2013-06-01,SB1,0.28464,synthetic_demo,synthetic soil bucket proxy,True
2013-06-02,SB1,0.27599,synthetic_demo,synthetic soil bucket proxy,True
2013-06-03,SB1,0.27483,synthetic_demo,synthetic soil bucket proxy,True
2013-06-04,SB1,0.26739,synthetic_demo,synthetic soil bucket proxy,True
2013-06-05,SB1,0.28468,synthetic_demo,synthetic soil bucket proxy,True
2013-06-06,SB1,0.27281,synthetic_demo,synthetic soil bucket proxy,True
2013-06-07,SB1,0.27746,synthetic_demo,synthetic soil bucket proxy,True
2013-06-08,SB1,0.29549,synthetic_demo,synthetic soil bucket proxy,True
2013-06-09,SB1,0.28427,synthetic_demo,synthetic soil bucket proxy,True
2013-06-10,SB1,0.29341,synthetic_demo,synthetic soil bucket proxy,True
2013-06-11,SB1,0.28685,synthetic_demo,synthetic soil bucket proxy,True
2013-06-12,SB1,0.29987,synthetic_demo,synthetic soil bucket proxy,True
2013-06-13,SB1,0.27317,synthetic_demo,synthetic soil bucket proxy,True
2013-06-14,SB1,0.28901,synthetic_demo,synthetic soil bucket proxy,True
2013-06-15,SB1,0.29323,synthetic_demo,synthetic soil bucket proxy,True
2013-06-16,SB1,0.3124,synthetic_demo,synthetic soil bucket proxy,True
2013-06-17,SB1,0.31516,synthetic_demo,synthetic soil bucket proxy,True
2013-06-18,SB1,0.31577,synthetic_demo,synthetic soil bucket proxy,True
2013-06-19,SB1,0.30449,synthetic_demo,synthetic soil bucket proxy,True
2013-06-20,SB1,0.31098,synthetic_demo,synthetic soil bucket proxy,True
2013-06-21,SB1,0.32776,synthetic_demo,synthetic soil bucket proxy,True
2013-06-22,SB1,0.32262,synthetic_demo,synthetic soil bucket proxy,True
2013-06-23,SB1,0.31477,synthetic_demo,synthetic soil bucket proxy,True
2013-06-24,SB1,0.32079,synthetic_demo,synthetic soil bucket proxy,True
2013-06-25,SB1,0.32664,synthetic_demo,synthetic soil bucket proxy,True
2013-06-26,SB1,0.30437,synthetic_demo,synthetic soil bucket proxy,True
2013-06-27,SB1,0.29739,synthetic_demo,synthetic soil bucket proxy,True
2013-06-28,SB1,0.33532,synthetic_demo,synthetic soil bucket proxy,True
2013-06-29,SB1,0.34191,synthetic_demo,synthetic soil bucket proxy,True
2013-06-30,SB1,0.33702,synthetic_demo,synthetic soil bucket proxy,True
2013-07-01,SB1,0.33921,synthetic_demo,synthetic soil bucket proxy,True
2013-07-02,SB1,0.35168,synthetic_demo,synthetic soil bucket proxy,True
2013-07-03,SB1,0.34029,synthetic_demo,synthetic soil bucket proxy,True
2013-07-04,SB1,0.3616,synthetic_demo,synthetic soil bucket proxy,True
2013-07-05,SB1,0.34075,synthetic_demo,synthetic soil bucket proxy,True
2013-07-06,SB1,0.32971,synthetic_demo,synthetic soil bucket proxy,True
2013-07-07,SB1,0.33958,synthetic_demo,synthetic soil bucket proxy,True
2013-07-08,SB1,0.3497,synthetic_demo,synthetic soil bucket proxy,True
2013-07-09,SB1,0.35401,synthetic_demo,synthetic soil bucket proxy,True
2013-07-10,SB1,0.34494,synthetic_demo,synthetic soil bucket proxy,True
2013-07-11,SB1,0.34127,synthetic_demo,synthetic soil bucket proxy,True
2013-07-12,SB1,0.33895,synthetic_demo,synthetic soil bucket proxy,True
2013-07-13,SB1,0.34838,synthetic_demo,synthetic soil bucket proxy,True
2013-07-14,SB1,0.33631,synthetic_demo,synthetic soil bucket proxy,True
2013-07-15,SB1,0.29716,synthetic_demo,synthetic soil bucket proxy,True
2013-07-16,SB1,0.31332,synthetic_demo,synthetic soil bucket proxy,True
2013-07-17,SB1,0.30666,synthetic_demo,synthetic soil bucket proxy,True
2013-07-18,SB1,0.32862,synthetic_demo,synthetic soil bucket proxy,True
2013-07-19,SB1,0.33368,synthetic_demo,synthetic soil bucket proxy,True
2013-07-20,SB1,0.34982,synthetic_demo,synthetic soil bucket proxy,True
2013-07-21,SB1,0.34032,synthetic_demo,synthetic soil bucket proxy,True
2013-07-22,SB1,0.33885,synthetic_demo,synthetic soil bucket proxy,True
2013-07-23,SB1,0.33158,synthetic_demo,synthetic soil bucket proxy,True
2013-07-24,SB1,0.3402,synthetic_demo,synthetic soil bucket proxy,True
2013-07-25,SB1,0.33541,synthetic_demo,synthetic soil bucket proxy,True
2013-07-26,SB1,0.34105,synthetic_demo,synthetic soil bucket proxy,True
2013-07-27,SB1,0.33522,synthetic_demo,synthetic soil bucket proxy,True
2013-07-28,SB1,0.32799,synthetic_demo,synthetic soil bucket proxy,True
2013-07-29,SB1,0.37205,synthetic_demo,synthetic soil bucket proxy,True
2013-07-30,SB1,0.37734,synthetic_demo,synthetic soil bucket proxy,True
2013-07-31,SB1,0.3662,synthetic_demo,synthetic soil bucket proxy,True
2013-08-01,SB1,0.38069,synthetic_demo,synthetic soil bucket proxy,True
2013-08-02,SB1,0.38266,synthetic_demo,synthetic soil bucket proxy,True
2013-08-03,SB1,0.37743,synthetic_demo,synthetic soil bucket proxy,True
2013-08-04,SB1,0.38986,synthetic_demo,synthetic soil bucket proxy,True
2013-08-05,SB1,0.38118,synthetic_demo,synthetic soil bucket proxy,True
2013-08-06,SB1,0.39535,synthetic_demo,synthetic soil bucket proxy,True
2013-08-07,SB1,0.40498,synthetic_demo,synthetic soil bucket proxy,True
2013-08-08,SB1,0.39149,synthetic_demo,synthetic soil bucket proxy,True
2013-08-09,SB1,0.39232,synthetic_demo,synthetic soil bucket proxy,True
2013-08-10,SB1,0.40366,synthetic_demo,synthetic soil bucket proxy,True
2013-08-11,SB1,0.38524,synthetic_demo,synthetic soil bucket proxy,True
2013-08-12,SB1,0.40337,synthetic_demo,synthetic soil bucket proxy,True
2013-08-13,SB1,0.37511,synthetic_demo,synthetic soil bucket proxy,True
2013-08-14,SB1,0.37111,synthetic_demo,synthetic soil bucket proxy,True
2013-08-15,SB1,0.3562,synthetic_demo,synthetic soil bucket proxy,True
2013-08-16,SB1,0.35822,synthetic_demo,synthetic soil bucket proxy,True
2013-08-17,SB1,0.37262,synthetic_demo,synthetic soil bucket proxy,True
2013-08-18,SB1,0.41501,synthetic_demo,synthetic soil bucket proxy,True
2013-08-19,SB1,0.4149,synthetic_demo,synthetic soil bucket proxy,True
2013-08-20,SB1,0.44,synthetic_demo,synthetic soil bucket proxy,True
2013-08-21,SB1,0.44,synthetic_demo,synthetic soil bucket proxy,True
2013-08-22,SB1,0.44,synthetic_demo,synthetic soil bucket proxy,True
2013-08-23,SB1,0.44,synthetic_demo,synthetic soil bucket proxy,True
2013-08-24,SB1,0.44,synthetic_demo,synthetic soil bucket proxy,True
2013-08-25,SB1,0.44,synthetic_demo,synthetic soil bucket proxy,True
2013-08-26,SB1,0.44,synthetic_demo,synthetic soil bucket proxy,True
2013-08-27,SB1,0.44,synthetic_demo,synthetic soil bucket proxy,True
2013-08-28,SB1,0.44,synthetic_demo,synthetic soil bucket proxy,True
2013-08-29,SB1,0.44,synthetic_demo,synthetic soil bucket proxy,True
2013-08-30,SB1,0.44,synthetic_demo,synthetic soil bucket proxy,True
2013-08-31,SB1,0.44,synthetic_demo,synthetic soil bucket proxy,True
2013-09-01,SB1,0.44,synthetic_demo,synthetic soil bucket proxy,True
2013-09-02,SB1,0.44,synthetic_demo,synthetic soil bucket proxy,True
2013-09-03,SB1,0.44,synthetic_demo,synthetic soil bucket proxy,True
2013-09-04,SB1,0.44,synthetic_demo,synthetic soil bucket proxy,True
2013-09-05,SB1,0.44,synthetic_demo,synthetic soil bucket proxy,True
2013-09-06,SB1,0.44,synthetic_demo,synthetic soil bucket proxy,True
2013-09-07,SB1,0.44,synthetic_demo,synthetic soil bucket proxy,True
2013-09-08,SB1,0.44,synthetic_demo,synthetic soil bucket proxy,True
2013-09-09,SB1,0.44,synthetic_demo,synthetic soil bucket proxy,True
2013-09-10,SB1,0.44,synthetic_demo,synthetic soil bucket proxy,True
2013-09-11,SB1,0.44,synthetic_demo,synthetic soil bucket proxy,True
2013-09-12,SB1,0.44,synthetic_demo,synthetic soil bucket proxy,True
2013-09-13,SB1,0.44,synthetic_demo,synthetic soil bucket proxy,True
2013-09-14,SB1,0.44,synthetic_demo,synthetic soil bucket proxy,True
2013-09-15,SB1,0.44,synthetic_demo,synthetic soil bucket proxy,True
2013-09-16,SB1,0.44,synthetic_demo,synthetic soil bucket proxy,True
2013-09-17,SB1,0.44,synthetic_demo,synthetic soil bucket proxy,True
2013-09-18,SB1,0.44,synthetic_demo,synthetic soil bucket proxy,True
2013-09-19,SB1,0.44,synthetic_demo,synthetic soil bucket proxy,True
2013-09-20,SB1,0.44,synthetic_demo,synthetic soil bucket proxy,True
2013-09-21,SB1,0.44,synthetic_demo,synthetic soil bucket proxy,True
2013-09-22,SB1,0.44,synthetic_demo,synthetic soil bucket proxy,True
2013-09-23,SB1,0.44,synthetic_demo,synthetic soil bucket proxy,True
2013-09-24,SB1,0.44,synthetic_demo,synthetic soil bucket proxy,True
2013-09-25,SB1,0.44,synthetic_demo,synthetic soil bucket proxy,True
2013-09-26,SB1,0.44,synthetic_demo,synthetic soil bucket proxy,True
2013-09-27,SB1,0.44,synthetic_demo,synthetic soil bucket proxy,True
2013-09-28,SB1,0.44,synthetic_demo,synthetic soil bucket proxy,True
2013-09-29,SB1,0.44,synthetic_demo,synthetic soil bucket proxy,True
2013-09-30,SB1,0.44,synthetic_demo,synthetic soil bucket proxy,True
2013-10-01,SB1,0.44,synthetic_demo,synthetic soil bucket proxy,True
2013-10-02,SB1,0.44,synthetic_demo,synthetic soil bucket proxy,True
2013-10-03,SB1,0.44,synthetic_demo,synthetic soil bucket proxy,True
2013-10-04,SB1,0.44,synthetic_demo,synthetic soil bucket proxy,True
2013-10-05,SB1,0.44,synthetic_demo,synthetic soil bucket proxy,True
2013-10-06,SB1,0.44,synthetic_demo,synthetic soil bucket proxy,True
2013-10-07,SB1,0.44,synthetic_demo,synthetic soil bucket proxy,True
2013-10-08,SB1,0.44,synthetic_demo,synthetic soil bucket proxy,True
2013-10-09,SB1,0.44,synthetic_demo,synthetic soil bucket proxy,True
2013-10-10,SB1,0.44,synthetic_demo,synthetic soil bucket proxy,True
2013-10-11,SB1,0.44,synthetic_demo,synthetic soil bucket proxy,True
2013-10-12,SB1,0.44,synthetic_demo,synthetic soil bucket proxy,True
2013-10-13,SB1,0.44,synthetic_demo,synthetic soil bucket proxy,True
2013-10-14,SB1,0.44,synthetic_demo,synthetic soil bucket proxy,True
2013-10-15,SB1,0.44,synthetic_demo,synthetic soil bucket proxy,True
2013-10-16,SB1,0.44,synthetic_demo,synthetic soil bucket proxy,True
2013-10-17,SB1,0.44,synthetic_demo,synthetic soil bucket proxy,True
2013-10-18,SB1,0.44,synthetic_demo,synthetic soil bucket proxy,True
2013-10-19,SB1,0.44,synthetic_demo,synthetic soil bucket proxy,True
2013-10-20,SB1,0.44,synthetic_demo,synthetic soil bucket proxy,True
2013-10-21,SB1,0.44,synthetic_demo,synthetic soil bucket proxy,True
2013-10-22,SB1,0.44,synthetic_demo,synthetic soil bucket proxy,True
2013-10-23,SB1,0.44,synthetic_demo,synthetic soil bucket proxy,True
2013-10-24,SB1,0.44,synthetic_demo,synthetic soil bucket proxy,True
2013-10-25,SB1,0.44,synthetic_demo,synthetic soil bucket proxy,True
2013-10-26,SB1,0.44,synthetic_demo,synthetic soil bucket proxy,True
2013-10-27,SB1,0.44,synthetic_demo,synthetic soil bucket proxy,True
2013-10-28,SB1,0.44,synthetic_demo,synthetic soil bucket proxy,True
2013-10-29,SB1,0.44,synthetic_demo,synthetic soil bucket proxy,True
2013-10-30,SB1,0.44,synthetic_demo,synthetic soil bucket proxy,True
2013-10-31,SB1,0.44,synthetic_demo,synthetic soil bucket proxy,True
2013-11-01,SB1,0.44,synthetic_demo,synthetic soil bucket proxy,True
2013-11-02,SB1,0.44,synthetic_demo,synthetic soil bucket proxy,True
2013-11-03,SB1,0.44,synthetic_demo,synthetic soil bucket proxy,True
2013-11-04,SB1,0.44,synthetic_demo,synthetic soil bucket proxy,True
2013-11-05,SB1,0.44,synthetic_demo,synthetic soil bucket proxy,True
2013-11-06,SB1,0.44,synthetic_demo,synthetic soil bucket proxy,True
2013-11-07,SB1,0.44,synthetic_demo,synthetic soil bucket proxy,True
2013-11-08,SB1,0.44,synthetic_demo,synthetic soil bucket proxy,True
2013-11-09,SB1,0.44,synthetic_demo,synthetic soil bucket proxy,True
2013-11-10,SB1,0.44,synthetic_demo,synthetic soil bucket proxy,True
2013-11-11,SB1,0.44,synthetic_demo,synthetic soil bucket proxy,True
2013-11-12,SB1,0.44,synthetic_demo,synthetic soil bucket proxy,True
2013-11-13,SB1,0.44,synthetic_demo,synthetic soil bucket proxy,True
2013-11-14,SB1,0.44,synthetic_demo,synthetic soil bucket proxy,True
2013-11-15,SB1,0.44,synthetic_demo,synthetic soil bucket proxy,True
2013-11-16,SB1,0.44,synthetic_demo,synthetic soil bucket proxy,True
2013-11-17,SB1,0.44,synthetic_demo,synthetic soil bucket proxy,True
2013-11-18,SB1,0.44,synthetic_demo,synthetic soil bucket proxy,True
2013-11-19,SB1,0.44,synthetic_demo,synthetic soil bucket proxy,True
2013-11-20,SB1,0.44,synthetic_demo,synthetic soil bucket proxy,True
2013-11-21,SB1,0.44,synthetic_demo,synthetic soil bucket proxy,True
2013-11-22,SB1,0.44,synthetic_demo,synthetic soil bucket proxy,True
2013-11-23,SB1,0.44,synthetic_demo,synthetic soil bucket proxy,True
2013-11-24,SB1,0.44,synthetic_demo,synthetic soil bucket proxy,True
2013-11-25,SB1,0.44,synthetic_demo,synthetic soil bucket proxy,True
2013-11-26,SB1,0.44,synthetic_demo,synthetic soil bucket proxy,True
2013-11-27,SB1,0.44,synthetic_demo,synthetic soil bucket proxy,True
2013-11-28,SB1,0.44,synthetic_demo,synthetic soil bucket proxy,True
2013-11-29,SB1,0.44,synthetic_demo,synthetic soil bucket proxy,True
2013-11-30,SB1,0.44,synthetic_demo,synthetic soil bucket proxy,True
2013-12-01,SB1,0.44,synthetic_demo,synthetic soil bucket proxy,True
2013-12-02,SB1,0.44,synthetic_demo,synthetic soil bucket proxy,True
2013-12-03,SB1,0.44,synthetic_demo,synthetic soil bucket proxy,True
2013-12-04,SB1,0.44,synthetic_demo,synthetic soil bucket proxy,True
2013-12-05,SB1,0.44,synthetic_demo,synthetic soil bucket proxy,True
2013-12-06,SB1,0.44,synthetic_demo,synthetic soil bucket proxy,True
2013-12-07,SB1,0.44,synthetic_demo,synthetic soil bucket proxy,True
2013-12-08,SB1,0.44,synthetic_demo,synthetic soil bucket proxy,True
2013-12-09,SB1,0.44,synthetic_demo,synthetic soil bucket proxy,True
2013-12-10,SB1,0.44,synthetic_demo,synthetic soil bucket proxy,True
2013-12-11,SB1,0.44,synthetic_demo,synthetic soil bucket proxy,True
2013-12-12,SB1,0.44,synthetic_demo,synthetic soil bucket proxy,True
2013-12-13,SB1,0.44,synthetic_demo,synthetic soil bucket proxy,True
2013-12-14,SB1,0.44,synthetic_demo,synthetic soil bucket proxy,True
2013-12-15,SB1,0.44,synthetic_demo,synthetic soil bucket proxy,True
2013-12-16,SB1,0.44,synthetic_demo,synthetic soil bucket proxy,True
2013-12-17,SB1,0.44,synthetic_demo,synthetic soil bucket proxy,True
2013-12-18,SB1,0.44,synthetic_demo,synthetic soil bucket proxy,True
2013-12-19,SB1,0.44,synthetic_demo,synthetic soil bucket proxy,True
2013-12-20,SB1,0.44,synthetic_demo,synthetic soil bucket proxy,True
2013-12-21,SB1,0.44,synthetic_demo,synthetic soil bucket proxy,True
2013-12-22,SB1,0.42684,synthetic_demo,synthetic soil bucket proxy,True
2013-12-23,SB1,0.44,synthetic_demo,synthetic soil bucket proxy,True
2013-12-24,SB1,0.44,synthetic_demo,synthetic soil bucket proxy,True
2013-12-25,SB1,0.43054,synthetic_demo,synthetic soil bucket proxy,True
2013-12-26,SB1,0.39431,synthetic_demo,synthetic soil bucket proxy,True
2013-12-27,SB1,0.39774,synthetic_demo,synthetic soil bucket proxy,True
2013-12-28,SB1,0.38477,synthetic_demo,synthetic soil bucket proxy,True
2013-12-29,SB1,0.38095,synthetic_demo,synthetic soil bucket proxy,True
2013-12-30,SB1,0.36629,synthetic_demo,synthetic soil bucket proxy,True
2013-12-31,SB1,0.41207,synthetic_demo,synthetic soil bucket proxy,True
2014-01-01,SB1,0.41257,synthetic_demo,synthetic soil bucket proxy,True
2014-01-02,SB1,0.40809,synthetic_demo,synthetic soil bucket proxy,True
2014-01-03,SB1,0.39834,synthetic_demo,synthetic soil bucket proxy,True
2014-01-04,SB1,0.43673,synthetic_demo,synthetic soil bucket proxy,True
2014-01-05,SB1,0.41662,synthetic_demo,synthetic soil bucket proxy,True
2014-01-06,SB1,0.44,synthetic_demo,synthetic soil bucket proxy,True
2014-01-07,SB1,0.44,synthetic_demo,synthetic soil bucket proxy,True
2014-01-08,SB1,0.44,synthetic_demo,synthetic soil bucket proxy,True
2014-01-09,SB1,0.4387,synthetic_demo,synthetic soil bucket proxy,True
2014-01-10,SB1,0.44,synthetic_demo,synthetic soil bucket proxy,True
2014-01-11,SB1,0.44,synthetic_demo,synthetic soil bucket proxy,True
2014-01-12,SB1,0.44,synthetic_demo,synthetic soil bucket proxy,True
2014-01-13,SB1,0.44,synthetic_demo,synthetic soil bucket proxy,True
2014-01-14,SB1,0.44,synthetic_demo,synthetic soil bucket proxy,True
2014-01-15,SB1,0.44,synthetic_demo,synthetic soil bucket proxy,True
2014-01-16,SB1,0.44,synthetic_demo,synthetic soil bucket proxy,True
2014-01-17,SB1,0.43739,synthetic_demo,synthetic soil bucket proxy,True
2014-01-18,SB1,0.40797,synthetic_demo,synthetic soil bucket proxy,True
2014-01-19,SB1,0.39482,synthetic_demo,synthetic soil bucket proxy,True
2014-01-20,SB1,0.40402,synthetic_demo,synthetic soil bucket proxy,True
2014-01-21,SB1,0.37671,synthetic_demo,synthetic soil bucket proxy,True
2014-01-22,SB1,0.44,synthetic_demo,synthetic soil bucket proxy,True
2014-01-23,SB1,0.44,synthetic_demo,synthetic soil bucket proxy,True
2014-01-24,SB1,0.42144,synthetic_demo,synthetic soil bucket proxy,True
2014-01-25,SB1,0.42843,synthetic_demo,synthetic soil bucket proxy,True
2014-01-26,SB1,0.41495,synthetic_demo,synthetic soil bucket proxy,True
2014-01-27,SB1,0.42462,synthetic_demo,synthetic soil bucket proxy,True
2014-01-28,SB1,0.41915,synthetic_demo,synthetic soil bucket proxy,True
2014-01-29,SB1,0.42751,synthetic_demo,synthetic soil bucket proxy,True
2014-01-30,SB1,0.41866,synthetic_demo,synthetic soil bucket proxy,True
2014-01-31,SB1,0.44,synthetic_demo,synthetic soil bucket proxy,True
2014-02-01,SB1,0.44,synthetic_demo,synthetic soil bucket proxy,True
2014-02-02,SB1,0.4326,synthetic_demo,synthetic soil bucket proxy,True
2014-02-03,SB1,0.44,synthetic_demo,synthetic soil bucket proxy,True
2014-02-04,SB1,0.43097,synthetic_demo,synthetic soil bucket proxy,True
2014-02-05,SB1,0.44,synthetic_demo,synthetic soil bucket proxy,True
2014-02-06,SB1,0.43095,synthetic_demo,synthetic soil bucket proxy,True
2014-02-07,SB1,0.43002,synthetic_demo,synthetic soil bucket proxy,True
2014-02-08,SB1,0.436,synthetic_demo,synthetic soil bucket proxy,True
2014-02-09,SB1,0.44,synthetic_demo,synthetic soil bucket proxy,True
2014-02-10,SB1,0.44,synthetic_demo,synthetic soil bucket proxy,True
2014-02-11,SB1,0.44,synthetic_demo,synthetic soil bucket proxy,True
2014-02-12,SB1,0.43973,synthetic_demo,synthetic soil bucket proxy,True
2014-02-13,SB1,0.44,synthetic_demo,synthetic soil bucket proxy,True
2014-02-14,SB1,0.43347,synthetic_demo,synthetic soil bucket proxy,True
2014-02-15,SB1,0.43955,synthetic_demo,synthetic soil bucket proxy,True
2014-02-16,SB1,0.41466,synthetic_demo,synthetic soil bucket proxy,True
2014-02-17,SB1,0.44,synthetic_demo,synthetic soil bucket proxy,True
2014-02-18,SB1,0.43481,synthetic_demo,synthetic soil bucket proxy,True
2014-02-19,SB1,0.44,synthetic_demo,synthetic soil bucket proxy,True
2014-02-20,SB1,0.44,synthetic_demo,synthetic soil bucket proxy,True
2014-02-21,SB1,0.43803,synthetic_demo,synthetic soil bucket proxy,True
2014-02-22,SB1,0.44,synthetic_demo,synthetic soil bucket proxy,True
2014-02-23,SB1,0.43195,synthetic_demo,synthetic soil bucket proxy,True
2014-02-24,SB1,0.44,synthetic_demo,synthetic soil bucket proxy,True
2014-02-25,SB1,0.43509,synthetic_demo,synthetic soil bucket proxy,True
2014-02-26,SB1,0.42486,synthetic_demo,synthetic soil bucket proxy,True
2014-02-27,SB1,0.43482,synthetic_demo,synthetic soil bucket proxy,True
2014-02-28,SB1,0.4387,synthetic_demo,synthetic soil bucket proxy,True
2014-03-01,SB1,0.3731,synthetic_demo,synthetic soil bucket proxy,True
2014-03-02,SB1,0.38204,synthetic_demo,synthetic soil bucket proxy,True
2014-03-03,SB1,0.38563,synthetic_demo,synthetic soil bucket proxy,True
2014-03-04,SB1,0.38236,synthetic_demo,synthetic soil bucket proxy,True
2014-03-05,SB1,0.35286,synthetic_demo,synthetic soil bucket proxy,True
2014-03-06,SB1,0.35693,synthetic_demo,synthetic soil bucket proxy,True
2014-03-07,SB1,0.32169,synthetic_demo,synthetic soil bucket proxy,True
2014-03-08,SB1,0.32751,synthetic_demo,synthetic soil bucket proxy,True
2014-03-09,SB1,0.3274,synthetic_demo,synthetic soil bucket proxy,True
2014-03-10,SB1,0.31437,synthetic_demo,synthetic soil bucket proxy,True
2014-03-11,SB1,0.31189,synthetic_demo,synthetic soil bucket proxy,True
2014-03-12,SB1,0.30966,synthetic_demo,synthetic soil bucket proxy,True
2014-03-13,SB1,0.30334,synthetic_demo,synthetic soil bucket proxy,True
2014-03-14,SB1,0.28396,synthetic_demo,synthetic soil bucket proxy,True
2014-03-15,SB1,0.30104,synthetic_demo,synthetic soil bucket proxy,True
2014-03-16,SB1,0.29807,synthetic_demo,synthetic soil bucket proxy,True
2014-03-17,SB1,0.29879,synthetic_demo,synthetic soil bucket proxy,True
2014-03-18,SB1,0.28888,synthetic_demo,synthetic soil bucket proxy,True
2014-03-19,SB1,0.28758,synthetic_demo,synthetic soil bucket proxy,True
2014-03-20,SB1,0.29898,synthetic_demo,synthetic soil bucket proxy,True
2014-03-21,SB1,0.28938,synthetic_demo,synthetic soil bucket proxy,True
2014-03-22,SB1,0.28144,synthetic_demo,synthetic soil bucket proxy,True
2014-03-23,SB1,0.23923,synthetic_demo,synthetic soil bucket proxy,True
2014-03-24,SB1,0.24883,synthetic_demo,synthetic soil bucket proxy,True
2014-03-25,SB1,0.23424,synthetic_demo,synthetic soil bucket proxy,True
2014-03-26,SB1,0.24878,synthetic_demo,synthetic soil bucket proxy,True
2014-03-27,SB1,0.23404,synthetic_demo,synthetic soil bucket proxy,True
2014-03-28,SB1,0.25251,synthetic_demo,synthetic soil bucket proxy,True
2014-03-29,SB1,0.23811,synthetic_demo,synthetic soil bucket proxy,True
2014-03-30,SB1,0.23798,synthetic_demo,synthetic soil bucket proxy,True
2014-03-31,SB1,0.23962,synthetic_demo,synthetic soil bucket proxy,True
2014-04-01,SB1,0.23273,synthetic_demo,synthetic soil bucket proxy,True
2014-04-02,SB1,0.21897,synthetic_demo,synthetic soil bucket proxy,True
2014-04-03,SB1,0.23601,synthetic_demo,synthetic soil bucket proxy,True
2014-04-04,SB1,0.22022,synthetic_demo,synthetic soil bucket proxy,True
2014-04-05,SB1,0.22672,synthetic_demo,synthetic soil bucket proxy,True
2014-04-06,SB1,0.22338,synthetic_demo,synthetic soil bucket proxy,True
2014-04-07,SB1,0.22877,synthetic_demo,synthetic soil bucket proxy,True
2014-04-08,SB1,0.23368,synthetic_demo,synthetic soil bucket proxy,True
2014-04-09,SB1,0.22973,synthetic_demo,synthetic soil bucket proxy,True
2014-04-10,SB1,0.17183,synthetic_demo,synthetic soil bucket proxy,True
2014-04-11,SB1,0.20874,synthetic_demo,synthetic soil bucket proxy,True
2014-04-12,SB1,0.19979,synthetic_demo,synthetic soil bucket proxy,True
2014-04-13,SB1,0.21234,synthetic_demo,synthetic soil bucket proxy,True
2014-04-14,SB1,0.19495,synthetic_demo,synthetic soil bucket proxy,True
2014-04-15,SB1,0.18283,synthetic_demo,synthetic soil bucket proxy,True
2014-04-16,SB1,0.21604,synthetic_demo,synthetic soil bucket proxy,True
2014-04-17,SB1,0.22077,synthetic_demo,synthetic soil bucket proxy,True
2014-04-18,SB1,0.1935,synthetic_demo,synthetic soil bucket proxy,True
2014-04-19,SB1,0.19692,synthetic_demo,synthetic soil bucket proxy,True
2014-04-20,SB1,0.21031,synthetic_demo,synthetic soil bucket proxy,True
2014-04-21,SB1,0.2034,synthetic_demo,synthetic soil bucket proxy,True
2014-04-22,SB1,0.21565,synthetic_demo,synthetic soil bucket proxy,True
2014-04-23,SB1,0.21783,synthetic_demo,synthetic soil bucket proxy,True
2014-04-24,SB1,0.20191,synthetic_demo,synthetic soil bucket proxy,True
2014-04-25,SB1,0.21334,synthetic_demo,synthetic soil bucket proxy,True
2014-04-26,SB1,0.20976,synthetic_demo,synthetic soil bucket proxy,True
2014-04-27,SB1,0.21702,synthetic_demo,synthetic soil bucket proxy,True
2014-04-28,SB1,0.21365,synthetic_demo,synthetic soil bucket proxy,True
2014-04-29,SB1,0.20125,synthetic_demo,synthetic soil bucket proxy,True
2014-04-30,SB1,0.21122,synthetic_demo,synthetic soil bucket proxy,True
2014-05-01,SB1,0.20937,synthetic_demo,synthetic soil bucket proxy,True
2014-05-02,SB1,0.20777,synthetic_demo,synthetic soil bucket proxy,True
2014-05-03,SB1,0.21607,synthetic_demo,synthetic soil bucket proxy,True
2014-05-04,SB1,0.22527,synthetic_demo,synthetic soil bucket proxy,True
2014-05-05,SB1,0.2099,synthetic_demo,synthetic soil bucket proxy,True
2014-05-06,SB1,0.20238,synthetic_demo,synthetic soil bucket proxy,True
2014-05-07,SB1,0.21567,synthetic_demo,synthetic soil bucket proxy,True
2014-05-08,SB1,0.21514,synthetic_demo,synthetic soil bucket proxy,True
2014-05-09,SB1,0.21718,synthetic_demo,synthetic soil bucket proxy,True
2014-05-10,SB1,0.23716,synthetic_demo,synthetic soil bucket proxy,True
2014-05-11,SB1,0.20827,synthetic_demo,synthetic soil bucket proxy,True
2014-05-12,SB1,0.22595,synthetic_demo,synthetic soil bucket proxy,True
2014-05-13,SB1,0.24898,synthetic_demo,synthetic soil bucket proxy,True
2014-05-14,SB1,0.25081,synthetic_demo,synthetic soil bucket proxy,True
2014-05-15,SB1,0.23911,synthetic_demo,synthetic soil bucket proxy,True
2014-05-16,SB1,0.24179,synthetic_demo,synthetic soil bucket proxy,True
2014-05-17,SB1,0.25419,synthetic_demo,synthetic soil bucket proxy,True
2014-05-18,SB1,0.25073,synthetic_demo,synthetic soil bucket proxy,True
2014-05-19,SB1,0.24689,synthetic_demo,synthetic soil bucket proxy,True
2014-05-20,SB1,0.25752,synthetic_demo,synthetic soil bucket proxy,True
2014-05-21,SB1,0.25482,synthetic_demo,synthetic soil bucket proxy,True
2014-05-22,SB1,0.25192,synthetic_demo,synthetic soil bucket proxy,True
2014-05-23,SB1,0.24522,synthetic_demo,synthetic soil bucket proxy,True
2014-05-24,SB1,0.25169,synthetic_demo,synthetic soil bucket proxy,True
2014-05-25,SB1,0.24591,synthetic_demo,synthetic soil bucket proxy,True
2014-05-26,SB1,0.24404,synthetic_demo,synthetic soil bucket proxy,True
2014-05-27,SB1,0.26053,synthetic_demo,synthetic soil bucket proxy,True
2014-05-28,SB1,0.25133,synthetic_demo,synthetic soil bucket proxy,True
2014-05-29,SB1,0.2448,synthetic_demo,synthetic soil bucket proxy,True
2014-05-30,SB1,0.25456,synthetic_demo,synthetic soil bucket proxy,True
2014-05-31,SB1,0.24816,synthetic_demo,synthetic soil bucket proxy,True
2014-06-01,SB1,0.25291,synthetic_demo,synthetic soil bucket proxy,True
2014-06-02,SB1,0.24908,synthetic_demo,synthetic soil bucket proxy,True
2014-06-03,SB1,0.24845,synthetic_demo,synthetic soil bucket proxy,True
2014-06-04,SB1,0.25123,synthetic_demo,synthetic soil bucket proxy,True
2014-06-05,SB1,0.25031,synthetic_demo,synthetic soil bucket proxy,True
2014-06-06,SB1,0.26577,synthetic_demo,synthetic soil bucket proxy,True
2014-06-07,SB1,0.25192,synthetic_demo,synthetic soil bucket proxy,True
2014-06-08,SB1,0.24083,synthetic_demo,synthetic soil bucket proxy,True
2014-06-09,SB1,0.24833,synthetic_demo,synthetic soil bucket proxy,True
2014-06-10,SB1,0.25231,synthetic_demo,synthetic soil bucket proxy,True
2014-06-11,SB1,0.23405,synthetic_demo,synthetic soil bucket proxy,True
2014-06-12,SB1,0.24257,synthetic_demo,synthetic soil bucket proxy,True
2014-06-13,SB1,0.2529,synthetic_demo,synthetic soil bucket proxy,True
2014-06-14,SB1,0.25011,synthetic_demo,synthetic soil bucket proxy,True
2014-06-15,SB1,0.24738,synthetic_demo,synthetic soil bucket proxy,True
2014-06-16,SB1,0.24659,synthetic_demo,synthetic soil bucket proxy,True
2014-06-17,SB1,0.24264,synthetic_demo,synthetic soil bucket proxy,True
2014-06-18,SB1,0.24387,synthetic_demo,synthetic soil bucket proxy,True
2014-06-19,SB1,0.2438,synthetic_demo,synthetic soil bucket proxy,True
2014-06-20,SB1,0.25207,synthetic_demo,synthetic soil bucket proxy,True
2014-06-21,SB1,0.22138,synthetic_demo,synthetic soil bucket proxy,True
2014-06-22,SB1,0.22607,synthetic_demo,synthetic soil bucket proxy,True
2014-06-23,SB1,0.23945,synthetic_demo,synthetic soil bucket proxy,True
2014-06-24,SB1,0.24142,synthetic_demo,synthetic soil bucket proxy,True
2014-06-25,SB1,0.22127,synthetic_demo,synthetic soil bucket proxy,True
2014-06-26,SB1,0.21629,synthetic_demo,synthetic soil bucket proxy,True
2014-06-27,SB1,0.23073,synthetic_demo,synthetic soil bucket proxy,True
2014-06-28,SB1,0.23402,synthetic_demo,synthetic soil bucket proxy,True
2014-06-29,SB1,0.24528,synthetic_demo,synthetic soil bucket proxy,True
2014-06-30,SB1,0.22092,synthetic_demo,synthetic soil bucket proxy,True
2014-07-01,SB1,0.2469,synthetic_demo,synthetic soil bucket proxy,True
2014-07-02,SB1,0.22134,synthetic_demo,synthetic soil bucket proxy,True
2014-07-03,SB1,0.2339,synthetic_demo,synthetic soil bucket proxy,True
2014-07-04,SB1,0.23106,synthetic_demo,synthetic soil bucket proxy,True
2014-07-05,SB1,0.24225,synthetic_demo,synthetic soil bucket proxy,True
2014-07-06,SB1,0.24199,synthetic_demo,synthetic soil bucket proxy,True
2014-07-07,SB1,0.25154,synthetic_demo,synthetic soil bucket proxy,True
2014-07-08,SB1,0.23574,synthetic_demo,synthetic soil bucket proxy,True
2014-07-09,SB1,0.24708,synthetic_demo,synthetic soil bucket proxy,True
2014-07-10,SB1,0.27436,synthetic_demo,synthetic soil bucket proxy,True
2014-07-11,SB1,0.28128,synthetic_demo,synthetic soil bucket proxy,True
2014-07-12,SB1,0.25433,synthetic_demo,synthetic soil bucket proxy,True
2014-07-13,SB1,0.2585,synthetic_demo,synthetic soil bucket proxy,True
2014-07-14,SB1,0.2592,synthetic_demo,synthetic soil bucket proxy,True
2014-07-15,SB1,0.25496,synthetic_demo,synthetic soil bucket proxy,True
2014-07-16,SB1,0.25426,synthetic_demo,synthetic soil bucket proxy,True
2014-07-17,SB1,0.24187,synthetic_demo,synthetic soil bucket proxy,True
2014-07-18,SB1,0.24998,synthetic_demo,synthetic soil bucket proxy,True
2014-07-19,SB1,0.25805,synthetic_demo,synthetic soil bucket proxy,True
2014-07-20,SB1,0.26031,synthetic_demo,synthetic soil bucket proxy,True
2014-07-21,SB1,0.26839,synthetic_demo,synthetic soil bucket proxy,True
2014-07-22,SB1,0.25069,synthetic_demo,synthetic soil bucket proxy,True
2014-07-23,SB1,0.24972,synthetic_demo,synthetic soil bucket proxy,True
2014-07-24,SB1,0.25704,synthetic_demo,synthetic soil bucket proxy,True
2014-07-25,SB1,0.26256,synthetic_demo,synthetic soil bucket proxy,True
2014-07-26,SB1,0.24523,synthetic_demo,synthetic soil bucket proxy,True
2014-07-27,SB1,0.26722,synthetic_demo,synthetic soil bucket proxy,True
2014-07-28,SB1,0.25976,synthetic_demo,synthetic soil bucket proxy,True
2014-07-29,SB1,0.26524,synthetic_demo,synthetic soil bucket proxy,True
2014-07-30,SB1,0.26684,synthetic_demo,synthetic soil bucket proxy,True
2014-07-31,SB1,0.27199,synthetic_demo,synthetic soil bucket proxy,True
2014-08-01,SB1,0.2632,synthetic_demo,synthetic soil bucket proxy,True
2014-08-02,SB1,0.26101,synthetic_demo,synthetic soil bucket proxy,True
2014-08-03,SB1,0.26632,synthetic_demo,synthetic soil bucket proxy,True
2014-08-04,SB1,0.29261,synthetic_demo,synthetic soil bucket proxy,True
2014-08-05,SB1,0.29414,synthetic_demo,synthetic soil bucket proxy,True
2014-08-06,SB1,0.27924,synthetic_demo,synthetic soil bucket proxy,True
2014-08-07,SB1,0.26196,synthetic_demo,synthetic soil bucket proxy,True
2014-08-08,SB1,0.30263,synthetic_demo,synthetic soil bucket proxy,True
2014-08-09,SB1,0.31021,synthetic_demo,synthetic soil bucket proxy,True
2014-08-10,SB1,0.30235,synthetic_demo,synthetic soil bucket proxy,True
2014-08-11,SB1,0.30774,synthetic_demo,synthetic soil bucket proxy,True
2014-08-12,SB1,0.30139,synthetic_demo,synthetic soil bucket proxy,True
2014-08-13,SB1,0.31549,synthetic_demo,synthetic soil bucket proxy,True
2014-08-14,SB1,0.30171,synthetic_demo,synthetic soil bucket proxy,True
2014-08-15,SB1,0.30955,synthetic_demo,synthetic soil bucket proxy,True
2014-08-16,SB1,0.30801,synthetic_demo,synthetic soil bucket proxy,True
2014-08-17,SB1,0.30924,synthetic_demo,synthetic soil bucket proxy,True
2014-08-18,SB1,0.31721,synthetic_demo,synthetic soil bucket proxy,True
2014-08-19,SB1,0.33553,synthetic_demo,synthetic soil bucket proxy,True
2014-08-20,SB1,0.31399,synthetic_demo,synthetic soil bucket proxy,True
2014-08-21,SB1,0.35062,synthetic_demo,synthetic soil bucket proxy,True
2014-08-22,SB1,0.383,synthetic_demo,synthetic soil bucket proxy,True
2014-08-23,SB1,0.36665,synthetic_demo,synthetic soil bucket proxy,True
2014-08-24,SB1,0.36365,synthetic_demo,synthetic soil bucket proxy,True
2014-08-25,SB1,0.37113,synthetic_demo,synthetic soil bucket proxy,True
2014-08-26,SB1,0.38547,synthetic_demo,synthetic soil bucket proxy,True
2014-08-27,SB1,0.38184,synthetic_demo,synthetic soil bucket proxy,True
2014-08-28,SB1,0.38719,synthetic_demo,synthetic soil bucket proxy,True
2014-08-29,SB1,0.35982,synthetic_demo,synthetic soil bucket proxy,True
2014-08-30,SB1,0.38767,synthetic_demo,synthetic soil bucket proxy,True
2014-08-31,SB1,0.38758,synthetic_demo,synthetic soil bucket proxy,True
2014-09-01,SB1,0.39171,synthetic_demo,synthetic soil bucket proxy,True
2014-09-02,SB1,0.39163,synthetic_demo,synthetic soil bucket proxy,True
2014-09-03,SB1,0.37796,synthetic_demo,synthetic soil bucket proxy,True
2014-09-04,SB1,0.41489,synthetic_demo,synthetic soil bucket proxy,True
2014-09-05,SB1,0.4001,synthetic_demo,synthetic soil bucket proxy,True
2014-09-06,SB1,0.39676,synthetic_demo,synthetic soil bucket proxy,True
2014-09-07,SB1,0.40527,synthetic_demo,synthetic soil bucket proxy,True
2014-09-08,SB1,0.37972,synthetic_demo,synthetic soil bucket proxy,True
2014-09-09,SB1,0.37688,synthetic_demo,synthetic soil bucket proxy,True
2014-09-10,SB1,0.38945,synthetic_demo,synthetic soil bucket proxy,True
2014-09-11,SB1,0.38604,synthetic_demo,synthetic soil bucket proxy,True
2014-09-12,SB1,0.41377,synthetic_demo,synthetic soil bucket proxy,True
2014-09-13,SB1,0.44,synthetic_demo,synthetic soil bucket proxy,True
2014-09-14,SB1,0.44,synthetic_demo,synthetic soil bucket proxy,True
2014-09-15,SB1,0.44,synthetic_demo,synthetic soil bucket proxy,True
2014-09-16,SB1,0.44,synthetic_demo,synthetic soil bucket proxy,True
2014-09-17,SB1,0.44,synthetic_demo,synthetic soil bucket proxy,True
2014-09-18,SB1,0.44,synthetic_demo,synthetic soil bucket proxy,True
2014-09-19,SB1,0.44,synthetic_demo,synthetic soil bucket proxy,True
2014-09-20,SB1,0.44,synthetic_demo,synthetic soil bucket proxy,True
2014-09-21,SB1,0.44,synthetic_demo,synthetic soil bucket proxy,True
2014-09-22,SB1,0.44,synthetic_demo,synthetic soil bucket proxy,True
2014-09-23,SB1,0.44,synthetic_demo,synthetic soil bucket proxy,True
2014-09-24,SB1,0.44,synthetic_demo,synthetic soil bucket proxy,True
2014-09-25,SB1,0.44,synthetic_demo,synthetic soil bucket proxy,True
2014-09-26,SB1,0.44,synthetic_demo,synthetic soil bucket proxy,True
2014-09-27,SB1,0.44,synthetic_demo,synthetic soil bucket proxy,True
2014-09-28,SB1,0.44,synthetic_demo,synthetic soil bucket proxy,True
2014-09-29,SB1,0.44,synthetic_demo,synthetic soil bucket proxy,True
2014-09-30,SB1,0.44,synthetic_demo,synthetic soil bucket proxy,True
2014-10-01,SB1,0.44,synthetic_demo,synthetic soil bucket proxy,True
2014-10-02,SB1,0.44,synthetic_demo,synthetic soil bucket proxy,True
2014-10-03,SB1,0.44,synthetic_demo,synthetic soil bucket proxy,True
2014-10-04,SB1,0.44,synthetic_demo,synthetic soil bucket proxy,True
2014-10-05,SB1,0.44,synthetic_demo,synthetic soil bucket proxy,True
2014-10-06,SB1,0.44,synthetic_demo,synthetic soil bucket proxy,True
2014-10-07,SB1,0.44,synthetic_demo,synthetic soil bucket proxy,True
2014-10-08,SB1,0.44,synthetic_demo,synthetic soil bucket proxy,True
2014-10-09,SB1,0.44,synthetic_demo,synthetic soil bucket proxy,True
2014-10-10,SB1,0.44,synthetic_demo,synthetic soil bucket proxy,True
2014-10-11,SB1,0.44,synthetic_demo,synthetic soil bucket proxy,True
2014-10-12,SB1,0.44,synthetic_demo,synthetic soil bucket proxy,True
2014-10-13,SB1,0.44,synthetic_demo,synthetic soil bucket proxy,True
2014-10-14,SB1,0.44,synthetic_demo,synthetic soil bucket proxy,True
2014-10-15,SB1,0.44,synthetic_demo,synthetic soil bucket proxy,True
2014-10-16,SB1,0.44,synthetic_demo,synthetic soil bucket proxy,True
2014-10-17,SB1,0.44,synthetic_demo,synthetic soil bucket proxy,True
2014-10-18,SB1,0.44,synthetic_demo,synthetic soil bucket proxy,True
2014-10-19,SB1,0.44,synthetic_demo,synthetic soil bucket proxy,True
2014-10-20,SB1,0.44,synthetic_demo,synthetic soil bucket proxy,True
2014-10-21,SB1,0.44,synthetic_demo,synthetic soil bucket proxy,True
2014-10-22,SB1,0.44,synthetic_demo,synthetic soil bucket proxy,True
2014-10-23,SB1,0.44,synthetic_demo,synthetic soil bucket proxy,True
2014-10-24,SB1,0.44,synthetic_demo,synthetic soil bucket proxy,True
2014-10-25,SB1,0.44,synthetic_demo,synthetic soil bucket proxy,True
2014-10-26,SB1,0.44,synthetic_demo,synthetic soil bucket proxy,True
2014-10-27,SB1,0.44,synthetic_demo,synthetic soil bucket proxy,True
2014-10-28,SB1,0.44,synthetic_demo,synthetic soil bucket proxy,True
2014-10-29,SB1,0.44,synthetic_demo,synthetic soil bucket proxy,True
2014-10-30,SB1,0.44,synthetic_demo,synthetic soil bucket proxy,True
2014-10-31,SB1,0.44,synthetic_demo,synthetic soil bucket proxy,True
2014-11-01,SB1,0.44,synthetic_demo,synthetic soil bucket proxy,True
2014-11-02,SB1,0.44,synthetic_demo,synthetic soil bucket proxy,True
2014-11-03,SB1,0.44,synthetic_demo,synthetic soil bucket proxy,True
2014-11-04,SB1,0.44,synthetic_demo,synthetic soil bucket proxy,True
2014-11-05,SB1,0.44,synthetic_demo,synthetic soil bucket proxy,True
2014-11-06,SB1,0.44,synthetic_demo,synthetic soil bucket proxy,True
2014-11-07,SB1,0.44,synthetic_demo,synthetic soil bucket proxy,True
2014-11-08,SB1,0.44,synthetic_demo,synthetic soil bucket proxy,True
2014-11-09,SB1,0.44,synthetic_demo,synthetic soil bucket proxy,True
2014-11-10,SB1,0.44,synthetic_demo,synthetic soil bucket proxy,True
2014-11-11,SB1,0.44,synthetic_demo,synthetic soil bucket proxy,True
2014-11-12,SB1,0.44,synthetic_demo,synthetic soil bucket proxy,True
2014-11-13,SB1,0.44,synthetic_demo,synthetic soil bucket proxy,True
2014-11-14,SB1,0.44,synthetic_demo,synthetic soil bucket proxy,True
2014-11-15,SB1,0.44,synthetic_demo,synthetic soil bucket proxy,True
2014-11-16,SB1,0.44,synthetic_demo,synthetic soil bucket proxy,True
2014-11-17,SB1,0.44,synthetic_demo,synthetic soil bucket proxy,True
2014-11-18,SB1,0.44,synthetic_demo,synthetic soil bucket proxy,True
2014-11-19,SB1,0.44,synthetic_demo,synthetic soil bucket proxy,True
2014-11-20,SB1,0.44,synthetic_demo,synthetic soil bucket proxy,True
2014-11-21,SB1,0.44,synthetic_demo,synthetic soil bucket proxy,True
2014-11-22,SB1,0.44,synthetic_demo,synthetic soil bucket proxy,True
2014-11-23,SB1,0.44,synthetic_demo,synthetic soil bucket proxy,True
2014-11-24,SB1,0.42819,synthetic_demo,synthetic soil bucket proxy,True
2014-11-25,SB1,0.44,synthetic_demo,synthetic soil bucket proxy,True
2014-11-26,SB1,0.44,synthetic_demo,synthetic soil bucket proxy,True
2014-11-27,SB1,0.44,synthetic_demo,synthetic soil bucket proxy,True
2014-11-28,SB1,0.44,synthetic_demo,synthetic soil bucket proxy,True
2014-11-29,SB1,0.44,synthetic_demo,synthetic soil bucket proxy,True
2014-11-30,SB1,0.44,synthetic_demo,synthetic soil bucket proxy,True
2014-12-01,SB1,0.44,synthetic_demo,synthetic soil bucket proxy,True
2014-12-02,SB1,0.44,synthetic_demo,synthetic soil bucket proxy,True
2014-12-03,SB1,0.44,synthetic_demo,synthetic soil bucket proxy,True
2014-12-04,SB1,0.44,synthetic_demo,synthetic soil bucket proxy,True
2014-12-05,SB1,0.44,synthetic_demo,synthetic soil bucket proxy,True
2014-12-06,SB1,0.44,synthetic_demo,synthetic soil bucket proxy,True
2014-12-07,SB1,0.44,synthetic_demo,synthetic soil bucket proxy,True
2014-12-08,SB1,0.44,synthetic_demo,synthetic soil bucket proxy,True
2014-12-09,SB1,0.44,synthetic_demo,synthetic soil bucket proxy,True
2014-12-10,SB1,0.44,synthetic_demo,synthetic soil bucket proxy,True
2014-12-11,SB1,0.44,synthetic_demo,synthetic soil bucket proxy,True
2014-12-12,SB1,0.44,synthetic_demo,synthetic soil bucket proxy,True
2014-12-13,SB1,0.41863,synthetic_demo,synthetic soil bucket proxy,True
2014-12-14,SB1,0.3879,synthetic_demo,synthetic soil bucket proxy,True
2014-12-15,SB1,0.39068,synthetic_demo,synthetic soil bucket proxy,True
2014-12-16,SB1,0.38968,synthetic_demo,synthetic soil bucket proxy,True
2014-12-17,SB1,0.37992,synthetic_demo,synthetic soil bucket proxy,True
2014-12-18,SB1,0.37107,synthetic_demo,synthetic soil bucket proxy,True
2014-12-19,SB1,0.36269,synthetic_demo,synthetic soil bucket proxy,True
2014-12-20,SB1,0.35194,synthetic_demo,synthetic soil bucket proxy,True
2014-12-21,SB1,0.3545,synthetic_demo,synthetic soil bucket proxy,True
2014-12-22,SB1,0.34111,synthetic_demo,synthetic soil bucket proxy,True
2014-12-23,SB1,0.35573,synthetic_demo,synthetic soil bucket proxy,True
2014-12-24,SB1,0.33202,synthetic_demo,synthetic soil bucket proxy,True
2014-12-25,SB1,0.33806,synthetic_demo,synthetic soil bucket proxy,True
2014-12-26,SB1,0.34331,synthetic_demo,synthetic soil bucket proxy,True
2014-12-27,SB1,0.34701,synthetic_demo,synthetic soil bucket proxy,True
2014-12-28,SB1,0.38258,synthetic_demo,synthetic soil bucket proxy,True
2014-12-29,SB1,0.3766,synthetic_demo,synthetic soil bucket proxy,True
2014-12-30,SB1,0.38346,synthetic_demo,synthetic soil bucket proxy,True
2014-12-31,SB1,0.37563,synthetic_demo,synthetic soil bucket proxy,True
2015-01-01,SB1,0.37615,synthetic_demo,synthetic soil bucket proxy,True
2015-01-02,SB1,0.36409,synthetic_demo,synthetic soil bucket proxy,True
2015-01-03,SB1,0.34873,synthetic_demo,synthetic soil bucket proxy,True
2015-01-04,SB1,0.36955,synthetic_demo,synthetic soil bucket proxy,True
2015-01-05,SB1,0.331,synthetic_demo,synthetic soil bucket proxy,True
2015-01-06,SB1,0.34528,synthetic_demo,synthetic soil bucket proxy,True
2015-01-07,SB1,0.31717,synthetic_demo,synthetic soil bucket proxy,True
2015-01-08,SB1,0.32378,synthetic_demo,synthetic soil bucket proxy,True
2015-01-09,SB1,0.3134,synthetic_demo,synthetic soil bucket proxy,True
2015-01-10,SB1,0.31628,synthetic_demo,synthetic soil bucket proxy,True
2015-01-11,SB1,0.29864,synthetic_demo,synthetic soil bucket proxy,True
2015-01-12,SB1,0.31241,synthetic_demo,synthetic soil bucket proxy,True
2015-01-13,SB1,0.29609,synthetic_demo,synthetic soil bucket proxy,True
2015-01-14,SB1,0.30148,synthetic_demo,synthetic soil bucket proxy,True
2015-01-15,SB1,0.30026,synthetic_demo,synthetic soil bucket proxy,True
2015-01-16,SB1,0.27598,synthetic_demo,synthetic soil bucket proxy,True
2015-01-17,SB1,0.29926,synthetic_demo,synthetic soil bucket proxy,True
2015-01-18,SB1,0.27871,synthetic_demo,synthetic soil bucket proxy,True
2015-01-19,SB1,0.29662,synthetic_demo,synthetic soil bucket proxy,True
2015-01-20,SB1,0.28848,synthetic_demo,synthetic soil bucket proxy,True
2015-01-21,SB1,0.28984,synthetic_demo,synthetic soil bucket proxy,True
2015-01-22,SB1,0.30051,synthetic_demo,synthetic soil bucket proxy,True
2015-01-23,SB1,0.29068,synthetic_demo,synthetic soil bucket proxy,True
2015-01-24,SB1,0.26555,synthetic_demo,synthetic soil bucket proxy,True
2015-01-25,SB1,0.26528,synthetic_demo,synthetic soil bucket proxy,True
2015-01-26,SB1,0.2786,synthetic_demo,synthetic soil bucket proxy,True
2015-01-27,SB1,0.27516,synthetic_demo,synthetic soil bucket proxy,True
2015-01-28,SB1,0.29151,synthetic_demo,synthetic soil bucket proxy,True
2015-01-29,SB1,0.2471,synthetic_demo,synthetic soil bucket proxy,True
2015-01-30,SB1,0.24875,synthetic_demo,synthetic soil bucket proxy,True
2015-01-31,SB1,0.25064,synthetic_demo,synthetic soil bucket proxy,True
2015-02-01,SB1,0.26184,synthetic_demo,synthetic soil bucket proxy,True
2015-02-02,SB1,0.25425,synthetic_demo,synthetic soil bucket proxy,True
2015-02-03,SB1,0.24383,synthetic_demo,synthetic soil bucket proxy,True
2015-02-04,SB1,0.2471,synthetic_demo,synthetic soil bucket proxy,True
2015-02-05,SB1,0.23345,synthetic_demo,synthetic soil bucket proxy,True
2015-02-06,SB1,0.23178,synthetic_demo,synthetic soil bucket proxy,True
2015-02-07,SB1,0.2412,synthetic_demo,synthetic soil bucket proxy,True
2015-02-08,SB1,0.23414,synthetic_demo,synthetic soil bucket proxy,True
2015-02-09,SB1,0.24922,synthetic_demo,synthetic soil bucket proxy,True
2015-02-10,SB1,0.23744,synthetic_demo,synthetic soil bucket proxy,True
2015-02-11,SB1,0.2455,synthetic_demo,synthetic soil bucket proxy,True
2015-02-12,SB1,0.23928,synthetic_demo,synthetic soil bucket proxy,True
2015-02-13,SB1,0.24624,synthetic_demo,synthetic soil bucket proxy,True
2015-02-14,SB1,0.23141,synthetic_demo,synthetic soil bucket proxy,True
2015-02-15,SB1,0.2332,synthetic_demo,synthetic soil bucket proxy,True
2015-02-16,SB1,0.25595,synthetic_demo,synthetic soil bucket proxy,True
2015-02-17,SB1,0.23474,synthetic_demo,synthetic soil bucket proxy,True
2015-02-18,SB1,0.23147,synthetic_demo,synthetic soil bucket proxy,True
2015-02-19,SB1,0.23679,synthetic_demo,synthetic soil bucket proxy,True
2015-02-20,SB1,0.23494,synthetic_demo,synthetic soil bucket proxy,True
2015-02-21,SB1,0.24191,synthetic_demo,synthetic soil bucket proxy,True
2015-02-22,SB1,0.21858,synthetic_demo,synthetic soil bucket proxy,True
2015-02-23,SB1,0.25513,synthetic_demo,synthetic soil bucket proxy,True
2015-02-24,SB1,0.25483,synthetic_demo,synthetic soil bucket proxy,True
2015-02-25,SB1,0.26697,synthetic_demo,synthetic soil bucket proxy,True
2015-02-26,SB1,0.23743,synthetic_demo,synthetic soil bucket proxy,True
2015-02-27,SB1,0.23411,synthetic_demo,synthetic soil bucket proxy,True
2015-02-28,SB1,0.23926,synthetic_demo,synthetic soil bucket proxy,True
2015-03-01,SB1,0.22756,synthetic_demo,synthetic soil bucket proxy,True
2015-03-02,SB1,0.22198,synthetic_demo,synthetic soil bucket proxy,True
2015-03-03,SB1,0.23654,synthetic_demo,synthetic soil bucket proxy,True
2015-03-04,SB1,0.245,synthetic_demo,synthetic soil bucket proxy,True
2015-03-05,SB1,0.22355,synthetic_demo,synthetic soil bucket proxy,True
2015-03-06,SB1,0.23012,synthetic_demo,synthetic soil bucket proxy,True
2015-03-07,SB1,0.22726,synthetic_demo,synthetic soil bucket proxy,True
2015-03-08,SB1,0.22633,synthetic_demo,synthetic soil bucket proxy,True
2015-03-09,SB1,0.23653,synthetic_demo,synthetic soil bucket proxy,True
2015-03-10,SB1,0.21754,synthetic_demo,synthetic soil bucket proxy,True
2015-03-11,SB1,0.23497,synthetic_demo,synthetic soil bucket proxy,True
2015-03-12,SB1,0.241,synthetic_demo,synthetic soil bucket proxy,True
2015-03-13,SB1,0.23577,synthetic_demo,synthetic soil bucket proxy,True
2015-03-14,SB1,0.24721,synthetic_demo,synthetic soil bucket proxy,True
2015-03-15,SB1,0.23855,synthetic_demo,synthetic soil bucket proxy,True
2015-03-16,SB1,0.24537,synthetic_demo,synthetic soil bucket proxy,True
2015-03-17,SB1,0.23946,synthetic_demo,synthetic soil bucket proxy,True
2015-03-18,SB1,0.26413,synthetic_demo,synthetic soil bucket proxy,True
2015-03-19,SB1,0.24506,synthetic_demo,synthetic soil bucket proxy,True
2015-03-20,SB1,0.2471,synthetic_demo,synthetic soil bucket proxy,True
2015-03-21,SB1,0.24393,synthetic_demo,synthetic soil bucket proxy,True
2015-03-22,SB1,0.23375,synthetic_demo,synthetic soil bucket proxy,True
2015-03-23,SB1,0.25343,synthetic_demo,synthetic soil bucket proxy,True
2015-03-24,SB1,0.23595,synthetic_demo,synthetic soil bucket proxy,True
2015-03-25,SB1,0.24607,synthetic_demo,synthetic soil bucket proxy,True
2015-03-26,SB1,0.24856,synthetic_demo,synthetic soil bucket proxy,True
2015-03-27,SB1,0.25247,synthetic_demo,synthetic soil bucket proxy,True
2015-03-28,SB1,0.24376,synthetic_demo,synthetic soil bucket proxy,True
2015-03-29,SB1,0.25446,synthetic_demo,synthetic soil bucket proxy,True
2015-03-30,SB1,0.24151,synthetic_demo,synthetic soil bucket proxy,True
2015-03-31,SB1,0.31552,synthetic_demo,synthetic soil bucket proxy,True
2015-04-01,SB1,0.30608,synthetic_demo,synthetic soil bucket proxy,True
2015-04-02,SB1,0.31038,synthetic_demo,synthetic soil bucket proxy,True
2015-04-03,SB1,0.30818,synthetic_demo,synthetic soil bucket proxy,True
2015-04-04,SB1,0.28992,synthetic_demo,synthetic soil bucket proxy,True
2015-04-05,SB1,0.33263,synthetic_demo,synthetic soil bucket proxy,True
2015-04-06,SB1,0.32973,synthetic_demo,synthetic soil bucket proxy,True
2015-04-07,SB1,0.30253,synthetic_demo,synthetic soil bucket proxy,True
2015-04-08,SB1,0.32947,synthetic_demo,synthetic soil bucket proxy,True
2015-04-09,SB1,0.32232,synthetic_demo,synthetic soil bucket proxy,True
2015-04-10,SB1,0.3209,synthetic_demo,synthetic soil bucket proxy,True
2015-04-11,SB1,0.30701,synthetic_demo,synthetic soil bucket proxy,True
2015-04-12,SB1,0.31601,synthetic_demo,synthetic soil bucket proxy,True
2015-04-13,SB1,0.31595,synthetic_demo,synthetic soil bucket proxy,True
2015-04-14,SB1,0.30813,synthetic_demo,synthetic soil bucket proxy,True
2015-04-15,SB1,0.32736,synthetic_demo,synthetic soil bucket proxy,True
2015-04-16,SB1,0.30696,synthetic_demo,synthetic soil bucket proxy,True
2015-04-17,SB1,0.29934,synthetic_demo,synthetic soil bucket proxy,True
2015-04-18,SB1,0.32444,synthetic_demo,synthetic soil bucket proxy,True
2015-04-19,SB1,0.31581,synthetic_demo,synthetic soil bucket proxy,True
2015-04-20,SB1,0.31699,synthetic_demo,synthetic soil bucket proxy,True
2015-04-21,SB1,0.30462,synthetic_demo,synthetic soil bucket proxy,True
2015-04-22,SB1,0.31907,synthetic_demo,synthetic soil bucket proxy,True
2015-04-23,SB1,0.32301,synthetic_demo,synthetic soil bucket proxy,True
2015-04-24,SB1,0.31265,synthetic_demo,synthetic soil bucket proxy,True
2015-04-25,SB1,0.29224,synthetic_demo,synthetic soil bucket proxy,True
2015-04-26,SB1,0.28409,synthetic_demo,synthetic soil bucket proxy,True
2015-04-27,SB1,0.28817,synthetic_demo,synthetic soil bucket proxy,True
2015-04-28,SB1,0.29599,synthetic_demo,synthetic soil bucket proxy,True
2015-04-29,SB1,0.2868,synthetic_demo,synthetic soil bucket proxy,True
2015-04-30,SB1,0.28885,synthetic_demo,synthetic soil bucket proxy,True
2015-05-01,SB1,0.29596,synthetic_demo,synthetic soil bucket proxy,True
2015-05-02,SB1,0.29274,synthetic_demo,synthetic soil bucket proxy,True
2015-05-03,SB1,0.304,synthetic_demo,synthetic soil bucket proxy,True
2015-05-04,SB1,0.30498,synthetic_demo,synthetic soil bucket proxy,True
2015-05-05,SB1,0.30667,synthetic_demo,synthetic soil bucket proxy,True
2015-05-06,SB1,0.31292,synthetic_demo,synthetic soil bucket proxy,True
2015-05-07,SB1,0.32023,synthetic_demo,synthetic soil bucket proxy,True
2015-05-08,SB1,0.31216,synthetic_demo,synthetic soil bucket proxy,True
2015-05-09,SB1,0.30086,synthetic_demo,synthetic soil bucket proxy,True
2015-05-10,SB1,0.30679,synthetic_demo,synthetic soil bucket proxy,True
2015-05-11,SB1,0.30484,synthetic_demo,synthetic soil bucket proxy,True
2015-05-12,SB1,0.29177,synthetic_demo,synthetic soil bucket proxy,True
2015-05-13,SB1,0.28825,synthetic_demo,synthetic soil bucket proxy,True
2015-05-14,SB1,0.30212,synthetic_demo,synthetic soil bucket proxy,True
2015-05-15,SB1,0.30515,synthetic_demo,synthetic soil bucket proxy,True
2015-05-16,SB1,0.29327,synthetic_demo,synthetic soil bucket proxy,True
2015-05-17,SB1,0.29197,synthetic_demo,synthetic soil bucket proxy,True
2015-05-18,SB1,0.29111,synthetic_demo,synthetic soil bucket proxy,True
2015-05-19,SB1,0.28454,synthetic_demo,synthetic soil bucket proxy,True
2015-05-20,SB1,0.30542,synthetic_demo,synthetic soil bucket proxy,True
2015-05-21,SB1,0.30242,synthetic_demo,synthetic soil bucket proxy,True
2015-05-22,SB1,0.30226,synthetic_demo,synthetic soil bucket proxy,True
2015-05-23,SB1,0.28584,synthetic_demo,synthetic soil bucket proxy,True
2015-05-24,SB1,0.29522,synthetic_demo,synthetic soil bucket proxy,True
2015-05-25,SB1,0.31753,synthetic_demo,synthetic soil bucket proxy,True
2015-05-26,SB1,0.30416,synthetic_demo,synthetic soil bucket proxy,True
2015-05-27,SB1,0.29547,synthetic_demo,synthetic soil bucket proxy,True
2015-05-28,SB1,0.29818,synthetic_demo,synthetic soil bucket proxy,True
2015-05-29,SB1,0.30299,synthetic_demo,synthetic soil bucket proxy,True
2015-05-30,SB1,0.22134,synthetic_demo,synthetic soil bucket proxy,True
2015-05-31,SB1,0.23686,synthetic_demo,synthetic soil bucket proxy,True
2015-06-01,SB1,0.22732,synthetic_demo,synthetic soil bucket proxy,True
2015-06-02,SB1,0.23757,synthetic_demo,synthetic soil bucket proxy,True
2015-06-03,SB1,0.23513,synthetic_demo,synthetic soil bucket proxy,True
2015-06-04,SB1,0.24273,synthetic_demo,synthetic soil bucket proxy,True
2015-06-05,SB1,0.25459,synthetic_demo,synthetic soil bucket proxy,True
2015-06-06,SB1,0.24368,synthetic_demo,synthetic soil bucket proxy,True
2015-06-07,SB1,0.2559,synthetic_demo,synthetic soil bucket proxy,True
2015-06-08,SB1,0.26823,synthetic_demo,synthetic soil bucket proxy,True
2015-06-09,SB1,0.27423,synthetic_demo,synthetic soil bucket proxy,True
2015-06-10,SB1,0.26058,synthetic_demo,synthetic soil bucket proxy,True
2015-06-11,SB1,0.26962,synthetic_demo,synthetic soil bucket proxy,True
2015-06-12,SB1,0.27088,synthetic_demo,synthetic soil bucket proxy,True
2015-06-13,SB1,0.25821,synthetic_demo,synthetic soil bucket proxy,True
2015-06-14,SB1,0.27521,synthetic_demo,synthetic soil bucket proxy,True
2015-06-15,SB1,0.27022,synthetic_demo,synthetic soil bucket proxy,True
2015-06-16,SB1,0.26767,synthetic_demo,synthetic soil bucket proxy,True
2015-06-17,SB1,0.26417,synthetic_demo,synthetic soil bucket proxy,True
2015-06-18,SB1,0.25822,synthetic_demo,synthetic soil bucket proxy,True
2015-06-19,SB1,0.27092,synthetic_demo,synthetic soil bucket proxy,True
2015-06-20,SB1,0.28092,synthetic_demo,synthetic soil bucket proxy,True
2015-06-21,SB1,0.26631,synthetic_demo,synthetic soil bucket proxy,True
2015-06-22,SB1,0.25995,synthetic_demo,synthetic soil bucket proxy,True
2015-06-23,SB1,0.27034,synthetic_demo,synthetic soil bucket proxy,True
2015-06-24,SB1,0.26885,synthetic_demo,synthetic soil bucket proxy,True
2015-06-25,SB1,0.26057,synthetic_demo,synthetic soil bucket proxy,True
2015-06-26,SB1,0.27574,synthetic_demo,synthetic soil bucket proxy,True
2015-06-27,SB1,0.24927,synthetic_demo,synthetic soil bucket proxy,True
2015-06-28,SB1,0.24931,synthetic_demo,synthetic soil bucket proxy,True
2015-06-29,SB1,0.26282,synthetic_demo,synthetic soil bucket proxy,True
2015-06-30,SB1,0.24966,synthetic_demo,synthetic soil bucket proxy,True
2015-07-01,SB1,0.25107,synthetic_demo,synthetic soil bucket proxy,True
2015-07-02,SB1,0.25604,synthetic_demo,synthetic soil bucket proxy,True
2015-07-03,SB1,0.26447,synthetic_demo,synthetic soil bucket proxy,True
2015-07-04,SB1,0.26018,synthetic_demo,synthetic soil bucket proxy,True
2015-07-05,SB1,0.26347,synthetic_demo,synthetic soil bucket proxy,True
2015-07-06,SB1,0.25942,synthetic_demo,synthetic soil bucket proxy,True
2015-07-07,SB1,0.252,synthetic_demo,synthetic soil bucket proxy,True
2015-07-08,SB1,0.25365,synthetic_demo,synthetic soil bucket proxy,True
2015-07-09,SB1,0.24996,synthetic_demo,synthetic soil bucket proxy,True
2015-07-10,SB1,0.26663,synthetic_demo,synthetic soil bucket proxy,True
2015-07-11,SB1,0.26604,synthetic_demo,synthetic soil bucket proxy,True
2015-07-12,SB1,0.28607,synthetic_demo,synthetic soil bucket proxy,True
2015-07-13,SB1,0.25261,synthetic_demo,synthetic soil bucket proxy,True
2015-07-14,SB1,0.25626,synthetic_demo,synthetic soil bucket proxy,True
2015-07-15,SB1,0.28726,synthetic_demo,synthetic soil bucket proxy,True
2015-07-16,SB1,0.27704,synthetic_demo,synthetic soil bucket proxy,True
2015-07-17,SB1,0.28571,synthetic_demo,synthetic soil bucket proxy,True
2015-07-18,SB1,0.28892,synthetic_demo,synthetic soil bucket proxy,True
2015-07-19,SB1,0.28009,synthetic_demo,synthetic soil bucket proxy,True
2015-07-20,SB1,0.28175,synthetic_demo,synthetic soil bucket proxy,True
2015-07-21,SB1,0.28082,synthetic_demo,synthetic soil bucket proxy,True
2015-07-22,SB1,0.28993,synthetic_demo,synthetic soil bucket proxy,True
2015-07-23,SB1,0.30195,synthetic_demo,synthetic soil bucket proxy,True
2015-07-24,SB1,0.29619,synthetic_demo,synthetic soil bucket proxy,True
2015-07-25,SB1,0.29255,synthetic_demo,synthetic soil bucket proxy,True
2015-07-26,SB1,0.29593,synthetic_demo,synthetic soil bucket proxy,True
2015-07-27,SB1,0.29537,synthetic_demo,synthetic soil bucket proxy,True
2015-07-28,SB1,0.31335,synthetic_demo,synthetic soil bucket proxy,True
2015-07-29,SB1,0.29761,synthetic_demo,synthetic soil bucket proxy,True
2015-07-30,SB1,0.30818,synthetic_demo,synthetic soil bucket proxy,True
2015-07-31,SB1,0.29482,synthetic_demo,synthetic soil bucket proxy,True
2015-08-01,SB1,0.29318,synthetic_demo,synthetic soil bucket proxy,True
2015-08-02,SB1,0.29647,synthetic_demo,synthetic soil bucket proxy,True
2015-08-03,SB1,0.27998,synthetic_demo,synthetic soil bucket proxy,True
2015-08-04,SB1,0.27012,synthetic_demo,synthetic soil bucket proxy,True
2015-08-05,SB1,0.2747,synthetic_demo,synthetic soil bucket proxy,True
2015-08-06,SB1,0.29104,synthetic_demo,synthetic soil bucket proxy,True
2015-08-07,SB1,0.26554,synthetic_demo,synthetic soil bucket proxy,True
2015-08-08,SB1,0.26063,synthetic_demo,synthetic soil bucket proxy,True
2015-08-09,SB1,0.25785,synthetic_demo,synthetic soil bucket proxy,True
2015-08-10,SB1,0.27099,synthetic_demo,synthetic soil bucket proxy,True
2015-08-11,SB1,0.27477,synthetic_demo,synthetic soil bucket proxy,True
2015-08-12,SB1,0.25465,synthetic_demo,synthetic soil bucket proxy,True
2015-08-13,SB1,0.28594,synthetic_demo,synthetic soil bucket proxy,True
2015-08-14,SB1,0.29558,synthetic_demo,synthetic soil bucket proxy,True
2015-08-15,SB1,0.29498,synthetic_demo,synthetic soil bucket proxy,True
2015-08-16,SB1,0.30748,synthetic_demo,synthetic soil bucket proxy,True
2015-08-17,SB1,0.30313,synthetic_demo,synthetic soil bucket proxy,True
2015-08-18,SB1,0.30225,synthetic_demo,synthetic soil bucket proxy,True
2015-08-19,SB1,0.32123,synthetic_demo,synthetic soil bucket proxy,True
2015-08-20,SB1,0.32228,synthetic_demo,synthetic soil bucket proxy,True
2015-08-21,SB1,0.32623,synthetic_demo,synthetic soil bucket proxy,True
2015-08-22,SB1,0.29202,synthetic_demo,synthetic soil bucket proxy,True
2015-08-23,SB1,0.30078,synthetic_demo,synthetic soil bucket proxy,True
2015-08-24,SB1,0.30799,synthetic_demo,synthetic soil bucket proxy,True
2015-08-25,SB1,0.29688,synthetic_demo,synthetic soil bucket proxy,True
2015-08-26,SB1,0.31744,synthetic_demo,synthetic soil bucket proxy,True
2015-08-27,SB1,0.31292,synthetic_demo,synthetic soil bucket proxy,True
2015-08-28,SB1,0.32124,synthetic_demo,synthetic soil bucket proxy,True
2015-08-29,SB1,0.31405,synthetic_demo,synthetic soil bucket proxy,True
2015-08-30,SB1,0.30014,synthetic_demo,synthetic soil bucket proxy,True
2015-08-31,SB1,0.30702,synthetic_demo,synthetic soil bucket proxy,True
2015-09-01,SB1,0.29698,synthetic_demo,synthetic soil bucket proxy,True
2015-09-02,SB1,0.2995,synthetic_demo,synthetic soil bucket proxy,True
2015-09-03,SB1,0.31153,synthetic_demo,synthetic soil bucket proxy,True
2015-09-04,SB1,0.30725,synthetic_demo,synthetic soil bucket proxy,True
2015-09-05,SB1,0.30453,synthetic_demo,synthetic soil bucket proxy,True
2015-09-06,SB1,0.30055,synthetic_demo,synthetic soil bucket proxy,True
2015-09-07,SB1,0.30765,synthetic_demo,synthetic soil bucket proxy,True
2015-09-08,SB1,0.30782,synthetic_demo,synthetic soil bucket proxy,True
2015-09-09,SB1,0.30805,synthetic_demo,synthetic soil bucket proxy,True
2015-09-10,SB1,0.30096,synthetic_demo,synthetic soil bucket proxy,True
2015-09-11,SB1,0.31172,synthetic_demo,synthetic soil bucket proxy,True
2015-09-12,SB1,0.3041,synthetic_demo,synthetic soil bucket proxy,True
2015-09-13,SB1,0.28821,synthetic_demo,synthetic soil bucket proxy,True
2015-09-14,SB1,0.27869,synthetic_demo,synthetic soil bucket proxy,True
2015-09-15,SB1,0.29335,synthetic_demo,synthetic soil bucket proxy,True
2015-09-16,SB1,0.27871,synthetic_demo,synthetic soil bucket proxy,True
2015-09-17,SB1,0.27808,synthetic_demo,synthetic soil bucket proxy,True
2015-09-18,SB1,0.26886,synthetic_demo,synthetic soil bucket proxy,True
2015-09-19,SB1,0.29049,synthetic_demo,synthetic soil bucket proxy,True
2015-09-20,SB1,0.28448,synthetic_demo,synthetic soil bucket proxy,True
2015-09-21,SB1,0.27322,synthetic_demo,synthetic soil bucket proxy,True
2015-09-22,SB1,0.27762,synthetic_demo,synthetic soil bucket proxy,True
2015-09-23,SB1,0.29463,synthetic_demo,synthetic soil bucket proxy,True
2015-09-24,SB1,0.27854,synthetic_demo,synthetic soil bucket proxy,True
2015-09-25,SB1,0.28149,synthetic_demo,synthetic soil bucket proxy,True
2015-09-26,SB1,0.29103,synthetic_demo,synthetic soil bucket proxy,True
2015-09-27,SB1,0.26609,synthetic_demo,synthetic soil bucket proxy,True
2015-09-28,SB1,0.28468,synthetic_demo,synthetic soil bucket proxy,True
2015-09-29,SB1,0.27519,synthetic_demo,synthetic soil bucket proxy,True
2015-09-30,SB1,0.28321,synthetic_demo,synthetic soil bucket proxy,True
2015-10-01,SB1,0.27247,synthetic_demo,synthetic soil bucket proxy,True
2015-10-02,SB1,0.2691,synthetic_demo,synthetic soil bucket proxy,True
2015-10-03,SB1,0.2788,synthetic_demo,synthetic soil bucket proxy,True
2015-10-04,SB1,0.27696,synthetic_demo,synthetic soil bucket proxy,True
2015-10-05,SB1,0.29716,synthetic_demo,synthetic soil bucket proxy,True
2015-10-06,SB1,0.29119,synthetic_demo,synthetic soil bucket proxy,True
2015-10-07,SB1,0.27822,synthetic_demo,synthetic soil bucket proxy,True
2015-10-08,SB1,0.28821,synthetic_demo,synthetic soil bucket proxy,True
2015-10-09,SB1,0.29213,synthetic_demo,synthetic soil bucket proxy,True
2015-10-10,SB1,0.28011,synthetic_demo,synthetic soil bucket proxy,True
2015-10-11,SB1,0.29876,synthetic_demo,synthetic soil bucket proxy,True
2015-10-12,SB1,0.28356,synthetic_demo,synthetic soil bucket proxy,True
2015-10-13,SB1,0.27203,synthetic_demo,synthetic soil bucket proxy,True
2015-10-14,SB1,0.26341,synthetic_demo,synthetic soil bucket proxy,True
2015-10-15,SB1,0.26666,synthetic_demo,synthetic soil bucket proxy,True
2015-10-16,SB1,0.29619,synthetic_demo,synthetic soil bucket proxy,True
2015-10-17,SB1,0.3017,synthetic_demo,synthetic soil bucket proxy,True
2015-10-18,SB1,0.27532,synthetic_demo,synthetic soil bucket proxy,True
2015-10-19,SB1,0.26584,synthetic_demo,synthetic soil bucket proxy,True
2015-10-20,SB1,0.29057,synthetic_demo,synthetic soil bucket proxy,True
2015-10-21,SB1,0.26749,synthetic_demo,synthetic soil bucket proxy,True
2015-10-22,SB1,0.287,synthetic_demo,synthetic soil bucket proxy,True
2015-10-23,SB1,0.26403,synthetic_demo,synthetic soil bucket proxy,True
2015-10-24,SB1,0.2667,synthetic_demo,synthetic soil bucket proxy,True
2015-10-25,SB1,0.27475,synthetic_demo,synthetic soil bucket proxy,True
2015-10-26,SB1,0.258,synthetic_demo,synthetic soil bucket proxy,True
2015-10-27,SB1,0.28553,synthetic_demo,synthetic soil bucket proxy,True
2015-10-28,SB1,0.29231,synthetic_demo,synthetic soil bucket proxy,True
2015-10-29,SB1,0.29189,synthetic_demo,synthetic soil bucket proxy,True
2015-10-30,SB1,0.29391,synthetic_demo,synthetic soil bucket proxy,True
2015-10-31,SB1,0.29302,synthetic_demo,synthetic soil bucket proxy,True
2015-11-01,SB1,0.29069,synthetic_demo,synthetic soil bucket proxy,True
2015-11-02,SB1,0.29309,synthetic_demo,synthetic soil bucket proxy,True
2015-11-03,SB1,0.30723,synthetic_demo,synthetic soil bucket proxy,True
2015-11-04,SB1,0.30895,synthetic_demo,synthetic soil bucket proxy,True
2015-11-05,SB1,0.33076,synthetic_demo,synthetic soil bucket proxy,True
2015-11-06,SB1,0.32874,synthetic_demo,synthetic soil bucket proxy,True
2015-11-07,SB1,0.32034,synthetic_demo,synthetic soil bucket proxy,True
2015-11-08,SB1,0.33038,synthetic_demo,synthetic soil bucket proxy,True
2015-11-09,SB1,0.32296,synthetic_demo,synthetic soil bucket proxy,True
2015-11-10,SB1,0.32658,synthetic_demo,synthetic soil bucket proxy,True
2015-11-11,SB1,0.31927,synthetic_demo,synthetic soil bucket proxy,True
2015-11-12,SB1,0.31505,synthetic_demo,synthetic soil bucket proxy,True
2015-11-13,SB1,0.31844,synthetic_demo,synthetic soil bucket proxy,True
2015-11-14,SB1,0.31598,synthetic_demo,synthetic soil bucket proxy,True
2015-11-15,SB1,0.33607,synthetic_demo,synthetic soil bucket proxy,True
2015-11-16,SB1,0.32814,synthetic_demo,synthetic soil bucket proxy,True
2015-11-17,SB1,0.32693,synthetic_demo,synthetic soil bucket proxy,True
2015-11-18,SB1,0.3245,synthetic_demo,synthetic soil bucket proxy,True
2015-11-19,SB1,0.32113,synthetic_demo,synthetic soil bucket proxy,True
2015-11-20,SB1,0.32695,synthetic_demo,synthetic soil bucket proxy,True
2015-11-21,SB1,0.32361,synthetic_demo,synthetic soil bucket proxy,True
2015-11-22,SB1,0.33169,synthetic_demo,synthetic soil bucket proxy,True
2015-11-23,SB1,0.33307,synthetic_demo,synthetic soil bucket proxy,True
2015-11-24,SB1,0.33869,synthetic_demo,synthetic soil bucket proxy,True
2015-11-25,SB1,0.32773,synthetic_demo,synthetic soil bucket proxy,True
2015-11-26,SB1,0.32651,synthetic_demo,synthetic soil bucket proxy,True
2015-11-27,SB1,0.31662,synthetic_demo,synthetic soil bucket proxy,True
2015-11-28,SB1,0.3339,synthetic_demo,synthetic soil bucket proxy,True
2015-11-29,SB1,0.31462,synthetic_demo,synthetic soil bucket proxy,True
2015-11-30,SB1,0.32886,synthetic_demo,synthetic soil bucket proxy,True
2015-12-01,SB1,0.32715,synthetic_demo,synthetic soil bucket proxy,True
2015-12-02,SB1,0.31783,synthetic_demo,synthetic soil bucket proxy,True
2015-12-03,SB1,0.33649,synthetic_demo,synthetic soil bucket proxy,True
2015-12-04,SB1,0.32208,synthetic_demo,synthetic soil bucket proxy,True
2015-12-05,SB1,0.31017,synthetic_demo,synthetic soil bucket proxy,True
2015-12-06,SB1,0.31785,synthetic_demo,synthetic soil bucket proxy,True
2015-12-07,SB1,0.29705,synthetic_demo,synthetic soil bucket proxy,True
2015-12-08,SB1,0.31115,synthetic_demo,synthetic soil bucket proxy,True
2015-12-09,SB1,0.31415,synthetic_demo,synthetic soil bucket proxy,True
2015-12-10,SB1,0.29937,synthetic_demo,synthetic soil bucket proxy,True
2015-12-11,SB1,0.3111,synthetic_demo,synthetic soil bucket proxy,True
2015-12-12,SB1,0.30243,synthetic_demo,synthetic soil bucket proxy,True
2015-12-13,SB1,0.31131,synthetic_demo,synthetic soil bucket proxy,True
2015-12-14,SB1,0.29998,synthetic_demo,synthetic soil bucket proxy,True
2015-12-15,SB1,0.2949,synthetic_demo,synthetic soil bucket proxy,True
2015-12-16,SB1,0.27841,synthetic_demo,synthetic soil bucket proxy,True
2015-12-17,SB1,0.27943,synthetic_demo,synthetic soil bucket proxy,True
2015-12-18,SB1,0.28346,synthetic_demo,synthetic soil bucket proxy,True
2015-12-19,SB1,0.28428,synthetic_demo,synthetic soil bucket proxy,True
2015-12-20,SB1,0.28068,synthetic_demo,synthetic soil bucket proxy,True
2015-12-21,SB1,0.28987,synthetic_demo,synthetic soil bucket proxy,True
2015-12-22,SB1,0.2852,synthetic_demo,synthetic soil bucket proxy,True
2015-12-23,SB1,0.28144,synthetic_demo,synthetic soil bucket proxy,True
2015-12-24,SB1,0.27546,synthetic_demo,synthetic soil bucket proxy,True
2015-12-25,SB1,0.27356,synthetic_demo,synthetic soil bucket proxy,True
2015-12-26,SB1,0.27289,synthetic_demo,synthetic soil bucket proxy,True
2015-12-27,SB1,0.26461,synthetic_demo,synthetic soil bucket proxy,True
2015-12-28,SB1,0.2772,synthetic_demo,synthetic soil bucket proxy,True
2015-12-29,SB1,0.27149,synthetic_demo,synthetic soil bucket proxy,True
2015-12-30,SB1,0.27299,synthetic_demo,synthetic soil bucket proxy,True
2015-12-31,SB1,0.26429,synthetic_demo,synthetic soil bucket proxy,True
2016-01-01,SB1,0.27185,synthetic_demo,synthetic soil bucket proxy,True
2016-01-02,SB1,0.26496,synthetic_demo,synthetic soil bucket proxy,True
2016-01-03,SB1,0.2699,synthetic_demo,synthetic soil bucket proxy,True
2016-01-04,SB1,0.25036,synthetic_demo,synthetic soil bucket proxy,True
2016-01-05,SB1,0.22849,synthetic_demo,synthetic soil bucket proxy,True
2016-01-06,SB1,0.25507,synthetic_demo,synthetic soil bucket proxy,True
2016-01-07,SB1,0.24174,synthetic_demo,synthetic soil bucket proxy,True
2016-01-08,SB1,0.24446,synthetic_demo,synthetic soil bucket proxy,True
2016-01-09,SB1,0.23822,synthetic_demo,synthetic soil bucket proxy,True
2016-01-10,SB1,0.23507,synthetic_demo,synthetic soil bucket proxy,True
2016-01-11,SB1,0.24035,synthetic_demo,synthetic soil bucket proxy,True
2016-01-12,SB1,0.22742,synthetic_demo,synthetic soil bucket proxy,True
2016-01-13,SB1,0.2226,synthetic_demo,synthetic soil bucket proxy,True
2016-01-14,SB1,0.21432,synthetic_demo,synthetic soil bucket proxy,True
2016-01-15,SB1,0.22976,synthetic_demo,synthetic soil bucket proxy,True
2016-01-16,SB1,0.24468,synthetic_demo,synthetic soil bucket proxy,True
2016-01-17,SB1,0.23237,synthetic_demo,synthetic soil bucket proxy,True
2016-01-18,SB1,0.22504,synthetic_demo,synthetic soil bucket proxy,True
2016-01-19,SB1,0.22206,synthetic_demo,synthetic soil bucket proxy,True
2016-01-20,SB1,0.22245,synthetic_demo,synthetic soil bucket proxy,True
2016-01-21,SB1,0.2131,synthetic_demo,synthetic soil bucket proxy,True
2016-01-22,SB1,0.20292,synthetic_demo,synthetic soil bucket proxy,True
2016-01-23,SB1,0.2158,synthetic_demo,synthetic soil bucket proxy,True
2016-01-24,SB1,0.21955,synthetic_demo,synthetic soil bucket proxy,True
2016-01-25,SB1,0.22321,synthetic_demo,synthetic soil bucket proxy,True
2016-01-26,SB1,0.21192,synthetic_demo,synthetic soil bucket proxy,True
2016-01-27,SB1,0.23296,synthetic_demo,synthetic soil bucket proxy,True
2016-01-28,SB1,0.2225,synthetic_demo,synthetic soil bucket proxy,True
2016-01-29,SB1,0.21114,synthetic_demo,synthetic soil bucket proxy,True
2016-01-30,SB1,0.21476,synthetic_demo,synthetic soil bucket proxy,True
2016-01-31,SB1,0.22707,synthetic_demo,synthetic soil bucket proxy,True
2016-02-01,SB1,0.22204,synthetic_demo,synthetic soil bucket proxy,True
2016-02-02,SB1,0.22106,synthetic_demo,synthetic soil bucket proxy,True
2016-02-03,SB1,0.20326,synthetic_demo,synthetic soil bucket proxy,True
2016-02-04,SB1,0.21386,synthetic_demo,synthetic soil bucket proxy,True
2016-02-05,SB1,0.2309,synthetic_demo,synthetic soil bucket proxy,True
2016-02-06,SB1,0.23256,synthetic_demo,synthetic soil bucket proxy,True
2016-02-07,SB1,0.22123,synthetic_demo,synthetic soil bucket proxy,True
2016-02-08,SB1,0.21618,synthetic_demo,synthetic soil bucket proxy,True
2016-02-09,SB1,0.21554,synthetic_demo,synthetic soil bucket proxy,True
2016-02-10,SB1,0.19379,synthetic_demo,synthetic soil bucket proxy,True
2016-02-11,SB1,0.21266,synthetic_demo,synthetic soil bucket proxy,True
2016-02-12,SB1,0.20742,synthetic_demo,synthetic soil bucket proxy,True
2016-02-13,SB1,0.21738,synthetic_demo,synthetic soil bucket proxy,True
2016-02-14,SB1,0.21641,synthetic_demo,synthetic soil bucket proxy,True
2016-02-15,SB1,0.22319,synthetic_demo,synthetic soil bucket proxy,True
2016-02-16,SB1,0.20869,synthetic_demo,synthetic soil bucket proxy,True
2016-02-17,SB1,0.21702,synthetic_demo,synthetic soil bucket proxy,True
2016-02-18,SB1,0.22148,synthetic_demo,synthetic soil bucket proxy,True
2016-02-19,SB1,0.19422,synthetic_demo,synthetic soil bucket proxy,True
2016-02-20,SB1,0.2024,synthetic_demo,synthetic soil bucket proxy,True
2016-02-21,SB1,0.19735,synthetic_demo,synthetic soil bucket proxy,True
2016-02-22,SB1,0.22226,synthetic_demo,synthetic soil bucket proxy,True
2016-02-23,SB1,0.2054,synthetic_demo,synthetic soil bucket proxy,True
2016-02-24,SB1,0.19509,synthetic_demo,synthetic soil bucket proxy,True
2016-02-25,SB1,0.21732,synthetic_demo,synthetic soil bucket proxy,True
2016-02-26,SB1,0.20612,synthetic_demo,synthetic soil bucket proxy,True
2016-02-27,SB1,0.2108,synthetic_demo,synthetic soil bucket proxy,True
2016-02-28,SB1,0.20062,synthetic_demo,synthetic soil bucket proxy,True
2016-02-29,SB1,0.20534,synthetic_demo,synthetic soil bucket proxy,True
2016-03-01,SB1,0.21665,synthetic_demo,synthetic soil bucket proxy,True
2016-03-02,SB1,0.19138,synthetic_demo,synthetic soil bucket proxy,True
2016-03-03,SB1,0.20652,synthetic_demo,synthetic soil bucket proxy,True
2016-03-04,SB1,0.20897,synthetic_demo,synthetic soil bucket proxy,True
2016-03-05,SB1,0.20399,synthetic_demo,synthetic soil bucket proxy,True
2016-03-06,SB1,0.22537,synthetic_demo,synthetic soil bucket proxy,True
2016-03-07,SB1,0.21404,synthetic_demo,synthetic soil bucket proxy,True
2016-03-08,SB1,0.20544,synthetic_demo,synthetic soil bucket proxy,True
2016-03-09,SB1,0.19898,synthetic_demo,synthetic soil bucket proxy,True
2016-03-10,SB1,0.19,synthetic_demo,synthetic soil bucket proxy,True
2016-03-11,SB1,0.21715,synthetic_demo,synthetic soil bucket proxy,True
2016-03-12,SB1,0.20732,synthetic_demo,synthetic soil bucket proxy,True
2016-03-13,SB1,0.19303,synthetic_demo,synthetic soil bucket proxy,True
2016-03-14,SB1,0.20548,synthetic_demo,synthetic soil bucket proxy,True
2016-03-15,SB1,0.21133,synthetic_demo,synthetic soil bucket proxy,True
2016-03-16,SB1,0.20695,synthetic_demo,synthetic soil bucket proxy,True
2016-03-17,SB1,0.20443,synthetic_demo,synthetic soil bucket proxy,True
2016-03-18,SB1,0.20282,synthetic_demo,synthetic soil bucket proxy,True
2016-03-19,SB1,0.20662,synthetic_demo,synthetic soil bucket proxy,True
2016-03-20,SB1,0.20502,synthetic_demo,synthetic soil bucket proxy,True
2016-03-21,SB1,0.20943,synthetic_demo,synthetic soil bucket proxy,True
2016-03-22,SB1,0.2109,synthetic_demo,synthetic soil bucket proxy,True
2016-03-23,SB1,0.20276,synthetic_demo,synthetic soil bucket proxy,True
2016-03-24,SB1,0.22046,synthetic_demo,synthetic soil bucket proxy,True
2016-03-25,SB1,0.19967,synthetic_demo,synthetic soil bucket proxy,True
2016-03-26,SB1,0.19467,synthetic_demo,synthetic soil bucket proxy,True
2016-03-27,SB1,0.21075,synthetic_demo,synthetic soil bucket proxy,True
2016-03-28,SB1,0.21755,synthetic_demo,synthetic soil bucket proxy,True
2016-03-29,SB1,0.22312,synthetic_demo,synthetic soil bucket proxy,True
2016-03-30,SB1,0.21502,synthetic_demo,synthetic soil bucket proxy,True
2016-03-31,SB1,0.2063,synthetic_demo,synthetic soil bucket proxy,True
2016-04-01,SB1,0.20732,synthetic_demo,synthetic soil bucket proxy,True
2016-04-02,SB1,0.20774,synthetic_demo,synthetic soil bucket proxy,True
2016-04-03,SB1,0.20884,synthetic_demo,synthetic soil bucket proxy,True
2016-04-04,SB1,0.21468,synthetic_demo,synthetic soil bucket proxy,True
2016-04-05,SB1,0.21666,synthetic_demo,synthetic soil bucket proxy,True
2016-04-06,SB1,0.22115,synthetic_demo,synthetic soil bucket proxy,True
2016-04-07,SB1,0.21796,synthetic_demo,synthetic soil bucket proxy,True
2016-04-08,SB1,0.22199,synthetic_demo,synthetic soil bucket proxy,True
2016-04-09,SB1,0.21928,synthetic_demo,synthetic soil bucket proxy,True
2016-04-10,SB1,0.22967,synthetic_demo,synthetic soil bucket proxy,True
2016-04-11,SB1,0.23261,synthetic_demo,synthetic soil bucket proxy,True
2016-04-12,SB1,0.24032,synthetic_demo,synthetic soil bucket proxy,True
2016-04-13,SB1,0.21566,synthetic_demo,synthetic soil bucket proxy,True
2016-04-14,SB1,0.22309,synthetic_demo,synthetic soil bucket proxy,True
2016-04-15,SB1,0.22197,synthetic_demo,synthetic soil bucket proxy,True
2016-04-16,SB1,0.23497,synthetic_demo,synthetic soil bucket proxy,True
2016-04-17,SB1,0.22551,synthetic_demo,synthetic soil bucket proxy,True
2016-04-18,SB1,0.20595,synthetic_demo,synthetic soil bucket proxy,True
2016-04-19,SB1,0.21684,synthetic_demo,synthetic soil bucket proxy,True
2016-04-20,SB1,0.22496,synthetic_demo,synthetic soil bucket proxy,True
2016-04-21,SB1,0.22094,synthetic_demo,synthetic soil bucket proxy,True
2016-04-22,SB1,0.22474,synthetic_demo,synthetic soil bucket proxy,True
2016-04-23,SB1,0.24173,synthetic_demo,synthetic soil bucket proxy,True
2016-04-24,SB1,0.21968,synthetic_demo,synthetic soil bucket proxy,True
2016-04-25,SB1,0.22212,synthetic_demo,synthetic soil bucket proxy,True
2016-04-26,SB1,0.21634,synthetic_demo,synthetic soil bucket proxy,True
2016-04-27,SB1,0.2102,synthetic_demo,synthetic soil bucket proxy,True
2016-04-28,SB1,0.23198,synthetic_demo,synthetic soil bucket proxy,True
2016-04-29,SB1,0.2244,synthetic_demo,synthetic soil bucket proxy,True
2016-04-30,SB1,0.20849,synthetic_demo,synthetic soil bucket proxy,True
2016-05-01,SB1,0.21759,synthetic_demo,synthetic soil bucket proxy,True
2016-05-02,SB1,0.21403,synthetic_demo,synthetic soil bucket proxy,True
2016-05-03,SB1,0.22576,synthetic_demo,synthetic soil bucket proxy,True
2016-05-04,SB1,0.24191,synthetic_demo,synthetic soil bucket proxy,True
2016-05-05,SB1,0.24268,synthetic_demo,synthetic soil bucket proxy,True
2016-05-06,SB1,0.21196,synthetic_demo,synthetic soil bucket proxy,True
2016-05-07,SB1,0.22949,synthetic_demo,synthetic soil bucket proxy,True
2016-05-08,SB1,0.23735,synthetic_demo,synthetic soil bucket proxy,True
2016-05-09,SB1,0.24344,synthetic_demo,synthetic soil bucket proxy,True
2016-05-10,SB1,0.25025,synthetic_demo,synthetic soil bucket proxy,True
2016-05-11,SB1,0.24368,synthetic_demo,synthetic soil bucket proxy,True
2016-05-12,SB1,0.25458,synthetic_demo,synthetic soil bucket proxy,True
2016-05-13,SB1,0.2337,synthetic_demo,synthetic soil bucket proxy,True
2016-05-14,SB1,0.25564,synthetic_demo,synthetic soil bucket proxy,True
2016-05-15,SB1,0.23328,synthetic_demo,synthetic soil bucket proxy,True
2016-05-16,SB1,0.27105,synthetic_demo,synthetic soil bucket proxy,True
2016-05-17,SB1,0.25426,synthetic_demo,synthetic soil bucket proxy,True
2016-05-18,SB1,0.2507,synthetic_demo,synthetic soil bucket proxy,True
2016-05-19,SB1,0.2476,synthetic_demo,synthetic soil bucket proxy,True
2016-05-20,SB1,0.2575,synthetic_demo,synthetic soil bucket proxy,True
2016-05-21,SB1,0.24306,synthetic_demo,synthetic soil bucket proxy,True
2016-05-22,SB1,0.25083,synthetic_demo,synthetic soil bucket proxy,True
2016-05-23,SB1,0.25754,synthetic_demo,synthetic soil bucket proxy,True
2016-05-24,SB1,0.23214,synthetic_demo,synthetic soil bucket proxy,True
2016-05-25,SB1,0.24233,synthetic_demo,synthetic soil bucket proxy,True
2016-05-26,SB1,0.22865,synthetic_demo,synthetic soil bucket proxy,True
2016-05-27,SB1,0.23047,synthetic_demo,synthetic soil bucket proxy,True
2016-05-28,SB1,0.23607,synthetic_demo,synthetic soil bucket proxy,True
2016-05-29,SB1,0.22658,synthetic_demo,synthetic soil bucket proxy,True
2016-05-30,SB1,0.22388,synthetic_demo,synthetic soil bucket proxy,True
2016-05-31,SB1,0.22311,synthetic_demo,synthetic soil bucket proxy,True
2016-06-01,SB1,0.22636,synthetic_demo,synthetic soil bucket proxy,True
2016-06-02,SB1,0.22272,synthetic_demo,synthetic soil bucket proxy,True
2016-06-03,SB1,0.24116,synthetic_demo,synthetic soil bucket proxy,True
2016-06-04,SB1,0.23152,synthetic_demo,synthetic soil bucket proxy,True
2016-06-05,SB1,0.23955,synthetic_demo,synthetic soil bucket proxy,True
2016-06-06,SB1,0.21821,synthetic_demo,synthetic soil bucket proxy,True
2016-06-07,SB1,0.22095,synthetic_demo,synthetic soil bucket proxy,True
2016-06-08,SB1,0.22461,synthetic_demo,synthetic soil bucket proxy,True
2016-06-09,SB1,0.21729,synthetic_demo,synthetic soil bucket proxy,True
2016-06-10,SB1,0.21852,synthetic_demo,synthetic soil bucket proxy,True
2016-06-11,SB1,0.20849,synthetic_demo,synthetic soil bucket proxy,True
2016-06-12,SB1,0.2361,synthetic_demo,synthetic soil bucket proxy,True
2016-06-13,SB1,0.23723,synthetic_demo,synthetic soil bucket proxy,True
2016-06-14,SB1,0.21274,synthetic_demo,synthetic soil bucket proxy,True
2016-06-15,SB1,0.22279,synthetic_demo,synthetic soil bucket proxy,True
2016-06-16,SB1,0.23166,synthetic_demo,synthetic soil bucket proxy,True
2016-06-17,SB1,0.21158,synthetic_demo,synthetic soil bucket proxy,True
2016-06-18,SB1,0.20588,synthetic_demo,synthetic soil bucket proxy,True
2016-06-19,SB1,0.20949,synthetic_demo,synthetic soil bucket proxy,True
2016-06-20,SB1,0.22471,synthetic_demo,synthetic soil bucket proxy,True
2016-06-21,SB1,0.22029,synthetic_demo,synthetic soil bucket proxy,True
2016-06-22,SB1,0.2173,synthetic_demo,synthetic soil bucket proxy,True
2016-06-23,SB1,0.23369,synthetic_demo,synthetic soil bucket proxy,True
2016-06-24,SB1,0.23597,synthetic_demo,synthetic soil bucket proxy,True
2016-06-25,SB1,0.25129,synthetic_demo,synthetic soil bucket proxy,True
2016-06-26,SB1,0.25788,synthetic_demo,synthetic soil bucket proxy,True
2016-06-27,SB1,0.24547,synthetic_demo,synthetic soil bucket proxy,True
2016-06-28,SB1,0.25193,synthetic_demo,synthetic soil bucket proxy,True
2016-06-29,SB1,0.24432,synthetic_demo,synthetic soil bucket proxy,True
2016-06-30,SB1,0.24307,synthetic_demo,synthetic soil bucket proxy,True
2016-07-01,SB1,0.24901,synthetic_demo,synthetic soil bucket proxy,True
2016-07-02,SB1,0.25977,synthetic_demo,synthetic soil bucket proxy,True
2016-07-03,SB1,0.24862,synthetic_demo,synthetic soil bucket proxy,True
2016-07-04,SB1,0.25005,synthetic_demo,synthetic soil bucket proxy,True
2016-07-05,SB1,0.24588,synthetic_demo,synthetic soil bucket proxy,True
2016-07-06,SB1,0.26087,synthetic_demo,synthetic soil bucket proxy,True
2016-07-07,SB1,0.25222,synthetic_demo,synthetic soil bucket proxy,True
2016-07-08,SB1,0.25218,synthetic_demo,synthetic soil bucket proxy,True
2016-07-09,SB1,0.23346,synthetic_demo,synthetic soil bucket proxy,True
2016-07-10,SB1,0.23673,synthetic_demo,synthetic soil bucket proxy,True
2016-07-11,SB1,0.22782,synthetic_demo,synthetic soil bucket proxy,True
2016-07-12,SB1,0.2331,synthetic_demo,synthetic soil bucket proxy,True
2016-07-13,SB1,0.24958,synthetic_demo,synthetic soil bucket proxy,True
2016-07-14,SB1,0.23767,synthetic_demo,synthetic soil bucket proxy,True
2016-07-15,SB1,0.2409,synthetic_demo,synthetic soil bucket proxy,True
2016-07-16,SB1,0.23308,synthetic_demo,synthetic soil bucket proxy,True
2016-07-17,SB1,0.22451,synthetic_demo,synthetic soil bucket proxy,True
2016-07-18,SB1,0.23843,synthetic_demo,synthetic soil bucket proxy,True
2016-07-19,SB1,0.21842,synthetic_demo,synthetic soil bucket proxy,True
2016-07-20,SB1,0.25784,synthetic_demo,synthetic soil bucket proxy,True
2016-07-21,SB1,0.25222,synthetic_demo,synthetic soil bucket proxy,True
2016-07-22,SB1,0.25778,synthetic_demo,synthetic soil bucket proxy,True
2016-07-23,SB1,0.26039,synthetic_demo,synthetic soil bucket proxy,True
2016-07-24,SB1,0.25316,synthetic_demo,synthetic soil bucket proxy,True
2016-07-25,SB1,0.25071,synthetic_demo,synthetic soil bucket proxy,True
2016-07-26,SB1,0.2579,synthetic_demo,synthetic soil bucket proxy,True
2016-07-27,SB1,0.26221,synthetic_demo,synthetic soil bucket proxy,True
2016-07-28,SB1,0.26504,synthetic_demo,synthetic soil bucket proxy,True
2016-07-29,SB1,0.26295,synthetic_demo,synthetic soil bucket proxy,True
2016-07-30,SB1,0.27396,synthetic_demo,synthetic soil bucket proxy,True
2016-07-31,SB1,0.27449,synthetic_demo,synthetic soil bucket proxy,True
2016-08-01,SB1,0.28739,synthetic_demo,synthetic soil bucket proxy,True
2016-08-02,SB1,0.29628,synthetic_demo,synthetic soil bucket proxy,True
2016-08-03,SB1,0.29313,synthetic_demo,synthetic soil bucket proxy,True
2016-08-04,SB1,0.28082,synthetic_demo,synthetic soil bucket proxy,True
2016-08-05,SB1,0.28926,synthetic_demo,synthetic soil bucket proxy,True
2016-08-06,SB1,0.29901,synthetic_demo,synthetic soil bucket proxy,True
2016-08-07,SB1,0.28258,synthetic_demo,synthetic soil bucket proxy,True
2016-08-08,SB1,0.29722,synthetic_demo,synthetic soil bucket proxy,True
2016-08-09,SB1,0.27553,synthetic_demo,synthetic soil bucket proxy,True
2016-08-10,SB1,0.27297,synthetic_demo,synthetic soil bucket proxy,True
2016-08-11,SB1,0.30442,synthetic_demo,synthetic soil bucket proxy,True
2016-08-12,SB1,0.27867,synthetic_demo,synthetic soil bucket proxy,True
2016-08-13,SB1,0.30053,synthetic_demo,synthetic soil bucket proxy,True
2016-08-14,SB1,0.30405,synthetic_demo,synthetic soil bucket proxy,True
2016-08-15,SB1,0.30105,synthetic_demo,synthetic soil bucket proxy,True
2016-08-16,SB1,0.29249,synthetic_demo,synthetic soil bucket proxy,True
2016-08-17,SB1,0.30831,synthetic_demo,synthetic soil bucket proxy,True
2016-08-18,SB1,0.30081,synthetic_demo,synthetic soil bucket proxy,True
2016-08-19,SB1,0.32155,synthetic_demo,synthetic soil bucket proxy,True
2016-08-20,SB1,0.31452,synthetic_demo,synthetic soil bucket proxy,True
2016-08-21,SB1,0.32344,synthetic_demo,synthetic soil bucket proxy,True
2016-08-22,SB1,0.2964,synthetic_demo,synthetic soil bucket proxy,True
2016-08-23,SB1,0.31553,synthetic_demo,synthetic soil bucket proxy,True
2016-08-24,SB1,0.31491,synthetic_demo,synthetic soil bucket proxy,True
2016-08-25,SB1,0.30057,synthetic_demo,synthetic soil bucket proxy,True
2016-08-26,SB1,0.30348,synthetic_demo,synthetic soil bucket proxy,True
2016-08-27,SB1,0.29212,synthetic_demo,synthetic soil bucket proxy,True
2016-08-28,SB1,0.3008,synthetic_demo,synthetic soil bucket proxy,True
2016-08-29,SB1,0.30044,synthetic_demo,synthetic soil bucket proxy,True
2016-08-30,SB1,0.29572,synthetic_demo,synthetic soil bucket proxy,True
2016-08-31,SB1,0.3024,synthetic_demo,synthetic soil bucket proxy,True
2016-09-01,SB1,0.31259,synthetic_demo,synthetic soil bucket proxy,True
2016-09-02,SB1,0.28603,synthetic_demo,synthetic soil bucket proxy,True
2016-09-03,SB1,0.29251,synthetic_demo,synthetic soil bucket proxy,True
2016-09-04,SB1,0.29495,synthetic_demo,synthetic soil bucket proxy,True
2016-09-05,SB1,0.29569,synthetic_demo,synthetic soil bucket proxy,True
2016-09-06,SB1,0.30485,synthetic_demo,synthetic soil bucket proxy,True
2016-09-07,SB1,0.31119,synthetic_demo,synthetic soil bucket proxy,True
2016-09-08,SB1,0.27388,synthetic_demo,synthetic soil bucket proxy,True
2016-09-09,SB1,0.30411,synthetic_demo,synthetic soil bucket proxy,True
2016-09-10,SB1,0.28061,synthetic_demo,synthetic soil bucket proxy,True
2016-09-11,SB1,0.29599,synthetic_demo,synthetic soil bucket proxy,True
2016-09-12,SB1,0.28775,synthetic_demo,synthetic soil bucket proxy,True
2016-09-13,SB1,0.32183,synthetic_demo,synthetic soil bucket proxy,True
2016-09-14,SB1,0.31701,synthetic_demo,synthetic soil bucket proxy,True
2016-09-15,SB1,0.31335,synthetic_demo,synthetic soil bucket proxy,True
2016-09-16,SB1,0.30044,synthetic_demo,synthetic soil bucket proxy,True
2016-09-17,SB1,0.31271,synthetic_demo,synthetic soil bucket proxy,True
2016-09-18,SB1,0.30325,synthetic_demo,synthetic soil bucket proxy,True
2016-09-19,SB1,0.29885,synthetic_demo,synthetic soil bucket proxy,True
2016-09-20,SB1,0.29372,synthetic_demo,synthetic soil bucket proxy,True
2016-09-21,SB1,0.29395,synthetic_demo,synthetic soil bucket proxy,True
2016-09-22,SB1,0.288,synthetic_demo,synthetic soil bucket proxy,True
2016-09-23,SB1,0.30036,synthetic_demo,synthetic soil bucket proxy,True
2016-09-24,SB1,0.31354,synthetic_demo,synthetic soil bucket proxy,True
2016-09-25,SB1,0.28487,synthetic_demo,synthetic soil bucket proxy,True
2016-09-26,SB1,0.27891,synthetic_demo,synthetic soil bucket proxy,True
2016-09-27,SB1,0.28214,synthetic_demo,synthetic soil bucket proxy,True
2016-09-28,SB1,0.28683,synthetic_demo,synthetic soil bucket proxy,True
2016-09-29,SB1,0.28279,synthetic_demo,synthetic soil bucket proxy,True
2016-09-30,SB1,0.27284,synthetic_demo,synthetic soil bucket proxy,True
2016-10-01,SB1,0.26289,synthetic_demo,synthetic soil bucket proxy,True
2016-10-02,SB1,0.26189,synthetic_demo,synthetic soil bucket proxy,True
2016-10-03,SB1,0.25341,synthetic_demo,synthetic soil bucket proxy,True
2016-10-04,SB1,0.26561,synthetic_demo,synthetic soil bucket proxy,True
2016-10-05,SB1,0.25265,synthetic_demo,synthetic soil bucket proxy,True
2016-10-06,SB1,0.25988,synthetic_demo,synthetic soil bucket proxy,True
2016-10-07,SB1,0.25408,synthetic_demo,synthetic soil bucket proxy,True
2016-10-08,SB1,0.27217,synthetic_demo,synthetic soil bucket proxy,True
2016-10-09,SB1,0.2523,synthetic_demo,synthetic soil bucket proxy,True
2016-10-10,SB1,0.2721,synthetic_demo,synthetic soil bucket proxy,True
2016-10-11,SB1,0.29054,synthetic_demo,synthetic soil bucket proxy,True
2016-10-12,SB1,0.27386,synthetic_demo,synthetic soil bucket proxy,True
2016-10-13,SB1,0.27745,synthetic_demo,synthetic soil bucket proxy,True
2016-10-14,SB1,0.26938,synthetic_demo,synthetic soil bucket proxy,True
2016-10-15,SB1,0.28428,synthetic_demo,synthetic soil bucket proxy,True
2016-10-16,SB1,0.28197,synthetic_demo,synthetic soil bucket proxy,True
2016-10-17,SB1,0.28101,synthetic_demo,synthetic soil bucket proxy,True
2016-10-18,SB1,0.26169,synthetic_demo,synthetic soil bucket proxy,True
2016-10-19,SB1,0.28301,synthetic_demo,synthetic soil bucket proxy,True
2016-10-20,SB1,0.24847,synthetic_demo,synthetic soil bucket proxy,True
2016-10-21,SB1,0.26699,synthetic_demo,synthetic soil bucket proxy,True
2016-10-22,SB1,0.26562,synthetic_demo,synthetic soil bucket proxy,True
2016-10-23,SB1,0.27608,synthetic_demo,synthetic soil bucket proxy,True
2016-10-24,SB1,0.26229,synthetic_demo,synthetic soil bucket proxy,True
2016-10-25,SB1,0.27319,synthetic_demo,synthetic soil bucket proxy,True
2016-10-26,SB1,0.2473,synthetic_demo,synthetic soil bucket proxy,True
2016-10-27,SB1,0.27183,synthetic_demo,synthetic soil bucket proxy,True
2016-10-28,SB1,0.26876,synthetic_demo,synthetic soil bucket proxy,True
2016-10-29,SB1,0.26989,synthetic_demo,synthetic soil bucket proxy,True
2016-10-30,SB1,0.26112,synthetic_demo,synthetic soil bucket proxy,True
2016-10-31,SB1,0.26543,synthetic_demo,synthetic soil bucket proxy,True
2016-11-01,SB1,0.27627,synthetic_demo,synthetic soil bucket proxy,True
2016-11-02,SB1,0.24671,synthetic_demo,synthetic soil bucket proxy,True
2016-11-03,SB1,0.27657,synthetic_demo,synthetic soil bucket proxy,True
2016-11-04,SB1,0.28946,synthetic_demo,synthetic soil bucket proxy,True
2016-11-05,SB1,0.29582,synthetic_demo,synthetic soil bucket proxy,True
2016-11-06,SB1,0.29133,synthetic_demo,synthetic soil bucket proxy,True
2016-11-07,SB1,0.29546,synthetic_demo,synthetic soil bucket proxy,True
2016-11-08,SB1,0.28633,synthetic_demo,synthetic soil bucket proxy,True
2016-11-09,SB1,0.28702,synthetic_demo,synthetic soil bucket proxy,True
2016-11-10,SB1,0.29216,synthetic_demo,synthetic soil bucket proxy,True
2016-11-11,SB1,0.28142,synthetic_demo,synthetic soil bucket proxy,True
2016-11-12,SB1,0.27777,synthetic_demo,synthetic soil bucket proxy,True
2016-11-13,SB1,0.26653,synthetic_demo,synthetic soil bucket proxy,True
2016-11-14,SB1,0.30571,synthetic_demo,synthetic soil bucket proxy,True
2016-11-15,SB1,0.2962,synthetic_demo,synthetic soil bucket proxy,True
2016-11-16,SB1,0.29417,synthetic_demo,synthetic soil bucket proxy,True
2016-11-17,SB1,0.28448,synthetic_demo,synthetic soil bucket proxy,True
2016-11-18,SB1,0.28982,synthetic_demo,synthetic soil bucket proxy,True
2016-11-19,SB1,0.28894,synthetic_demo,synthetic soil bucket proxy,True
2016-11-20,SB1,0.29347,synthetic_demo,synthetic soil bucket proxy,True
2016-11-21,SB1,0.30825,synthetic_demo,synthetic soil bucket proxy,True
2016-11-22,SB1,0.28631,synthetic_demo,synthetic soil bucket proxy,True
2016-11-23,SB1,0.29317,synthetic_demo,synthetic soil bucket proxy,True
2016-11-24,SB1,0.27661,synthetic_demo,synthetic soil bucket proxy,True
2016-11-25,SB1,0.28919,synthetic_demo,synthetic soil bucket proxy,True
2016-11-26,SB1,0.28818,synthetic_demo,synthetic soil bucket proxy,True
2016-11-27,SB1,0.28673,synthetic_demo,synthetic soil bucket proxy,True
2016-11-28,SB1,0.27656,synthetic_demo,synthetic soil bucket proxy,True
2016-11-29,SB1,0.29444,synthetic_demo,synthetic soil bucket proxy,True
2016-11-30,SB1,0.28855,synthetic_demo,synthetic soil bucket proxy,True
2016-12-01,SB1,0.30043,synthetic_demo,synthetic soil bucket proxy,True
2016-12-02,SB1,0.2969,synthetic_demo,synthetic soil bucket proxy,True
2016-12-03,SB1,0.31337,synthetic_demo,synthetic soil bucket proxy,True
2016-12-04,SB1,0.30141,synthetic_demo,synthetic soil bucket proxy,True
2016-12-05,SB1,0.30114,synthetic_demo,synthetic soil bucket proxy,True
2016-12-06,SB1,0.30875,synthetic_demo,synthetic soil bucket proxy,True
2016-12-07,SB1,0.29765,synthetic_demo,synthetic soil bucket proxy,True
2016-12-08,SB1,0.31009,synthetic_demo,synthetic soil bucket proxy,True
2016-12-09,SB1,0.29971,synthetic_demo,synthetic soil bucket proxy,True
2016-12-10,SB1,0.27904,synthetic_demo,synthetic soil bucket proxy,True
2016-12-11,SB1,0.27403,synthetic_demo,synthetic soil bucket proxy,True
2016-12-12,SB1,0.29714,synthetic_demo,synthetic soil bucket proxy,True
2016-12-13,SB1,0.26756,synthetic_demo,synthetic soil bucket proxy,True
2016-12-14,SB1,0.27531,synthetic_demo,synthetic soil bucket proxy,True
2016-12-15,SB1,0.27289,synthetic_demo,synthetic soil bucket proxy,True
2016-12-16,SB1,0.27646,synthetic_demo,synthetic soil bucket proxy,True
2016-12-17,SB1,0.26143,synthetic_demo,synthetic soil bucket proxy,True
2016-12-18,SB1,0.25696,synthetic_demo,synthetic soil bucket proxy,True
2016-12-19,SB1,0.2564,synthetic_demo,synthetic soil bucket proxy,True
2016-12-20,SB1,0.2644,synthetic_demo,synthetic soil bucket proxy,True
2016-12-21,SB1,0.25881,synthetic_demo,synthetic soil bucket proxy,True
2016-12-22,SB1,0.26331,synthetic_demo,synthetic soil bucket proxy,True
2016-12-23,SB1,0.26065,synthetic_demo,synthetic soil bucket proxy,True
2016-12-24,SB1,0.25665,synthetic_demo,synthetic soil bucket proxy,True
2016-12-25,SB1,0.26808,synthetic_demo,synthetic soil bucket proxy,True
2016-12-26,SB1,0.26174,synthetic_demo,synthetic soil bucket proxy,True
2016-12-27,SB1,0.25343,synthetic_demo,synthetic soil bucket proxy,True
2016-12-28,SB1,0.24272,synthetic_demo,synthetic soil bucket proxy,True
2016-12-29,SB1,0.24301,synthetic_demo,synthetic soil bucket proxy,True
2016-12-30,SB1,0.24985,synthetic_demo,synthetic soil bucket proxy,True
2016-12-31,SB1,0.24982,synthetic_demo,synthetic soil bucket proxy,True
2017-01-01,SB1,0.26395,synthetic_demo,synthetic soil bucket proxy,True
2017-01-02,SB1,0.24127,synthetic_demo,synthetic soil bucket proxy,True
2017-01-03,SB1,0.22642,synthetic_demo,synthetic soil bucket proxy,True
2017-01-04,SB1,0.22606,synthetic_demo,synthetic soil bucket proxy,True
2017-01-05,SB1,0.23412,synthetic_demo,synthetic soil bucket proxy,True
2017-01-06,SB1,0.23574,synthetic_demo,synthetic soil bucket proxy,True
2017-01-07,SB1,0.21686,synthetic_demo,synthetic soil bucket proxy,True
2017-01-08,SB1,0.22555,synthetic_demo,synthetic soil bucket proxy,True
2017-01-09,SB1,0.23441,synthetic_demo,synthetic soil bucket proxy,True
2017-01-10,SB1,0.22759,synthetic_demo,synthetic soil bucket proxy,True
2017-01-11,SB1,0.22968,synthetic_demo,synthetic soil bucket proxy,True
2017-01-12,SB1,0.22213,synthetic_demo,synthetic soil bucket proxy,True
2017-01-13,SB1,0.203,synthetic_demo,synthetic soil bucket proxy,True
2017-01-14,SB1,0.22107,synthetic_demo,synthetic soil bucket proxy,True
2017-01-15,SB1,0.19867,synthetic_demo,synthetic soil bucket proxy,True
2017-01-16,SB1,0.22467,synthetic_demo,synthetic soil bucket proxy,True
2017-01-17,SB1,0.21904,synthetic_demo,synthetic soil bucket proxy,True
2017-01-18,SB1,0.21223,synthetic_demo,synthetic soil bucket proxy,True
2017-01-19,SB1,0.22328,synthetic_demo,synthetic soil bucket proxy,True
2017-01-20,SB1,0.24414,synthetic_demo,synthetic soil bucket proxy,True
2017-01-21,SB1,0.23562,synthetic_demo,synthetic soil bucket proxy,True
2017-01-22,SB1,0.24034,synthetic_demo,synthetic soil bucket proxy,True
2017-01-23,SB1,0.24864,synthetic_demo,synthetic soil bucket proxy,True
2017-01-24,SB1,0.25615,synthetic_demo,synthetic soil bucket proxy,True
2017-01-25,SB1,0.2427,synthetic_demo,synthetic soil bucket proxy,True
2017-01-26,SB1,0.2322,synthetic_demo,synthetic soil bucket proxy,True
2017-01-27,SB1,0.24394,synthetic_demo,synthetic soil bucket proxy,True
2017-01-28,SB1,0.25121,synthetic_demo,synthetic soil bucket proxy,True
2017-01-29,SB1,0.21845,synthetic_demo,synthetic soil bucket proxy,True
2017-01-30,SB1,0.26692,synthetic_demo,synthetic soil bucket proxy,True
2017-01-31,SB1,0.24658,synthetic_demo,synthetic soil bucket proxy,True
2017-02-01,SB1,0.24499,synthetic_demo,synthetic soil bucket proxy,True
2017-02-02,SB1,0.24207,synthetic_demo,synthetic soil bucket proxy,True
2017-02-03,SB1,0.25249,synthetic_demo,synthetic soil bucket proxy,True
2017-02-04,SB1,0.24214,synthetic_demo,synthetic soil bucket proxy,True
2017-02-05,SB1,0.22131,synthetic_demo,synthetic soil bucket proxy,True
2017-02-06,SB1,0.23539,synthetic_demo,synthetic soil bucket proxy,True
2017-02-07,SB1,0.23729,synthetic_demo,synthetic soil bucket proxy,True
2017-02-08,SB1,0.24026,synthetic_demo,synthetic soil bucket proxy,True
2017-02-09,SB1,0.24639,synthetic_demo,synthetic soil bucket proxy,True
2017-02-10,SB1,0.23374,synthetic_demo,synthetic soil bucket proxy,True
2017-02-11,SB1,0.23886,synthetic_demo,synthetic soil bucket proxy,True
2017-02-12,SB1,0.23094,synthetic_demo,synthetic soil bucket proxy,True
2017-02-13,SB1,0.24621,synthetic_demo,synthetic soil bucket proxy,True
2017-02-14,SB1,0.2376,synthetic_demo,synthetic soil bucket proxy,True
2017-02-15,SB1,0.23714,synthetic_demo,synthetic soil bucket proxy,True
2017-02-16,SB1,0.23736,synthetic_demo,synthetic soil bucket proxy,True
2017-02-17,SB1,0.23782,synthetic_demo,synthetic soil bucket proxy,True
2017-02-18,SB1,0.2322,synthetic_demo,synthetic soil bucket proxy,True
2017-02-19,SB1,0.24865,synthetic_demo,synthetic soil bucket proxy,True
2017-02-20,SB1,0.24443,synthetic_demo,synthetic soil bucket proxy,True
2017-02-21,SB1,0.24477,synthetic_demo,synthetic soil bucket proxy,True
2017-02-22,SB1,0.24236,synthetic_demo,synthetic soil bucket proxy,True
2017-02-23,SB1,0.24848,synthetic_demo,synthetic soil bucket proxy,True
2017-02-24,SB1,0.23035,synthetic_demo,synthetic soil bucket proxy,True
2017-02-25,SB1,0.24933,synthetic_demo,synthetic soil bucket proxy,True
2017-02-26,SB1,0.24311,synthetic_demo,synthetic soil bucket proxy,True
2017-02-27,SB1,0.22822,synthetic_demo,synthetic soil bucket proxy,True
2017-02-28,SB1,0.24352,synthetic_demo,synthetic soil bucket proxy,True
2017-03-01,SB1,0.25926,synthetic_demo,synthetic soil bucket proxy,True
2017-03-02,SB1,0.24952,synthetic_demo,synthetic soil bucket proxy,True
2017-03-03,SB1,0.25324,synthetic_demo,synthetic soil bucket proxy,True
2017-03-04,SB1,0.2747,synthetic_demo,synthetic soil bucket proxy,True
2017-03-05,SB1,0.27626,synthetic_demo,synthetic soil bucket proxy,True
2017-03-06,SB1,0.2543,synthetic_demo,synthetic soil bucket proxy,True
2017-03-07,SB1,0.26774,synthetic_demo,synthetic soil bucket proxy,True
2017-03-08,SB1,0.267,synthetic_demo,synthetic soil bucket proxy,True
2017-03-09,SB1,0.25637,synthetic_demo,synthetic soil bucket proxy,True
2017-03-10,SB1,0.25853,synthetic_demo,synthetic soil bucket proxy,True
2017-03-11,SB1,0.27583,synthetic_demo,synthetic soil bucket proxy,True
2017-03-12,SB1,0.26273,synthetic_demo,synthetic soil bucket proxy,True
2017-03-13,SB1,0.28946,synthetic_demo,synthetic soil bucket proxy,True
2017-03-14,SB1,0.28868,synthetic_demo,synthetic soil bucket proxy,True
2017-03-15,SB1,0.31187,synthetic_demo,synthetic soil bucket proxy,True
2017-03-16,SB1,0.3206,synthetic_demo,synthetic soil bucket proxy,True
2017-03-17,SB1,0.33899,synthetic_demo,synthetic soil bucket proxy,True
2017-03-18,SB1,0.32191,synthetic_demo,synthetic soil bucket proxy,True
2017-03-19,SB1,0.33104,synthetic_demo,synthetic soil bucket proxy,True
2017-03-20,SB1,0.32227,synthetic_demo,synthetic soil bucket proxy,True
2017-03-21,SB1,0.28746,synthetic_demo,synthetic soil bucket proxy,True
2017-03-22,SB1,0.30336,synthetic_demo,synthetic soil bucket proxy,True
2017-03-23,SB1,0.2914,synthetic_demo,synthetic soil bucket proxy,True
2017-03-24,SB1,0.29224,synthetic_demo,synthetic soil bucket proxy,True
2017-03-25,SB1,0.28039,synthetic_demo,synthetic soil bucket proxy,True
2017-03-26,SB1,0.31007,synthetic_demo,synthetic soil bucket proxy,True
2017-03-27,SB1,0.29274,synthetic_demo,synthetic soil bucket proxy,True
2017-03-28,SB1,0.27879,synthetic_demo,synthetic soil bucket proxy,True
2017-03-29,SB1,0.30802,synthetic_demo,synthetic soil bucket proxy,True
2017-03-30,SB1,0.29527,synthetic_demo,synthetic soil bucket proxy,True
2017-03-31,SB1,0.2759,synthetic_demo,synthetic soil bucket proxy,True
2017-04-01,SB1,0.29841,synthetic_demo,synthetic soil bucket proxy,True
2017-04-02,SB1,0.27597,synthetic_demo,synthetic soil bucket proxy,True
2017-04-03,SB1,0.28625,synthetic_demo,synthetic soil bucket proxy,True
2017-04-04,SB1,0.27662,synthetic_demo,synthetic soil bucket proxy,True
2017-04-05,SB1,0.28042,synthetic_demo,synthetic soil bucket proxy,True
2017-04-06,SB1,0.29602,synthetic_demo,synthetic soil bucket proxy,True
2017-04-07,SB1,0.28166,synthetic_demo,synthetic soil bucket proxy,True
2017-04-08,SB1,0.28873,synthetic_demo,synthetic soil bucket proxy,True
2017-04-09,SB1,0.26923,synthetic_demo,synthetic soil bucket proxy,True
2017-04-10,SB1,0.27774,synthetic_demo,synthetic soil bucket proxy,True
2017-04-11,SB1,0.27881,synthetic_demo,synthetic soil bucket proxy,True
2017-04-12,SB1,0.27601,synthetic_demo,synthetic soil bucket proxy,True
2017-04-13,SB1,0.28247,synthetic_demo,synthetic soil bucket proxy,True
2017-04-14,SB1,0.27517,synthetic_demo,synthetic soil bucket proxy,True
2017-04-15,SB1,0.26719,synthetic_demo,synthetic soil bucket proxy,True
2017-04-16,SB1,0.28872,synthetic_demo,synthetic soil bucket proxy,True
2017-04-17,SB1,0.27698,synthetic_demo,synthetic soil bucket proxy,True
2017-04-18,SB1,0.27713,synthetic_demo,synthetic soil bucket proxy,True
2017-04-19,SB1,0.29368,synthetic_demo,synthetic soil bucket proxy,True
2017-04-20,SB1,0.28421,synthetic_demo,synthetic soil bucket proxy,True
2017-04-21,SB1,0.28073,synthetic_demo,synthetic soil bucket proxy,True
2017-04-22,SB1,0.29157,synthetic_demo,synthetic soil bucket proxy,True
2017-04-23,SB1,0.27917,synthetic_demo,synthetic soil bucket proxy,True
2017-04-24,SB1,0.2953,synthetic_demo,synthetic soil bucket proxy,True
2017-04-25,SB1,0.28679,synthetic_demo,synthetic soil bucket proxy,True
2017-04-26,SB1,0.28583,synthetic_demo,synthetic soil bucket proxy,True
2017-04-27,SB1,0.28937,synthetic_demo,synthetic soil bucket proxy,True
2017-04-28,SB1,0.27671,synthetic_demo,synthetic soil bucket proxy,True
2017-04-29,SB1,0.29321,synthetic_demo,synthetic soil bucket proxy,True
2017-04-30,SB1,0.26922,synthetic_demo,synthetic soil bucket proxy,True
2017-05-01,SB1,0.27959,synthetic_demo,synthetic soil bucket proxy,True
2017-05-02,SB1,0.26272,synthetic_demo,synthetic soil bucket proxy,True
2017-05-03,SB1,0.26026,synthetic_demo,synthetic soil bucket proxy,True
2017-05-04,SB1,0.25483,synthetic_demo,synthetic soil bucket proxy,True
2017-05-05,SB1,0.26709,synthetic_demo,synthetic soil bucket proxy,True
2017-05-06,SB1,0.26246,synthetic_demo,synthetic soil bucket proxy,True
2017-05-07,SB1,0.26102,synthetic_demo,synthetic soil bucket proxy,True
2017-05-08,SB1,0.25195,synthetic_demo,synthetic soil bucket proxy,True
2017-05-09,SB1,0.26745,synthetic_demo,synthetic soil bucket proxy,True
2017-05-10,SB1,0.27001,synthetic_demo,synthetic soil bucket proxy,True
2017-05-11,SB1,0.26949,synthetic_demo,synthetic soil bucket proxy,True
2017-05-12,SB1,0.25591,synthetic_demo,synthetic soil bucket proxy,True
2017-05-13,SB1,0.2592,synthetic_demo,synthetic soil bucket proxy,True
2017-05-14,SB1,0.20952,synthetic_demo,synthetic soil bucket proxy,True
2017-05-15,SB1,0.21529,synthetic_demo,synthetic soil bucket proxy,True
2017-05-16,SB1,0.19548,synthetic_demo,synthetic soil bucket proxy,True
2017-05-17,SB1,0.20447,synthetic_demo,synthetic soil bucket proxy,True
2017-05-18,SB1,0.20601,synthetic_demo,synthetic soil bucket proxy,True
2017-05-19,SB1,0.21418,synthetic_demo,synthetic soil bucket proxy,True
2017-05-20,SB1,0.1996,synthetic_demo,synthetic soil bucket proxy,True
2017-05-21,SB1,0.20682,synthetic_demo,synthetic soil bucket proxy,True
2017-05-22,SB1,0.22668,synthetic_demo,synthetic soil bucket proxy,True
2017-05-23,SB1,0.21837,synthetic_demo,synthetic soil bucket proxy,True
2017-05-24,SB1,0.21936,synthetic_demo,synthetic soil bucket proxy,True
2017-05-25,SB1,0.22791,synthetic_demo,synthetic soil bucket proxy,True
2017-05-26,SB1,0.21062,synthetic_demo,synthetic soil bucket proxy,True
2017-05-27,SB1,0.20051,synthetic_demo,synthetic soil bucket proxy,True
2017-05-28,SB1,0.22625,synthetic_demo,synthetic soil bucket proxy,True
2017-05-29,SB1,0.22455,synthetic_demo,synthetic soil bucket proxy,True
2017-05-30,SB1,0.22185,synthetic_demo,synthetic soil bucket proxy,True
2017-05-31,SB1,0.24282,synthetic_demo,synthetic soil bucket proxy,True
2017-06-01,SB1,0.23886,synthetic_demo,synthetic soil bucket proxy,True
2017-06-02,SB1,0.24974,synthetic_demo,synthetic soil bucket proxy,True
2017-06-03,SB1,0.25585,synthetic_demo,synthetic soil bucket proxy,True
2017-06-04,SB1,0.24766,synthetic_demo,synthetic soil bucket proxy,True
2017-06-05,SB1,0.25582,synthetic_demo,synthetic soil bucket proxy,True
2017-06-06,SB1,0.2638,synthetic_demo,synthetic soil bucket proxy,True
2017-06-07,SB1,0.24809,synthetic_demo,synthetic soil bucket proxy,True
2017-06-08,SB1,0.27506,synthetic_demo,synthetic soil bucket proxy,True
2017-06-09,SB1,0.28617,synthetic_demo,synthetic soil bucket proxy,True
2017-06-10,SB1,0.28502,synthetic_demo,synthetic soil bucket proxy,True
2017-06-11,SB1,0.27689,synthetic_demo,synthetic soil bucket proxy,True
2017-06-12,SB1,0.28234,synthetic_demo,synthetic soil bucket proxy,True
2017-06-13,SB1,0.2747,synthetic_demo,synthetic soil bucket proxy,True
2017-06-14,SB1,0.28441,synthetic_demo,synthetic soil bucket proxy,True
2017-06-15,SB1,0.26844,synthetic_demo,synthetic soil bucket proxy,True
2017-06-16,SB1,0.3137,synthetic_demo,synthetic soil bucket proxy,True
2017-06-17,SB1,0.29547,synthetic_demo,synthetic soil bucket proxy,True
2017-06-18,SB1,0.29043,synthetic_demo,synthetic soil bucket proxy,True
2017-06-19,SB1,0.29839,synthetic_demo,synthetic soil bucket proxy,True
2017-06-20,SB1,0.28262,synthetic_demo,synthetic soil bucket proxy,True
2017-06-21,SB1,0.31179,synthetic_demo,synthetic soil bucket proxy,True
2017-06-22,SB1,0.32716,synthetic_demo,synthetic soil bucket proxy,True
2017-06-23,SB1,0.30841,synthetic_demo,synthetic soil bucket proxy,True
2017-06-24,SB1,0.30943,synthetic_demo,synthetic soil bucket proxy,True
2017-06-25,SB1,0.3003,synthetic_demo,synthetic soil bucket proxy,True
2017-06-26,SB1,0.32519,synthetic_demo,synthetic soil bucket proxy,True
2017-06-27,SB1,0.29882,synthetic_demo,synthetic soil bucket proxy,True
2017-06-28,SB1,0.31599,synthetic_demo,synthetic soil bucket proxy,True
2017-06-29,SB1,0.33078,synthetic_demo,synthetic soil bucket proxy,True
2017-06-30,SB1,0.29211,synthetic_demo,synthetic soil bucket proxy,True
2017-07-01,SB1,0.29353,synthetic_demo,synthetic soil bucket proxy,True
2017-07-02,SB1,0.30451,synthetic_demo,synthetic soil bucket proxy,True
2017-07-03,SB1,0.33216,synthetic_demo,synthetic soil bucket proxy,True
2017-07-04,SB1,0.34072,synthetic_demo,synthetic soil bucket proxy,True
2017-07-05,SB1,0.33959,synthetic_demo,synthetic soil bucket proxy,True
2017-07-06,SB1,0.33209,synthetic_demo,synthetic soil bucket proxy,True
2017-07-07,SB1,0.34709,synthetic_demo,synthetic soil bucket proxy,True
2017-07-08,SB1,0.34807,synthetic_demo,synthetic soil bucket proxy,True
2017-07-09,SB1,0.36259,synthetic_demo,synthetic soil bucket proxy,True
2017-07-10,SB1,0.35514,synthetic_demo,synthetic soil bucket proxy,True
2017-07-11,SB1,0.35983,synthetic_demo,synthetic soil bucket proxy,True
2017-07-12,SB1,0.34851,synthetic_demo,synthetic soil bucket proxy,True
2017-07-13,SB1,0.36402,synthetic_demo,synthetic soil bucket proxy,True
2017-07-14,SB1,0.37746,synthetic_demo,synthetic soil bucket proxy,True
2017-07-15,SB1,0.3907,synthetic_demo,synthetic soil bucket proxy,True
2017-07-16,SB1,0.37972,synthetic_demo,synthetic soil bucket proxy,True
2017-07-17,SB1,0.38191,synthetic_demo,synthetic soil bucket proxy,True
2017-07-18,SB1,0.38763,synthetic_demo,synthetic soil bucket proxy,True
2017-07-19,SB1,0.41437,synthetic_demo,synthetic soil bucket proxy,True
2017-07-20,SB1,0.42579,synthetic_demo,synthetic soil bucket proxy,True
2017-07-21,SB1,0.39609,synthetic_demo,synthetic soil bucket proxy,True
2017-07-22,SB1,0.4104,synthetic_demo,synthetic soil bucket proxy,True
2017-07-23,SB1,0.40571,synthetic_demo,synthetic soil bucket proxy,True
2017-07-24,SB1,0.4104,synthetic_demo,synthetic soil bucket proxy,True
2017-07-25,SB1,0.42243,synthetic_demo,synthetic soil bucket proxy,True
2017-07-26,SB1,0.43502,synthetic_demo,synthetic soil bucket proxy,True
2017-07-27,SB1,0.42502,synthetic_demo,synthetic soil bucket proxy,True
2017-07-28,SB1,0.42191,synthetic_demo,synthetic soil bucket proxy,True
2017-07-29,SB1,0.40677,synthetic_demo,synthetic soil bucket proxy,True
2017-07-30,SB1,0.41239,synthetic_demo,synthetic soil bucket proxy,True
2017-07-31,SB1,0.39378,synthetic_demo,synthetic soil bucket proxy,True
2017-08-01,SB1,0.44,synthetic_demo,synthetic soil bucket proxy,True
2017-08-02,SB1,0.44,synthetic_demo,synthetic soil bucket proxy,True
2017-08-03,SB1,0.44,synthetic_demo,synthetic soil bucket proxy,True
2017-08-04,SB1,0.44,synthetic_demo,synthetic soil bucket proxy,True
2017-08-05,SB1,0.44,synthetic_demo,synthetic soil bucket proxy,True
2017-08-06,SB1,0.44,synthetic_demo,synthetic soil bucket proxy,True
2017-08-07,SB1,0.44,synthetic_demo,synthetic soil bucket proxy,True
2017-08-08,SB1,0.44,synthetic_demo,synthetic soil bucket proxy,True
2017-08-09,SB1,0.44,synthetic_demo,synthetic soil bucket proxy,True
2017-08-10,SB1,0.44,synthetic_demo,synthetic soil bucket proxy,True
2017-08-11,SB1,0.44,synthetic_demo,synthetic soil bucket proxy,True
2017-08-12,SB1,0.44,synthetic_demo,synthetic soil bucket proxy,True
2017-08-13,SB1,0.44,synthetic_demo,synthetic soil bucket proxy,True
2017-08-14,SB1,0.44,synthetic_demo,synthetic soil bucket proxy,True
2017-08-15,SB1,0.44,synthetic_demo,synthetic soil bucket proxy,True
2017-08-16,SB1,0.44,synthetic_demo,synthetic soil bucket proxy,True
2017-08-17,SB1,0.44,synthetic_demo,synthetic soil bucket proxy,True
2017-08-18,SB1,0.44,synthetic_demo,synthetic soil bucket proxy,True
2017-08-19,SB1,0.44,synthetic_demo,synthetic soil bucket proxy,True
2017-08-20,SB1,0.44,synthetic_demo,synthetic soil bucket proxy,True
2017-08-21,SB1,0.44,synthetic_demo,synthetic soil bucket proxy,True
2017-08-22,SB1,0.44,synthetic_demo,synthetic soil bucket proxy,True
2017-08-23,SB1,0.44,synthetic_demo,synthetic soil bucket proxy,True
2017-08-24,SB1,0.44,synthetic_demo,synthetic soil bucket proxy,True
2017-08-25,SB1,0.44,synthetic_demo,synthetic soil bucket proxy,True
2017-08-26,SB1,0.44,synthetic_demo,synthetic soil bucket proxy,True
2017-08-27,SB1,0.44,synthetic_demo,synthetic soil bucket proxy,True
2017-08-28,SB1,0.44,synthetic_demo,synthetic soil bucket proxy,True
2017-08-29,SB1,0.44,synthetic_demo,synthetic soil bucket proxy,True
2017-08-30,SB1,0.44,synthetic_demo,synthetic soil bucket proxy,True
2017-08-31,SB1,0.44,synthetic_demo,synthetic soil bucket proxy,True
2017-09-01,SB1,0.44,synthetic_demo,synthetic soil bucket proxy,True
2017-09-02,SB1,0.44,synthetic_demo,synthetic soil bucket proxy,True
2017-09-03,SB1,0.44,synthetic_demo,synthetic soil bucket proxy,True
2017-09-04,SB1,0.44,synthetic_demo,synthetic soil bucket proxy,True
2017-09-05,SB1,0.44,synthetic_demo,synthetic soil bucket proxy,True
2017-09-06,SB1,0.44,synthetic_demo,synthetic soil bucket proxy,True
2017-09-07,SB1,0.44,synthetic_demo,synthetic soil bucket proxy,True
2017-09-08,SB1,0.44,synthetic_demo,synthetic soil bucket proxy,True
2017-09-09,SB1,0.44,synthetic_demo,synthetic soil bucket proxy,True
2017-09-10,SB1,0.44,synthetic_demo,synthetic soil bucket proxy,True
2017-09-11,SB1,0.44,synthetic_demo,synthetic soil bucket proxy,True
2017-09-12,SB1,0.44,synthetic_demo,synthetic soil bucket proxy,True
2017-09-13,SB1,0.4243,synthetic_demo,synthetic soil bucket proxy,True
2017-09-14,SB1,0.41145,synthetic_demo,synthetic soil bucket proxy,True
2017-09-15,SB1,0.43204,synthetic_demo,synthetic soil bucket proxy,True
2017-09-16,SB1,0.43083,synthetic_demo,synthetic soil bucket proxy,True
2017-09-17,SB1,0.39837,synthetic_demo,synthetic soil bucket proxy,True
2017-09-18,SB1,0.40984,synthetic_demo,synthetic soil bucket proxy,True
2017-09-19,SB1,0.41061,synthetic_demo,synthetic soil bucket proxy,True
2017-09-20,SB1,0.41837,synthetic_demo,synthetic soil bucket proxy,True
2017-09-21,SB1,0.44,synthetic_demo,synthetic soil bucket proxy,True
2017-09-22,SB1,0.43459,synthetic_demo,synthetic soil bucket proxy,True
2017-09-23,SB1,0.44,synthetic_demo,synthetic soil bucket proxy,True
2017-09-24,SB1,0.42417,synthetic_demo,synthetic soil bucket proxy,True
2017-09-25,SB1,0.44,synthetic_demo,synthetic soil bucket proxy,True
2017-09-26,SB1,0.44,synthetic_demo,synthetic soil bucket proxy,True
2017-09-27,SB1,0.44,synthetic_demo,synthetic soil bucket proxy,True
2017-09-28,SB1,0.44,synthetic_demo,synthetic soil bucket proxy,True
2017-09-29,SB1,0.44,synthetic_demo,synthetic soil bucket proxy,True
2017-09-30,SB1,0.41175,synthetic_demo,synthetic soil bucket proxy,True
2017-10-01,SB1,0.39307,synthetic_demo,synthetic soil bucket proxy,True
2017-10-02,SB1,0.3761,synthetic_demo,synthetic soil bucket proxy,True
2017-10-03,SB1,0.41,synthetic_demo,synthetic soil bucket proxy,True
2017-10-04,SB1,0.392,synthetic_demo,synthetic soil bucket proxy,True
2017-10-05,SB1,0.40333,synthetic_demo,synthetic soil bucket proxy,True
2017-10-06,SB1,0.39745,synthetic_demo,synthetic soil bucket proxy,True
2017-10-07,SB1,0.40881,synthetic_demo,synthetic soil bucket proxy,True
2017-10-08,SB1,0.44,synthetic_demo,synthetic soil bucket proxy,True
2017-10-09,SB1,0.44,synthetic_demo,synthetic soil bucket proxy,True
2017-10-10,SB1,0.44,synthetic_demo,synthetic soil bucket proxy,True
2017-10-11,SB1,0.43896,synthetic_demo,synthetic soil bucket proxy,True
2017-10-12,SB1,0.44,synthetic_demo,synthetic soil bucket proxy,True
2017-10-13,SB1,0.44,synthetic_demo,synthetic soil bucket proxy,True
2017-10-14,SB1,0.44,synthetic_demo,synthetic soil bucket proxy,True
2017-10-15,SB1,0.44,synthetic_demo,synthetic soil bucket proxy,True
2017-10-16,SB1,0.44,synthetic_demo,synthetic soil bucket proxy,True
2017-10-17,SB1,0.42674,synthetic_demo,synthetic soil bucket proxy,True
2017-10-18,SB1,0.44,synthetic_demo,synthetic soil bucket proxy,True
2017-10-19,SB1,0.43539,synthetic_demo,synthetic soil bucket proxy,True
2017-10-20,SB1,0.44,synthetic_demo,synthetic soil bucket proxy,True
2017-10-21,SB1,0.44,synthetic_demo,synthetic soil bucket proxy,True
2017-10-22,SB1,0.44,synthetic_demo,synthetic soil bucket proxy,True
2017-10-23,SB1,0.44,synthetic_demo,synthetic soil bucket proxy,True
2017-10-24,SB1,0.44,synthetic_demo,synthetic soil bucket proxy,True
2017-10-25,SB1,0.44,synthetic_demo,synthetic soil bucket proxy,True
2017-10-26,SB1,0.44,synthetic_demo,synthetic soil bucket proxy,True
2017-10-27,SB1,0.44,synthetic_demo,synthetic soil bucket proxy,True
2017-10-28,SB1,0.44,synthetic_demo,synthetic soil bucket proxy,True
2017-10-29,SB1,0.44,synthetic_demo,synthetic soil bucket proxy,True
2017-10-30,SB1,0.44,synthetic_demo,synthetic soil bucket proxy,True
2017-10-31,SB1,0.44,synthetic_demo,synthetic soil bucket proxy,True
2017-11-01,SB1,0.44,synthetic_demo,synthetic soil bucket proxy,True
2017-11-02,SB1,0.44,synthetic_demo,synthetic soil bucket proxy,True
2017-11-03,SB1,0.44,synthetic_demo,synthetic soil bucket proxy,True
2017-11-04,SB1,0.44,synthetic_demo,synthetic soil bucket proxy,True
2017-11-05,SB1,0.44,synthetic_demo,synthetic soil bucket proxy,True
2017-11-06,SB1,0.44,synthetic_demo,synthetic soil bucket proxy,True
2017-11-07,SB1,0.44,synthetic_demo,synthetic soil bucket proxy,True
2017-11-08,SB1,0.44,synthetic_demo,synthetic soil bucket proxy,True
2017-11-09,SB1,0.44,synthetic_demo,synthetic soil bucket proxy,True
2017-11-10,SB1,0.44,synthetic_demo,synthetic soil bucket proxy,True
2017-11-11,SB1,0.44,synthetic_demo,synthetic soil bucket proxy,True
2017-11-12,SB1,0.44,synthetic_demo,synthetic soil bucket proxy,True
2017-11-13,SB1,0.44,synthetic_demo,synthetic soil bucket proxy,True
2017-11-14,SB1,0.44,synthetic_demo,synthetic soil bucket proxy,True
2017-11-15,SB1,0.44,synthetic_demo,synthetic soil bucket proxy,True
2017-11-16,SB1,0.44,synthetic_demo,synthetic soil bucket proxy,True
2017-11-17,SB1,0.44,synthetic_demo,synthetic soil bucket proxy,True
2017-11-18,SB1,0.44,synthetic_demo,synthetic soil bucket proxy,True
2017-11-19,SB1,0.44,synthetic_demo,synthetic soil bucket proxy,True
2017-11-20,SB1,0.44,synthetic_demo,synthetic soil bucket proxy,True
2017-11-21,SB1,0.44,synthetic_demo,synthetic soil bucket proxy,True
2017-11-22,SB1,0.44,synthetic_demo,synthetic soil bucket proxy,True
2017-11-23,SB1,0.44,synthetic_demo,synthetic soil bucket proxy,True
2017-11-24,SB1,0.44,synthetic_demo,synthetic soil bucket proxy,True
2017-11-25,SB1,0.44,synthetic_demo,synthetic soil bucket proxy,True
2017-11-26,SB1,0.44,synthetic_demo,synthetic soil bucket proxy,True
2017-11-27,SB1,0.44,synthetic_demo,synthetic soil bucket proxy,True
2017-11-28,SB1,0.44,synthetic_demo,synthetic soil bucket proxy,True
2017-11-29,SB1,0.44,synthetic_demo,synthetic soil bucket proxy,True
2017-11-30,SB1,0.44,synthetic_demo,synthetic soil bucket proxy,True
2017-12-01,SB1,0.44,synthetic_demo,synthetic soil bucket proxy,True
2017-12-02,SB1,0.43127,synthetic_demo,synthetic soil bucket proxy,True
2017-12-03,SB1,0.42781,synthetic_demo,synthetic soil bucket proxy,True
2017-12-04,SB1,0.42304,synthetic_demo,synthetic soil bucket proxy,True
2017-12-05,SB1,0.44,synthetic_demo,synthetic soil bucket proxy,True
2017-12-06,SB1,0.43211,synthetic_demo,synthetic soil bucket proxy,True
2017-12-07,SB1,0.37603,synthetic_demo,synthetic soil bucket proxy,True
2017-12-08,SB1,0.36816,synthetic_demo,synthetic soil bucket proxy,True
2017-12-09,SB1,0.34757,synthetic_demo,synthetic soil bucket proxy,True
2017-12-10,SB1,0.3639,synthetic_demo,synthetic soil bucket proxy,True
2017-12-11,SB1,0.39337,synthetic_demo,synthetic soil bucket proxy,True
2017-12-12,SB1,0.38336,synthetic_demo,synthetic soil bucket proxy,True
2017-12-13,SB1,0.42536,synthetic_demo,synthetic soil bucket proxy,True
2017-12-14,SB1,0.41995,synthetic_demo,synthetic soil bucket proxy,True
2017-12-15,SB1,0.42114,synthetic_demo,synthetic soil bucket proxy,True
2017-12-16,SB1,0.43227,synthetic_demo,synthetic soil bucket proxy,True
2017-12-17,SB1,0.44,synthetic_demo,synthetic soil bucket proxy,True
2017-12-18,SB1,0.44,synthetic_demo,synthetic soil bucket proxy,True
2017-12-19,SB1,0.44,synthetic_demo,synthetic soil bucket proxy,True
2017-12-20,SB1,0.44,synthetic_demo,synthetic soil bucket proxy,True
2017-12-21,SB1,0.44,synthetic_demo,synthetic soil bucket proxy,True
2017-12-22,SB1,0.43863,synthetic_demo,synthetic soil bucket proxy,True
2017-12-23,SB1,0.43865,synthetic_demo,synthetic soil bucket proxy,True
2017-12-24,SB1,0.4386,synthetic_demo,synthetic soil bucket proxy,True
2017-12-25,SB1,0.44,synthetic_demo,synthetic soil bucket proxy,True
2017-12-26,SB1,0.44,synthetic_demo,synthetic soil bucket proxy,True
2017-12-27,SB1,0.44,synthetic_demo,synthetic soil bucket proxy,True
2017-12-28,SB1,0.44,synthetic_demo,synthetic soil bucket proxy,True
2017-12-29,SB1,0.44,synthetic_demo,synthetic soil bucket proxy,True
2017-12-30,SB1,0.44,synthetic_demo,synthetic soil bucket proxy,True
2017-12-31,SB1,0.44,synthetic_demo,synthetic soil bucket proxy,True
2018-01-01,SB1,0.44,synthetic_demo,synthetic soil bucket proxy,True
2018-01-02,SB1,0.44,synthetic_demo,synthetic soil bucket proxy,True
2018-01-03,SB1,0.44,synthetic_demo,synthetic soil bucket proxy,True
2018-01-04,SB1,0.44,synthetic_demo,synthetic soil bucket proxy,True
2018-01-05,SB1,0.44,synthetic_demo,synthetic soil bucket proxy,True
2018-01-06,SB1,0.44,synthetic_demo,synthetic soil bucket proxy,True
2018-01-07,SB1,0.44,synthetic_demo,synthetic soil bucket proxy,True
2018-01-08,SB1,0.41423,synthetic_demo,synthetic soil bucket proxy,True
2018-01-09,SB1,0.40171,synthetic_demo,synthetic soil bucket proxy,True
2018-01-10,SB1,0.42265,synthetic_demo,synthetic soil bucket proxy,True
2018-01-11,SB1,0.42599,synthetic_demo,synthetic soil bucket proxy,True
2018-01-12,SB1,0.40304,synthetic_demo,synthetic soil bucket proxy,True
2018-01-13,SB1,0.39587,synthetic_demo,synthetic soil bucket proxy,True
2018-01-14,SB1,0.37921,synthetic_demo,synthetic soil bucket proxy,True
2018-01-15,SB1,0.37642,synthetic_demo,synthetic soil bucket proxy,True
2018-01-16,SB1,0.37601,synthetic_demo,synthetic soil bucket proxy,True
2018-01-17,SB1,0.37894,synthetic_demo,synthetic soil bucket proxy,True
2018-01-18,SB1,0.38095,synthetic_demo,synthetic soil bucket proxy,True
2018-01-19,SB1,0.37827,synthetic_demo,synthetic soil bucket proxy,True
2018-01-20,SB1,0.37892,synthetic_demo,synthetic soil bucket proxy,True
2018-01-21,SB1,0.38612,synthetic_demo,synthetic soil bucket proxy,True
2018-01-22,SB1,0.38871,synthetic_demo,synthetic soil bucket proxy,True
2018-01-23,SB1,0.35782,synthetic_demo,synthetic soil bucket proxy,True
2018-01-24,SB1,0.37151,synthetic_demo,synthetic soil bucket proxy,True
2018-01-25,SB1,0.36005,synthetic_demo,synthetic soil bucket proxy,True
2018-01-26,SB1,0.37489,synthetic_demo,synthetic soil bucket proxy,True
2018-01-27,SB1,0.36901,synthetic_demo,synthetic soil bucket proxy,True
2018-01-28,SB1,0.36888,synthetic_demo,synthetic soil bucket proxy,True
2018-01-29,SB1,0.35662,synthetic_demo,synthetic soil bucket proxy,True
2018-01-30,SB1,0.36955,synthetic_demo,synthetic soil bucket proxy,True
2018-01-31,SB1,0.35177,synthetic_demo,synthetic soil bucket proxy,True
2018-02-01,SB1,0.35431,synthetic_demo,synthetic soil bucket proxy,True
2018-02-02,SB1,0.35245,synthetic_demo,synthetic soil bucket proxy,True
2018-02-03,SB1,0.35672,synthetic_demo,synthetic soil bucket proxy,True
2018-02-04,SB1,0.36756,synthetic_demo,synthetic soil bucket proxy,True
2018-02-05,SB1,0.34626,synthetic_demo,synthetic soil bucket proxy,True
2018-02-06,SB1,0.34231,synthetic_demo,synthetic soil bucket proxy,True
2018-02-07,SB1,0.35251,synthetic_demo,synthetic soil bucket proxy,True
2018-02-08,SB1,0.33849,synthetic_demo,synthetic soil bucket proxy,True
2018-02-09,SB1,0.33695,synthetic_demo,synthetic soil bucket proxy,True
2018-02-10,SB1,0.33652,synthetic_demo,synthetic soil bucket proxy,True
2018-02-11,SB1,0.27841,synthetic_demo,synthetic soil bucket proxy,True
2018-02-12,SB1,0.28503,synthetic_demo,synthetic soil bucket proxy,True
2018-02-13,SB1,0.28096,synthetic_demo,synthetic soil bucket proxy,True
2018-02-14,SB1,0.27527,synthetic_demo,synthetic soil bucket proxy,True
2018-02-15,SB1,0.22428,synthetic_demo,synthetic soil bucket proxy,True
2018-02-16,SB1,0.22147,synthetic_demo,synthetic soil bucket proxy,True
2018-02-17,SB1,0.24157,synthetic_demo,synthetic soil bucket proxy,True
2018-02-18,SB1,0.23205,synthetic_demo,synthetic soil bucket proxy,True
2018-02-19,SB1,0.22077,synthetic_demo,synthetic soil bucket proxy,True
2018-02-20,SB1,0.21353,synthetic_demo,synthetic soil bucket proxy,True
2018-02-21,SB1,0.21228,synthetic_demo,synthetic soil bucket proxy,True
2018-02-22,SB1,0.21273,synthetic_demo,synthetic soil bucket proxy,True
2018-02-23,SB1,0.22622,synthetic_demo,synthetic soil bucket proxy,True
2018-02-24,SB1,0.18804,synthetic_demo,synthetic soil bucket proxy,True
2018-02-25,SB1,0.17424,synthetic_demo,synthetic soil bucket proxy,True
2018-02-26,SB1,0.17979,synthetic_demo,synthetic soil bucket proxy,True
2018-02-27,SB1,0.18713,synthetic_demo,synthetic soil bucket proxy,True
2018-02-28,SB1,0.17317,synthetic_demo,synthetic soil bucket proxy,True
2018-03-01,SB1,0.18198,synthetic_demo,synthetic soil bucket proxy,True
2018-03-02,SB1,0.19246,synthetic_demo,synthetic soil bucket proxy,True
2018-03-03,SB1,0.17992,synthetic_demo,synthetic soil bucket proxy,True
2018-03-04,SB1,0.19336,synthetic_demo,synthetic soil bucket proxy,True
2018-03-05,SB1,0.187,synthetic_demo,synthetic soil bucket proxy,True
2018-03-06,SB1,0.23568,synthetic_demo,synthetic soil bucket proxy,True
2018-03-07,SB1,0.22978,synthetic_demo,synthetic soil bucket proxy,True
2018-03-08,SB1,0.22401,synthetic_demo,synthetic soil bucket proxy,True
2018-03-09,SB1,0.24187,synthetic_demo,synthetic soil bucket proxy,True
2018-03-10,SB1,0.22818,synthetic_demo,synthetic soil bucket proxy,True
2018-03-11,SB1,0.24185,synthetic_demo,synthetic soil bucket proxy,True
2018-03-12,SB1,0.23544,synthetic_demo,synthetic soil bucket proxy,True
2018-03-13,SB1,0.21169,synthetic_demo,synthetic soil bucket proxy,True
2018-03-14,SB1,0.2341,synthetic_demo,synthetic soil bucket proxy,True
2018-03-15,SB1,0.22948,synthetic_demo,synthetic soil bucket proxy,True
2018-03-16,SB1,0.2451,synthetic_demo,synthetic soil bucket proxy,True
2018-03-17,SB1,0.25392,synthetic_demo,synthetic soil bucket proxy,True
2018-03-18,SB1,0.24733,synthetic_demo,synthetic soil bucket proxy,True
2018-03-19,SB1,0.25652,synthetic_demo,synthetic soil bucket proxy,True
2018-03-20,SB1,0.2658,synthetic_demo,synthetic soil bucket proxy,True
2018-03-21,SB1,0.25039,synthetic_demo,synthetic soil bucket proxy,True
2018-03-22,SB1,0.25316,synthetic_demo,synthetic soil bucket proxy,True
2018-03-23,SB1,0.24339,synthetic_demo,synthetic soil bucket proxy,True
2018-03-24,SB1,0.25472,synthetic_demo,synthetic soil bucket proxy,True
2018-03-25,SB1,0.24963,synthetic_demo,synthetic soil bucket proxy,True
2018-03-26,SB1,0.26604,synthetic_demo,synthetic soil bucket proxy,True
2018-03-27,SB1,0.25656,synthetic_demo,synthetic soil bucket proxy,True
2018-03-28,SB1,0.26638,synthetic_demo,synthetic soil bucket proxy,True
2018-03-29,SB1,0.25582,synthetic_demo,synthetic soil bucket proxy,True
2018-03-30,SB1,0.26391,synthetic_demo,synthetic soil bucket proxy,True
2018-03-31,SB1,0.2694,synthetic_demo,synthetic soil bucket proxy,True
2018-04-01,SB1,0.25952,synthetic_demo,synthetic soil bucket proxy,True
2018-04-02,SB1,0.2679,synthetic_demo,synthetic soil bucket proxy,True
2018-04-03,SB1,0.26371,synthetic_demo,synthetic soil bucket proxy,True
2018-04-04,SB1,0.25873,synthetic_demo,synthetic soil bucket proxy,True
2018-04-05,SB1,0.25633,synthetic_demo,synthetic soil bucket proxy,True
2018-04-06,SB1,0.26392,synthetic_demo,synthetic soil bucket proxy,True
2018-04-07,SB1,0.26405,synthetic_demo,synthetic soil bucket proxy,True
2018-04-08,SB1,0.26537,synthetic_demo,synthetic soil bucket proxy,True
2018-04-09,SB1,0.26645,synthetic_demo,synthetic soil bucket proxy,True
2018-04-10,SB1,0.25904,synthetic_demo,synthetic soil bucket proxy,True
2018-04-11,SB1,0.25837,synthetic_demo,synthetic soil bucket proxy,True
2018-04-12,SB1,0.26338,synthetic_demo,synthetic soil bucket proxy,True
2018-04-13,SB1,0.24402,synthetic_demo,synthetic soil bucket proxy,True
2018-04-14,SB1,0.26157,synthetic_demo,synthetic soil bucket proxy,True
2018-04-15,SB1,0.24753,synthetic_demo,synthetic soil bucket proxy,True
2018-04-16,SB1,0.25521,synthetic_demo,synthetic soil bucket proxy,True
2018-04-17,SB1,0.25566,synthetic_demo,synthetic soil bucket proxy,True
2018-04-18,SB1,0.25848,synthetic_demo,synthetic soil bucket proxy,True
2018-04-19,SB1,0.24747,synthetic_demo,synthetic soil bucket proxy,True
2018-04-20,SB1,0.26223,synthetic_demo,synthetic soil bucket proxy,True
2018-04-21,SB1,0.24653,synthetic_demo,synthetic soil bucket proxy,True
2018-04-22,SB1,0.2498,synthetic_demo,synthetic soil bucket proxy,True
2018-04-23,SB1,0.24702,synthetic_demo,synthetic soil bucket proxy,True
2018-04-24,SB1,0.24117,synthetic_demo,synthetic soil bucket proxy,True
2018-04-25,SB1,0.25105,synthetic_demo,synthetic soil bucket proxy,True
2018-04-26,SB1,0.26622,synthetic_demo,synthetic soil bucket proxy,True
2018-04-27,SB1,0.2513,synthetic_demo,synthetic soil bucket proxy,True
2018-04-28,SB1,0.24825,synthetic_demo,synthetic soil bucket proxy,True
2018-04-29,SB1,0.25202,synthetic_demo,synthetic soil bucket proxy,True
2018-04-30,SB1,0.25942,synthetic_demo,synthetic soil bucket proxy,True
2018-05-01,SB1,0.25984,synthetic_demo,synthetic soil bucket proxy,True
2018-05-02,SB1,0.25754,synthetic_demo,synthetic soil bucket proxy,True
2018-05-03,SB1,0.24332,synthetic_demo,synthetic soil bucket proxy,True
2018-05-04,SB1,0.25502,synthetic_demo,synthetic soil bucket proxy,True
2018-05-05,SB1,0.20299,synthetic_demo,synthetic soil bucket proxy,True
2018-05-06,SB1,0.21674,synthetic_demo,synthetic soil bucket proxy,True
2018-05-07,SB1,0.27751,synthetic_demo,synthetic soil bucket proxy,True
2018-05-08,SB1,0.28946,synthetic_demo,synthetic soil bucket proxy,True
2018-05-09,SB1,0.28981,synthetic_demo,synthetic soil bucket proxy,True
2018-05-10,SB1,0.28734,synthetic_demo,synthetic soil bucket proxy,True
2018-05-11,SB1,0.29324,synthetic_demo,synthetic soil bucket proxy,True
2018-05-12,SB1,0.27892,synthetic_demo,synthetic soil bucket proxy,True
2018-05-13,SB1,0.27787,synthetic_demo,synthetic soil bucket proxy,True
2018-05-14,SB1,0.2915,synthetic_demo,synthetic soil bucket proxy,True
2018-05-15,SB1,0.2969,synthetic_demo,synthetic soil bucket proxy,True
2018-05-16,SB1,0.24244,synthetic_demo,synthetic soil bucket proxy,True
2018-05-17,SB1,0.25708,synthetic_demo,synthetic soil bucket proxy,True
2018-05-18,SB1,0.26894,synthetic_demo,synthetic soil bucket proxy,True
2018-05-19,SB1,0.2838,synthetic_demo,synthetic soil bucket proxy,True
2018-05-20,SB1,0.31775,synthetic_demo,synthetic soil bucket proxy,True
2018-05-21,SB1,0.32437,synthetic_demo,synthetic soil bucket proxy,True
2018-05-22,SB1,0.33033,synthetic_demo,synthetic soil bucket proxy,True
2018-05-23,SB1,0.33898,synthetic_demo,synthetic soil bucket proxy,True
2018-05-24,SB1,0.34257,synthetic_demo,synthetic soil bucket proxy,True
2018-05-25,SB1,0.32898,synthetic_demo,synthetic soil bucket proxy,True
2018-05-26,SB1,0.31393,synthetic_demo,synthetic soil bucket proxy,True
2018-05-27,SB1,0.32143,synthetic_demo,synthetic soil bucket proxy,True
2018-05-28,SB1,0.31889,synthetic_demo,synthetic soil bucket proxy,True
2018-05-29,SB1,0.31659,synthetic_demo,synthetic soil bucket proxy,True
2018-05-30,SB1,0.30997,synthetic_demo,synthetic soil bucket proxy,True
2018-05-31,SB1,0.3115,synthetic_demo,synthetic soil bucket proxy,True
2018-06-01,SB1,0.30799,synthetic_demo,synthetic soil bucket proxy,True
2018-06-02,SB1,0.30158,synthetic_demo,synthetic soil bucket proxy,True
2018-06-03,SB1,0.31769,synthetic_demo,synthetic soil bucket proxy,True
2018-06-04,SB1,0.31916,synthetic_demo,synthetic soil bucket proxy,True
2018-06-05,SB1,0.31529,synthetic_demo,synthetic soil bucket proxy,True
2018-06-06,SB1,0.3169,synthetic_demo,synthetic soil bucket proxy,True
2018-06-07,SB1,0.31697,synthetic_demo,synthetic soil bucket proxy,True
2018-06-08,SB1,0.30881,synthetic_demo,synthetic soil bucket proxy,True
2018-06-09,SB1,0.31555,synthetic_demo,synthetic soil bucket proxy,True
2018-06-10,SB1,0.32839,synthetic_demo,synthetic soil bucket proxy,True
2018-06-11,SB1,0.33122,synthetic_demo,synthetic soil bucket proxy,True
2018-06-12,SB1,0.32712,synthetic_demo,synthetic soil bucket proxy,True
2018-06-13,SB1,0.32278,synthetic_demo,synthetic soil bucket proxy,True
2018-06-14,SB1,0.32328,synthetic_demo,synthetic soil bucket proxy,True
2018-06-15,SB1,0.34048,synthetic_demo,synthetic soil bucket proxy,True
2018-06-16,SB1,0.33977,synthetic_demo,synthetic soil bucket proxy,True
2018-06-17,SB1,0.33537,synthetic_demo,synthetic soil bucket proxy,True
2018-06-18,SB1,0.34839,synthetic_demo,synthetic soil bucket proxy,True
2018-06-19,SB1,0.31597,synthetic_demo,synthetic soil bucket proxy,True
2018-06-20,SB1,0.33851,synthetic_demo,synthetic soil bucket proxy,True
2018-06-21,SB1,0.33387,synthetic_demo,synthetic soil bucket proxy,True
2018-06-22,SB1,0.33468,synthetic_demo,synthetic soil bucket proxy,True
2018-06-23,SB1,0.33767,synthetic_demo,synthetic soil bucket proxy,True
2018-06-24,SB1,0.35565,synthetic_demo,synthetic soil bucket proxy,True
2018-06-25,SB1,0.36072,synthetic_demo,synthetic soil bucket proxy,True
2018-06-26,SB1,0.3633,synthetic_demo,synthetic soil bucket proxy,True
2018-06-27,SB1,0.35328,synthetic_demo,synthetic soil bucket proxy,True
2018-06-28,SB1,0.36957,synthetic_demo,synthetic soil bucket proxy,True
2018-06-29,SB1,0.37051,synthetic_demo,synthetic soil bucket proxy,True
2018-06-30,SB1,0.3873,synthetic_demo,synthetic soil bucket proxy,True
2018-07-01,SB1,0.36971,synthetic_demo,synthetic soil bucket proxy,True
2018-07-02,SB1,0.36701,synthetic_demo,synthetic soil bucket proxy,True
2018-07-03,SB1,0.38672,synthetic_demo,synthetic soil bucket proxy,True
2018-07-04,SB1,0.38953,synthetic_demo,synthetic soil bucket proxy,True
2018-07-05,SB1,0.41471,synthetic_demo,synthetic soil bucket proxy,True
2018-07-06,SB1,0.3501,synthetic_demo,synthetic soil bucket proxy,True
2018-07-07,SB1,0.33203,synthetic_demo,synthetic soil bucket proxy,True
2018-07-08,SB1,0.32303,synthetic_demo,synthetic soil bucket proxy,True
2018-07-09,SB1,0.34102,synthetic_demo,synthetic soil bucket proxy,True
2018-07-10,SB1,0.33545,synthetic_demo,synthetic soil bucket proxy,True
2018-07-11,SB1,0.32289,synthetic_demo,synthetic soil bucket proxy,True
2018-07-12,SB1,0.34633,synthetic_demo,synthetic soil bucket proxy,True
2018-07-13,SB1,0.34986,synthetic_demo,synthetic soil bucket proxy,True
2018-07-14,SB1,0.33641,synthetic_demo,synthetic soil bucket proxy,True
2018-07-15,SB1,0.3534,synthetic_demo,synthetic soil bucket proxy,True
2018-07-16,SB1,0.34127,synthetic_demo,synthetic soil bucket proxy,True
2018-07-17,SB1,0.32694,synthetic_demo,synthetic soil bucket proxy,True
2018-07-18,SB1,0.35531,synthetic_demo,synthetic soil bucket proxy,True
2018-07-19,SB1,0.29407,synthetic_demo,synthetic soil bucket proxy,True
2018-07-20,SB1,0.28438,synthetic_demo,synthetic soil bucket proxy,True
2018-07-21,SB1,0.28826,synthetic_demo,synthetic soil bucket proxy,True
2018-07-22,SB1,0.28143,synthetic_demo,synthetic soil bucket proxy,True
2018-07-23,SB1,0.27,synthetic_demo,synthetic soil bucket proxy,True
2018-07-24,SB1,0.28843,synthetic_demo,synthetic soil bucket proxy,True
2018-07-25,SB1,0.29658,synthetic_demo,synthetic soil bucket proxy,True
2018-07-26,SB1,0.27505,synthetic_demo,synthetic soil bucket proxy,True
2018-07-27,SB1,0.28654,synthetic_demo,synthetic soil bucket proxy,True
2018-07-28,SB1,0.27526,synthetic_demo,synthetic soil bucket proxy,True
2018-07-29,SB1,0.2907,synthetic_demo,synthetic soil bucket proxy,True
2018-07-30,SB1,0.28951,synthetic_demo,synthetic soil bucket proxy,True
2018-07-31,SB1,0.29555,synthetic_demo,synthetic soil bucket proxy,True
2018-08-01,SB1,0.30867,synthetic_demo,synthetic soil bucket proxy,True
2018-08-02,SB1,0.30228,synthetic_demo,synthetic soil bucket proxy,True
2018-08-03,SB1,0.30065,synthetic_demo,synthetic soil bucket proxy,True
2018-08-04,SB1,0.30297,synthetic_demo,synthetic soil bucket proxy,True
2018-08-05,SB1,0.30576,synthetic_demo,synthetic soil bucket proxy,True
2018-08-06,SB1,0.32017,synthetic_demo,synthetic soil bucket proxy,True
2018-08-07,SB1,0.31993,synthetic_demo,synthetic soil bucket proxy,True
2018-08-08,SB1,0.33269,synthetic_demo,synthetic soil bucket proxy,True
2018-08-09,SB1,0.32686,synthetic_demo,synthetic soil bucket proxy,True
2018-08-10,SB1,0.34296,synthetic_demo,synthetic soil bucket proxy,True
2018-08-11,SB1,0.33322,synthetic_demo,synthetic soil bucket proxy,True
2018-08-12,SB1,0.33689,synthetic_demo,synthetic soil bucket proxy,True
2018-08-13,SB1,0.35043,synthetic_demo,synthetic soil bucket proxy,True
2018-08-14,SB1,0.34573,synthetic_demo,synthetic soil bucket proxy,True
2018-08-15,SB1,0.33524,synthetic_demo,synthetic soil bucket proxy,True
2018-08-16,SB1,0.34146,synthetic_demo,synthetic soil bucket proxy,True
2018-08-17,SB1,0.3451,synthetic_demo,synthetic soil bucket proxy,True
2018-08-18,SB1,0.33003,synthetic_demo,synthetic soil bucket proxy,True
2018-08-19,SB1,0.34641,synthetic_demo,synthetic soil bucket proxy,True
2018-08-20,SB1,0.3516,synthetic_demo,synthetic soil bucket proxy,True
2018-08-21,SB1,0.36828,synthetic_demo,synthetic soil bucket proxy,True
2018-08-22,SB1,0.37398,synthetic_demo,synthetic soil bucket proxy,True
2018-08-23,SB1,0.33726,synthetic_demo,synthetic soil bucket proxy,True
2018-08-24,SB1,0.34843,synthetic_demo,synthetic soil bucket proxy,True
2018-08-25,SB1,0.34754,synthetic_demo,synthetic soil bucket proxy,True
2018-08-26,SB1,0.34553,synthetic_demo,synthetic soil bucket proxy,True
2018-08-27,SB1,0.3522,synthetic_demo,synthetic soil bucket proxy,True
2018-08-28,SB1,0.33146,synthetic_demo,synthetic soil bucket proxy,True
2018-08-29,SB1,0.34474,synthetic_demo,synthetic soil bucket proxy,True
2018-08-30,SB1,0.35631,synthetic_demo,synthetic soil bucket proxy,True
2018-08-31,SB1,0.34151,synthetic_demo,synthetic soil bucket proxy,True
2018-09-01,SB1,0.35869,synthetic_demo,synthetic soil bucket proxy,True
2018-09-02,SB1,0.35263,synthetic_demo,synthetic soil bucket proxy,True
2018-09-03,SB1,0.32623,synthetic_demo,synthetic soil bucket proxy,True
2018-09-04,SB1,0.32744,synthetic_demo,synthetic soil bucket proxy,True
2018-09-05,SB1,0.32146,synthetic_demo,synthetic soil bucket proxy,True
2018-09-06,SB1,0.31849,synthetic_demo,synthetic soil bucket proxy,True
2018-09-07,SB1,0.33678,synthetic_demo,synthetic soil bucket proxy,True
2018-09-08,SB1,0.32286,synthetic_demo,synthetic soil bucket proxy,True
2018-09-09,SB1,0.34638,synthetic_demo,synthetic soil bucket proxy,True
2018-09-10,SB1,0.36492,synthetic_demo,synthetic soil bucket proxy,True
2018-09-11,SB1,0.32164,synthetic_demo,synthetic soil bucket proxy,True
2018-09-12,SB1,0.36358,synthetic_demo,synthetic soil bucket proxy,True
2018-09-13,SB1,0.3698,synthetic_demo,synthetic soil bucket proxy,True
2018-09-14,SB1,0.36311,synthetic_demo,synthetic soil bucket proxy,True
2018-09-15,SB1,0.36417,synthetic_demo,synthetic soil bucket proxy,True
2018-09-16,SB1,0.35881,synthetic_demo,synthetic soil bucket proxy,True
2018-09-17,SB1,0.37238,synthetic_demo,synthetic soil bucket proxy,True
2018-09-18,SB1,0.38423,synthetic_demo,synthetic soil bucket proxy,True
2018-09-19,SB1,0.40412,synthetic_demo,synthetic soil bucket proxy,True
2018-09-20,SB1,0.39342,synthetic_demo,synthetic soil bucket proxy,True
2018-09-21,SB1,0.42955,synthetic_demo,synthetic soil bucket proxy,True
2018-09-22,SB1,0.43525,synthetic_demo,synthetic soil bucket proxy,True
2018-09-23,SB1,0.43055,synthetic_demo,synthetic soil bucket proxy,True
2018-09-24,SB1,0.43829,synthetic_demo,synthetic soil bucket proxy,True
2018-09-25,SB1,0.42926,synthetic_demo,synthetic soil bucket proxy,True
2018-09-26,SB1,0.44,synthetic_demo,synthetic soil bucket proxy,True
2018-09-27,SB1,0.44,synthetic_demo,synthetic soil bucket proxy,True
2018-09-28,SB1,0.44,synthetic_demo,synthetic soil bucket proxy,True
2018-09-29,SB1,0.44,synthetic_demo,synthetic soil bucket proxy,True
2018-09-30,SB1,0.44,synthetic_demo,synthetic soil bucket proxy,True
2018-10-01,SB1,0.44,synthetic_demo,synthetic soil bucket proxy,True
2018-10-02,SB1,0.44,synthetic_demo,synthetic soil bucket proxy,True
2018-10-03,SB1,0.44,synthetic_demo,synthetic soil bucket proxy,True
2018-10-04,SB1,0.44,synthetic_demo,synthetic soil bucket proxy,True
2018-10-05,SB1,0.44,synthetic_demo,synthetic soil bucket proxy,True
2018-10-06,SB1,0.44,synthetic_demo,synthetic soil bucket proxy,True
2018-10-07,SB1,0.44,synthetic_demo,synthetic soil bucket proxy,True
2018-10-08,SB1,0.44,synthetic_demo,synthetic soil bucket proxy,True
2018-10-09,SB1,0.44,synthetic_demo,synthetic soil bucket proxy,True
2018-10-10,SB1,0.44,synthetic_demo,synthetic soil bucket proxy,True
2018-10-11,SB1,0.44,synthetic_demo,synthetic soil bucket proxy,True
2018-10-12,SB1,0.44,synthetic_demo,synthetic soil bucket proxy,True
2018-10-13,SB1,0.44,synthetic_demo,synthetic soil bucket proxy,True
2018-10-14,SB1,0.44,synthetic_demo,synthetic soil bucket proxy,True
2018-10-15,SB1,0.44,synthetic_demo,synthetic soil bucket proxy,True
2018-10-16,SB1,0.44,synthetic_demo,synthetic soil bucket proxy,True
2018-10-17,SB1,0.44,synthetic_demo,synthetic soil bucket proxy,True
2018-10-18,SB1,0.44,synthetic_demo,synthetic soil bucket proxy,True
2018-10-19,SB1,0.44,synthetic_demo,synthetic soil bucket proxy,True
2018-10-20,SB1,0.44,synthetic_demo,synthetic soil bucket proxy,True
2018-10-21,SB1,0.44,synthetic_demo,synthetic soil bucket proxy,True
2018-10-22,SB1,0.44,synthetic_demo,synthetic soil bucket proxy,True
2018-10-23,SB1,0.44,synthetic_demo,synthetic soil bucket proxy,True
2018-10-24,SB1,0.44,synthetic_demo,synthetic soil bucket proxy,True
2018-10-25,SB1,0.44,synthetic_demo,synthetic soil bucket proxy,True
2018-10-26,SB1,0.44,synthetic_demo,synthetic soil bucket proxy,True
2018-10-27,SB1,0.44,synthetic_demo,synthetic soil bucket proxy,True
2018-10-28,SB1,0.44,synthetic_demo,synthetic soil bucket proxy,True
2018-10-29,SB1,0.44,synthetic_demo,synthetic soil bucket proxy,True
2018-10-30,SB1,0.44,synthetic_demo,synthetic soil bucket proxy,True
2018-10-31,SB1,0.44,synthetic_demo,synthetic soil bucket proxy,True
2018-11-01,SB1,0.44,synthetic_demo,synthetic soil bucket proxy,True
2018-11-02,SB1,0.44,synthetic_demo,synthetic soil bucket proxy,True
2018-11-03,SB1,0.44,synthetic_demo,synthetic soil bucket proxy,True
2018-11-04,SB1,0.44,synthetic_demo,synthetic soil bucket proxy,True
2018-11-05,SB1,0.44,synthetic_demo,synthetic soil bucket proxy,True
2018-11-06,SB1,0.44,synthetic_demo,synthetic soil bucket proxy,True
2018-11-07,SB1,0.44,synthetic_demo,synthetic soil bucket proxy,True
2018-11-08,SB1,0.44,synthetic_demo,synthetic soil bucket proxy,True
2018-11-09,SB1,0.44,synthetic_demo,synthetic soil bucket proxy,True
2018-11-10,SB1,0.44,synthetic_demo,synthetic soil bucket proxy,True
2018-11-11,SB1,0.44,synthetic_demo,synthetic soil bucket proxy,True
2018-11-12,SB1,0.44,synthetic_demo,synthetic soil bucket proxy,True
2018-11-13,SB1,0.44,synthetic_demo,synthetic soil bucket proxy,True
2018-11-14,SB1,0.44,synthetic_demo,synthetic soil bucket proxy,True
2018-11-15,SB1,0.44,synthetic_demo,synthetic soil bucket proxy,True
2018-11-16,SB1,0.44,synthetic_demo,synthetic soil bucket proxy,True
2018-11-17,SB1,0.44,synthetic_demo,synthetic soil bucket proxy,True
2018-11-18,SB1,0.44,synthetic_demo,synthetic soil bucket proxy,True
2018-11-19,SB1,0.44,synthetic_demo,synthetic soil bucket proxy,True
2018-11-20,SB1,0.44,synthetic_demo,synthetic soil bucket proxy,True
2018-11-21,SB1,0.44,synthetic_demo,synthetic soil bucket proxy,True
2018-11-22,SB1,0.44,synthetic_demo,synthetic soil bucket proxy,True
2018-11-23,SB1,0.44,synthetic_demo,synthetic soil bucket proxy,True
2018-11-24,SB1,0.44,synthetic_demo,synthetic soil bucket proxy,True
2018-11-25,SB1,0.43312,synthetic_demo,synthetic soil bucket proxy,True
2018-11-26,SB1,0.44,synthetic_demo,synthetic soil bucket proxy,True
2018-11-27,SB1,0.40972,synthetic_demo,synthetic soil bucket proxy,True
2018-11-28,SB1,0.40046,synthetic_demo,synthetic soil bucket proxy,True
2018-11-29,SB1,0.37881,synthetic_demo,synthetic soil bucket proxy,True
2018-11-30,SB1,0.38711,synthetic_demo,synthetic soil bucket proxy,True
2018-12-01,SB1,0.39642,synthetic_demo,synthetic soil bucket proxy,True
2018-12-02,SB1,0.37418,synthetic_demo,synthetic soil bucket proxy,True
2018-12-03,SB1,0.37849,synthetic_demo,synthetic soil bucket proxy,True
2018-12-04,SB1,0.37271,synthetic_demo,synthetic soil bucket proxy,True
2018-12-05,SB1,0.39972,synthetic_demo,synthetic soil bucket proxy,True
2018-12-06,SB1,0.35895,synthetic_demo,synthetic soil bucket proxy,True
2018-12-07,SB1,0.33747,synthetic_demo,synthetic soil bucket proxy,True
2018-12-08,SB1,0.39258,synthetic_demo,synthetic soil bucket proxy,True
2018-12-09,SB1,0.39109,synthetic_demo,synthetic soil bucket proxy,True
2018-12-10,SB1,0.40184,synthetic_demo,synthetic soil bucket proxy,True
2018-12-11,SB1,0.38592,synthetic_demo,synthetic soil bucket proxy,True
2018-12-12,SB1,0.39363,synthetic_demo,synthetic soil bucket proxy,True
2018-12-13,SB1,0.38638,synthetic_demo,synthetic soil bucket proxy,True
2018-12-14,SB1,0.38547,synthetic_demo,synthetic soil bucket proxy,True
2018-12-15,SB1,0.38662,synthetic_demo,synthetic soil bucket proxy,True
2018-12-16,SB1,0.4011,synthetic_demo,synthetic soil bucket proxy,True
2018-12-17,SB1,0.3804,synthetic_demo,synthetic soil bucket proxy,True
2018-12-18,SB1,0.37501,synthetic_demo,synthetic soil bucket proxy,True
2018-12-19,SB1,0.37392,synthetic_demo,synthetic soil bucket proxy,True
2018-12-20,SB1,0.37879,synthetic_demo,synthetic soil bucket proxy,True
2018-12-21,SB1,0.35746,synthetic_demo,synthetic soil bucket proxy,True
2018-12-22,SB1,0.34396,synthetic_demo,synthetic soil bucket proxy,True
2018-12-23,SB1,0.37237,synthetic_demo,synthetic soil bucket proxy,True
2018-12-24,SB1,0.39334,synthetic_demo,synthetic soil bucket proxy,True
2018-12-25,SB1,0.40825,synthetic_demo,synthetic soil bucket proxy,True
2018-12-26,SB1,0.4003,synthetic_demo,synthetic soil bucket proxy,True
2018-12-27,SB1,0.41589,synthetic_demo,synthetic soil bucket proxy,True
2018-12-28,SB1,0.41914,synthetic_demo,synthetic soil bucket proxy,True
2018-12-29,SB1,0.41602,synthetic_demo,synthetic soil bucket proxy,True
2018-12-30,SB1,0.40438,synthetic_demo,synthetic soil bucket proxy,True
2018-12-31,SB1,0.39871,synthetic_demo,synthetic soil bucket proxy,True
2019-01-01,SB1,0.42039,synthetic_demo,synthetic soil bucket proxy,True
2019-01-02,SB1,0.39299,synthetic_demo,synthetic soil bucket proxy,True
2019-01-03,SB1,0.40491,synthetic_demo,synthetic soil bucket proxy,True
2019-01-04,SB1,0.39948,synthetic_demo,synthetic soil bucket proxy,True
2019-01-05,SB1,0.43045,synthetic_demo,synthetic soil bucket proxy,True
2019-01-06,SB1,0.40064,synthetic_demo,synthetic soil bucket proxy,True
2019-01-07,SB1,0.40277,synthetic_demo,synthetic soil bucket proxy,True
2019-01-08,SB1,0.41909,synthetic_demo,synthetic soil bucket proxy,True
2019-01-09,SB1,0.40176,synthetic_demo,synthetic soil bucket proxy,True
2019-01-10,SB1,0.39903,synthetic_demo,synthetic soil bucket proxy,True
2019-01-11,SB1,0.42359,synthetic_demo,synthetic soil bucket proxy,True
2019-01-12,SB1,0.39175,synthetic_demo,synthetic soil bucket proxy,True
2019-01-13,SB1,0.39728,synthetic_demo,synthetic soil bucket proxy,True
2019-01-14,SB1,0.41688,synthetic_demo,synthetic soil bucket proxy,True
2019-01-15,SB1,0.39314,synthetic_demo,synthetic soil bucket proxy,True
2019-01-16,SB1,0.39888,synthetic_demo,synthetic soil bucket proxy,True
2019-01-17,SB1,0.39247,synthetic_demo,synthetic soil bucket proxy,True
2019-01-18,SB1,0.39299,synthetic_demo,synthetic soil bucket proxy,True
2019-01-19,SB1,0.38613,synthetic_demo,synthetic soil bucket proxy,True
2019-01-20,SB1,0.37818,synthetic_demo,synthetic soil bucket proxy,True
2019-01-21,SB1,0.38385,synthetic_demo,synthetic soil bucket proxy,True
2019-01-22,SB1,0.39014,synthetic_demo,synthetic soil bucket proxy,True
2019-01-23,SB1,0.39232,synthetic_demo,synthetic soil bucket proxy,True
2019-01-24,SB1,0.37244,synthetic_demo,synthetic soil bucket proxy,True
2019-01-25,SB1,0.38681,synthetic_demo,synthetic soil bucket proxy,True
2019-01-26,SB1,0.36136,synthetic_demo,synthetic soil bucket proxy,True
2019-01-27,SB1,0.39224,synthetic_demo,synthetic soil bucket proxy,True
2019-01-28,SB1,0.36941,synthetic_demo,synthetic soil bucket proxy,True
2019-01-29,SB1,0.38653,synthetic_demo,synthetic soil bucket proxy,True
2019-01-30,SB1,0.38748,synthetic_demo,synthetic soil bucket proxy,True
2019-01-31,SB1,0.37881,synthetic_demo,synthetic soil bucket proxy,True
2019-02-01,SB1,0.38637,synthetic_demo,synthetic soil bucket proxy,True
2019-02-02,SB1,0.37397,synthetic_demo,synthetic soil bucket proxy,True
2019-02-03,SB1,0.37527,synthetic_demo,synthetic soil bucket proxy,True
2019-02-04,SB1,0.37751,synthetic_demo,synthetic soil bucket proxy,True
2019-02-05,SB1,0.37454,synthetic_demo,synthetic soil bucket proxy,True
2019-02-06,SB1,0.31656,synthetic_demo,synthetic soil bucket proxy,True
2019-02-07,SB1,0.34099,synthetic_demo,synthetic soil bucket proxy,True
2019-02-08,SB1,0.32642,synthetic_demo,synthetic soil bucket proxy,True
2019-02-09,SB1,0.34736,synthetic_demo,synthetic soil bucket proxy,True
2019-02-10,SB1,0.34728,synthetic_demo,synthetic soil bucket proxy,True
2019-02-11,SB1,0.34986,synthetic_demo,synthetic soil bucket proxy,True
2019-02-12,SB1,0.33629,synthetic_demo,synthetic soil bucket proxy,True
2019-02-13,SB1,0.32672,synthetic_demo,synthetic soil bucket proxy,True
2019-02-14,SB1,0.32896,synthetic_demo,synthetic soil bucket proxy,True
2019-02-15,SB1,0.33849,synthetic_demo,synthetic soil bucket proxy,True
2019-02-16,SB1,0.33099,synthetic_demo,synthetic soil bucket proxy,True
2019-02-17,SB1,0.34423,synthetic_demo,synthetic soil bucket proxy,True
2019-02-18,SB1,0.34485,synthetic_demo,synthetic soil bucket proxy,True
2019-02-19,SB1,0.35935,synthetic_demo,synthetic soil bucket proxy,True
2019-02-20,SB1,0.36019,synthetic_demo,synthetic soil bucket proxy,True
2019-02-21,SB1,0.31632,synthetic_demo,synthetic soil bucket proxy,True
2019-02-22,SB1,0.29773,synthetic_demo,synthetic soil bucket proxy,True
2019-02-23,SB1,0.27646,synthetic_demo,synthetic soil bucket proxy,True
2019-02-24,SB1,0.28722,synthetic_demo,synthetic soil bucket proxy,True
2019-02-25,SB1,0.28436,synthetic_demo,synthetic soil bucket proxy,True
2019-02-26,SB1,0.26548,synthetic_demo,synthetic soil bucket proxy,True
2019-02-27,SB1,0.26384,synthetic_demo,synthetic soil bucket proxy,True
2019-02-28,SB1,0.25395,synthetic_demo,synthetic soil bucket proxy,True
2019-03-01,SB1,0.26606,synthetic_demo,synthetic soil bucket proxy,True
2019-03-02,SB1,0.25844,synthetic_demo,synthetic soil bucket proxy,True
2019-03-03,SB1,0.25438,synthetic_demo,synthetic soil bucket proxy,True
2019-03-04,SB1,0.24035,synthetic_demo,synthetic soil bucket proxy,True
2019-03-05,SB1,0.23461,synthetic_demo,synthetic soil bucket proxy,True
2019-03-06,SB1,0.23956,synthetic_demo,synthetic soil bucket proxy,True
2019-03-07,SB1,0.23473,synthetic_demo,synthetic soil bucket proxy,True
2019-03-08,SB1,0.23248,synthetic_demo,synthetic soil bucket proxy,True
2019-03-09,SB1,0.24117,synthetic_demo,synthetic soil bucket proxy,True
2019-03-10,SB1,0.25064,synthetic_demo,synthetic soil bucket proxy,True
2019-03-11,SB1,0.21882,synthetic_demo,synthetic soil bucket proxy,True
2019-03-12,SB1,0.21707,synthetic_demo,synthetic soil bucket proxy,True
2019-03-13,SB1,0.23101,synthetic_demo,synthetic soil bucket proxy,True
2019-03-14,SB1,0.22315,synthetic_demo,synthetic soil bucket proxy,True
2019-03-15,SB1,0.21613,synthetic_demo,synthetic soil bucket proxy,True
2019-03-16,SB1,0.22891,synthetic_demo,synthetic soil bucket proxy,True
2019-03-17,SB1,0.2333,synthetic_demo,synthetic soil bucket proxy,True
2019-03-18,SB1,0.25328,synthetic_demo,synthetic soil bucket proxy,True
2019-03-19,SB1,0.23742,synthetic_demo,synthetic soil bucket proxy,True
2019-03-20,SB1,0.24667,synthetic_demo,synthetic soil bucket proxy,True
2019-03-21,SB1,0.23811,synthetic_demo,synthetic soil bucket proxy,True
2019-03-22,SB1,0.26849,synthetic_demo,synthetic soil bucket proxy,True
2019-03-23,SB1,0.27669,synthetic_demo,synthetic soil bucket proxy,True
2019-03-24,SB1,0.27151,synthetic_demo,synthetic soil bucket proxy,True
2019-03-25,SB1,0.26114,synthetic_demo,synthetic soil bucket proxy,True
2019-03-26,SB1,0.27236,synthetic_demo,synthetic soil bucket proxy,True
2019-03-27,SB1,0.27372,synthetic_demo,synthetic soil bucket proxy,True
2019-03-28,SB1,0.27997,synthetic_demo,synthetic soil bucket proxy,True
2019-03-29,SB1,0.26626,synthetic_demo,synthetic soil bucket proxy,True
2019-03-30,SB1,0.25711,synthetic_demo,synthetic soil bucket proxy,True
2019-03-31,SB1,0.27038,synthetic_demo,synthetic soil bucket proxy,True
2019-04-01,SB1,0.28023,synthetic_demo,synthetic soil bucket proxy,True
2019-04-02,SB1,0.27685,synthetic_demo,synthetic soil bucket proxy,True
2019-04-03,SB1,0.27136,synthetic_demo,synthetic soil bucket proxy,True
2019-04-04,SB1,0.27439,synthetic_demo,synthetic soil bucket proxy,True
2019-04-05,SB1,0.2689,synthetic_demo,synthetic soil bucket proxy,True
2019-04-06,SB1,0.28323,synthetic_demo,synthetic soil bucket proxy,True
2019-04-07,SB1,0.26274,synthetic_demo,synthetic soil bucket proxy,True
2019-04-08,SB1,0.25134,synthetic_demo,synthetic soil bucket proxy,True
2019-04-09,SB1,0.24636,synthetic_demo,synthetic soil bucket proxy,True
2019-04-10,SB1,0.25013,synthetic_demo,synthetic soil bucket proxy,True
2019-04-11,SB1,0.25518,synthetic_demo,synthetic soil bucket proxy,True
2019-04-12,SB1,0.24232,synthetic_demo,synthetic soil bucket proxy,True
2019-04-13,SB1,0.24127,synthetic_demo,synthetic soil bucket proxy,True
2019-04-14,SB1,0.25359,synthetic_demo,synthetic soil bucket proxy,True
2019-04-15,SB1,0.24091,synthetic_demo,synthetic soil bucket proxy,True
2019-04-16,SB1,0.25218,synthetic_demo,synthetic soil bucket proxy,True
2019-04-17,SB1,0.25609,synthetic_demo,synthetic soil bucket proxy,True
2019-04-18,SB1,0.25969,synthetic_demo,synthetic soil bucket proxy,True
2019-04-19,SB1,0.24488,synthetic_demo,synthetic soil bucket proxy,True
2019-04-20,SB1,0.22082,synthetic_demo,synthetic soil bucket proxy,True
2019-04-21,SB1,0.25413,synthetic_demo,synthetic soil bucket proxy,True
2019-04-22,SB1,0.24131,synthetic_demo,synthetic soil bucket proxy,True
2019-04-23,SB1,0.24194,synthetic_demo,synthetic soil bucket proxy,True
2019-04-24,SB1,0.2424,synthetic_demo,synthetic soil bucket proxy,True
2019-04-25,SB1,0.23891,synthetic_demo,synthetic soil bucket proxy,True
2019-04-26,SB1,0.23734,synthetic_demo,synthetic soil bucket proxy,True
2019-04-27,SB1,0.24364,synthetic_demo,synthetic soil bucket proxy,True
2019-04-28,SB1,0.24681,synthetic_demo,synthetic soil bucket proxy,True
2019-04-29,SB1,0.25431,synthetic_demo,synthetic soil bucket proxy,True
2019-04-30,SB1,0.24248,synthetic_demo,synthetic soil bucket proxy,True
2019-05-01,SB1,0.25521,synthetic_demo,synthetic soil bucket proxy,True
2019-05-02,SB1,0.24709,synthetic_demo,synthetic soil bucket proxy,True
2019-05-03,SB1,0.23994,synthetic_demo,synthetic soil bucket proxy,True
2019-05-04,SB1,0.25775,synthetic_demo,synthetic soil bucket proxy,True
2019-05-05,SB1,0.24251,synthetic_demo,synthetic soil bucket proxy,True
2019-05-06,SB1,0.2579,synthetic_demo,synthetic soil bucket proxy,True
2019-05-07,SB1,0.25507,synthetic_demo,synthetic soil bucket proxy,True
2019-05-08,SB1,0.27044,synthetic_demo,synthetic soil bucket proxy,True
2019-05-09,SB1,0.25683,synthetic_demo,synthetic soil bucket proxy,True
2019-05-10,SB1,0.25262,synthetic_demo,synthetic soil bucket proxy,True
2019-05-11,SB1,0.25776,synthetic_demo,synthetic soil bucket proxy,True
2019-05-12,SB1,0.23821,synthetic_demo,synthetic soil bucket proxy,True
2019-05-13,SB1,0.24071,synthetic_demo,synthetic soil bucket proxy,True
2019-05-14,SB1,0.23768,synthetic_demo,synthetic soil bucket proxy,True
2019-05-15,SB1,0.21347,synthetic_demo,synthetic soil bucket proxy,True
2019-05-16,SB1,0.2222,synthetic_demo,synthetic soil bucket proxy,True
2019-05-17,SB1,0.22131,synthetic_demo,synthetic soil bucket proxy,True
2019-05-18,SB1,0.22999,synthetic_demo,synthetic soil bucket proxy,True
2019-05-19,SB1,0.23009,synthetic_demo,synthetic soil bucket proxy,True
2019-05-20,SB1,0.22867,synthetic_demo,synthetic soil bucket proxy,True
2019-05-21,SB1,0.17533,synthetic_demo,synthetic soil bucket proxy,True
2019-05-22,SB1,0.18972,synthetic_demo,synthetic soil bucket proxy,True
2019-05-23,SB1,0.22081,synthetic_demo,synthetic soil bucket proxy,True
2019-05-24,SB1,0.20866,synthetic_demo,synthetic soil bucket proxy,True
2019-05-25,SB1,0.22168,synthetic_demo,synthetic soil bucket proxy,True
2019-05-26,SB1,0.20064,synthetic_demo,synthetic soil bucket proxy,True
2019-05-27,SB1,0.21903,synthetic_demo,synthetic soil bucket proxy,True
2019-05-28,SB1,0.22158,synthetic_demo,synthetic soil bucket proxy,True
2019-05-29,SB1,0.21746,synthetic_demo,synthetic soil bucket proxy,True
2019-05-30,SB1,0.22346,synthetic_demo,synthetic soil bucket proxy,True
2019-05-31,SB1,0.23731,synthetic_demo,synthetic soil bucket proxy,True
2019-06-01,SB1,0.23368,synthetic_demo,synthetic soil bucket proxy,True
2019-06-02,SB1,0.24241,synthetic_demo,synthetic soil bucket proxy,True
2019-06-03,SB1,0.25514,synthetic_demo,synthetic soil bucket proxy,True
2019-06-04,SB1,0.22721,synthetic_demo,synthetic soil bucket proxy,True
2019-06-05,SB1,0.24413,synthetic_demo,synthetic soil bucket proxy,True
2019-06-06,SB1,0.23841,synthetic_demo,synthetic soil bucket proxy,True
2019-06-07,SB1,0.25189,synthetic_demo,synthetic soil bucket proxy,True
2019-06-08,SB1,0.25452,synthetic_demo,synthetic soil bucket proxy,True
2019-06-09,SB1,0.25706,synthetic_demo,synthetic soil bucket proxy,True
2019-06-10,SB1,0.25497,synthetic_demo,synthetic soil bucket proxy,True
2019-06-11,SB1,0.24552,synthetic_demo,synthetic soil bucket proxy,True
2019-06-12,SB1,0.26622,synthetic_demo,synthetic soil bucket proxy,True
2019-06-13,SB1,0.26606,synthetic_demo,synthetic soil bucket proxy,True
2019-06-14,SB1,0.26712,synthetic_demo,synthetic soil bucket proxy,True
2019-06-15,SB1,0.25895,synthetic_demo,synthetic soil bucket proxy,True
2019-06-16,SB1,0.269,synthetic_demo,synthetic soil bucket proxy,True
2019-06-17,SB1,0.26763,synthetic_demo,synthetic soil bucket proxy,True
2019-06-18,SB1,0.25934,synthetic_demo,synthetic soil bucket proxy,True
2019-06-19,SB1,0.26465,synthetic_demo,synthetic soil bucket proxy,True
2019-06-20,SB1,0.28891,synthetic_demo,synthetic soil bucket proxy,True
2019-06-21,SB1,0.26402,synthetic_demo,synthetic soil bucket proxy,True
2019-06-22,SB1,0.2726,synthetic_demo,synthetic soil bucket proxy,True
2019-06-23,SB1,0.27299,synthetic_demo,synthetic soil bucket proxy,True
2019-06-24,SB1,0.27598,synthetic_demo,synthetic soil bucket proxy,True
2019-06-25,SB1,0.2739,synthetic_demo,synthetic soil bucket proxy,True
2019-06-26,SB1,0.28529,synthetic_demo,synthetic soil bucket proxy,True
2019-06-27,SB1,0.27647,synthetic_demo,synthetic soil bucket proxy,True
2019-06-28,SB1,0.2649,synthetic_demo,synthetic soil bucket proxy,True
2019-06-29,SB1,0.27693,synthetic_demo,synthetic soil bucket proxy,True
2019-06-30,SB1,0.27612,synthetic_demo,synthetic soil bucket proxy,True
2019-07-01,SB1,0.27179,synthetic_demo,synthetic soil bucket proxy,True
2019-07-02,SB1,0.28193,synthetic_demo,synthetic soil bucket proxy,True
2019-07-03,SB1,0.27141,synthetic_demo,synthetic soil bucket proxy,True
2019-07-04,SB1,0.29681,synthetic_demo,synthetic soil bucket proxy,True
2019-07-05,SB1,0.27682,synthetic_demo,synthetic soil bucket proxy,True
2019-07-06,SB1,0.26793,synthetic_demo,synthetic soil bucket proxy,True
2019-07-07,SB1,0.27925,synthetic_demo,synthetic soil bucket proxy,True
2019-07-08,SB1,0.2818,synthetic_demo,synthetic soil bucket proxy,True
2019-07-09,SB1,0.28481,synthetic_demo,synthetic soil bucket proxy,True
2019-07-10,SB1,0.2915,synthetic_demo,synthetic soil bucket proxy,True
2019-07-11,SB1,0.29685,synthetic_demo,synthetic soil bucket proxy,True
2019-07-12,SB1,0.29147,synthetic_demo,synthetic soil bucket proxy,True
2019-07-13,SB1,0.28855,synthetic_demo,synthetic soil bucket proxy,True
2019-07-14,SB1,0.28597,synthetic_demo,synthetic soil bucket proxy,True
2019-07-15,SB1,0.29698,synthetic_demo,synthetic soil bucket proxy,True
2019-07-16,SB1,0.29385,synthetic_demo,synthetic soil bucket proxy,True
2019-07-17,SB1,0.29903,synthetic_demo,synthetic soil bucket proxy,True
2019-07-18,SB1,0.28929,synthetic_demo,synthetic soil bucket proxy,True
2019-07-19,SB1,0.29953,synthetic_demo,synthetic soil bucket proxy,True
2019-07-20,SB1,0.33414,synthetic_demo,synthetic soil bucket proxy,True
2019-07-21,SB1,0.33523,synthetic_demo,synthetic soil bucket proxy,True
2019-07-22,SB1,0.30042,synthetic_demo,synthetic soil bucket proxy,True
2019-07-23,SB1,0.3069,synthetic_demo,synthetic soil bucket proxy,True
2019-07-24,SB1,0.30361,synthetic_demo,synthetic soil bucket proxy,True
2019-07-25,SB1,0.31911,synthetic_demo,synthetic soil bucket proxy,True
2019-07-26,SB1,0.33301,synthetic_demo,synthetic soil bucket proxy,True
2019-07-27,SB1,0.35396,synthetic_demo,synthetic soil bucket proxy,True
2019-07-28,SB1,0.3575,synthetic_demo,synthetic soil bucket proxy,True
2019-07-29,SB1,0.35651,synthetic_demo,synthetic soil bucket proxy,True
2019-07-30,SB1,0.3499,synthetic_demo,synthetic soil bucket proxy,True
2019-07-31,SB1,0.35861,synthetic_demo,synthetic soil bucket proxy,True
2019-08-01,SB1,0.37897,synthetic_demo,synthetic soil bucket proxy,True
2019-08-02,SB1,0.35556,synthetic_demo,synthetic soil bucket proxy,True
2019-08-03,SB1,0.36942,synthetic_demo,synthetic soil bucket proxy,True
2019-08-04,SB1,0.35846,synthetic_demo,synthetic soil bucket proxy,True
2019-08-05,SB1,0.35923,synthetic_demo,synthetic soil bucket proxy,True
2019-08-06,SB1,0.34978,synthetic_demo,synthetic soil bucket proxy,True
2019-08-07,SB1,0.3462,synthetic_demo,synthetic soil bucket proxy,True
2019-08-08,SB1,0.32702,synthetic_demo,synthetic soil bucket proxy,True
2019-08-09,SB1,0.36671,synthetic_demo,synthetic soil bucket proxy,True
2019-08-10,SB1,0.38192,synthetic_demo,synthetic soil bucket proxy,True
2019-08-11,SB1,0.39764,synthetic_demo,synthetic soil bucket proxy,True
2019-08-12,SB1,0.39775,synthetic_demo,synthetic soil bucket proxy,True
2019-08-13,SB1,0.38634,synthetic_demo,synthetic soil bucket proxy,True
2019-08-14,SB1,0.38704,synthetic_demo,synthetic soil bucket proxy,True
2019-08-15,SB1,0.38487,synthetic_demo,synthetic soil bucket proxy,True
2019-08-16,SB1,0.3836,synthetic_demo,synthetic soil bucket proxy,True
2019-08-17,SB1,0.38362,synthetic_demo,synthetic soil bucket proxy,True
2019-08-18,SB1,0.40095,synthetic_demo,synthetic soil bucket proxy,True
2019-08-19,SB1,0.4039,synthetic_demo,synthetic soil bucket proxy,True
2019-08-20,SB1,0.40446,synthetic_demo,synthetic soil bucket proxy,True
2019-08-21,SB1,0.39134,synthetic_demo,synthetic soil bucket proxy,True
2019-08-22,SB1,0.40116,synthetic_demo,synthetic soil bucket proxy,True
2019-08-23,SB1,0.41415,synthetic_demo,synthetic soil bucket proxy,True
2019-08-24,SB1,0.42491,synthetic_demo,synthetic soil bucket proxy,True
2019-08-25,SB1,0.43638,synthetic_demo,synthetic soil bucket proxy,True
2019-08-26,SB1,0.44,synthetic_demo,synthetic soil bucket proxy,True
2019-08-27,SB1,0.44,synthetic_demo,synthetic soil bucket proxy,True
2019-08-28,SB1,0.44,synthetic_demo,synthetic soil bucket proxy,True
2019-08-29,SB1,0.44,synthetic_demo,synthetic soil bucket proxy,True
2019-08-30,SB1,0.44,synthetic_demo,synthetic soil bucket proxy,True
2019-08-31,SB1,0.44,synthetic_demo,synthetic soil bucket proxy,True
2019-09-01,SB1,0.44,synthetic_demo,synthetic soil bucket proxy,True
2019-09-02,SB1,0.44,synthetic_demo,synthetic soil bucket proxy,True
2019-09-03,SB1,0.44,synthetic_demo,synthetic soil bucket proxy,True
2019-09-04,SB1,0.44,synthetic_demo,synthetic soil bucket proxy,True
2019-09-05,SB1,0.44,synthetic_demo,synthetic soil bucket proxy,True
2019-09-06,SB1,0.44,synthetic_demo,synthetic soil bucket proxy,True
2019-09-07,SB1,0.44,synthetic_demo,synthetic soil bucket proxy,True
2019-09-08,SB1,0.44,synthetic_demo,synthetic soil bucket proxy,True
2019-09-09,SB1,0.44,synthetic_demo,synthetic soil bucket proxy,True
2019-09-10,SB1,0.44,synthetic_demo,synthetic soil bucket proxy,True
2019-09-11,SB1,0.44,synthetic_demo,synthetic soil bucket proxy,True
2019-09-12,SB1,0.44,synthetic_demo,synthetic soil bucket proxy,True
2019-09-13,SB1,0.44,synthetic_demo,synthetic soil bucket proxy,True
2019-09-14,SB1,0.44,synthetic_demo,synthetic soil bucket proxy,True
2019-09-15,SB1,0.44,synthetic_demo,synthetic soil bucket proxy,True
2019-09-16,SB1,0.44,synthetic_demo,synthetic soil bucket proxy,True
2019-09-17,SB1,0.44,synthetic_demo,synthetic soil bucket proxy,True
2019-09-18,SB1,0.44,synthetic_demo,synthetic soil bucket proxy,True
2019-09-19,SB1,0.44,synthetic_demo,synthetic soil bucket proxy,True
2019-09-20,SB1,0.44,synthetic_demo,synthetic soil bucket proxy,True
2019-09-21,SB1,0.44,synthetic_demo,synthetic soil bucket proxy,True
2019-09-22,SB1,0.44,synthetic_demo,synthetic soil bucket proxy,True
2019-09-23,SB1,0.44,synthetic_demo,synthetic soil bucket proxy,True
2019-09-24,SB1,0.44,synthetic_demo,synthetic soil bucket proxy,True
2019-09-25,SB1,0.44,synthetic_demo,synthetic soil bucket proxy,True
2019-09-26,SB1,0.44,synthetic_demo,synthetic soil bucket proxy,True
2019-09-27,SB1,0.44,synthetic_demo,synthetic soil bucket proxy,True
2019-09-28,SB1,0.44,synthetic_demo,synthetic soil bucket proxy,True
2019-09-29,SB1,0.44,synthetic_demo,synthetic soil bucket proxy,True
2019-09-30,SB1,0.44,synthetic_demo,synthetic soil bucket proxy,True
2019-10-01,SB1,0.44,synthetic_demo,synthetic soil bucket proxy,True
2019-10-02,SB1,0.44,synthetic_demo,synthetic soil bucket proxy,True
2019-10-03,SB1,0.44,synthetic_demo,synthetic soil bucket proxy,True
2019-10-04,SB1,0.44,synthetic_demo,synthetic soil bucket proxy,True
2019-10-05,SB1,0.44,synthetic_demo,synthetic soil bucket proxy,True
2019-10-06,SB1,0.44,synthetic_demo,synthetic soil bucket proxy,True
2019-10-07,SB1,0.44,synthetic_demo,synthetic soil bucket proxy,True
2019-10-08,SB1,0.44,synthetic_demo,synthetic soil bucket proxy,True
2019-10-09,SB1,0.44,synthetic_demo,synthetic soil bucket proxy,True
2019-10-10,SB1,0.44,synthetic_demo,synthetic soil bucket proxy,True
2019-10-11,SB1,0.44,synthetic_demo,synthetic soil bucket proxy,True
2019-10-12,SB1,0.44,synthetic_demo,synthetic soil bucket proxy,True
2019-10-13,SB1,0.44,synthetic_demo,synthetic soil bucket proxy,True
2019-10-14,SB1,0.44,synthetic_demo,synthetic soil bucket proxy,True
2019-10-15,SB1,0.44,synthetic_demo,synthetic soil bucket proxy,True
2019-10-16,SB1,0.44,synthetic_demo,synthetic soil bucket proxy,True
2019-10-17,SB1,0.44,synthetic_demo,synthetic soil bucket proxy,True
2019-10-18,SB1,0.44,synthetic_demo,synthetic soil bucket proxy,True
2019-10-19,SB1,0.44,synthetic_demo,synthetic soil bucket proxy,True
2019-10-20,SB1,0.44,synthetic_demo,synthetic soil bucket proxy,True
2019-10-21,SB1,0.44,synthetic_demo,synthetic soil bucket proxy,True
2019-10-22,SB1,0.44,synthetic_demo,synthetic soil bucket proxy,True
2019-10-23,SB1,0.44,synthetic_demo,synthetic soil bucket proxy,True
2019-10-24,SB1,0.44,synthetic_demo,synthetic soil bucket proxy,True
2019-10-25,SB1,0.44,synthetic_demo,synthetic soil bucket proxy,True
2019-10-26,SB1,0.44,synthetic_demo,synthetic soil bucket proxy,True
2019-10-27,SB1,0.44,synthetic_demo,synthetic soil bucket proxy,True
2019-10-28,SB1,0.44,synthetic_demo,synthetic soil bucket proxy,True
2019-10-29,SB1,0.44,synthetic_demo,synthetic soil bucket proxy,True
2019-10-30,SB1,0.44,synthetic_demo,synthetic soil bucket proxy,True
2019-10-31,SB1,0.44,synthetic_demo,synthetic soil bucket proxy,True
2019-11-01,SB1,0.44,synthetic_demo,synthetic soil bucket proxy,True
2019-11-02,SB1,0.44,synthetic_demo,synthetic soil bucket proxy,True
2019-11-03,SB1,0.44,synthetic_demo,synthetic soil bucket proxy,True
2019-11-04,SB1,0.44,synthetic_demo,synthetic soil bucket proxy,True
2019-11-05,SB1,0.44,synthetic_demo,synthetic soil bucket proxy,True
2019-11-06,SB1,0.44,synthetic_demo,synthetic soil bucket proxy,True
2019-11-07,SB1,0.44,synthetic_demo,synthetic soil bucket proxy,True
2019-11-08,SB1,0.44,synthetic_demo,synthetic soil bucket proxy,True
2019-11-09,SB1,0.44,synthetic_demo,synthetic soil bucket proxy,True
2019-11-10,SB1,0.44,synthetic_demo,synthetic soil bucket proxy,True
2019-11-11,SB1,0.44,synthetic_demo,synthetic soil bucket proxy,True
2019-11-12,SB1,0.44,synthetic_demo,synthetic soil bucket proxy,True
2019-11-13,SB1,0.44,synthetic_demo,synthetic soil bucket proxy,True
2019-11-14,SB1,0.44,synthetic_demo,synthetic soil bucket proxy,True
2019-11-15,SB1,0.44,synthetic_demo,synthetic soil bucket proxy,True
2019-11-16,SB1,0.44,synthetic_demo,synthetic soil bucket proxy,True
2019-11-17,SB1,0.44,synthetic_demo,synthetic soil bucket proxy,True
2019-11-18,SB1,0.44,synthetic_demo,synthetic soil bucket proxy,True
2019-11-19,SB1,0.44,synthetic_demo,synthetic soil bucket proxy,True
2019-11-20,SB1,0.44,synthetic_demo,synthetic soil bucket proxy,True
2019-11-21,SB1,0.44,synthetic_demo,synthetic soil bucket proxy,True
2019-11-22,SB1,0.44,synthetic_demo,synthetic soil bucket proxy,True
2019-11-23,SB1,0.44,synthetic_demo,synthetic soil bucket proxy,True
2019-11-24,SB1,0.44,synthetic_demo,synthetic soil bucket proxy,True
2019-11-25,SB1,0.44,synthetic_demo,synthetic soil bucket proxy,True
2019-11-26,SB1,0.44,synthetic_demo,synthetic soil bucket proxy,True
2019-11-27,SB1,0.44,synthetic_demo,synthetic soil bucket proxy,True
2019-11-28,SB1,0.44,synthetic_demo,synthetic soil bucket proxy,True
2019-11-29,SB1,0.42731,synthetic_demo,synthetic soil bucket proxy,True
2019-11-30,SB1,0.43158,synthetic_demo,synthetic soil bucket proxy,True
2019-12-01,SB1,0.42183,synthetic_demo,synthetic soil bucket proxy,True
2019-12-02,SB1,0.4303,synthetic_demo,synthetic soil bucket proxy,True
2019-12-03,SB1,0.41785,synthetic_demo,synthetic soil bucket proxy,True
2019-12-04,SB1,0.42477,synthetic_demo,synthetic soil bucket proxy,True
2019-12-05,SB1,0.39139,synthetic_demo,synthetic soil bucket proxy,True
2019-12-06,SB1,0.39882,synthetic_demo,synthetic soil bucket proxy,True
2019-12-07,SB1,0.39933,synthetic_demo,synthetic soil bucket proxy,True
2019-12-08,SB1,0.40932,synthetic_demo,synthetic soil bucket proxy,True
2019-12-09,SB1,0.41061,synthetic_demo,synthetic soil bucket proxy,True
2019-12-10,SB1,0.39842,synthetic_demo,synthetic soil bucket proxy,True
2019-12-11,SB1,0.38903,synthetic_demo,synthetic soil bucket proxy,True
2019-12-12,SB1,0.3848,synthetic_demo,synthetic soil bucket proxy,True
2019-12-13,SB1,0.4144,synthetic_demo,synthetic soil bucket proxy,True
2019-12-14,SB1,0.40024,synthetic_demo,synthetic soil bucket proxy,True
2019-12-15,SB1,0.4155,synthetic_demo,synthetic soil bucket proxy,True
2019-12-16,SB1,0.429,synthetic_demo,synthetic soil bucket proxy,True
2019-12-17,SB1,0.42005,synthetic_demo,synthetic soil bucket proxy,True
2019-12-18,SB1,0.42317,synthetic_demo,synthetic soil bucket proxy,True
2019-12-19,SB1,0.42688,synthetic_demo,synthetic soil bucket proxy,True
2019-12-20,SB1,0.43264,synthetic_demo,synthetic soil bucket proxy,True
2019-12-21,SB1,0.43978,synthetic_demo,synthetic soil bucket proxy,True
2019-12-22,SB1,0.44,synthetic_demo,synthetic soil bucket proxy,True
2019-12-23,SB1,0.44,synthetic_demo,synthetic soil bucket proxy,True
2019-12-24,SB1,0.42522,synthetic_demo,synthetic soil bucket proxy,True
2019-12-25,SB1,0.43903,synthetic_demo,synthetic soil bucket proxy,True
2019-12-26,SB1,0.42984,synthetic_demo,synthetic soil bucket proxy,True
2019-12-27,SB1,0.43821,synthetic_demo,synthetic soil bucket proxy,True
2019-12-28,SB1,0.40873,synthetic_demo,synthetic soil bucket proxy,True
2019-12-29,SB1,0.42125,synthetic_demo,synthetic soil bucket proxy,True
2019-12-30,SB1,0.41417,synthetic_demo,synthetic soil bucket proxy,True
2019-12-31,SB1,0.41302,synthetic_demo,synthetic soil bucket proxy,True
