date,subbasin_id,streamflow_cms,quality_status,source,synthetic_demo
2000-01-01,OUTLET,0.01186,synthetic_demo,synthetic lagged rainfall response,True
2000-01-02,OUTLET,0.01432,synthetic_demo,synthetic lagged rainfall response,True
2000-01-03,OUTLET,0.13132,synthetic_demo,synthetic lagged rainfall response,True
2000-01-04,OUTLET,0.10671,synthetic_demo,synthetic lagged rainfall response,True
2000-01-05,OUTLET,0.07274,synthetic_demo,synthetic lagged rainfall response,True
2000-01-06,OUTLET,0.10451,synthetic_demo,synthetic lagged rainfall response,True
2000-01-07,OUTLET,0.09921,synthetic_demo,synthetic lagged rainfall response,True
2000-01-08,OUTLET,0.10214,synthetic_demo,synthetic lagged rainfall response,True
2000-01-09,OUTLET,0.07061,synthetic_demo,synthetic lagged rainfall response,True
2000-01-10,OUTLET,0.08975,synthetic_demo,synthetic lagged rainfall response,True
2000-01-11,OUTLET,0.08812,synthetic_demo,synthetic lagged rainfall response,True
2000-01-12,OUTLET,0.07168,synthetic_demo,synthetic lagged rainfall response,True
2000-01-13,OUTLET,0.05566,synthetic_demo,synthetic lagged rainfall response,True
2000-01-14,OUTLET,0.06041,synthetic_demo,synthetic lagged rainfall response,True
2000-01-15,OUTLET,0.04386,synthetic_demo,synthetic lagged rainfall response,True
2000-01-16,OUTLET,0.17026,synthetic_demo,synthetic lagged rainfall response,True
2000-01-17,OUTLET,0.15506,synthetic_demo,synthetic lagged rainfall response,True
2000-01-18,OUTLET,0.1728,synthetic_demo,synthetic lagged rainfall response,True
2000-01-19,OUTLET,0.16722,synthetic_demo,synthetic lagged rainfall response,True
2000-01-20,OUTLET,0.16505,synthetic_demo,synthetic lagged rainfall response,True
2000-01-21,OUTLET,0.15612,synthetic_demo,synthetic lagged rainfall response,True
2000-01-22,OUTLET,0.11532,synthetic_demo,synthetic lagged rainfall response,True
2000-01-23,OUTLET,0.13554,synthetic_demo,synthetic lagged rainfall response,True
2000-01-24,OUTLET,0.12018,synthetic_demo,synthetic lagged rainfall response,True
2000-01-25,OUTLET,0.14051,synthetic_demo,synthetic lagged rainfall response,True
2000-01-26,OUTLET,0.14089,synthetic_demo,synthetic lagged rainfall response,True
2000-01-27,OUTLET,0.14121,synthetic_demo,synthetic lagged rainfall response,True
2000-01-28,OUTLET,0.13835,synthetic_demo,synthetic lagged rainfall response,True
2000-01-29,OUTLET,0.13656,synthetic_demo,synthetic lagged rainfall response,True
2000-01-30,OUTLET,0.13,synthetic_demo,synthetic lagged rainfall response,True
2000-01-31,OUTLET,0.13235,synthetic_demo,synthetic lagged rainfall response,True
2000-02-01,OUTLET,0.12059,synthetic_demo,synthetic lagged rainfall response,True
2000-02-02,OUTLET,0.13112,synthetic_demo,synthetic lagged rainfall response,True
2000-02-03,OUTLET,0.10069,synthetic_demo,synthetic lagged rainfall response,True
2000-02-04,OUTLET,0.11867,synthetic_demo,synthetic lagged rainfall response,True
2000-02-05,OUTLET,0.11201,synthetic_demo,synthetic lagged rainfall response,True
2000-02-06,OUTLET,0.11571,synthetic_demo,synthetic lagged rainfall response,True
2000-02-07,OUTLET,0.12297,synthetic_demo,synthetic lagged rainfall response,True
2000-02-08,OUTLET,0.11014,synthetic_demo,synthetic lagged rainfall response,True
2000-02-09,OUTLET,0.10349,synthetic_demo,synthetic lagged rainfall response,True
2000-02-10,OUTLET,0.0957,synthetic_demo,synthetic lagged rainfall response,True
2000-02-11,OUTLET,0.13697,synthetic_demo,synthetic lagged rainfall response,True
2000-02-12,OUTLET,0.10008,synthetic_demo,synthetic lagged rainfall response,True
2000-02-13,OUTLET,0.12185,synthetic_demo,synthetic lagged rainfall response,True
2000-02-14,OUTLET,0.11678,synthetic_demo,synthetic lagged rainfall response,True
2000-02-15,OUTLET,0.11812,synthetic_demo,synthetic lagged rainfall response,True
2000-02-16,OUTLET,0.10707,synthetic_demo,synthetic lagged rainfall response,True
2000-02-17,OUTLET,0.12874,synthetic_demo,synthetic lagged rainfall response,True
2000-02-18,OUTLET,0.11599,synthetic_demo,synthetic lagged rainfall response,True
2000-02-19,OUTLET,0.09837,synthetic_demo,synthetic lagged rainfall response,True
2000-02-20,OUTLET,0.10712,synthetic_demo,synthetic lagged rainfall response,True
2000-02-21,OUTLET,0.10227,synthetic_demo,synthetic lagged rainfall response,True
2000-02-22,OUTLET,0.09086,synthetic_demo,synthetic lagged rainfall response,True
2000-02-23,OUTLET,0.11628,synthetic_demo,synthetic lagged rainfall response,True
2000-02-24,OUTLET,0.13368,synthetic_demo,synthetic lagged rainfall response,True
2000-02-25,OUTLET,0.10057,synthetic_demo,synthetic lagged rainfall response,True
2000-02-26,OUTLET,0.10568,synthetic_demo,synthetic lagged rainfall response,True
2000-02-27,OUTLET,0.11702,synthetic_demo,synthetic lagged rainfall response,True
2000-02-28,OUTLET,0.10835,synthetic_demo,synthetic lagged rainfall response,True
2000-02-29,OUTLET,0.12184,synthetic_demo,synthetic lagged rainfall response,True
2000-03-01,OUTLET,0.09503,synthetic_demo,synthetic lagged rainfall response,True
2000-03-02,OUTLET,0.09574,synthetic_demo,synthetic lagged rainfall response,True
2000-03-03,OUTLET,0.13026,synthetic_demo,synthetic lagged rainfall response,True
2000-03-04,OUTLET,0.10815,synthetic_demo,synthetic lagged rainfall response,True
2000-03-05,OUTLET,0.12138,synthetic_demo,synthetic lagged rainfall response,True
2000-03-06,OUTLET,0.12417,synthetic_demo,synthetic lagged rainfall response,True
2000-03-07,OUTLET,0.09986,synthetic_demo,synthetic lagged rainfall response,True
2000-03-08,OUTLET,0.10249,synthetic_demo,synthetic lagged rainfall response,True
2000-03-09,OUTLET,0.11894,synthetic_demo,synthetic lagged rainfall response,True
2000-03-10,OUTLET,0.11908,synthetic_demo,synthetic lagged rainfall response,True
2000-03-11,OUTLET,0.10932,synthetic_demo,synthetic lagged rainfall response,True
2000-03-12,OUTLET,0.12859,synthetic_demo,synthetic lagged rainfall response,True
2000-03-13,OUTLET,0.0971,synthetic_demo,synthetic lagged rainfall response,True
2000-03-14,OUTLET,0.11809,synthetic_demo,synthetic lagged rainfall response,True
2000-03-15,OUTLET,0.10357,synthetic_demo,synthetic lagged rainfall response,True
2000-03-16,OUTLET,0.08626,synthetic_demo,synthetic lagged rainfall response,True
2000-03-17,OUTLET,0.11939,synthetic_demo,synthetic lagged rainfall response,True
2000-03-18,OUTLET,0.10738,synthetic_demo,synthetic lagged rainfall response,True
2000-03-19,OUTLET,0.12874,synthetic_demo,synthetic lagged rainfall response,True
2000-03-20,OUTLET,0.10129,synthetic_demo,synthetic lagged rainfall response,True
2000-03-21,OUTLET,0.12436,synthetic_demo,synthetic lagged rainfall response,True
2000-03-22,OUTLET,0.10637,synthetic_demo,synthetic lagged rainfall response,True
2000-03-23,OUTLET,0.10291,synthetic_demo,synthetic lagged rainfall response,True
2000-03-24,OUTLET,0.12791,synthetic_demo,synthetic lagged rainfall response,True
2000-03-25,OUTLET,0.12236,synthetic_demo,synthetic lagged rainfall response,True
2000-03-26,OUTLET,0.12531,synthetic_demo,synthetic lagged rainfall response,True
2000-03-27,OUTLET,0.12054,synthetic_demo,synthetic lagged rainfall response,True
2000-03-28,OUTLET,0.12679,synthetic_demo,synthetic lagged rainfall response,True
2000-03-29,OUTLET,0.15074,synthetic_demo,synthetic lagged rainfall response,True
2000-03-30,OUTLET,0.13673,synthetic_demo,synthetic lagged rainfall response,True
2000-03-31,OUTLET,0.11344,synthetic_demo,synthetic lagged rainfall response,True
2000-04-01,OUTLET,0.13153,synthetic_demo,synthetic lagged rainfall response,True
2000-04-02,OUTLET,0.1246,synthetic_demo,synthetic lagged rainfall response,True
2000-04-03,OUTLET,0.13181,synthetic_demo,synthetic lagged rainfall response,True
2000-04-04,OUTLET,0.11191,synthetic_demo,synthetic lagged rainfall response,True
2000-04-05,OUTLET,0.12237,synthetic_demo,synthetic lagged rainfall response,True
2000-04-06,OUTLET,0.13065,synthetic_demo,synthetic lagged rainfall response,True
2000-04-07,OUTLET,0.11667,synthetic_demo,synthetic lagged rainfall response,True
2000-04-08,OUTLET,0.15148,synthetic_demo,synthetic lagged rainfall response,True
2000-04-09,OUTLET,0.11847,synthetic_demo,synthetic lagged rainfall response,True
2000-04-10,OUTLET,0.11505,synthetic_demo,synthetic lagged rainfall response,True
2000-04-11,OUTLET,0.11503,synthetic_demo,synthetic lagged rainfall response,True
2000-04-12,OUTLET,0.11253,synthetic_demo,synthetic lagged rainfall response,True
2000-04-13,OUTLET,0.12479,synthetic_demo,synthetic lagged rainfall response,True
2000-04-14,OUTLET,0.11035,synthetic_demo,synthetic lagged rainfall response,True
2000-04-15,OUTLET,0.10334,synthetic_demo,synthetic lagged rainfall response,True
2000-04-16,OUTLET,0.10315,synthetic_demo,synthetic lagged rainfall response,True
2000-04-17,OUTLET,0.1204,synthetic_demo,synthetic lagged rainfall response,True
2000-04-18,OUTLET,0.09681,synthetic_demo,synthetic lagged rainfall response,True
2000-04-19,OUTLET,0.16012,synthetic_demo,synthetic lagged rainfall response,True
2000-04-20,OUTLET,0.17939,synthetic_demo,synthetic lagged rainfall response,True
2000-04-21,OUTLET,0.17628,synthetic_demo,synthetic lagged rainfall response,True
2000-04-22,OUTLET,0.17551,synthetic_demo,synthetic lagged rainfall response,True
2000-04-23,OUTLET,0.17731,synthetic_demo,synthetic lagged rainfall response,True
2000-04-24,OUTLET,0.17759,synthetic_demo,synthetic lagged rainfall response,True
2000-04-25,OUTLET,0.18346,synthetic_demo,synthetic lagged rainfall response,True
2000-04-26,OUTLET,0.17278,synthetic_demo,synthetic lagged rainfall response,True
2000-04-27,OUTLET,0.19715,synthetic_demo,synthetic lagged rainfall response,True
2000-04-28,OUTLET,0.21077,synthetic_demo,synthetic lagged rainfall response,True
2000-04-29,OUTLET,0.17051,synthetic_demo,synthetic lagged rainfall response,True
2000-04-30,OUTLET,0.1736,synthetic_demo,synthetic lagged rainfall response,True
2000-05-01,OUTLET,0.18329,synthetic_demo,synthetic lagged rainfall response,True
2000-05-02,OUTLET,0.19578,synthetic_demo,synthetic lagged rainfall response,True
2000-05-03,OUTLET,0.19303,synthetic_demo,synthetic lagged rainfall response,True
2000-05-04,OUTLET,0.17248,synthetic_demo,synthetic lagged rainfall response,True
2000-05-05,OUTLET,0.17561,synthetic_demo,synthetic lagged rainfall response,True
2000-05-06,OUTLET,0.20876,synthetic_demo,synthetic lagged rainfall response,True
2000-05-07,OUTLET,0.20665,synthetic_demo,synthetic lagged rainfall response,True
2000-05-08,OUTLET,0.20307,synthetic_demo,synthetic lagged rainfall response,True
2000-05-09,OUTLET,0.20771,synthetic_demo,synthetic lagged rainfall response,True
2000-05-10,OUTLET,0.226,synthetic_demo,synthetic lagged rainfall response,True
2000-05-11,OUTLET,0.21428,synthetic_demo,synthetic lagged rainfall response,True
2000-05-12,OUTLET,0.1913,synthetic_demo,synthetic lagged rainfall response,True
2000-05-13,OUTLET,0.19578,synthetic_demo,synthetic lagged rainfall response,True
2000-05-14,OUTLET,0.19359,synthetic_demo,synthetic lagged rainfall response,True
2000-05-15,OUTLET,0.18973,synthetic_demo,synthetic lagged rainfall response,True
2000-05-16,OUTLET,0.212,synthetic_demo,synthetic lagged rainfall response,True
2000-05-17,OUTLET,0.20449,synthetic_demo,synthetic lagged rainfall response,True
2000-05-18,OUTLET,0.22041,synthetic_demo,synthetic lagged rainfall response,True
2000-05-19,OUTLET,0.19949,synthetic_demo,synthetic lagged rainfall response,True
2000-05-20,OUTLET,0.20895,synthetic_demo,synthetic lagged rainfall response,True
2000-05-21,OUTLET,0.22348,synthetic_demo,synthetic lagged rainfall response,True
2000-05-22,OUTLET,0.20396,synthetic_demo,synthetic lagged rainfall response,True
2000-05-23,OUTLET,0.21905,synthetic_demo,synthetic lagged rainfall response,True
2000-05-24,OUTLET,0.19315,synthetic_demo,synthetic lagged rainfall response,True
2000-05-25,OUTLET,0.20157,synthetic_demo,synthetic lagged rainfall response,True
2000-05-26,OUTLET,0.17972,synthetic_demo,synthetic lagged rainfall response,True
2000-05-27,OUTLET,0.19568,synthetic_demo,synthetic lagged rainfall response,True
2000-05-28,OUTLET,0.20705,synthetic_demo,synthetic lagged rainfall response,True
2000-05-29,OUTLET,0.22283,synthetic_demo,synthetic lagged rainfall response,True
2000-05-30,OUTLET,0.21992,synthetic_demo,synthetic lagged rainfall response,True
2000-05-31,OUTLET,0.2148,synthetic_demo,synthetic lagged rainfall response,True
2000-06-01,OUTLET,0.20146,synthetic_demo,synthetic lagged rainfall response,True
2000-06-02,OUTLET,0.19662,synthetic_demo,synthetic lagged rainfall response,True
2000-06-03,OUTLET,0.13224,synthetic_demo,synthetic lagged rainfall response,True
2000-06-04,OUTLET,0.14485,synthetic_demo,synthetic lagged rainfall response,True
2000-06-05,OUTLET,0.14355,synthetic_demo,synthetic lagged rainfall response,True
2000-06-06,OUTLET,0.1782,synthetic_demo,synthetic lagged rainfall response,True
2000-06-07,OUTLET,0.16811,synthetic_demo,synthetic lagged rainfall response,True
2000-06-08,OUTLET,0.1899,synthetic_demo,synthetic lagged rainfall response,True
2000-06-09,OUTLET,0.18443,synthetic_demo,synthetic lagged rainfall response,True
2000-06-10,OUTLET,0.18125,synthetic_demo,synthetic lagged rainfall response,True
2000-06-11,OUTLET,0.17656,synthetic_demo,synthetic lagged rainfall response,True
2000-06-12,OUTLET,0.17278,synthetic_demo,synthetic lagged rainfall response,True
2000-06-13,OUTLET,0.15951,synthetic_demo,synthetic lagged rainfall response,True
2000-06-14,OUTLET,0.17377,synthetic_demo,synthetic lagged rainfall response,True
2000-06-15,OUTLET,0.1938,synthetic_demo,synthetic lagged rainfall response,True
2000-06-16,OUTLET,0.22175,synthetic_demo,synthetic lagged rainfall response,True
2000-06-17,OUTLET,0.19974,synthetic_demo,synthetic lagged rainfall response,True
2000-06-18,OUTLET,0.21724,synthetic_demo,synthetic lagged rainfall response,True
2000-06-19,OUTLET,0.20464,synthetic_demo,synthetic lagged rainfall response,True
2000-06-20,OUTLET,0.17549,synthetic_demo,synthetic lagged rainfall response,True
2000-06-21,OUTLET,0.25808,synthetic_demo,synthetic lagged rainfall response,True
2000-06-22,OUTLET,0.24191,synthetic_demo,synthetic lagged rainfall response,True
2000-06-23,OUTLET,0.24405,synthetic_demo,synthetic lagged rainfall response,True
2000-06-24,OUTLET,0.24596,synthetic_demo,synthetic lagged rainfall response,True
2000-06-25,OUTLET,0.26377,synthetic_demo,synthetic lagged rainfall response,True
2000-06-26,OUTLET,0.27319,synthetic_demo,synthetic lagged rainfall response,True
2000-06-27,OUTLET,0.26459,synthetic_demo,synthetic lagged rainfall response,True
2000-06-28,OUTLET,0.27675,synthetic_demo,synthetic lagged rainfall response,True
2000-06-29,OUTLET,0.27801,synthetic_demo,synthetic lagged rainfall response,True
2000-06-30,OUTLET,0.30441,synthetic_demo,synthetic lagged rainfall response,True
2000-07-01,OUTLET,0.30382,synthetic_demo,synthetic lagged rainfall response,True
2000-07-02,OUTLET,0.30842,synthetic_demo,synthetic lagged rainfall response,True
2000-07-03,OUTLET,0.28933,synthetic_demo,synthetic lagged rainfall response,True
2000-07-04,OUTLET,0.29855,synthetic_demo,synthetic lagged rainfall response,True
2000-07-05,OUTLET,0.30456,synthetic_demo,synthetic lagged rainfall response,True
2000-07-06,OUTLET,0.31671,synthetic_demo,synthetic lagged rainfall response,True
2000-07-07,OUTLET,0.32223,synthetic_demo,synthetic lagged rainfall response,True
2000-07-08,OUTLET,0.29529,synthetic_demo,synthetic lagged rainfall response,True
2000-07-09,OUTLET,0.33182,synthetic_demo,synthetic lagged rainfall response,True
2000-07-10,OUTLET,0.34591,synthetic_demo,synthetic lagged rainfall response,True
2000-07-11,OUTLET,0.33885,synthetic_demo,synthetic lagged rainfall response,True
2000-07-12,OUTLET,0.33307,synthetic_demo,synthetic lagged rainfall response,True
2000-07-13,OUTLET,0.38735,synthetic_demo,synthetic lagged rainfall response,True
2000-07-14,OUTLET,0.39461,synthetic_demo,synthetic lagged rainfall response,True
2000-07-15,OUTLET,0.37321,synthetic_demo,synthetic lagged rainfall response,True
2000-07-16,OUTLET,0.41718,synthetic_demo,synthetic lagged rainfall response,True
2000-07-17,OUTLET,0.42508,synthetic_demo,synthetic lagged rainfall response,True
2000-07-18,OUTLET,0.42393,synthetic_demo,synthetic lagged rainfall response,True
2000-07-19,OUTLET,0.4557,synthetic_demo,synthetic lagged rainfall response,True
2000-07-20,OUTLET,0.48102,synthetic_demo,synthetic lagged rainfall response,True
2000-07-21,OUTLET,0.47816,synthetic_demo,synthetic lagged rainfall response,True
2000-07-22,OUTLET,0.46205,synthetic_demo,synthetic lagged rainfall response,True
2000-07-23,OUTLET,0.47393,synthetic_demo,synthetic lagged rainfall response,True
2000-07-24,OUTLET,0.46397,synthetic_demo,synthetic lagged rainfall response,True
2000-07-25,OUTLET,0.467,synthetic_demo,synthetic lagged rainfall response,True
2000-07-26,OUTLET,0.44337,synthetic_demo,synthetic lagged rainfall response,True
2000-07-27,OUTLET,0.45871,synthetic_demo,synthetic lagged rainfall response,True
2000-07-28,OUTLET,0.47006,synthetic_demo,synthetic lagged rainfall response,True
2000-07-29,OUTLET,0.48337,synthetic_demo,synthetic lagged rainfall response,True
2000-07-30,OUTLET,0.47974,synthetic_demo,synthetic lagged rainfall response,True
2000-07-31,OUTLET,0.44425,synthetic_demo,synthetic lagged rainfall response,True
2000-08-01,OUTLET,0.47381,synthetic_demo,synthetic lagged rainfall response,True
2000-08-02,OUTLET,0.47744,synthetic_demo,synthetic lagged rainfall response,True
2000-08-03,OUTLET,0.46904,synthetic_demo,synthetic lagged rainfall response,True
2000-08-04,OUTLET,0.48157,synthetic_demo,synthetic lagged rainfall response,True
2000-08-05,OUTLET,0.46674,synthetic_demo,synthetic lagged rainfall response,True
2000-08-06,OUTLET,0.46437,synthetic_demo,synthetic lagged rainfall response,True
2000-08-07,OUTLET,0.49788,synthetic_demo,synthetic lagged rainfall response,True
2000-08-08,OUTLET,0.508,synthetic_demo,synthetic lagged rainfall response,True
2000-08-09,OUTLET,0.50105,synthetic_demo,synthetic lagged rainfall response,True
2000-08-10,OUTLET,0.49793,synthetic_demo,synthetic lagged rainfall response,True
2000-08-11,OUTLET,0.49395,synthetic_demo,synthetic lagged rainfall response,True
2000-08-12,OUTLET,0.51002,synthetic_demo,synthetic lagged rainfall response,True
2000-08-13,OUTLET,0.49624,synthetic_demo,synthetic lagged rainfall response,True
2000-08-14,OUTLET,0.47762,synthetic_demo,synthetic lagged rainfall response,True
2000-08-15,OUTLET,0.47094,synthetic_demo,synthetic lagged rainfall response,True
2000-08-16,OUTLET,0.47063,synthetic_demo,synthetic lagged rainfall response,True
2000-08-17,OUTLET,0.44903,synthetic_demo,synthetic lagged rainfall response,True
2000-08-18,OUTLET,0.47151,synthetic_demo,synthetic lagged rainfall response,True
2000-08-19,OUTLET,0.4757,synthetic_demo,synthetic lagged rainfall response,True
2000-08-20,OUTLET,0.48618,synthetic_demo,synthetic lagged rainfall response,True
2000-08-21,OUTLET,0.46626,synthetic_demo,synthetic lagged rainfall response,True
2000-08-22,OUTLET,0.46138,synthetic_demo,synthetic lagged rainfall response,True
2000-08-23,OUTLET,0.42152,synthetic_demo,synthetic lagged rainfall response,True
2000-08-24,OUTLET,0.45099,synthetic_demo,synthetic lagged rainfall response,True
2000-08-25,OUTLET,0.47005,synthetic_demo,synthetic lagged rainfall response,True
2000-08-26,OUTLET,0.47827,synthetic_demo,synthetic lagged rainfall response,True
2000-08-27,OUTLET,0.4432,synthetic_demo,synthetic lagged rainfall response,True
2000-08-28,OUTLET,0.42786,synthetic_demo,synthetic lagged rainfall response,True
2000-08-29,OUTLET,0.4238,synthetic_demo,synthetic lagged rainfall response,True
2000-08-30,OUTLET,0.41134,synthetic_demo,synthetic lagged rainfall response,True
2000-08-31,OUTLET,0.4215,synthetic_demo,synthetic lagged rainfall response,True
2000-09-01,OUTLET,0.40008,synthetic_demo,synthetic lagged rainfall response,True
2000-09-02,OUTLET,0.41274,synthetic_demo,synthetic lagged rainfall response,True
2000-09-03,OUTLET,0.38002,synthetic_demo,synthetic lagged rainfall response,True
2000-09-04,OUTLET,0.38414,synthetic_demo,synthetic lagged rainfall response,True
2000-09-05,OUTLET,0.38292,synthetic_demo,synthetic lagged rainfall response,True
2000-09-06,OUTLET,0.39802,synthetic_demo,synthetic lagged rainfall response,True
2000-09-07,OUTLET,0.36877,synthetic_demo,synthetic lagged rainfall response,True
2000-09-08,OUTLET,0.37212,synthetic_demo,synthetic lagged rainfall response,True
2000-09-09,OUTLET,0.42828,synthetic_demo,synthetic lagged rainfall response,True
2000-09-10,OUTLET,0.43155,synthetic_demo,synthetic lagged rainfall response,True
2000-09-11,OUTLET,0.42927,synthetic_demo,synthetic lagged rainfall response,True
2000-09-12,OUTLET,0.40785,synthetic_demo,synthetic lagged rainfall response,True
2000-09-13,OUTLET,0.44141,synthetic_demo,synthetic lagged rainfall response,True
2000-09-14,OUTLET,0.43598,synthetic_demo,synthetic lagged rainfall response,True
2000-09-15,OUTLET,0.41294,synthetic_demo,synthetic lagged rainfall response,True
2000-09-16,OUTLET,0.43054,synthetic_demo,synthetic lagged rainfall response,True
2000-09-17,OUTLET,0.41593,synthetic_demo,synthetic lagged rainfall response,True
2000-09-18,OUTLET,0.41042,synthetic_demo,synthetic lagged rainfall response,True
2000-09-19,OUTLET,0.41028,synthetic_demo,synthetic lagged rainfall response,True
2000-09-20,OUTLET,0.395,synthetic_demo,synthetic lagged rainfall response,True
2000-09-21,OUTLET,0.42563,synthetic_demo,synthetic lagged rainfall response,True
2000-09-22,OUTLET,0.39161,synthetic_demo,synthetic lagged rainfall response,True
2000-09-23,OUTLET,0.40808,synthetic_demo,synthetic lagged rainfall response,True
2000-09-24,OUTLET,0.41359,synthetic_demo,synthetic lagged rainfall response,True
2000-09-25,OUTLET,0.42121,synthetic_demo,synthetic lagged rainfall response,True
2000-09-26,OUTLET,0.42387,synthetic_demo,synthetic lagged rainfall response,True
2000-09-27,OUTLET,0.39987,synthetic_demo,synthetic lagged rainfall response,True
2000-09-28,OUTLET,0.4074,synthetic_demo,synthetic lagged rainfall response,True
2000-09-29,OUTLET,0.42415,synthetic_demo,synthetic lagged rainfall response,True
2000-09-30,OUTLET,0.44434,synthetic_demo,synthetic lagged rainfall response,True
2000-10-01,OUTLET,0.45917,synthetic_demo,synthetic lagged rainfall response,True
2000-10-02,OUTLET,0.43683,synthetic_demo,synthetic lagged rainfall response,True
2000-10-03,OUTLET,0.45151,synthetic_demo,synthetic lagged rainfall response,True
2000-10-04,OUTLET,0.45056,synthetic_demo,synthetic lagged rainfall response,True
2000-10-05,OUTLET,0.43608,synthetic_demo,synthetic lagged rainfall response,True
2000-10-06,OUTLET,0.43842,synthetic_demo,synthetic lagged rainfall response,True
2000-10-07,OUTLET,0.44679,synthetic_demo,synthetic lagged rainfall response,True
2000-10-08,OUTLET,0.4709,synthetic_demo,synthetic lagged rainfall response,True
2000-10-09,OUTLET,0.4307,synthetic_demo,synthetic lagged rainfall response,True
2000-10-10,OUTLET,0.41438,synthetic_demo,synthetic lagged rainfall response,True
2000-10-11,OUTLET,0.49842,synthetic_demo,synthetic lagged rainfall response,True
2000-10-12,OUTLET,0.50967,synthetic_demo,synthetic lagged rainfall response,True
2000-10-13,OUTLET,0.52257,synthetic_demo,synthetic lagged rainfall response,True
2000-10-14,OUTLET,0.51392,synthetic_demo,synthetic lagged rainfall response,True
2000-10-15,OUTLET,0.53297,synthetic_demo,synthetic lagged rainfall response,True
2000-10-16,OUTLET,0.52402,synthetic_demo,synthetic lagged rainfall response,True
2000-10-17,OUTLET,0.50644,synthetic_demo,synthetic lagged rainfall response,True
2000-10-18,OUTLET,0.51797,synthetic_demo,synthetic lagged rainfall response,True
2000-10-19,OUTLET,0.52885,synthetic_demo,synthetic lagged rainfall response,True
2000-10-20,OUTLET,0.5306,synthetic_demo,synthetic lagged rainfall response,True
2000-10-21,OUTLET,0.53498,synthetic_demo,synthetic lagged rainfall response,True
2000-10-22,OUTLET,0.5459,synthetic_demo,synthetic lagged rainfall response,True
2000-10-23,OUTLET,0.53991,synthetic_demo,synthetic lagged rainfall response,True
2000-10-24,OUTLET,0.52688,synthetic_demo,synthetic lagged rainfall response,True
2000-10-25,OUTLET,0.52388,synthetic_demo,synthetic lagged rainfall response,True
2000-10-26,OUTLET,0.5256,synthetic_demo,synthetic lagged rainfall response,True
2000-10-27,OUTLET,0.56401,synthetic_demo,synthetic lagged rainfall response,True
2000-10-28,OUTLET,0.55523,synthetic_demo,synthetic lagged rainfall response,True
2000-10-29,OUTLET,0.54224,synthetic_demo,synthetic lagged rainfall response,True
2000-10-30,OUTLET,0.54892,synthetic_demo,synthetic lagged rainfall response,True
2000-10-31,OUTLET,0.54409,synthetic_demo,synthetic lagged rainfall response,True
2000-11-01,OUTLET,0.55239,synthetic_demo,synthetic lagged rainfall response,True
2000-11-02,OUTLET,0.53204,synthetic_demo,synthetic lagged rainfall response,True
2000-11-03,OUTLET,0.54717,synthetic_demo,synthetic lagged rainfall response,True
2000-11-04,OUTLET,0.56009,synthetic_demo,synthetic lagged rainfall response,True
2000-11-05,OUTLET,0.55661,synthetic_demo,synthetic lagged rainfall response,True
2000-11-06,OUTLET,0.55279,synthetic_demo,synthetic lagged rainfall response,True
2000-11-07,OUTLET,0.56181,synthetic_demo,synthetic lagged rainfall response,True
2000-11-08,OUTLET,0.56349,synthetic_demo,synthetic lagged rainfall response,True
2000-11-09,OUTLET,0.55864,synthetic_demo,synthetic lagged rainfall response,True
2000-11-10,OUTLET,0.55739,synthetic_demo,synthetic lagged rainfall response,True
2000-11-11,OUTLET,0.54288,synthetic_demo,synthetic lagged rainfall response,True
2000-11-12,OUTLET,0.56369,synthetic_demo,synthetic lagged rainfall response,True
2000-11-13,OUTLET,0.53343,synthetic_demo,synthetic lagged rainfall response,True
2000-11-14,OUTLET,0.51217,synthetic_demo,synthetic lagged rainfall response,True
2000-11-15,OUTLET,0.52715,synthetic_demo,synthetic lagged rainfall response,True
2000-11-16,OUTLET,0.55924,synthetic_demo,synthetic lagged rainfall response,True
2000-11-17,OUTLET,0.62556,synthetic_demo,synthetic lagged rainfall response,True
2000-11-18,OUTLET,0.64533,synthetic_demo,synthetic lagged rainfall response,True
2000-11-19,OUTLET,0.62911,synthetic_demo,synthetic lagged rainfall response,True
2000-11-20,OUTLET,0.64976,synthetic_demo,synthetic lagged rainfall response,True
2000-11-21,OUTLET,0.64466,synthetic_demo,synthetic lagged rainfall response,True
2000-11-22,OUTLET,0.65883,synthetic_demo,synthetic lagged rainfall response,True
2000-11-23,OUTLET,0.64003,synthetic_demo,synthetic lagged rainfall response,True
2000-11-24,OUTLET,0.64168,synthetic_demo,synthetic lagged rainfall response,True
2000-11-25,OUTLET,0.58214,synthetic_demo,synthetic lagged rainfall response,True
2000-11-26,OUTLET,0.60071,synthetic_demo,synthetic lagged rainfall response,True
2000-11-27,OUTLET,0.58955,synthetic_demo,synthetic lagged rainfall response,True
2000-11-28,OUTLET,0.58908,synthetic_demo,synthetic lagged rainfall response,True
2000-11-29,OUTLET,0.57331,synthetic_demo,synthetic lagged rainfall response,True
2000-11-30,OUTLET,0.57534,synthetic_demo,synthetic lagged rainfall response,True
2000-12-01,OUTLET,0.55247,synthetic_demo,synthetic lagged rainfall response,True
2000-12-02,OUTLET,0.5785,synthetic_demo,synthetic lagged rainfall response,True
2000-12-03,OUTLET,0.54902,synthetic_demo,synthetic lagged rainfall response,True
2000-12-04,OUTLET,0.5429,synthetic_demo,synthetic lagged rainfall response,True
2000-12-05,OUTLET,0.54063,synthetic_demo,synthetic lagged rainfall response,True
2000-12-06,OUTLET,0.53324,synthetic_demo,synthetic lagged rainfall response,True
2000-12-07,OUTLET,0.53293,synthetic_demo,synthetic lagged rainfall response,True
2000-12-08,OUTLET,0.5388,synthetic_demo,synthetic lagged rainfall response,True
2000-12-09,OUTLET,0.55184,synthetic_demo,synthetic lagged rainfall response,True
2000-12-10,OUTLET,0.54764,synthetic_demo,synthetic lagged rainfall response,True
2000-12-11,OUTLET,0.54096,synthetic_demo,synthetic lagged rainfall response,True
2000-12-12,OUTLET,0.53687,synthetic_demo,synthetic lagged rainfall response,True
2000-12-13,OUTLET,0.52109,synthetic_demo,synthetic lagged rainfall response,True
2000-12-14,OUTLET,0.49676,synthetic_demo,synthetic lagged rainfall response,True
2000-12-15,OUTLET,0.52469,synthetic_demo,synthetic lagged rainfall response,True
2000-12-16,OUTLET,0.53934,synthetic_demo,synthetic lagged rainfall response,True
2000-12-17,OUTLET,0.52313,synthetic_demo,synthetic lagged rainfall response,True
2000-12-18,OUTLET,0.51309,synthetic_demo,synthetic lagged rainfall response,True
2000-12-19,OUTLET,0.51707,synthetic_demo,synthetic lagged rainfall response,True
2000-12-20,OUTLET,0.51521,synthetic_demo,synthetic lagged rainfall response,True
2000-12-21,OUTLET,0.51803,synthetic_demo,synthetic lagged rainfall response,True
2000-12-22,OUTLET,0.52101,synthetic_demo,synthetic lagged rainfall response,True
2000-12-23,OUTLET,0.50845,synthetic_demo,synthetic lagged rainfall response,True
2000-12-24,OUTLET,0.51447,synthetic_demo,synthetic lagged rainfall response,True
2000-12-25,OUTLET,0.51532,synthetic_demo,synthetic lagged rainfall response,True
2000-12-26,OUTLET,0.51822,synthetic_demo,synthetic lagged rainfall response,True
2000-12-27,OUTLET,0.51973,synthetic_demo,synthetic lagged rainfall response,True
2000-12-28,OUTLET,0.50425,synthetic_demo,synthetic lagged rainfall response,True
2000-12-29,OUTLET,0.5578,synthetic_demo,synthetic lagged rainfall response,True
2000-12-30,OUTLET,0.5633,synthetic_demo,synthetic lagged rainfall response,True
2000-12-31,OUTLET,0.54596,synthetic_demo,synthetic lagged rainfall response,True
2001-01-01,OUTLET,0.51886,synthetic_demo,synthetic lagged rainfall response,True
2001-01-02,OUTLET,0.48714,synthetic_demo,synthetic lagged rainfall response,True
2001-01-03,OUTLET,0.48592,synthetic_demo,synthetic lagged rainfall response,True
2001-01-04,OUTLET,0.47645,synthetic_demo,synthetic lagged rainfall response,True
2001-01-05,OUTLET,0.46484,synthetic_demo,synthetic lagged rainfall response,True
2001-01-06,OUTLET,0.49153,synthetic_demo,synthetic lagged rainfall response,True
2001-01-07,OUTLET,0.48347,synthetic_demo,synthetic lagged rainfall response,True
2001-01-08,OUTLET,0.48032,synthetic_demo,synthetic lagged rainfall response,True
2001-01-09,OUTLET,0.4653,synthetic_demo,synthetic lagged rainfall response,True
2001-01-10,OUTLET,0.47676,synthetic_demo,synthetic lagged rainfall response,True
2001-01-11,OUTLET,0.4576,synthetic_demo,synthetic lagged rainfall response,True
2001-01-12,OUTLET,0.46364,synthetic_demo,synthetic lagged rainfall response,True
2001-01-13,OUTLET,0.42842,synthetic_demo,synthetic lagged rainfall response,True
2001-01-14,OUTLET,0.43112,synthetic_demo,synthetic lagged rainfall response,True
2001-01-15,OUTLET,0.42827,synthetic_demo,synthetic lagged rainfall response,True
2001-01-16,OUTLET,0.43516,synthetic_demo,synthetic lagged rainfall response,True
2001-01-17,OUTLET,0.40432,synthetic_demo,synthetic lagged rainfall response,True
2001-01-18,OUTLET,0.4274,synthetic_demo,synthetic lagged rainfall response,True
2001-01-19,OUTLET,0.42385,synthetic_demo,synthetic lagged rainfall response,True
2001-01-20,OUTLET,0.42795,synthetic_demo,synthetic lagged rainfall response,True
2001-01-21,OUTLET,0.42318,synthetic_demo,synthetic lagged rainfall response,True
2001-01-22,OUTLET,0.41748,synthetic_demo,synthetic lagged rainfall response,True
2001-01-23,OUTLET,0.41224,synthetic_demo,synthetic lagged rainfall response,True
2001-01-24,OUTLET,0.40239,synthetic_demo,synthetic lagged rainfall response,True
2001-01-25,OUTLET,0.39616,synthetic_demo,synthetic lagged rainfall response,True
2001-01-26,OUTLET,0.39533,synthetic_demo,synthetic lagged rainfall response,True
2001-01-27,OUTLET,0.38086,synthetic_demo,synthetic lagged rainfall response,True
2001-01-28,OUTLET,0.37981,synthetic_demo,synthetic lagged rainfall response,True
2001-01-29,OUTLET,0.38897,synthetic_demo,synthetic lagged rainfall response,True
2001-01-30,OUTLET,0.39151,synthetic_demo,synthetic lagged rainfall response,True
2001-01-31,OUTLET,0.37878,synthetic_demo,synthetic lagged rainfall response,True
2001-02-01,OUTLET,0.35412,synthetic_demo,synthetic lagged rainfall response,True
2001-02-02,OUTLET,0.37503,synthetic_demo,synthetic lagged rainfall response,True
2001-02-03,OUTLET,0.34973,synthetic_demo,synthetic lagged rainfall response,True
2001-02-04,OUTLET,0.33673,synthetic_demo,synthetic lagged rainfall response,True
2001-02-05,OUTLET,0.3347,synthetic_demo,synthetic lagged rainfall response,True
2001-02-06,OUTLET,0.34795,synthetic_demo,synthetic lagged rainfall response,True
2001-02-07,OUTLET,0.3383,synthetic_demo,synthetic lagged rainfall response,True
2001-02-08,OUTLET,0.31254,synthetic_demo,synthetic lagged rainfall response,True
2001-02-09,OUTLET,0.31581,synthetic_demo,synthetic lagged rainfall response,True
2001-02-10,OUTLET,0.32307,synthetic_demo,synthetic lagged rainfall response,True
2001-02-11,OUTLET,0.33123,synthetic_demo,synthetic lagged rainfall response,True
2001-02-12,OUTLET,0.31002,synthetic_demo,synthetic lagged rainfall response,True
2001-02-13,OUTLET,0.29483,synthetic_demo,synthetic lagged rainfall response,True
2001-02-14,OUTLET,0.27739,synthetic_demo,synthetic lagged rainfall response,True
2001-02-15,OUTLET,0.3032,synthetic_demo,synthetic lagged rainfall response,True
2001-02-16,OUTLET,0.285,synthetic_demo,synthetic lagged rainfall response,True
2001-02-17,OUTLET,0.27953,synthetic_demo,synthetic lagged rainfall response,True
2001-02-18,OUTLET,0.28264,synthetic_demo,synthetic lagged rainfall response,True
2001-02-19,OUTLET,0.30226,synthetic_demo,synthetic lagged rainfall response,True
2001-02-20,OUTLET,0.2801,synthetic_demo,synthetic lagged rainfall response,True
2001-02-21,OUTLET,0.2641,synthetic_demo,synthetic lagged rainfall response,True
2001-02-22,OUTLET,0.2723,synthetic_demo,synthetic lagged rainfall response,True
2001-02-23,OUTLET,0.27587,synthetic_demo,synthetic lagged rainfall response,True
2001-02-24,OUTLET,0.27821,synthetic_demo,synthetic lagged rainfall response,True
2001-02-25,OUTLET,0.2706,synthetic_demo,synthetic lagged rainfall response,True
2001-02-26,OUTLET,0.26104,synthetic_demo,synthetic lagged rainfall response,True
2001-02-27,OUTLET,0.26286,synthetic_demo,synthetic lagged rainfall response,True
2001-02-28,OUTLET,0.23104,synthetic_demo,synthetic lagged rainfall response,True
2001-03-01,OUTLET,0.26142,synthetic_demo,synthetic lagged rainfall response,True
2001-03-02,OUTLET,0.25963,synthetic_demo,synthetic lagged rainfall response,True
2001-03-03,OUTLET,0.24695,synthetic_demo,synthetic lagged rainfall response,True
2001-03-04,OUTLET,0.23309,synthetic_demo,synthetic lagged rainfall response,True
2001-03-05,OUTLET,0.24724,synthetic_demo,synthetic lagged rainfall response,True
2001-03-06,OUTLET,0.26428,synthetic_demo,synthetic lagged rainfall response,True
2001-03-07,OUTLET,0.27364,synthetic_demo,synthetic lagged rainfall response,True
2001-03-08,OUTLET,0.2436,synthetic_demo,synthetic lagged rainfall response,True
2001-03-09,OUTLET,0.23058,synthetic_demo,synthetic lagged rainfall response,True
2001-03-10,OUTLET,0.25784,synthetic_demo,synthetic lagged rainfall response,True
2001-03-11,OUTLET,0.26579,synthetic_demo,synthetic lagged rainfall response,True
2001-03-12,OUTLET,0.23782,synthetic_demo,synthetic lagged rainfall response,True
2001-03-13,OUTLET,0.24615,synthetic_demo,synthetic lagged rainfall response,True
2001-03-14,OUTLET,0.24642,synthetic_demo,synthetic lagged rainfall response,True
2001-03-15,OUTLET,0.24633,synthetic_demo,synthetic lagged rainfall response,True
2001-03-16,OUTLET,0.2366,synthetic_demo,synthetic lagged rainfall response,True
2001-03-17,OUTLET,0.23854,synthetic_demo,synthetic lagged rainfall response,True
2001-03-18,OUTLET,0.24821,synthetic_demo,synthetic lagged rainfall response,True
2001-03-19,OUTLET,0.24609,synthetic_demo,synthetic lagged rainfall response,True
2001-03-20,OUTLET,0.23313,synthetic_demo,synthetic lagged rainfall response,True
2001-03-21,OUTLET,0.24701,synthetic_demo,synthetic lagged rainfall response,True
2001-03-22,OUTLET,0.25162,synthetic_demo,synthetic lagged rainfall response,True
2001-03-23,OUTLET,0.23472,synthetic_demo,synthetic lagged rainfall response,True
2001-03-24,OUTLET,0.2531,synthetic_demo,synthetic lagged rainfall response,True
2001-03-25,OUTLET,0.23318,synthetic_demo,synthetic lagged rainfall response,True
2001-03-26,OUTLET,0.23651,synthetic_demo,synthetic lagged rainfall response,True
2001-03-27,OUTLET,0.24475,synthetic_demo,synthetic lagged rainfall response,True
2001-03-28,OUTLET,0.24308,synthetic_demo,synthetic lagged rainfall response,True
2001-03-29,OUTLET,0.21381,synthetic_demo,synthetic lagged rainfall response,True
2001-03-30,OUTLET,0.21787,synthetic_demo,synthetic lagged rainfall response,True
2001-03-31,OUTLET,0.23802,synthetic_demo,synthetic lagged rainfall response,True
2001-04-01,OUTLET,0.22535,synthetic_demo,synthetic lagged rainfall response,True
2001-04-02,OUTLET,0.23668,synthetic_demo,synthetic lagged rainfall response,True
2001-04-03,OUTLET,0.23012,synthetic_demo,synthetic lagged rainfall response,True
2001-04-04,OUTLET,0.24039,synthetic_demo,synthetic lagged rainfall response,True
2001-04-05,OUTLET,0.2322,synthetic_demo,synthetic lagged rainfall response,True
2001-04-06,OUTLET,0.21653,synthetic_demo,synthetic lagged rainfall response,True
2001-04-07,OUTLET,0.23556,synthetic_demo,synthetic lagged rainfall response,True
2001-04-08,OUTLET,0.22747,synthetic_demo,synthetic lagged rainfall response,True
2001-04-09,OUTLET,0.25974,synthetic_demo,synthetic lagged rainfall response,True
2001-04-10,OUTLET,0.2558,synthetic_demo,synthetic lagged rainfall response,True
2001-04-11,OUTLET,0.25249,synthetic_demo,synthetic lagged rainfall response,True
2001-04-12,OUTLET,0.25132,synthetic_demo,synthetic lagged rainfall response,True
2001-04-13,OUTLET,0.23455,synthetic_demo,synthetic lagged rainfall response,True
2001-04-14,OUTLET,0.22032,synthetic_demo,synthetic lagged rainfall response,True
2001-04-15,OUTLET,0.25077,synthetic_demo,synthetic lagged rainfall response,True
2001-04-16,OUTLET,0.20928,synthetic_demo,synthetic lagged rainfall response,True
2001-04-17,OUTLET,0.22943,synthetic_demo,synthetic lagged rainfall response,True
2001-04-18,OUTLET,0.23914,synthetic_demo,synthetic lagged rainfall response,True
2001-04-19,OUTLET,0.25304,synthetic_demo,synthetic lagged rainfall response,True
2001-04-20,OUTLET,0.24385,synthetic_demo,synthetic lagged rainfall response,True
2001-04-21,OUTLET,0.23489,synthetic_demo,synthetic lagged rainfall response,True
2001-04-22,OUTLET,0.23122,synthetic_demo,synthetic lagged rainfall response,True
2001-04-23,OUTLET,0.29831,synthetic_demo,synthetic lagged rainfall response,True
2001-04-24,OUTLET,0.28994,synthetic_demo,synthetic lagged rainfall response,True
2001-04-25,OUTLET,0.26814,synthetic_demo,synthetic lagged rainfall response,True
2001-04-26,OUTLET,0.27312,synthetic_demo,synthetic lagged rainfall response,True
2001-04-27,OUTLET,0.30725,synthetic_demo,synthetic lagged rainfall response,True
2001-04-28,OUTLET,0.28837,synthetic_demo,synthetic lagged rainfall response,True
2001-04-29,OUTLET,0.29418,synthetic_demo,synthetic lagged rainfall response,True
2001-04-30,OUTLET,0.29222,synthetic_demo,synthetic lagged rainfall response,True
2001-05-01,OUTLET,0.30995,synthetic_demo,synthetic lagged rainfall response,True
2001-05-02,OUTLET,0.28477,synthetic_demo,synthetic lagged rainfall response,True
2001-05-03,OUTLET,0.34604,synthetic_demo,synthetic lagged rainfall response,True
2001-05-04,OUTLET,0.32343,synthetic_demo,synthetic lagged rainfall response,True
2001-05-05,OUTLET,0.33999,synthetic_demo,synthetic lagged rainfall response,True
2001-05-06,OUTLET,0.33589,synthetic_demo,synthetic lagged rainfall response,True
2001-05-07,OUTLET,0.32905,synthetic_demo,synthetic lagged rainfall response,True
2001-05-08,OUTLET,0.31775,synthetic_demo,synthetic lagged rainfall response,True
2001-05-09,OUTLET,0.29811,synthetic_demo,synthetic lagged rainfall response,True
2001-05-10,OUTLET,0.31943,synthetic_demo,synthetic lagged rainfall response,True
2001-05-11,OUTLET,0.32506,synthetic_demo,synthetic lagged rainfall response,True
2001-05-12,OUTLET,0.31435,synthetic_demo,synthetic lagged rainfall response,True
2001-05-13,OUTLET,0.31894,synthetic_demo,synthetic lagged rainfall response,True
2001-05-14,OUTLET,0.32386,synthetic_demo,synthetic lagged rainfall response,True
2001-05-15,OUTLET,0.30246,synthetic_demo,synthetic lagged rainfall response,True
2001-05-16,OUTLET,0.30072,synthetic_demo,synthetic lagged rainfall response,True
2001-05-17,OUTLET,0.29163,synthetic_demo,synthetic lagged rainfall response,True
2001-05-18,OUTLET,0.28322,synthetic_demo,synthetic lagged rainfall response,True
2001-05-19,OUTLET,0.27212,synthetic_demo,synthetic lagged rainfall response,True
2001-05-20,OUTLET,0.28385,synthetic_demo,synthetic lagged rainfall response,True
2001-05-21,OUTLET,0.29083,synthetic_demo,synthetic lagged rainfall response,True
2001-05-22,OUTLET,0.26581,synthetic_demo,synthetic lagged rainfall response,True
2001-05-23,OUTLET,0.26853,synthetic_demo,synthetic lagged rainfall response,True
2001-05-24,OUTLET,0.245,synthetic_demo,synthetic lagged rainfall response,True
2001-05-25,OUTLET,0.25093,synthetic_demo,synthetic lagged rainfall response,True
2001-05-26,OUTLET,0.24404,synthetic_demo,synthetic lagged rainfall response,True
2001-05-27,OUTLET,0.24691,synthetic_demo,synthetic lagged rainfall response,True
2001-05-28,OUTLET,0.26915,synthetic_demo,synthetic lagged rainfall response,True
2001-05-29,OUTLET,0.25932,synthetic_demo,synthetic lagged rainfall response,True
2001-05-30,OUTLET,0.2517,synthetic_demo,synthetic lagged rainfall response,True
2001-05-31,OUTLET,0.28081,synthetic_demo,synthetic lagged rainfall response,True
2001-06-01,OUTLET,0.28309,synthetic_demo,synthetic lagged rainfall response,True
2001-06-02,OUTLET,0.26417,synthetic_demo,synthetic lagged rainfall response,True
2001-06-03,OUTLET,0.25939,synthetic_demo,synthetic lagged rainfall response,True
2001-06-04,OUTLET,0.28572,synthetic_demo,synthetic lagged rainfall response,True
2001-06-05,OUTLET,0.27881,synthetic_demo,synthetic lagged rainfall response,True
2001-06-06,OUTLET,0.2688,synthetic_demo,synthetic lagged rainfall response,True
2001-06-07,OUTLET,0.2329,synthetic_demo,synthetic lagged rainfall response,True
2001-06-08,OUTLET,0.23314,synthetic_demo,synthetic lagged rainfall response,True
2001-06-09,OUTLET,0.23087,synthetic_demo,synthetic lagged rainfall response,True
2001-06-10,OUTLET,0.23123,synthetic_demo,synthetic lagged rainfall response,True
2001-06-11,OUTLET,0.22426,synthetic_demo,synthetic lagged rainfall response,True
2001-06-12,OUTLET,0.2169,synthetic_demo,synthetic lagged rainfall response,True
2001-06-13,OUTLET,0.22369,synthetic_demo,synthetic lagged rainfall response,True
2001-06-14,OUTLET,0.22485,synthetic_demo,synthetic lagged rainfall response,True
2001-06-15,OUTLET,0.22744,synthetic_demo,synthetic lagged rainfall response,True
2001-06-16,OUTLET,0.19916,synthetic_demo,synthetic lagged rainfall response,True
2001-06-17,OUTLET,0.17784,synthetic_demo,synthetic lagged rainfall response,True
2001-06-18,OUTLET,0.17411,synthetic_demo,synthetic lagged rainfall response,True
2001-06-19,OUTLET,0.1697,synthetic_demo,synthetic lagged rainfall response,True
2001-06-20,OUTLET,0.16424,synthetic_demo,synthetic lagged rainfall response,True
2001-06-21,OUTLET,0.19352,synthetic_demo,synthetic lagged rainfall response,True
2001-06-22,OUTLET,0.17673,synthetic_demo,synthetic lagged rainfall response,True
2001-06-23,OUTLET,0.16933,synthetic_demo,synthetic lagged rainfall response,True
2001-06-24,OUTLET,0.16796,synthetic_demo,synthetic lagged rainfall response,True
2001-06-25,OUTLET,0.20337,synthetic_demo,synthetic lagged rainfall response,True
2001-06-26,OUTLET,0.20401,synthetic_demo,synthetic lagged rainfall response,True
2001-06-27,OUTLET,0.18002,synthetic_demo,synthetic lagged rainfall response,True
2001-06-28,OUTLET,0.18826,synthetic_demo,synthetic lagged rainfall response,True
2001-06-29,OUTLET,0.18201,synthetic_demo,synthetic lagged rainfall response,True
2001-06-30,OUTLET,0.16842,synthetic_demo,synthetic lagged rainfall response,True
2001-07-01,OUTLET,0.16789,synthetic_demo,synthetic lagged rainfall response,True
2001-07-02,OUTLET,0.19619,synthetic_demo,synthetic lagged rainfall response,True
2001-07-03,OUTLET,0.18969,synthetic_demo,synthetic lagged rainfall response,True
2001-07-04,OUTLET,0.18618,synthetic_demo,synthetic lagged rainfall response,True
2001-07-05,OUTLET,0.22452,synthetic_demo,synthetic lagged rainfall response,True
2001-07-06,OUTLET,0.2031,synthetic_demo,synthetic lagged rainfall response,True
2001-07-07,OUTLET,0.19594,synthetic_demo,synthetic lagged rainfall response,True
2001-07-08,OUTLET,0.19837,synthetic_demo,synthetic lagged rainfall response,True
2001-07-09,OUTLET,0.19291,synthetic_demo,synthetic lagged rainfall response,True
2001-07-10,OUTLET,0.20752,synthetic_demo,synthetic lagged rainfall response,True
2001-07-11,OUTLET,0.19632,synthetic_demo,synthetic lagged rainfall response,True
2001-07-12,OUTLET,0.21354,synthetic_demo,synthetic lagged rainfall response,True
2001-07-13,OUTLET,0.19688,synthetic_demo,synthetic lagged rainfall response,True
2001-07-14,OUTLET,0.20741,synthetic_demo,synthetic lagged rainfall response,True
2001-07-15,OUTLET,0.17464,synthetic_demo,synthetic lagged rainfall response,True
2001-07-16,OUTLET,0.17713,synthetic_demo,synthetic lagged rainfall response,True
2001-07-17,OUTLET,0.1848,synthetic_demo,synthetic lagged rainfall response,True
2001-07-18,OUTLET,0.18002,synthetic_demo,synthetic lagged rainfall response,True
2001-07-19,OUTLET,0.19339,synthetic_demo,synthetic lagged rainfall response,True
2001-07-20,OUTLET,0.18709,synthetic_demo,synthetic lagged rainfall response,True
2001-07-21,OUTLET,0.17632,synthetic_demo,synthetic lagged rainfall response,True
2001-07-22,OUTLET,0.1637,synthetic_demo,synthetic lagged rainfall response,True
2001-07-23,OUTLET,0.16719,synthetic_demo,synthetic lagged rainfall response,True
2001-07-24,OUTLET,0.21502,synthetic_demo,synthetic lagged rainfall response,True
2001-07-25,OUTLET,0.21013,synthetic_demo,synthetic lagged rainfall response,True
2001-07-26,OUTLET,0.21642,synthetic_demo,synthetic lagged rainfall response,True
2001-07-27,OUTLET,0.22664,synthetic_demo,synthetic lagged rainfall response,True
2001-07-28,OUTLET,0.20302,synthetic_demo,synthetic lagged rainfall response,True
2001-07-29,OUTLET,0.20118,synthetic_demo,synthetic lagged rainfall response,True
2001-07-30,OUTLET,0.23342,synthetic_demo,synthetic lagged rainfall response,True
2001-07-31,OUTLET,0.20648,synthetic_demo,synthetic lagged rainfall response,True
2001-08-01,OUTLET,0.27319,synthetic_demo,synthetic lagged rainfall response,True
2001-08-02,OUTLET,0.27505,synthetic_demo,synthetic lagged rainfall response,True
2001-08-03,OUTLET,0.30168,synthetic_demo,synthetic lagged rainfall response,True
2001-08-04,OUTLET,0.25915,synthetic_demo,synthetic lagged rainfall response,True
2001-08-05,OUTLET,0.2993,synthetic_demo,synthetic lagged rainfall response,True
2001-08-06,OUTLET,0.30013,synthetic_demo,synthetic lagged rainfall response,True
2001-08-07,OUTLET,0.28436,synthetic_demo,synthetic lagged rainfall response,True
2001-08-08,OUTLET,0.29776,synthetic_demo,synthetic lagged rainfall response,True
2001-08-09,OUTLET,0.266,synthetic_demo,synthetic lagged rainfall response,True
2001-08-10,OUTLET,0.26548,synthetic_demo,synthetic lagged rainfall response,True
2001-08-11,OUTLET,0.32091,synthetic_demo,synthetic lagged rainfall response,True
2001-08-12,OUTLET,0.35873,synthetic_demo,synthetic lagged rainfall response,True
2001-08-13,OUTLET,0.35336,synthetic_demo,synthetic lagged rainfall response,True
2001-08-14,OUTLET,0.38597,synthetic_demo,synthetic lagged rainfall response,True
2001-08-15,OUTLET,0.40638,synthetic_demo,synthetic lagged rainfall response,True
2001-08-16,OUTLET,0.38726,synthetic_demo,synthetic lagged rainfall response,True
2001-08-17,OUTLET,0.39771,synthetic_demo,synthetic lagged rainfall response,True
2001-08-18,OUTLET,0.43124,synthetic_demo,synthetic lagged rainfall response,True
2001-08-19,OUTLET,0.43621,synthetic_demo,synthetic lagged rainfall response,True
2001-08-20,OUTLET,0.46878,synthetic_demo,synthetic lagged rainfall response,True
2001-08-21,OUTLET,0.44819,synthetic_demo,synthetic lagged rainfall response,True
2001-08-22,OUTLET,0.4682,synthetic_demo,synthetic lagged rainfall response,True
2001-08-23,OUTLET,0.48075,synthetic_demo,synthetic lagged rainfall response,True
2001-08-24,OUTLET,0.47527,synthetic_demo,synthetic lagged rainfall response,True
2001-08-25,OUTLET,0.49044,synthetic_demo,synthetic lagged rainfall response,True
2001-08-26,OUTLET,0.4938,synthetic_demo,synthetic lagged rainfall response,True
2001-08-27,OUTLET,0.49462,synthetic_demo,synthetic lagged rainfall response,True
2001-08-28,OUTLET,0.48405,synthetic_demo,synthetic lagged rainfall response,True
2001-08-29,OUTLET,0.50807,synthetic_demo,synthetic lagged rainfall response,True
2001-08-30,OUTLET,0.49794,synthetic_demo,synthetic lagged rainfall response,True
2001-08-31,OUTLET,0.50381,synthetic_demo,synthetic lagged rainfall response,True
2001-09-01,OUTLET,0.53418,synthetic_demo,synthetic lagged rainfall response,True
2001-09-02,OUTLET,0.54523,synthetic_demo,synthetic lagged rainfall response,True
2001-09-03,OUTLET,0.52042,synthetic_demo,synthetic lagged rainfall response,True
2001-09-04,OUTLET,0.53903,synthetic_demo,synthetic lagged rainfall response,True
2001-09-05,OUTLET,0.54562,synthetic_demo,synthetic lagged rainfall response,True
2001-09-06,OUTLET,0.53954,synthetic_demo,synthetic lagged rainfall response,True
2001-09-07,OUTLET,0.57069,synthetic_demo,synthetic lagged rainfall response,True
2001-09-08,OUTLET,0.56015,synthetic_demo,synthetic lagged rainfall response,True
2001-09-09,OUTLET,0.55275,synthetic_demo,synthetic lagged rainfall response,True
2001-09-10,OUTLET,0.57072,synthetic_demo,synthetic lagged rainfall response,True
2001-09-11,OUTLET,0.54754,synthetic_demo,synthetic lagged rainfall response,True
2001-09-12,OUTLET,0.56778,synthetic_demo,synthetic lagged rainfall response,True
2001-09-13,OUTLET,0.54793,synthetic_demo,synthetic lagged rainfall response,True
2001-09-14,OUTLET,0.57199,synthetic_demo,synthetic lagged rainfall response,True
2001-09-15,OUTLET,0.55524,synthetic_demo,synthetic lagged rainfall response,True
2001-09-16,OUTLET,0.55436,synthetic_demo,synthetic lagged rainfall response,True
2001-09-17,OUTLET,0.57323,synthetic_demo,synthetic lagged rainfall response,True
2001-09-18,OUTLET,0.56662,synthetic_demo,synthetic lagged rainfall response,True
2001-09-19,OUTLET,0.55599,synthetic_demo,synthetic lagged rainfall response,True
2001-09-20,OUTLET,0.54925,synthetic_demo,synthetic lagged rainfall response,True
2001-09-21,OUTLET,0.54452,synthetic_demo,synthetic lagged rainfall response,True
2001-09-22,OUTLET,0.63267,synthetic_demo,synthetic lagged rainfall response,True
2001-09-23,OUTLET,0.63006,synthetic_demo,synthetic lagged rainfall response,True
2001-09-24,OUTLET,0.63283,synthetic_demo,synthetic lagged rainfall response,True
2001-09-25,OUTLET,0.62675,synthetic_demo,synthetic lagged rainfall response,True
2001-09-26,OUTLET,0.61544,synthetic_demo,synthetic lagged rainfall response,True
2001-09-27,OUTLET,0.65526,synthetic_demo,synthetic lagged rainfall response,True
2001-09-28,OUTLET,0.60826,synthetic_demo,synthetic lagged rainfall response,True
2001-09-29,OUTLET,0.62155,synthetic_demo,synthetic lagged rainfall response,True
2001-09-30,OUTLET,0.61179,synthetic_demo,synthetic lagged rainfall response,True
2001-10-01,OUTLET,0.60947,synthetic_demo,synthetic lagged rainfall response,True
2001-10-02,OUTLET,0.59731,synthetic_demo,synthetic lagged rainfall response,True
2001-10-03,OUTLET,0.60375,synthetic_demo,synthetic lagged rainfall response,True
2001-10-04,OUTLET,0.60036,synthetic_demo,synthetic lagged rainfall response,True
2001-10-05,OUTLET,0.58816,synthetic_demo,synthetic lagged rainfall response,True
2001-10-06,OUTLET,0.561,synthetic_demo,synthetic lagged rainfall response,True
2001-10-07,OUTLET,0.59867,synthetic_demo,synthetic lagged rainfall response,True
2001-10-08,OUTLET,0.60601,synthetic_demo,synthetic lagged rainfall response,True
2001-10-09,OUTLET,0.61397,synthetic_demo,synthetic lagged rainfall response,True
2001-10-10,OUTLET,0.60733,synthetic_demo,synthetic lagged rainfall response,True
2001-10-11,OUTLET,0.60868,synthetic_demo,synthetic lagged rainfall response,True
2001-10-12,OUTLET,0.62042,synthetic_demo,synthetic lagged rainfall response,True
2001-10-13,OUTLET,0.61592,synthetic_demo,synthetic lagged rainfall response,True
2001-10-14,OUTLET,0.61871,synthetic_demo,synthetic lagged rainfall response,True
2001-10-15,OUTLET,0.61239,synthetic_demo,synthetic lagged rainfall response,True
2001-10-16,OUTLET,0.6189,synthetic_demo,synthetic lagged rainfall response,True
2001-10-17,OUTLET,0.62715,synthetic_demo,synthetic lagged rainfall response,True
2001-10-18,OUTLET,0.65047,synthetic_demo,synthetic lagged rainfall response,True
2001-10-19,OUTLET,0.6988,synthetic_demo,synthetic lagged rainfall response,True
2001-10-20,OUTLET,0.70961,synthetic_demo,synthetic lagged rainfall response,True
2001-10-21,OUTLET,0.7327,synthetic_demo,synthetic lagged rainfall response,True
2001-10-22,OUTLET,0.72589,synthetic_demo,synthetic lagged rainfall response,True
2001-10-23,OUTLET,0.72684,synthetic_demo,synthetic lagged rainfall response,True
2001-10-24,OUTLET,0.70281,synthetic_demo,synthetic lagged rainfall response,True
2001-10-25,OUTLET,0.73575,synthetic_demo,synthetic lagged rainfall response,True
2001-10-26,OUTLET,0.74575,synthetic_demo,synthetic lagged rainfall response,True
2001-10-27,OUTLET,0.74531,synthetic_demo,synthetic lagged rainfall response,True
2001-10-28,OUTLET,0.76448,synthetic_demo,synthetic lagged rainfall response,True
2001-10-29,OUTLET,0.76929,synthetic_demo,synthetic lagged rainfall response,True
2001-10-30,OUTLET,0.73288,synthetic_demo,synthetic lagged rainfall response,True
2001-10-31,OUTLET,0.73869,synthetic_demo,synthetic lagged rainfall response,True
2001-11-01,OUTLET,0.73531,synthetic_demo,synthetic lagged rainfall response,True
2001-11-02,OUTLET,0.75532,synthetic_demo,synthetic lagged rainfall response,True
2001-11-03,OUTLET,0.7489,synthetic_demo,synthetic lagged rainfall response,True
2001-11-04,OUTLET,0.76358,synthetic_demo,synthetic lagged rainfall response,True
2001-11-05,OUTLET,0.74415,synthetic_demo,synthetic lagged rainfall response,True
2001-11-06,OUTLET,0.73445,synthetic_demo,synthetic lagged rainfall response,True
2001-11-07,OUTLET,0.75796,synthetic_demo,synthetic lagged rainfall response,True
2001-11-08,OUTLET,0.75996,synthetic_demo,synthetic lagged rainfall response,True
2001-11-09,OUTLET,0.72539,synthetic_demo,synthetic lagged rainfall response,True
2001-11-10,OUTLET,0.72257,synthetic_demo,synthetic lagged rainfall response,True
2001-11-11,OUTLET,0.69927,synthetic_demo,synthetic lagged rainfall response,True
2001-11-12,OUTLET,0.68321,synthetic_demo,synthetic lagged rainfall response,True
2001-11-13,OUTLET,0.68647,synthetic_demo,synthetic lagged rainfall response,True
2001-11-14,OUTLET,0.75312,synthetic_demo,synthetic lagged rainfall response,True
2001-11-15,OUTLET,0.74057,synthetic_demo,synthetic lagged rainfall response,True
2001-11-16,OUTLET,0.74405,synthetic_demo,synthetic lagged rainfall response,True
2001-11-17,OUTLET,0.74851,synthetic_demo,synthetic lagged rainfall response,True
2001-11-18,OUTLET,0.79808,synthetic_demo,synthetic lagged rainfall response,True
2001-11-19,OUTLET,0.78693,synthetic_demo,synthetic lagged rainfall response,True
2001-11-20,OUTLET,0.78822,synthetic_demo,synthetic lagged rainfall response,True
2001-11-21,OUTLET,0.78569,synthetic_demo,synthetic lagged rainfall response,True
2001-11-22,OUTLET,0.78165,synthetic_demo,synthetic lagged rainfall response,True
2001-11-23,OUTLET,0.78797,synthetic_demo,synthetic lagged rainfall response,True
2001-11-24,OUTLET,0.76897,synthetic_demo,synthetic lagged rainfall response,True
2001-11-25,OUTLET,0.75078,synthetic_demo,synthetic lagged rainfall response,True
2001-11-26,OUTLET,0.78787,synthetic_demo,synthetic lagged rainfall response,True
2001-11-27,OUTLET,0.79198,synthetic_demo,synthetic lagged rainfall response,True
2001-11-28,OUTLET,0.79643,synthetic_demo,synthetic lagged rainfall response,True
2001-11-29,OUTLET,0.7761,synthetic_demo,synthetic lagged rainfall response,True
2001-11-30,OUTLET,0.77253,synthetic_demo,synthetic lagged rainfall response,True
2001-12-01,OUTLET,0.78568,synthetic_demo,synthetic lagged rainfall response,True
2001-12-02,OUTLET,0.76619,synthetic_demo,synthetic lagged rainfall response,True
2001-12-03,OUTLET,0.70887,synthetic_demo,synthetic lagged rainfall response,True
2001-12-04,OUTLET,0.68667,synthetic_demo,synthetic lagged rainfall response,True
2001-12-05,OUTLET,0.68865,synthetic_demo,synthetic lagged rainfall response,True
2001-12-06,OUTLET,0.71651,synthetic_demo,synthetic lagged rainfall response,True
2001-12-07,OUTLET,0.70866,synthetic_demo,synthetic lagged rainfall response,True
2001-12-08,OUTLET,0.72674,synthetic_demo,synthetic lagged rainfall response,True
2001-12-09,OUTLET,0.6937,synthetic_demo,synthetic lagged rainfall response,True
2001-12-10,OUTLET,0.73441,synthetic_demo,synthetic lagged rainfall response,True
2001-12-11,OUTLET,0.74257,synthetic_demo,synthetic lagged rainfall response,True
2001-12-12,OUTLET,0.75268,synthetic_demo,synthetic lagged rainfall response,True
2001-12-13,OUTLET,0.74712,synthetic_demo,synthetic lagged rainfall response,True
2001-12-14,OUTLET,0.74288,synthetic_demo,synthetic lagged rainfall response,True
2001-12-15,OUTLET,0.75271,synthetic_demo,synthetic lagged rainfall response,True
2001-12-16,OUTLET,0.75529,synthetic_demo,synthetic lagged rainfall response,True
2001-12-17,OUTLET,0.74229,synthetic_demo,synthetic lagged rainfall response,True
2001-12-18,OUTLET,0.75029,synthetic_demo,synthetic lagged rainfall response,True
2001-12-19,OUTLET,0.72271,synthetic_demo,synthetic lagged rainfall response,True
2001-12-20,OUTLET,0.7451,synthetic_demo,synthetic lagged rainfall response,True
2001-12-21,OUTLET,0.73288,synthetic_demo,synthetic lagged rainfall response,True
2001-12-22,OUTLET,0.71997,synthetic_demo,synthetic lagged rainfall response,True
2001-12-23,OUTLET,0.72183,synthetic_demo,synthetic lagged rainfall response,True
2001-12-24,OUTLET,0.70843,synthetic_demo,synthetic lagged rainfall response,True
2001-12-25,OUTLET,0.70999,synthetic_demo,synthetic lagged rainfall response,True
2001-12-26,OUTLET,0.75818,synthetic_demo,synthetic lagged rainfall response,True
2001-12-27,OUTLET,0.72416,synthetic_demo,synthetic lagged rainfall response,True
2001-12-28,OUTLET,0.73117,synthetic_demo,synthetic lagged rainfall response,True
2001-12-29,OUTLET,0.69792,synthetic_demo,synthetic lagged rainfall response,True
2001-12-30,OUTLET,0.69684,synthetic_demo,synthetic lagged rainfall response,True
2001-12-31,OUTLET,0.68851,synthetic_demo,synthetic lagged rainfall response,True
2002-01-01,OUTLET,0.71221,synthetic_demo,synthetic lagged rainfall response,True
2002-01-02,OUTLET,0.64552,synthetic_demo,synthetic lagged rainfall response,True
2002-01-03,OUTLET,0.63838,synthetic_demo,synthetic lagged rainfall response,True
2002-01-04,OUTLET,0.64948,synthetic_demo,synthetic lagged rainfall response,True
2002-01-05,OUTLET,0.66842,synthetic_demo,synthetic lagged rainfall response,True
2002-01-06,OUTLET,0.64429,synthetic_demo,synthetic lagged rainfall response,True
2002-01-07,OUTLET,0.64767,synthetic_demo,synthetic lagged rainfall response,True
2002-01-08,OUTLET,0.64495,synthetic_demo,synthetic lagged rainfall response,True
2002-01-09,OUTLET,0.6124,synthetic_demo,synthetic lagged rainfall response,True
2002-01-10,OUTLET,0.63361,synthetic_demo,synthetic lagged rainfall response,True
2002-01-11,OUTLET,0.61203,synthetic_demo,synthetic lagged rainfall response,True
2002-01-12,OUTLET,0.60914,synthetic_demo,synthetic lagged rainfall response,True
2002-01-13,OUTLET,0.59737,synthetic_demo,synthetic lagged rainfall response,True
2002-01-14,OUTLET,0.61377,synthetic_demo,synthetic lagged rainfall response,True
2002-01-15,OUTLET,0.62346,synthetic_demo,synthetic lagged rainfall response,True
2002-01-16,OUTLET,0.62033,synthetic_demo,synthetic lagged rainfall response,True
2002-01-17,OUTLET,0.62444,synthetic_demo,synthetic lagged rainfall response,True
2002-01-18,OUTLET,0.59482,synthetic_demo,synthetic lagged rainfall response,True
2002-01-19,OUTLET,0.59664,synthetic_demo,synthetic lagged rainfall response,True
2002-01-20,OUTLET,0.57779,synthetic_demo,synthetic lagged rainfall response,True
2002-01-21,OUTLET,0.57797,synthetic_demo,synthetic lagged rainfall response,True
2002-01-22,OUTLET,0.56392,synthetic_demo,synthetic lagged rainfall response,True
2002-01-23,OUTLET,0.56884,synthetic_demo,synthetic lagged rainfall response,True
2002-01-24,OUTLET,0.54957,synthetic_demo,synthetic lagged rainfall response,True
2002-01-25,OUTLET,0.52522,synthetic_demo,synthetic lagged rainfall response,True
2002-01-26,OUTLET,0.51412,synthetic_demo,synthetic lagged rainfall response,True
2002-01-27,OUTLET,0.51362,synthetic_demo,synthetic lagged rainfall response,True
2002-01-28,OUTLET,0.50274,synthetic_demo,synthetic lagged rainfall response,True
2002-01-29,OUTLET,0.50991,synthetic_demo,synthetic lagged rainfall response,True
2002-01-30,OUTLET,0.49077,synthetic_demo,synthetic lagged rainfall response,True
2002-01-31,OUTLET,0.49806,synthetic_demo,synthetic lagged rainfall response,True
2002-02-01,OUTLET,0.48565,synthetic_demo,synthetic lagged rainfall response,True
2002-02-02,OUTLET,0.48793,synthetic_demo,synthetic lagged rainfall response,True
2002-02-03,OUTLET,0.47751,synthetic_demo,synthetic lagged rainfall response,True
2002-02-04,OUTLET,0.47243,synthetic_demo,synthetic lagged rainfall response,True
2002-02-05,OUTLET,0.4654,synthetic_demo,synthetic lagged rainfall response,True
2002-02-06,OUTLET,0.48035,synthetic_demo,synthetic lagged rainfall response,True
2002-02-07,OUTLET,0.47225,synthetic_demo,synthetic lagged rainfall response,True
2002-02-08,OUTLET,0.46128,synthetic_demo,synthetic lagged rainfall response,True
2002-02-09,OUTLET,0.4615,synthetic_demo,synthetic lagged rainfall response,True
2002-02-10,OUTLET,0.44759,synthetic_demo,synthetic lagged rainfall response,True
2002-02-11,OUTLET,0.44067,synthetic_demo,synthetic lagged rainfall response,True
2002-02-12,OUTLET,0.47077,synthetic_demo,synthetic lagged rainfall response,True
2002-02-13,OUTLET,0.44954,synthetic_demo,synthetic lagged rainfall response,True
2002-02-14,OUTLET,0.43196,synthetic_demo,synthetic lagged rainfall response,True
2002-02-15,OUTLET,0.44838,synthetic_demo,synthetic lagged rainfall response,True
2002-02-16,OUTLET,0.43009,synthetic_demo,synthetic lagged rainfall response,True
2002-02-17,OUTLET,0.43394,synthetic_demo,synthetic lagged rainfall response,True
2002-02-18,OUTLET,0.4869,synthetic_demo,synthetic lagged rainfall response,True
2002-02-19,OUTLET,0.49751,synthetic_demo,synthetic lagged rainfall response,True
2002-02-20,OUTLET,0.49256,synthetic_demo,synthetic lagged rainfall response,True
2002-02-21,OUTLET,0.49502,synthetic_demo,synthetic lagged rainfall response,True
2002-02-22,OUTLET,0.50452,synthetic_demo,synthetic lagged rainfall response,True
2002-02-23,OUTLET,0.50106,synthetic_demo,synthetic lagged rainfall response,True
2002-02-24,OUTLET,0.47198,synthetic_demo,synthetic lagged rainfall response,True
2002-02-25,OUTLET,0.48138,synthetic_demo,synthetic lagged rainfall response,True
2002-02-26,OUTLET,0.48679,synthetic_demo,synthetic lagged rainfall response,True
2002-02-27,OUTLET,0.48988,synthetic_demo,synthetic lagged rainfall response,True
2002-02-28,OUTLET,0.4758,synthetic_demo,synthetic lagged rainfall response,True
2002-03-01,OUTLET,0.46398,synthetic_demo,synthetic lagged rainfall response,True
2002-03-02,OUTLET,0.47788,synthetic_demo,synthetic lagged rainfall response,True
2002-03-03,OUTLET,0.49389,synthetic_demo,synthetic lagged rainfall response,True
2002-03-04,OUTLET,0.47069,synthetic_demo,synthetic lagged rainfall response,True
2002-03-05,OUTLET,0.45165,synthetic_demo,synthetic lagged rainfall response,True
2002-03-06,OUTLET,0.45261,synthetic_demo,synthetic lagged rainfall response,True
2002-03-07,OUTLET,0.46908,synthetic_demo,synthetic lagged rainfall response,True
2002-03-08,OUTLET,0.4592,synthetic_demo,synthetic lagged rainfall response,True
2002-03-09,OUTLET,0.48287,synthetic_demo,synthetic lagged rainfall response,True
2002-03-10,OUTLET,0.4672,synthetic_demo,synthetic lagged rainfall response,True
2002-03-11,OUTLET,0.47646,synthetic_demo,synthetic lagged rainfall response,True
2002-03-12,OUTLET,0.48384,synthetic_demo,synthetic lagged rainfall response,True
2002-03-13,OUTLET,0.46393,synthetic_demo,synthetic lagged rainfall response,True
2002-03-14,OUTLET,0.4775,synthetic_demo,synthetic lagged rainfall response,True
2002-03-15,OUTLET,0.45736,synthetic_demo,synthetic lagged rainfall response,True
2002-03-16,OUTLET,0.45023,synthetic_demo,synthetic lagged rainfall response,True
2002-03-17,OUTLET,0.46769,synthetic_demo,synthetic lagged rainfall response,True
2002-03-18,OUTLET,0.44455,synthetic_demo,synthetic lagged rainfall response,True
2002-03-19,OUTLET,0.48024,synthetic_demo,synthetic lagged rainfall response,True
2002-03-20,OUTLET,0.4378,synthetic_demo,synthetic lagged rainfall response,True
2002-03-21,OUTLET,0.44195,synthetic_demo,synthetic lagged rainfall response,True
2002-03-22,OUTLET,0.43871,synthetic_demo,synthetic lagged rainfall response,True
2002-03-23,OUTLET,0.42444,synthetic_demo,synthetic lagged rainfall response,True
2002-03-24,OUTLET,0.42801,synthetic_demo,synthetic lagged rainfall response,True
2002-03-25,OUTLET,0.41229,synthetic_demo,synthetic lagged rainfall response,True
2002-03-26,OUTLET,0.37408,synthetic_demo,synthetic lagged rainfall response,True
2002-03-27,OUTLET,0.40747,synthetic_demo,synthetic lagged rainfall response,True
2002-03-28,OUTLET,0.40287,synthetic_demo,synthetic lagged rainfall response,True
2002-03-29,OUTLET,0.41379,synthetic_demo,synthetic lagged rainfall response,True
2002-03-30,OUTLET,0.40682,synthetic_demo,synthetic lagged rainfall response,True
2002-03-31,OUTLET,0.40289,synthetic_demo,synthetic lagged rainfall response,True
2002-04-01,OUTLET,0.37742,synthetic_demo,synthetic lagged rainfall response,True
2002-04-02,OUTLET,0.40275,synthetic_demo,synthetic lagged rainfall response,True
2002-04-03,OUTLET,0.38843,synthetic_demo,synthetic lagged rainfall response,True
2002-04-04,OUTLET,0.35861,synthetic_demo,synthetic lagged rainfall response,True
2002-04-05,OUTLET,0.33015,synthetic_demo,synthetic lagged rainfall response,True
2002-04-06,OUTLET,0.32594,synthetic_demo,synthetic lagged rainfall response,True
2002-04-07,OUTLET,0.35632,synthetic_demo,synthetic lagged rainfall response,True
2002-04-08,OUTLET,0.33766,synthetic_demo,synthetic lagged rainfall response,True
2002-04-09,OUTLET,0.32958,synthetic_demo,synthetic lagged rainfall response,True
2002-04-10,OUTLET,0.31384,synthetic_demo,synthetic lagged rainfall response,True
2002-04-11,OUTLET,0.32528,synthetic_demo,synthetic lagged rainfall response,True
2002-04-12,OUTLET,0.33216,synthetic_demo,synthetic lagged rainfall response,True
2002-04-13,OUTLET,0.34318,synthetic_demo,synthetic lagged rainfall response,True
2002-04-14,OUTLET,0.3007,synthetic_demo,synthetic lagged rainfall response,True
2002-04-15,OUTLET,0.30618,synthetic_demo,synthetic lagged rainfall response,True
2002-04-16,OUTLET,0.29789,synthetic_demo,synthetic lagged rainfall response,True
2002-04-17,OUTLET,0.28187,synthetic_demo,synthetic lagged rainfall response,True
2002-04-18,OUTLET,0.28689,synthetic_demo,synthetic lagged rainfall response,True
2002-04-19,OUTLET,0.25504,synthetic_demo,synthetic lagged rainfall response,True
2002-04-20,OUTLET,0.28992,synthetic_demo,synthetic lagged rainfall response,True
2002-04-21,OUTLET,0.27419,synthetic_demo,synthetic lagged rainfall response,True
2002-04-22,OUTLET,0.24995,synthetic_demo,synthetic lagged rainfall response,True
2002-04-23,OUTLET,0.24758,synthetic_demo,synthetic lagged rainfall response,True
2002-04-24,OUTLET,0.2403,synthetic_demo,synthetic lagged rainfall response,True
2002-04-25,OUTLET,0.23665,synthetic_demo,synthetic lagged rainfall response,True
2002-04-26,OUTLET,0.24431,synthetic_demo,synthetic lagged rainfall response,True
2002-04-27,OUTLET,0.23127,synthetic_demo,synthetic lagged rainfall response,True
2002-04-28,OUTLET,0.24019,synthetic_demo,synthetic lagged rainfall response,True
2002-04-29,OUTLET,0.22442,synthetic_demo,synthetic lagged rainfall response,True
2002-04-30,OUTLET,0.22665,synthetic_demo,synthetic lagged rainfall response,True
2002-05-01,OUTLET,0.21155,synthetic_demo,synthetic lagged rainfall response,True
2002-05-02,OUTLET,0.20631,synthetic_demo,synthetic lagged rainfall response,True
2002-05-03,OUTLET,0.22415,synthetic_demo,synthetic lagged rainfall response,True
2002-05-04,OUTLET,0.21782,synthetic_demo,synthetic lagged rainfall response,True
2002-05-05,OUTLET,0.19114,synthetic_demo,synthetic lagged rainfall response,True
2002-05-06,OUTLET,0.18392,synthetic_demo,synthetic lagged rainfall response,True
2002-05-07,OUTLET,0.20201,synthetic_demo,synthetic lagged rainfall response,True
2002-05-08,OUTLET,0.22202,synthetic_demo,synthetic lagged rainfall response,True
2002-05-09,OUTLET,0.20262,synthetic_demo,synthetic lagged rainfall response,True
2002-05-10,OUTLET,0.19778,synthetic_demo,synthetic lagged rainfall response,True
2002-05-11,OUTLET,0.19215,synthetic_demo,synthetic lagged rainfall response,True
2002-05-12,OUTLET,0.20125,synthetic_demo,synthetic lagged rainfall response,True
2002-05-13,OUTLET,0.16864,synthetic_demo,synthetic lagged rainfall response,True
2002-05-14,OUTLET,0.18176,synthetic_demo,synthetic lagged rainfall response,True
2002-05-15,OUTLET,0.1888,synthetic_demo,synthetic lagged rainfall response,True
2002-05-16,OUTLET,0.16432,synthetic_demo,synthetic lagged rainfall response,True
2002-05-17,OUTLET,0.15482,synthetic_demo,synthetic lagged rainfall response,True
2002-05-18,OUTLET,0.16169,synthetic_demo,synthetic lagged rainfall response,True
2002-05-19,OUTLET,0.16242,synthetic_demo,synthetic lagged rainfall response,True
2002-05-20,OUTLET,0.15329,synthetic_demo,synthetic lagged rainfall response,True
2002-05-21,OUTLET,0.15805,synthetic_demo,synthetic lagged rainfall response,True
2002-05-22,OUTLET,0.167,synthetic_demo,synthetic lagged rainfall response,True
2002-05-23,OUTLET,0.15126,synthetic_demo,synthetic lagged rainfall response,True
2002-05-24,OUTLET,0.14334,synthetic_demo,synthetic lagged rainfall response,True
2002-05-25,OUTLET,0.16252,synthetic_demo,synthetic lagged rainfall response,True
2002-05-26,OUTLET,0.15832,synthetic_demo,synthetic lagged rainfall response,True
2002-05-27,OUTLET,0.15952,synthetic_demo,synthetic lagged rainfall response,True
2002-05-28,OUTLET,0.15934,synthetic_demo,synthetic lagged rainfall response,True
2002-05-29,OUTLET,0.14774,synthetic_demo,synthetic lagged rainfall response,True
2002-05-30,OUTLET,0.15828,synthetic_demo,synthetic lagged rainfall response,True
2002-05-31,OUTLET,0.13887,synthetic_demo,synthetic lagged rainfall response,True
2002-06-01,OUTLET,0.16564,synthetic_demo,synthetic lagged rainfall response,True
2002-06-02,OUTLET,0.16269,synthetic_demo,synthetic lagged rainfall response,True
2002-06-03,OUTLET,0.14451,synthetic_demo,synthetic lagged rainfall response,True
2002-06-04,OUTLET,0.15111,synthetic_demo,synthetic lagged rainfall response,True
2002-06-05,OUTLET,0.14362,synthetic_demo,synthetic lagged rainfall response,True
2002-06-06,OUTLET,0.13859,synthetic_demo,synthetic lagged rainfall response,True
2002-06-07,OUTLET,0.1225,synthetic_demo,synthetic lagged rainfall response,True
2002-06-08,OUTLET,0.12732,synthetic_demo,synthetic lagged rainfall response,True
2002-06-09,OUTLET,0.12959,synthetic_demo,synthetic lagged rainfall response,True
2002-06-10,OUTLET,0.11899,synthetic_demo,synthetic lagged rainfall response,True
2002-06-11,OUTLET,0.09576,synthetic_demo,synthetic lagged rainfall response,True
2002-06-12,OUTLET,0.10686,synthetic_demo,synthetic lagged rainfall response,True
2002-06-13,OUTLET,0.08842,synthetic_demo,synthetic lagged rainfall response,True
2002-06-14,OUTLET,0.10696,synthetic_demo,synthetic lagged rainfall response,True
2002-06-15,OUTLET,0.10328,synthetic_demo,synthetic lagged rainfall response,True
2002-06-16,OUTLET,0.11618,synthetic_demo,synthetic lagged rainfall response,True
2002-06-17,OUTLET,0.11948,synthetic_demo,synthetic lagged rainfall response,True
2002-06-18,OUTLET,0.11407,synthetic_demo,synthetic lagged rainfall response,True
2002-06-19,OUTLET,0.10667,synthetic_demo,synthetic lagged rainfall response,True
2002-06-20,OUTLET,0.09769,synthetic_demo,synthetic lagged rainfall response,True
2002-06-21,OUTLET,0.11738,synthetic_demo,synthetic lagged rainfall response,True
2002-06-22,OUTLET,0.10314,synthetic_demo,synthetic lagged rainfall response,True
2002-06-23,OUTLET,0.11416,synthetic_demo,synthetic lagged rainfall response,True
2002-06-24,OUTLET,0.09339,synthetic_demo,synthetic lagged rainfall response,True
2002-06-25,OUTLET,0.10423,synthetic_demo,synthetic lagged rainfall response,True
2002-06-26,OUTLET,0.12134,synthetic_demo,synthetic lagged rainfall response,True
2002-06-27,OUTLET,0.09687,synthetic_demo,synthetic lagged rainfall response,True
2002-06-28,OUTLET,0.09988,synthetic_demo,synthetic lagged rainfall response,True
2002-06-29,OUTLET,0.10328,synthetic_demo,synthetic lagged rainfall response,True
2002-06-30,OUTLET,0.11789,synthetic_demo,synthetic lagged rainfall response,True
2002-07-01,OUTLET,0.11184,synthetic_demo,synthetic lagged rainfall response,True
2002-07-02,OUTLET,0.13573,synthetic_demo,synthetic lagged rainfall response,True
2002-07-03,OUTLET,0.12774,synthetic_demo,synthetic lagged rainfall response,True
2002-07-04,OUTLET,0.11617,synthetic_demo,synthetic lagged rainfall response,True
2002-07-05,OUTLET,0.10961,synthetic_demo,synthetic lagged rainfall response,True
2002-07-06,OUTLET,0.15283,synthetic_demo,synthetic lagged rainfall response,True
2002-07-07,OUTLET,0.13799,synthetic_demo,synthetic lagged rainfall response,True
2002-07-08,OUTLET,0.15452,synthetic_demo,synthetic lagged rainfall response,True
2002-07-09,OUTLET,0.14256,synthetic_demo,synthetic lagged rainfall response,True
2002-07-10,OUTLET,0.14773,synthetic_demo,synthetic lagged rainfall response,True
2002-07-11,OUTLET,0.14428,synthetic_demo,synthetic lagged rainfall response,True
2002-07-12,OUTLET,0.17723,synthetic_demo,synthetic lagged rainfall response,True
2002-07-13,OUTLET,0.16238,synthetic_demo,synthetic lagged rainfall response,True
2002-07-14,OUTLET,0.1354,synthetic_demo,synthetic lagged rainfall response,True
2002-07-15,OUTLET,0.15327,synthetic_demo,synthetic lagged rainfall response,True
2002-07-16,OUTLET,0.17272,synthetic_demo,synthetic lagged rainfall response,True
2002-07-17,OUTLET,0.17659,synthetic_demo,synthetic lagged rainfall response,True
2002-07-18,OUTLET,0.18429,synthetic_demo,synthetic lagged rainfall response,True
2002-07-19,OUTLET,0.17734,synthetic_demo,synthetic lagged rainfall response,True
2002-07-20,OUTLET,0.17317,synthetic_demo,synthetic lagged rainfall response,True
2002-07-21,OUTLET,0.17648,synthetic_demo,synthetic lagged rainfall response,True
2002-07-22,OUTLET,0.16805,synthetic_demo,synthetic lagged rainfall response,True
2002-07-23,OUTLET,0.18234,synthetic_demo,synthetic lagged rainfall response,True
2002-07-24,OUTLET,0.18249,synthetic_demo,synthetic lagged rainfall response,True
2002-07-25,OUTLET,0.20578,synthetic_demo,synthetic lagged rainfall response,True
2002-07-26,OUTLET,0.18179,synthetic_demo,synthetic lagged rainfall response,True
2002-07-27,OUTLET,0.21351,synthetic_demo,synthetic lagged rainfall response,True
2002-07-28,OUTLET,0.21641,synthetic_demo,synthetic lagged rainfall response,True
2002-07-29,OUTLET,0.19919,synthetic_demo,synthetic lagged rainfall response,True
2002-07-30,OUTLET,0.21793,synthetic_demo,synthetic lagged rainfall response,True
2002-07-31,OUTLET,0.21575,synthetic_demo,synthetic lagged rainfall response,True
2002-08-01,OUTLET,0.19188,synthetic_demo,synthetic lagged rainfall response,True
2002-08-02,OUTLET,0.20617,synthetic_demo,synthetic lagged rainfall response,True
2002-08-03,OUTLET,0.21935,synthetic_demo,synthetic lagged rainfall response,True
2002-08-04,OUTLET,0.22132,synthetic_demo,synthetic lagged rainfall response,True
2002-08-05,OUTLET,0.2223,synthetic_demo,synthetic lagged rainfall response,True
2002-08-06,OUTLET,0.22083,synthetic_demo,synthetic lagged rainfall response,True
2002-08-07,OUTLET,0.20513,synthetic_demo,synthetic lagged rainfall response,True
2002-08-08,OUTLET,0.22305,synthetic_demo,synthetic lagged rainfall response,True
2002-08-09,OUTLET,0.22664,synthetic_demo,synthetic lagged rainfall response,True
2002-08-10,OUTLET,0.23635,synthetic_demo,synthetic lagged rainfall response,True
2002-08-11,OUTLET,0.22854,synthetic_demo,synthetic lagged rainfall response,True
2002-08-12,OUTLET,0.22285,synthetic_demo,synthetic lagged rainfall response,True
2002-08-13,OUTLET,0.2184,synthetic_demo,synthetic lagged rainfall response,True
2002-08-14,OUTLET,0.21942,synthetic_demo,synthetic lagged rainfall response,True
2002-08-15,OUTLET,0.2307,synthetic_demo,synthetic lagged rainfall response,True
2002-08-16,OUTLET,0.2269,synthetic_demo,synthetic lagged rainfall response,True
2002-08-17,OUTLET,0.20597,synthetic_demo,synthetic lagged rainfall response,True
2002-08-18,OUTLET,0.21712,synthetic_demo,synthetic lagged rainfall response,True
2002-08-19,OUTLET,0.20134,synthetic_demo,synthetic lagged rainfall response,True
2002-08-20,OUTLET,0.18009,synthetic_demo,synthetic lagged rainfall response,True
2002-08-21,OUTLET,0.18038,synthetic_demo,synthetic lagged rainfall response,True
2002-08-22,OUTLET,0.19045,synthetic_demo,synthetic lagged rainfall response,True
2002-08-23,OUTLET,0.20302,synthetic_demo,synthetic lagged rainfall response,True
2002-08-24,OUTLET,0.19782,synthetic_demo,synthetic lagged rainfall response,True
2002-08-25,OUTLET,0.19211,synthetic_demo,synthetic lagged rainfall response,True
2002-08-26,OUTLET,0.198,synthetic_demo,synthetic lagged rainfall response,True
2002-08-27,OUTLET,0.19829,synthetic_demo,synthetic lagged rainfall response,True
2002-08-28,OUTLET,0.21118,synthetic_demo,synthetic lagged rainfall response,True
2002-08-29,OUTLET,0.20905,synthetic_demo,synthetic lagged rainfall response,True
2002-08-30,OUTLET,0.19724,synthetic_demo,synthetic lagged rainfall response,True
2002-08-31,OUTLET,0.22125,synthetic_demo,synthetic lagged rainfall response,True
2002-09-01,OUTLET,0.22464,synthetic_demo,synthetic lagged rainfall response,True
2002-09-02,OUTLET,0.21371,synthetic_demo,synthetic lagged rainfall response,True
2002-09-03,OUTLET,0.2298,synthetic_demo,synthetic lagged rainfall response,True
2002-09-04,OUTLET,0.20618,synthetic_demo,synthetic lagged rainfall response,True
2002-09-05,OUTLET,0.23733,synthetic_demo,synthetic lagged rainfall response,True
2002-09-06,OUTLET,0.21892,synthetic_demo,synthetic lagged rainfall response,True
2002-09-07,OUTLET,0.22492,synthetic_demo,synthetic lagged rainfall response,True
2002-09-08,OUTLET,0.20401,synthetic_demo,synthetic lagged rainfall response,True
2002-09-09,OUTLET,0.2319,synthetic_demo,synthetic lagged rainfall response,True
2002-09-10,OUTLET,0.22599,synthetic_demo,synthetic lagged rainfall response,True
2002-09-11,OUTLET,0.24769,synthetic_demo,synthetic lagged rainfall response,True
2002-09-12,OUTLET,0.21996,synthetic_demo,synthetic lagged rainfall response,True
2002-09-13,OUTLET,0.23523,synthetic_demo,synthetic lagged rainfall response,True
2002-09-14,OUTLET,0.24676,synthetic_demo,synthetic lagged rainfall response,True
2002-09-15,OUTLET,0.22527,synthetic_demo,synthetic lagged rainfall response,True
2002-09-16,OUTLET,0.26349,synthetic_demo,synthetic lagged rainfall response,True
2002-09-17,OUTLET,0.22859,synthetic_demo,synthetic lagged rainfall response,True
2002-09-18,OUTLET,0.23269,synthetic_demo,synthetic lagged rainfall response,True
2002-09-19,OUTLET,0.24239,synthetic_demo,synthetic lagged rainfall response,True
2002-09-20,OUTLET,0.2275,synthetic_demo,synthetic lagged rainfall response,True
2002-09-21,OUTLET,0.24115,synthetic_demo,synthetic lagged rainfall response,True
2002-09-22,OUTLET,0.24295,synthetic_demo,synthetic lagged rainfall response,True
2002-09-23,OUTLET,0.2464,synthetic_demo,synthetic lagged rainfall response,True
2002-09-24,OUTLET,0.24496,synthetic_demo,synthetic lagged rainfall response,True
2002-09-25,OUTLET,0.23357,synthetic_demo,synthetic lagged rainfall response,True
2002-09-26,OUTLET,0.25389,synthetic_demo,synthetic lagged rainfall response,True
2002-09-27,OUTLET,0.24691,synthetic_demo,synthetic lagged rainfall response,True
2002-09-28,OUTLET,0.24527,synthetic_demo,synthetic lagged rainfall response,True
2002-09-29,OUTLET,0.24704,synthetic_demo,synthetic lagged rainfall response,True
2002-09-30,OUTLET,0.2557,synthetic_demo,synthetic lagged rainfall response,True
2002-10-01,OUTLET,0.24296,synthetic_demo,synthetic lagged rainfall response,True
2002-10-02,OUTLET,0.22741,synthetic_demo,synthetic lagged rainfall response,True
2002-10-03,OUTLET,0.22345,synthetic_demo,synthetic lagged rainfall response,True
2002-10-04,OUTLET,0.22954,synthetic_demo,synthetic lagged rainfall response,True
2002-10-05,OUTLET,0.24553,synthetic_demo,synthetic lagged rainfall response,True
2002-10-06,OUTLET,0.24607,synthetic_demo,synthetic lagged rainfall response,True
2002-10-07,OUTLET,0.26011,synthetic_demo,synthetic lagged rainfall response,True
2002-10-08,OUTLET,0.2789,synthetic_demo,synthetic lagged rainfall response,True
2002-10-09,OUTLET,0.29325,synthetic_demo,synthetic lagged rainfall response,True
2002-10-10,OUTLET,0.30959,synthetic_demo,synthetic lagged rainfall response,True
2002-10-11,OUTLET,0.28855,synthetic_demo,synthetic lagged rainfall response,True
2002-10-12,OUTLET,0.30871,synthetic_demo,synthetic lagged rainfall response,True
2002-10-13,OUTLET,0.28483,synthetic_demo,synthetic lagged rainfall response,True
2002-10-14,OUTLET,0.29298,synthetic_demo,synthetic lagged rainfall response,True
2002-10-15,OUTLET,0.27466,synthetic_demo,synthetic lagged rainfall response,True
2002-10-16,OUTLET,0.2903,synthetic_demo,synthetic lagged rainfall response,True
2002-10-17,OUTLET,0.28377,synthetic_demo,synthetic lagged rainfall response,True
2002-10-18,OUTLET,0.30508,synthetic_demo,synthetic lagged rainfall response,True
2002-10-19,OUTLET,0.30144,synthetic_demo,synthetic lagged rainfall response,True
2002-10-20,OUTLET,0.29872,synthetic_demo,synthetic lagged rainfall response,True
2002-10-21,OUTLET,0.29976,synthetic_demo,synthetic lagged rainfall response,True
2002-10-22,OUTLET,0.30759,synthetic_demo,synthetic lagged rainfall response,True
2002-10-23,OUTLET,0.31986,synthetic_demo,synthetic lagged rainfall response,True
2002-10-24,OUTLET,0.3006,synthetic_demo,synthetic lagged rainfall response,True
2002-10-25,OUTLET,0.30207,synthetic_demo,synthetic lagged rainfall response,True
2002-10-26,OUTLET,0.28953,synthetic_demo,synthetic lagged rainfall response,True
2002-10-27,OUTLET,0.28264,synthetic_demo,synthetic lagged rainfall response,True
2002-10-28,OUTLET,0.28804,synthetic_demo,synthetic lagged rainfall response,True
2002-10-29,OUTLET,0.29038,synthetic_demo,synthetic lagged rainfall response,True
2002-10-30,OUTLET,0.28704,synthetic_demo,synthetic lagged rainfall response,True
2002-10-31,OUTLET,0.30129,synthetic_demo,synthetic lagged rainfall response,True
2002-11-01,OUTLET,0.29111,synthetic_demo,synthetic lagged rainfall response,True
2002-11-02,OUTLET,0.30558,synthetic_demo,synthetic lagged rainfall response,True
2002-11-03,OUTLET,0.30304,synthetic_demo,synthetic lagged rainfall response,True
2002-11-04,OUTLET,0.31182,synthetic_demo,synthetic lagged rainfall response,True
2002-11-05,OUTLET,0.31361,synthetic_demo,synthetic lagged rainfall response,True
2002-11-06,OUTLET,0.31168,synthetic_demo,synthetic lagged rainfall response,True
2002-11-07,OUTLET,0.31844,synthetic_demo,synthetic lagged rainfall response,True
2002-11-08,OUTLET,0.31746,synthetic_demo,synthetic lagged rainfall response,True
2002-11-09,OUTLET,0.32483,synthetic_demo,synthetic lagged rainfall response,True
2002-11-10,OUTLET,0.30731,synthetic_demo,synthetic lagged rainfall response,True
2002-11-11,OUTLET,0.33235,synthetic_demo,synthetic lagged rainfall response,True
2002-11-12,OUTLET,0.30874,synthetic_demo,synthetic lagged rainfall response,True
2002-11-13,OUTLET,0.35483,synthetic_demo,synthetic lagged rainfall response,True
2002-11-14,OUTLET,0.35616,synthetic_demo,synthetic lagged rainfall response,True
2002-11-15,OUTLET,0.36262,synthetic_demo,synthetic lagged rainfall response,True
2002-11-16,OUTLET,0.34953,synthetic_demo,synthetic lagged rainfall response,True
2002-11-17,OUTLET,0.34324,synthetic_demo,synthetic lagged rainfall response,True
2002-11-18,OUTLET,0.33729,synthetic_demo,synthetic lagged rainfall response,True
2002-11-19,OUTLET,0.35985,synthetic_demo,synthetic lagged rainfall response,True
2002-11-20,OUTLET,0.33825,synthetic_demo,synthetic lagged rainfall response,True
2002-11-21,OUTLET,0.32377,synthetic_demo,synthetic lagged rainfall response,True
2002-11-22,OUTLET,0.31732,synthetic_demo,synthetic lagged rainfall response,True
2002-11-23,OUTLET,0.31555,synthetic_demo,synthetic lagged rainfall response,True
2002-11-24,OUTLET,0.32112,synthetic_demo,synthetic lagged rainfall response,True
2002-11-25,OUTLET,0.3295,synthetic_demo,synthetic lagged rainfall response,True
2002-11-26,OUTLET,0.33579,synthetic_demo,synthetic lagged rainfall response,True
2002-11-27,OUTLET,0.30979,synthetic_demo,synthetic lagged rainfall response,True
2002-11-28,OUTLET,0.30657,synthetic_demo,synthetic lagged rainfall response,True
2002-11-29,OUTLET,0.31578,synthetic_demo,synthetic lagged rainfall response,True
2002-11-30,OUTLET,0.28491,synthetic_demo,synthetic lagged rainfall response,True
2002-12-01,OUTLET,0.30075,synthetic_demo,synthetic lagged rainfall response,True
2002-12-02,OUTLET,0.2988,synthetic_demo,synthetic lagged rainfall response,True
2002-12-03,OUTLET,0.31712,synthetic_demo,synthetic lagged rainfall response,True
2002-12-04,OUTLET,0.31408,synthetic_demo,synthetic lagged rainfall response,True
2002-12-05,OUTLET,0.32473,synthetic_demo,synthetic lagged rainfall response,True
2002-12-06,OUTLET,0.29124,synthetic_demo,synthetic lagged rainfall response,True
2002-12-07,OUTLET,0.31166,synthetic_demo,synthetic lagged rainfall response,True
2002-12-08,OUTLET,0.30275,synthetic_demo,synthetic lagged rainfall response,True
2002-12-09,OUTLET,0.29162,synthetic_demo,synthetic lagged rainfall response,True
2002-12-10,OUTLET,0.30222,synthetic_demo,synthetic lagged rainfall response,True
2002-12-11,OUTLET,0.29389,synthetic_demo,synthetic lagged rainfall response,True
2002-12-12,OUTLET,0.32874,synthetic_demo,synthetic lagged rainfall response,True
2002-12-13,OUTLET,0.28778,synthetic_demo,synthetic lagged rainfall response,True
2002-12-14,OUTLET,0.27608,synthetic_demo,synthetic lagged rainfall response,True
2002-12-15,OUTLET,0.28712,synthetic_demo,synthetic lagged rainfall response,True
2002-12-16,OUTLET,0.28885,synthetic_demo,synthetic lagged rainfall response,True
2002-12-17,OUTLET,0.29581,synthetic_demo,synthetic lagged rainfall response,True
2002-12-18,OUTLET,0.26588,synthetic_demo,synthetic lagged rainfall response,True
2002-12-19,OUTLET,0.27626,synthetic_demo,synthetic lagged rainfall response,True
2002-12-20,OUTLET,0.28745,synthetic_demo,synthetic lagged rainfall response,True
2002-12-21,OUTLET,0.27508,synthetic_demo,synthetic lagged rainfall response,True
2002-12-22,OUTLET,0.28136,synthetic_demo,synthetic lagged rainfall response,True
2002-12-23,OUTLET,0.27917,synthetic_demo,synthetic lagged rainfall response,True
2002-12-24,OUTLET,0.27008,synthetic_demo,synthetic lagged rainfall response,True
2002-12-25,OUTLET,0.30224,synthetic_demo,synthetic lagged rainfall response,True
2002-12-26,OUTLET,0.26636,synthetic_demo,synthetic lagged rainfall response,True
2002-12-27,OUTLET,0.29339,synthetic_demo,synthetic lagged rainfall response,True
2002-12-28,OUTLET,0.28508,synthetic_demo,synthetic lagged rainfall response,True
2002-12-29,OUTLET,0.2876,synthetic_demo,synthetic lagged rainfall response,True
2002-12-30,OUTLET,0.31043,synthetic_demo,synthetic lagged rainfall response,True
2002-12-31,OUTLET,0.27739,synthetic_demo,synthetic lagged rainfall response,True
2003-01-01,OUTLET,0.30589,synthetic_demo,synthetic lagged rainfall response,True
2003-01-02,OUTLET,0.27874,synthetic_demo,synthetic lagged rainfall response,True
2003-01-03,OUTLET,0.26969,synthetic_demo,synthetic lagged rainfall response,True
2003-01-04,OUTLET,0.27206,synthetic_demo,synthetic lagged rainfall response,True
2003-01-05,OUTLET,0.25507,synthetic_demo,synthetic lagged rainfall response,True
2003-01-06,OUTLET,0.2659,synthetic_demo,synthetic lagged rainfall response,True
2003-01-07,OUTLET,0.26062,synthetic_demo,synthetic lagged rainfall response,True
2003-01-08,OUTLET,0.26935,synthetic_demo,synthetic lagged rainfall response,True
2003-01-09,OUTLET,0.24526,synthetic_demo,synthetic lagged rainfall response,True
2003-01-10,OUTLET,0.27127,synthetic_demo,synthetic lagged rainfall response,True
2003-01-11,OUTLET,0.26733,synthetic_demo,synthetic lagged rainfall response,True
2003-01-12,OUTLET,0.25988,synthetic_demo,synthetic lagged rainfall response,True
2003-01-13,OUTLET,0.26928,synthetic_demo,synthetic lagged rainfall response,True
2003-01-14,OUTLET,0.28152,synthetic_demo,synthetic lagged rainfall response,True
2003-01-15,OUTLET,0.26511,synthetic_demo,synthetic lagged rainfall response,True
2003-01-16,OUTLET,0.27663,synthetic_demo,synthetic lagged rainfall response,True
2003-01-17,OUTLET,0.24509,synthetic_demo,synthetic lagged rainfall response,True
2003-01-18,OUTLET,0.25771,synthetic_demo,synthetic lagged rainfall response,True
2003-01-19,OUTLET,0.25993,synthetic_demo,synthetic lagged rainfall response,True
2003-01-20,OUTLET,0.2905,synthetic_demo,synthetic lagged rainfall response,True
2003-01-21,OUTLET,0.26371,synthetic_demo,synthetic lagged rainfall response,True
2003-01-22,OUTLET,0.24483,synthetic_demo,synthetic lagged rainfall response,True
2003-01-23,OUTLET,0.24333,synthetic_demo,synthetic lagged rainfall response,True
2003-01-24,OUTLET,0.24786,synthetic_demo,synthetic lagged rainfall response,True
2003-01-25,OUTLET,0.27561,synthetic_demo,synthetic lagged rainfall response,True
2003-01-26,OUTLET,0.24958,synthetic_demo,synthetic lagged rainfall response,True
2003-01-27,OUTLET,0.2669,synthetic_demo,synthetic lagged rainfall response,True
2003-01-28,OUTLET,0.262,synthetic_demo,synthetic lagged rainfall response,True
2003-01-29,OUTLET,0.23892,synthetic_demo,synthetic lagged rainfall response,True
2003-01-30,OUTLET,0.24081,synthetic_demo,synthetic lagged rainfall response,True
2003-01-31,OUTLET,0.26734,synthetic_demo,synthetic lagged rainfall response,True
2003-02-01,OUTLET,0.26272,synthetic_demo,synthetic lagged rainfall response,True
2003-02-02,OUTLET,0.25116,synthetic_demo,synthetic lagged rainfall response,True
2003-02-03,OUTLET,0.26483,synthetic_demo,synthetic lagged rainfall response,True
2003-02-04,OUTLET,0.26607,synthetic_demo,synthetic lagged rainfall response,True
2003-02-05,OUTLET,0.25755,synthetic_demo,synthetic lagged rainfall response,True
2003-02-06,OUTLET,0.24195,synthetic_demo,synthetic lagged rainfall response,True
2003-02-07,OUTLET,0.26612,synthetic_demo,synthetic lagged rainfall response,True
2003-02-08,OUTLET,0.25046,synthetic_demo,synthetic lagged rainfall response,True
2003-02-09,OUTLET,0.24669,synthetic_demo,synthetic lagged rainfall response,True
2003-02-10,OUTLET,0.23321,synthetic_demo,synthetic lagged rainfall response,True
2003-02-11,OUTLET,0.20626,synthetic_demo,synthetic lagged rainfall response,True
2003-02-12,OUTLET,0.21536,synthetic_demo,synthetic lagged rainfall response,True
2003-02-13,OUTLET,0.21804,synthetic_demo,synthetic lagged rainfall response,True
2003-02-14,OUTLET,0.20179,synthetic_demo,synthetic lagged rainfall response,True
2003-02-15,OUTLET,0.20378,synthetic_demo,synthetic lagged rainfall response,True
2003-02-16,OUTLET,0.20102,synthetic_demo,synthetic lagged rainfall response,True
2003-02-17,OUTLET,0.20301,synthetic_demo,synthetic lagged rainfall response,True
2003-02-18,OUTLET,0.20026,synthetic_demo,synthetic lagged rainfall response,True
2003-02-19,OUTLET,0.20014,synthetic_demo,synthetic lagged rainfall response,True
2003-02-20,OUTLET,0.21042,synthetic_demo,synthetic lagged rainfall response,True
2003-02-21,OUTLET,0.19745,synthetic_demo,synthetic lagged rainfall response,True
2003-02-22,OUTLET,0.21402,synthetic_demo,synthetic lagged rainfall response,True
2003-02-23,OUTLET,0.2046,synthetic_demo,synthetic lagged rainfall response,True
2003-02-24,OUTLET,0.2071,synthetic_demo,synthetic lagged rainfall response,True
2003-02-25,OUTLET,0.20033,synthetic_demo,synthetic lagged rainfall response,True
2003-02-26,OUTLET,0.19577,synthetic_demo,synthetic lagged rainfall response,True
2003-02-27,OUTLET,0.18852,synthetic_demo,synthetic lagged rainfall response,True
2003-02-28,OUTLET,0.17989,synthetic_demo,synthetic lagged rainfall response,True
2003-03-01,OUTLET,0.1732,synthetic_demo,synthetic lagged rainfall response,True
2003-03-02,OUTLET,0.19549,synthetic_demo,synthetic lagged rainfall response,True
2003-03-03,OUTLET,0.19693,synthetic_demo,synthetic lagged rainfall response,True
2003-03-04,OUTLET,0.17511,synthetic_demo,synthetic lagged rainfall response,True
2003-03-05,OUTLET,0.17662,synthetic_demo,synthetic lagged rainfall response,True
2003-03-06,OUTLET,0.17258,synthetic_demo,synthetic lagged rainfall response,True
2003-03-07,OUTLET,0.18671,synthetic_demo,synthetic lagged rainfall response,True
2003-03-08,OUTLET,0.18382,synthetic_demo,synthetic lagged rainfall response,True
2003-03-09,OUTLET,0.161,synthetic_demo,synthetic lagged rainfall response,True
2003-03-10,OUTLET,0.16121,synthetic_demo,synthetic lagged rainfall response,True
2003-03-11,OUTLET,0.16785,synthetic_demo,synthetic lagged rainfall response,True
2003-03-12,OUTLET,0.15066,synthetic_demo,synthetic lagged rainfall response,True
2003-03-13,OUTLET,0.17308,synthetic_demo,synthetic lagged rainfall response,True
2003-03-14,OUTLET,0.15183,synthetic_demo,synthetic lagged rainfall response,True
2003-03-15,OUTLET,0.13925,synthetic_demo,synthetic lagged rainfall response,True
2003-03-16,OUTLET,0.15942,synthetic_demo,synthetic lagged rainfall response,True
2003-03-17,OUTLET,0.15398,synthetic_demo,synthetic lagged rainfall response,True
2003-03-18,OUTLET,0.16506,synthetic_demo,synthetic lagged rainfall response,True
2003-03-19,OUTLET,0.16314,synthetic_demo,synthetic lagged rainfall response,True
2003-03-20,OUTLET,0.15802,synthetic_demo,synthetic lagged rainfall response,True
2003-03-21,OUTLET,0.1477,synthetic_demo,synthetic lagged rainfall response,True
2003-03-22,OUTLET,0.12406,synthetic_demo,synthetic lagged rainfall response,True
2003-03-23,OUTLET,0.15974,synthetic_demo,synthetic lagged rainfall response,True
2003-03-24,OUTLET,0.14232,synthetic_demo,synthetic lagged rainfall response,True
2003-03-25,OUTLET,0.15938,synthetic_demo,synthetic lagged rainfall response,True
2003-03-26,OUTLET,0.14307,synthetic_demo,synthetic lagged rainfall response,True
2003-03-27,OUTLET,0.14646,synthetic_demo,synthetic lagged rainfall response,True
2003-03-28,OUTLET,0.15038,synthetic_demo,synthetic lagged rainfall response,True
2003-03-29,OUTLET,0.14643,synthetic_demo,synthetic lagged rainfall response,True
2003-03-30,OUTLET,0.14327,synthetic_demo,synthetic lagged rainfall response,True
2003-03-31,OUTLET,0.14354,synthetic_demo,synthetic lagged rainfall response,True
2003-04-01,OUTLET,0.14146,synthetic_demo,synthetic lagged rainfall response,True
2003-04-02,OUTLET,0.13416,synthetic_demo,synthetic lagged rainfall response,True
2003-04-03,OUTLET,0.13167,synthetic_demo,synthetic lagged rainfall response,True
2003-04-04,OUTLET,0.11914,synthetic_demo,synthetic lagged rainfall response,True
2003-04-05,OUTLET,0.13212,synthetic_demo,synthetic lagged rainfall response,True
2003-04-06,OUTLET,0.11092,synthetic_demo,synthetic lagged rainfall response,True
2003-04-07,OUTLET,0.12218,synthetic_demo,synthetic lagged rainfall response,True
2003-04-08,OUTLET,0.12752,synthetic_demo,synthetic lagged rainfall response,True
2003-04-09,OUTLET,0.11145,synthetic_demo,synthetic lagged rainfall response,True
2003-04-10,OUTLET,0.13807,synthetic_demo,synthetic lagged rainfall response,True
2003-04-11,OUTLET,0.13272,synthetic_demo,synthetic lagged rainfall response,True
2003-04-12,OUTLET,0.13651,synthetic_demo,synthetic lagged rainfall response,True
2003-04-13,OUTLET,0.13515,synthetic_demo,synthetic lagged rainfall response,True
2003-04-14,OUTLET,0.14722,synthetic_demo,synthetic lagged rainfall response,True
2003-04-15,OUTLET,0.13999,synthetic_demo,synthetic lagged rainfall response,True
2003-04-16,OUTLET,0.14591,synthetic_demo,synthetic lagged rainfall response,True
2003-04-17,OUTLET,0.13498,synthetic_demo,synthetic lagged rainfall response,True
2003-04-18,OUTLET,0.13503,synthetic_demo,synthetic lagged rainfall response,True
2003-04-19,OUTLET,0.1241,synthetic_demo,synthetic lagged rainfall response,True
2003-04-20,OUTLET,0.12136,synthetic_demo,synthetic lagged rainfall response,True
2003-04-21,OUTLET,0.13265,synthetic_demo,synthetic lagged rainfall response,True
2003-04-22,OUTLET,0.14386,synthetic_demo,synthetic lagged rainfall response,True
2003-04-23,OUTLET,0.14035,synthetic_demo,synthetic lagged rainfall response,True
2003-04-24,OUTLET,0.15459,synthetic_demo,synthetic lagged rainfall response,True
2003-04-25,OUTLET,0.14666,synthetic_demo,synthetic lagged rainfall response,True
2003-04-26,OUTLET,0.14842,synthetic_demo,synthetic lagged rainfall response,True
2003-04-27,OUTLET,0.16007,synthetic_demo,synthetic lagged rainfall response,True
2003-04-28,OUTLET,0.12702,synthetic_demo,synthetic lagged rainfall response,True
2003-04-29,OUTLET,0.124,synthetic_demo,synthetic lagged rainfall response,True
2003-04-30,OUTLET,0.15205,synthetic_demo,synthetic lagged rainfall response,True
2003-05-01,OUTLET,0.14842,synthetic_demo,synthetic lagged rainfall response,True
2003-05-02,OUTLET,0.13563,synthetic_demo,synthetic lagged rainfall response,True
2003-05-03,OUTLET,0.12742,synthetic_demo,synthetic lagged rainfall response,True
2003-05-04,OUTLET,0.11379,synthetic_demo,synthetic lagged rainfall response,True
2003-05-05,OUTLET,0.12987,synthetic_demo,synthetic lagged rainfall response,True
2003-05-06,OUTLET,0.14297,synthetic_demo,synthetic lagged rainfall response,True
2003-05-07,OUTLET,0.12708,synthetic_demo,synthetic lagged rainfall response,True
2003-05-08,OUTLET,0.13634,synthetic_demo,synthetic lagged rainfall response,True
2003-05-09,OUTLET,0.137,synthetic_demo,synthetic lagged rainfall response,True
2003-05-10,OUTLET,0.13062,synthetic_demo,synthetic lagged rainfall response,True
2003-05-11,OUTLET,0.12839,synthetic_demo,synthetic lagged rainfall response,True
2003-05-12,OUTLET,0.12724,synthetic_demo,synthetic lagged rainfall response,True
2003-05-13,OUTLET,0.12693,synthetic_demo,synthetic lagged rainfall response,True
2003-05-14,OUTLET,0.13707,synthetic_demo,synthetic lagged rainfall response,True
2003-05-15,OUTLET,0.1323,synthetic_demo,synthetic lagged rainfall response,True
2003-05-16,OUTLET,0.12217,synthetic_demo,synthetic lagged rainfall response,True
2003-05-17,OUTLET,0.10979,synthetic_demo,synthetic lagged rainfall response,True
2003-05-18,OUTLET,0.12026,synthetic_demo,synthetic lagged rainfall response,True
2003-05-19,OUTLET,0.1116,synthetic_demo,synthetic lagged rainfall response,True
2003-05-20,OUTLET,0.12129,synthetic_demo,synthetic lagged rainfall response,True
2003-05-21,OUTLET,0.14106,synthetic_demo,synthetic lagged rainfall response,True
2003-05-22,OUTLET,0.10021,synthetic_demo,synthetic lagged rainfall response,True
2003-05-23,OUTLET,0.10585,synthetic_demo,synthetic lagged rainfall response,True
2003-05-24,OUTLET,0.11483,synthetic_demo,synthetic lagged rainfall response,True
2003-05-25,OUTLET,0.10407,synthetic_demo,synthetic lagged rainfall response,True
2003-05-26,OUTLET,0.10673,synthetic_demo,synthetic lagged rainfall response,True
2003-05-27,OUTLET,0.10853,synthetic_demo,synthetic lagged rainfall response,True
2003-05-28,OUTLET,0.10183,synthetic_demo,synthetic lagged rainfall response,True
2003-05-29,OUTLET,0.12207,synthetic_demo,synthetic lagged rainfall response,True
2003-05-30,OUTLET,0.10045,synthetic_demo,synthetic lagged rainfall response,True
2003-05-31,OUTLET,0.11011,synthetic_demo,synthetic lagged rainfall response,True
2003-06-01,OUTLET,0.08888,synthetic_demo,synthetic lagged rainfall response,True
2003-06-02,OUTLET,0.11353,synthetic_demo,synthetic lagged rainfall response,True
2003-06-03,OUTLET,0.09603,synthetic_demo,synthetic lagged rainfall response,True
2003-06-04,OUTLET,0.09815,synthetic_demo,synthetic lagged rainfall response,True
2003-06-05,OUTLET,0.10315,synthetic_demo,synthetic lagged rainfall response,True
2003-06-06,OUTLET,0.07944,synthetic_demo,synthetic lagged rainfall response,True
2003-06-07,OUTLET,0.10453,synthetic_demo,synthetic lagged rainfall response,True
2003-06-08,OUTLET,0.10945,synthetic_demo,synthetic lagged rainfall response,True
2003-06-09,OUTLET,0.09419,synthetic_demo,synthetic lagged rainfall response,True
2003-06-10,OUTLET,0.09467,synthetic_demo,synthetic lagged rainfall response,True
2003-06-11,OUTLET,0.07649,synthetic_demo,synthetic lagged rainfall response,True
2003-06-12,OUTLET,0.08933,synthetic_demo,synthetic lagged rainfall response,True
2003-06-13,OUTLET,0.08948,synthetic_demo,synthetic lagged rainfall response,True
2003-06-14,OUTLET,0.09469,synthetic_demo,synthetic lagged rainfall response,True
2003-06-15,OUTLET,0.08043,synthetic_demo,synthetic lagged rainfall response,True
2003-06-16,OUTLET,0.07075,synthetic_demo,synthetic lagged rainfall response,True
2003-06-17,OUTLET,0.08087,synthetic_demo,synthetic lagged rainfall response,True
2003-06-18,OUTLET,0.09661,synthetic_demo,synthetic lagged rainfall response,True
2003-06-19,OUTLET,0.07864,synthetic_demo,synthetic lagged rainfall response,True
2003-06-20,OUTLET,0.09025,synthetic_demo,synthetic lagged rainfall response,True
2003-06-21,OUTLET,0.07654,synthetic_demo,synthetic lagged rainfall response,True
2003-06-22,OUTLET,0.08168,synthetic_demo,synthetic lagged rainfall response,True
2003-06-23,OUTLET,0.07596,synthetic_demo,synthetic lagged rainfall response,True
2003-06-24,OUTLET,0.09265,synthetic_demo,synthetic lagged rainfall response,True
2003-06-25,OUTLET,0.09153,synthetic_demo,synthetic lagged rainfall response,True
2003-06-26,OUTLET,0.08643,synthetic_demo,synthetic lagged rainfall response,True
2003-06-27,OUTLET,0.08424,synthetic_demo,synthetic lagged rainfall response,True
2003-06-28,OUTLET,0.07062,synthetic_demo,synthetic lagged rainfall response,True
2003-06-29,OUTLET,0.0744,synthetic_demo,synthetic lagged rainfall response,True
2003-06-30,OUTLET,0.09607,synthetic_demo,synthetic lagged rainfall response,True
2003-07-01,OUTLET,0.10087,synthetic_demo,synthetic lagged rainfall response,True
2003-07-02,OUTLET,0.09017,synthetic_demo,synthetic lagged rainfall response,True
2003-07-03,OUTLET,0.12198,synthetic_demo,synthetic lagged rainfall response,True
2003-07-04,OUTLET,0.13434,synthetic_demo,synthetic lagged rainfall response,True
2003-07-05,OUTLET,0.12546,synthetic_demo,synthetic lagged rainfall response,True
2003-07-06,OUTLET,0.11417,synthetic_demo,synthetic lagged rainfall response,True
2003-07-07,OUTLET,0.12665,synthetic_demo,synthetic lagged rainfall response,True
2003-07-08,OUTLET,0.13068,synthetic_demo,synthetic lagged rainfall response,True
2003-07-09,OUTLET,0.14172,synthetic_demo,synthetic lagged rainfall response,True
2003-07-10,OUTLET,0.12493,synthetic_demo,synthetic lagged rainfall response,True
2003-07-11,OUTLET,0.15437,synthetic_demo,synthetic lagged rainfall response,True
2003-07-12,OUTLET,0.14573,synthetic_demo,synthetic lagged rainfall response,True
2003-07-13,OUTLET,0.11305,synthetic_demo,synthetic lagged rainfall response,True
2003-07-14,OUTLET,0.11611,synthetic_demo,synthetic lagged rainfall response,True
2003-07-15,OUTLET,0.11342,synthetic_demo,synthetic lagged rainfall response,True
2003-07-16,OUTLET,0.12249,synthetic_demo,synthetic lagged rainfall response,True
2003-07-17,OUTLET,0.15248,synthetic_demo,synthetic lagged rainfall response,True
2003-07-18,OUTLET,0.15235,synthetic_demo,synthetic lagged rainfall response,True
2003-07-19,OUTLET,0.16393,synthetic_demo,synthetic lagged rainfall response,True
2003-07-20,OUTLET,0.16461,synthetic_demo,synthetic lagged rainfall response,True
2003-07-21,OUTLET,0.16012,synthetic_demo,synthetic lagged rainfall response,True
2003-07-22,OUTLET,0.16319,synthetic_demo,synthetic lagged rainfall response,True
2003-07-23,OUTLET,0.18648,synthetic_demo,synthetic lagged rainfall response,True
2003-07-24,OUTLET,0.15187,synthetic_demo,synthetic lagged rainfall response,True
2003-07-25,OUTLET,0.16757,synthetic_demo,synthetic lagged rainfall response,True
2003-07-26,OUTLET,0.15097,synthetic_demo,synthetic lagged rainfall response,True
2003-07-27,OUTLET,0.17056,synthetic_demo,synthetic lagged rainfall response,True
2003-07-28,OUTLET,0.1587,synthetic_demo,synthetic lagged rainfall response,True
2003-07-29,OUTLET,0.15165,synthetic_demo,synthetic lagged rainfall response,True
2003-07-30,OUTLET,0.15314,synthetic_demo,synthetic lagged rainfall response,True
2003-07-31,OUTLET,0.16523,synthetic_demo,synthetic lagged rainfall response,True
2003-08-01,OUTLET,0.17458,synthetic_demo,synthetic lagged rainfall response,True
2003-08-02,OUTLET,0.18873,synthetic_demo,synthetic lagged rainfall response,True
2003-08-03,OUTLET,0.19104,synthetic_demo,synthetic lagged rainfall response,True
2003-08-04,OUTLET,0.18347,synthetic_demo,synthetic lagged rainfall response,True
2003-08-05,OUTLET,0.18358,synthetic_demo,synthetic lagged rainfall response,True
2003-08-06,OUTLET,0.18297,synthetic_demo,synthetic lagged rainfall response,True
2003-08-07,OUTLET,0.23099,synthetic_demo,synthetic lagged rainfall response,True
2003-08-08,OUTLET,0.22486,synthetic_demo,synthetic lagged rainfall response,True
2003-08-09,OUTLET,0.20909,synthetic_demo,synthetic lagged rainfall response,True
2003-08-10,OUTLET,0.21803,synthetic_demo,synthetic lagged rainfall response,True
2003-08-11,OUTLET,0.21162,synthetic_demo,synthetic lagged rainfall response,True
2003-08-12,OUTLET,0.22175,synthetic_demo,synthetic lagged rainfall response,True
2003-08-13,OUTLET,0.22931,synthetic_demo,synthetic lagged rainfall response,True
2003-08-14,OUTLET,0.23317,synthetic_demo,synthetic lagged rainfall response,True
2003-08-15,OUTLET,0.23716,synthetic_demo,synthetic lagged rainfall response,True
2003-08-16,OUTLET,0.20954,synthetic_demo,synthetic lagged rainfall response,True
2003-08-17,OUTLET,0.20623,synthetic_demo,synthetic lagged rainfall response,True
2003-08-18,OUTLET,0.20336,synthetic_demo,synthetic lagged rainfall response,True
2003-08-19,OUTLET,0.20755,synthetic_demo,synthetic lagged rainfall response,True
2003-08-20,OUTLET,0.25993,synthetic_demo,synthetic lagged rainfall response,True
2003-08-21,OUTLET,0.25423,synthetic_demo,synthetic lagged rainfall response,True
2003-08-22,OUTLET,0.24672,synthetic_demo,synthetic lagged rainfall response,True
2003-08-23,OUTLET,0.24302,synthetic_demo,synthetic lagged rainfall response,True
2003-08-24,OUTLET,0.26415,synthetic_demo,synthetic lagged rainfall response,True
2003-08-25,OUTLET,0.25672,synthetic_demo,synthetic lagged rainfall response,True
2003-08-26,OUTLET,0.26852,synthetic_demo,synthetic lagged rainfall response,True
2003-08-27,OUTLET,0.27008,synthetic_demo,synthetic lagged rainfall response,True
2003-08-28,OUTLET,0.29446,synthetic_demo,synthetic lagged rainfall response,True
2003-08-29,OUTLET,0.29019,synthetic_demo,synthetic lagged rainfall response,True
2003-08-30,OUTLET,0.28038,synthetic_demo,synthetic lagged rainfall response,True
2003-08-31,OUTLET,0.28384,synthetic_demo,synthetic lagged rainfall response,True
2003-09-01,OUTLET,0.27369,synthetic_demo,synthetic lagged rainfall response,True
2003-09-02,OUTLET,0.26656,synthetic_demo,synthetic lagged rainfall response,True
2003-09-03,OUTLET,0.26934,synthetic_demo,synthetic lagged rainfall response,True
2003-09-04,OUTLET,0.2512,synthetic_demo,synthetic lagged rainfall response,True
2003-09-05,OUTLET,0.28276,synthetic_demo,synthetic lagged rainfall response,True
2003-09-06,OUTLET,0.30434,synthetic_demo,synthetic lagged rainfall response,True
2003-09-07,OUTLET,0.29,synthetic_demo,synthetic lagged rainfall response,True
2003-09-08,OUTLET,0.28401,synthetic_demo,synthetic lagged rainfall response,True
2003-09-09,OUTLET,0.30179,synthetic_demo,synthetic lagged rainfall response,True
2003-09-10,OUTLET,0.29974,synthetic_demo,synthetic lagged rainfall response,True
2003-09-11,OUTLET,0.27583,synthetic_demo,synthetic lagged rainfall response,True
2003-09-12,OUTLET,0.26596,synthetic_demo,synthetic lagged rainfall response,True
2003-09-13,OUTLET,0.28713,synthetic_demo,synthetic lagged rainfall response,True
2003-09-14,OUTLET,0.30629,synthetic_demo,synthetic lagged rainfall response,True
2003-09-15,OUTLET,0.29282,synthetic_demo,synthetic lagged rainfall response,True
2003-09-16,OUTLET,0.27344,synthetic_demo,synthetic lagged rainfall response,True
2003-09-17,OUTLET,0.3022,synthetic_demo,synthetic lagged rainfall response,True
2003-09-18,OUTLET,0.28074,synthetic_demo,synthetic lagged rainfall response,True
2003-09-19,OUTLET,0.27854,synthetic_demo,synthetic lagged rainfall response,True
2003-09-20,OUTLET,0.27234,synthetic_demo,synthetic lagged rainfall response,True
2003-09-21,OUTLET,0.24794,synthetic_demo,synthetic lagged rainfall response,True
2003-09-22,OUTLET,0.28527,synthetic_demo,synthetic lagged rainfall response,True
2003-09-23,OUTLET,0.25871,synthetic_demo,synthetic lagged rainfall response,True
2003-09-24,OUTLET,0.25157,synthetic_demo,synthetic lagged rainfall response,True
2003-09-25,OUTLET,0.27006,synthetic_demo,synthetic lagged rainfall response,True
2003-09-26,OUTLET,0.25141,synthetic_demo,synthetic lagged rainfall response,True
2003-09-27,OUTLET,0.25156,synthetic_demo,synthetic lagged rainfall response,True
2003-09-28,OUTLET,0.27224,synthetic_demo,synthetic lagged rainfall response,True
2003-09-29,OUTLET,0.28356,synthetic_demo,synthetic lagged rainfall response,True
2003-09-30,OUTLET,0.27727,synthetic_demo,synthetic lagged rainfall response,True
2003-10-01,OUTLET,0.25824,synthetic_demo,synthetic lagged rainfall response,True
2003-10-02,OUTLET,0.27081,synthetic_demo,synthetic lagged rainfall response,True
2003-10-03,OUTLET,0.26871,synthetic_demo,synthetic lagged rainfall response,True
2003-10-04,OUTLET,0.2602,synthetic_demo,synthetic lagged rainfall response,True
2003-10-05,OUTLET,0.24939,synthetic_demo,synthetic lagged rainfall response,True
2003-10-06,OUTLET,0.2645,synthetic_demo,synthetic lagged rainfall response,True
2003-10-07,OUTLET,0.2508,synthetic_demo,synthetic lagged rainfall response,True
2003-10-08,OUTLET,0.23692,synthetic_demo,synthetic lagged rainfall response,True
2003-10-09,OUTLET,0.23695,synthetic_demo,synthetic lagged rainfall response,True
2003-10-10,OUTLET,0.2466,synthetic_demo,synthetic lagged rainfall response,True
2003-10-11,OUTLET,0.26063,synthetic_demo,synthetic lagged rainfall response,True
2003-10-12,OUTLET,0.25277,synthetic_demo,synthetic lagged rainfall response,True
2003-10-13,OUTLET,0.23565,synthetic_demo,synthetic lagged rainfall response,True
2003-10-14,OUTLET,0.23493,synthetic_demo,synthetic lagged rainfall response,True
2003-10-15,OUTLET,0.2363,synthetic_demo,synthetic lagged rainfall response,True
2003-10-16,OUTLET,0.24249,synthetic_demo,synthetic lagged rainfall response,True
2003-10-17,OUTLET,0.22113,synthetic_demo,synthetic lagged rainfall response,True
2003-10-18,OUTLET,0.2455,synthetic_demo,synthetic lagged rainfall response,True
2003-10-19,OUTLET,0.23525,synthetic_demo,synthetic lagged rainfall response,True
2003-10-20,OUTLET,0.22583,synthetic_demo,synthetic lagged rainfall response,True
2003-10-21,OUTLET,0.2237,synthetic_demo,synthetic lagged rainfall response,True
2003-10-22,OUTLET,0.23454,synthetic_demo,synthetic lagged rainfall response,True
2003-10-23,OUTLET,0.22525,synthetic_demo,synthetic lagged rainfall response,True
2003-10-24,OUTLET,0.24285,synthetic_demo,synthetic lagged rainfall response,True
2003-10-25,OUTLET,0.22232,synthetic_demo,synthetic lagged rainfall response,True
2003-10-26,OUTLET,0.26033,synthetic_demo,synthetic lagged rainfall response,True
2003-10-27,OUTLET,0.27741,synthetic_demo,synthetic lagged rainfall response,True
2003-10-28,OUTLET,0.27278,synthetic_demo,synthetic lagged rainfall response,True
2003-10-29,OUTLET,0.31977,synthetic_demo,synthetic lagged rainfall response,True
2003-10-30,OUTLET,0.29811,synthetic_demo,synthetic lagged rainfall response,True
2003-10-31,OUTLET,0.33167,synthetic_demo,synthetic lagged rainfall response,True
2003-11-01,OUTLET,0.32291,synthetic_demo,synthetic lagged rainfall response,True
2003-11-02,OUTLET,0.32937,synthetic_demo,synthetic lagged rainfall response,True
2003-11-03,OUTLET,0.33909,synthetic_demo,synthetic lagged rainfall response,True
2003-11-04,OUTLET,0.36793,synthetic_demo,synthetic lagged rainfall response,True
2003-11-05,OUTLET,0.35978,synthetic_demo,synthetic lagged rainfall response,True
2003-11-06,OUTLET,0.36556,synthetic_demo,synthetic lagged rainfall response,True
2003-11-07,OUTLET,0.36638,synthetic_demo,synthetic lagged rainfall response,True
2003-11-08,OUTLET,0.397,synthetic_demo,synthetic lagged rainfall response,True
2003-11-09,OUTLET,0.40824,synthetic_demo,synthetic lagged rainfall response,True
2003-11-10,OUTLET,0.40598,synthetic_demo,synthetic lagged rainfall response,True
2003-11-11,OUTLET,0.42547,synthetic_demo,synthetic lagged rainfall response,True
2003-11-12,OUTLET,0.41583,synthetic_demo,synthetic lagged rainfall response,True
2003-11-13,OUTLET,0.39193,synthetic_demo,synthetic lagged rainfall response,True
2003-11-14,OUTLET,0.42115,synthetic_demo,synthetic lagged rainfall response,True
2003-11-15,OUTLET,0.42039,synthetic_demo,synthetic lagged rainfall response,True
2003-11-16,OUTLET,0.43576,synthetic_demo,synthetic lagged rainfall response,True
2003-11-17,OUTLET,0.42212,synthetic_demo,synthetic lagged rainfall response,True
2003-11-18,OUTLET,0.41374,synthetic_demo,synthetic lagged rainfall response,True
2003-11-19,OUTLET,0.40553,synthetic_demo,synthetic lagged rainfall response,True
2003-11-20,OUTLET,0.42823,synthetic_demo,synthetic lagged rainfall response,True
2003-11-21,OUTLET,0.42446,synthetic_demo,synthetic lagged rainfall response,True
2003-11-22,OUTLET,0.42993,synthetic_demo,synthetic lagged rainfall response,True
2003-11-23,OUTLET,0.41376,synthetic_demo,synthetic lagged rainfall response,True
2003-11-24,OUTLET,0.43496,synthetic_demo,synthetic lagged rainfall response,True
2003-11-25,OUTLET,0.40368,synthetic_demo,synthetic lagged rainfall response,True
2003-11-26,OUTLET,0.4326,synthetic_demo,synthetic lagged rainfall response,True
2003-11-27,OUTLET,0.42141,synthetic_demo,synthetic lagged rainfall response,True
2003-11-28,OUTLET,0.42274,synthetic_demo,synthetic lagged rainfall response,True
2003-11-29,OUTLET,0.41867,synthetic_demo,synthetic lagged rainfall response,True
2003-11-30,OUTLET,0.42602,synthetic_demo,synthetic lagged rainfall response,True
2003-12-01,OUTLET,0.43063,synthetic_demo,synthetic lagged rainfall response,True
2003-12-02,OUTLET,0.42323,synthetic_demo,synthetic lagged rainfall response,True
2003-12-03,OUTLET,0.4239,synthetic_demo,synthetic lagged rainfall response,True
2003-12-04,OUTLET,0.43324,synthetic_demo,synthetic lagged rainfall response,True
2003-12-05,OUTLET,0.41857,synthetic_demo,synthetic lagged rainfall response,True
2003-12-06,OUTLET,0.44522,synthetic_demo,synthetic lagged rainfall response,True
2003-12-07,OUTLET,0.42744,synthetic_demo,synthetic lagged rainfall response,True
2003-12-08,OUTLET,0.42822,synthetic_demo,synthetic lagged rainfall response,True
2003-12-09,OUTLET,0.43088,synthetic_demo,synthetic lagged rainfall response,True
2003-12-10,OUTLET,0.44588,synthetic_demo,synthetic lagged rainfall response,True
2003-12-11,OUTLET,0.39888,synthetic_demo,synthetic lagged rainfall response,True
2003-12-12,OUTLET,0.39094,synthetic_demo,synthetic lagged rainfall response,True
2003-12-13,OUTLET,0.39564,synthetic_demo,synthetic lagged rainfall response,True
2003-12-14,OUTLET,0.38678,synthetic_demo,synthetic lagged rainfall response,True
2003-12-15,OUTLET,0.38123,synthetic_demo,synthetic lagged rainfall response,True
2003-12-16,OUTLET,0.35483,synthetic_demo,synthetic lagged rainfall response,True
2003-12-17,OUTLET,0.36487,synthetic_demo,synthetic lagged rainfall response,True
2003-12-18,OUTLET,0.3747,synthetic_demo,synthetic lagged rainfall response,True
2003-12-19,OUTLET,0.33886,synthetic_demo,synthetic lagged rainfall response,True
2003-12-20,OUTLET,0.34355,synthetic_demo,synthetic lagged rainfall response,True
2003-12-21,OUTLET,0.36793,synthetic_demo,synthetic lagged rainfall response,True
2003-12-22,OUTLET,0.35465,synthetic_demo,synthetic lagged rainfall response,True
2003-12-23,OUTLET,0.32366,synthetic_demo,synthetic lagged rainfall response,True
2003-12-24,OUTLET,0.32084,synthetic_demo,synthetic lagged rainfall response,True
2003-12-25,OUTLET,0.30905,synthetic_demo,synthetic lagged rainfall response,True
2003-12-26,OUTLET,0.31142,synthetic_demo,synthetic lagged rainfall response,True
2003-12-27,OUTLET,0.31562,synthetic_demo,synthetic lagged rainfall response,True
2003-12-28,OUTLET,0.30625,synthetic_demo,synthetic lagged rainfall response,True
2003-12-29,OUTLET,0.29206,synthetic_demo,synthetic lagged rainfall response,True
2003-12-30,OUTLET,0.30207,synthetic_demo,synthetic lagged rainfall response,True
2003-12-31,OUTLET,0.29422,synthetic_demo,synthetic lagged rainfall response,True
2004-01-01,OUTLET,0.27739,synthetic_demo,synthetic lagged rainfall response,True
2004-01-02,OUTLET,0.28618,synthetic_demo,synthetic lagged rainfall response,True
2004-01-03,OUTLET,0.27257,synthetic_demo,synthetic lagged rainfall response,True
2004-01-04,OUTLET,0.26307,synthetic_demo,synthetic lagged rainfall response,True
2004-01-05,OUTLET,0.26188,synthetic_demo,synthetic lagged rainfall response,True
2004-01-06,OUTLET,0.2668,synthetic_demo,synthetic lagged rainfall response,True
2004-01-07,OUTLET,0.30564,synthetic_demo,synthetic lagged rainfall response,True
2004-01-08,OUTLET,0.32368,synthetic_demo,synthetic lagged rainfall response,True
2004-01-09,OUTLET,0.31333,synthetic_demo,synthetic lagged rainfall response,True
2004-01-10,OUTLET,0.30716,synthetic_demo,synthetic lagged rainfall response,True
2004-01-11,OUTLET,0.28634,synthetic_demo,synthetic lagged rainfall response,True
2004-01-12,OUTLET,0.29668,synthetic_demo,synthetic lagged rainfall response,True
2004-01-13,OUTLET,0.29736,synthetic_demo,synthetic lagged rainfall response,True
2004-01-14,OUTLET,0.28873,synthetic_demo,synthetic lagged rainfall response,True
2004-01-15,OUTLET,0.3084,synthetic_demo,synthetic lagged rainfall response,True
2004-01-16,OUTLET,0.3061,synthetic_demo,synthetic lagged rainfall response,True
2004-01-17,OUTLET,0.30303,synthetic_demo,synthetic lagged rainfall response,True
2004-01-18,OUTLET,0.30817,synthetic_demo,synthetic lagged rainfall response,True
2004-01-19,OUTLET,0.30375,synthetic_demo,synthetic lagged rainfall response,True
2004-01-20,OUTLET,0.29094,synthetic_demo,synthetic lagged rainfall response,True
2004-01-21,OUTLET,0.31026,synthetic_demo,synthetic lagged rainfall response,True
2004-01-22,OUTLET,0.28643,synthetic_demo,synthetic lagged rainfall response,True
2004-01-23,OUTLET,0.27761,synthetic_demo,synthetic lagged rainfall response,True
2004-01-24,OUTLET,0.29845,synthetic_demo,synthetic lagged rainfall response,True
2004-01-25,OUTLET,0.29316,synthetic_demo,synthetic lagged rainfall response,True
2004-01-26,OUTLET,0.29126,synthetic_demo,synthetic lagged rainfall response,True
2004-01-27,OUTLET,0.29755,synthetic_demo,synthetic lagged rainfall response,True
2004-01-28,OUTLET,0.28261,synthetic_demo,synthetic lagged rainfall response,True
2004-01-29,OUTLET,0.29528,synthetic_demo,synthetic lagged rainfall response,True
2004-01-30,OUTLET,0.29304,synthetic_demo,synthetic lagged rainfall response,True
2004-01-31,OUTLET,0.28862,synthetic_demo,synthetic lagged rainfall response,True
2004-02-01,OUTLET,0.2785,synthetic_demo,synthetic lagged rainfall response,True
2004-02-02,OUTLET,0.28215,synthetic_demo,synthetic lagged rainfall response,True
2004-02-03,OUTLET,0.24851,synthetic_demo,synthetic lagged rainfall response,True
2004-02-04,OUTLET,0.26396,synthetic_demo,synthetic lagged rainfall response,True
2004-02-05,OUTLET,0.29349,synthetic_demo,synthetic lagged rainfall response,True
2004-02-06,OUTLET,0.26864,synthetic_demo,synthetic lagged rainfall response,True
2004-02-07,OUTLET,0.2671,synthetic_demo,synthetic lagged rainfall response,True
2004-02-08,OUTLET,0.26512,synthetic_demo,synthetic lagged rainfall response,True
2004-02-09,OUTLET,0.25467,synthetic_demo,synthetic lagged rainfall response,True
2004-02-10,OUTLET,0.24541,synthetic_demo,synthetic lagged rainfall response,True
2004-02-11,OUTLET,0.24708,synthetic_demo,synthetic lagged rainfall response,True
2004-02-12,OUTLET,0.2484,synthetic_demo,synthetic lagged rainfall response,True
2004-02-13,OUTLET,0.25609,synthetic_demo,synthetic lagged rainfall response,True
2004-02-14,OUTLET,0.24978,synthetic_demo,synthetic lagged rainfall response,True
2004-02-15,OUTLET,0.26858,synthetic_demo,synthetic lagged rainfall response,True
2004-02-16,OUTLET,0.23077,synthetic_demo,synthetic lagged rainfall response,True
2004-02-17,OUTLET,0.22346,synthetic_demo,synthetic lagged rainfall response,True
2004-02-18,OUTLET,0.21978,synthetic_demo,synthetic lagged rainfall response,True
2004-02-19,OUTLET,0.23781,synthetic_demo,synthetic lagged rainfall response,True
2004-02-20,OUTLET,0.23686,synthetic_demo,synthetic lagged rainfall response,True
2004-02-21,OUTLET,0.22239,synthetic_demo,synthetic lagged rainfall response,True
2004-02-22,OUTLET,0.21573,synthetic_demo,synthetic lagged rainfall response,True
2004-02-23,OUTLET,0.18934,synthetic_demo,synthetic lagged rainfall response,True
2004-02-24,OUTLET,0.19609,synthetic_demo,synthetic lagged rainfall response,True
2004-02-25,OUTLET,0.20518,synthetic_demo,synthetic lagged rainfall response,True
2004-02-26,OUTLET,0.21115,synthetic_demo,synthetic lagged rainfall response,True
2004-02-27,OUTLET,0.218,synthetic_demo,synthetic lagged rainfall response,True
2004-02-28,OUTLET,0.19898,synthetic_demo,synthetic lagged rainfall response,True
2004-02-29,OUTLET,0.20048,synthetic_demo,synthetic lagged rainfall response,True
2004-03-01,OUTLET,0.18942,synthetic_demo,synthetic lagged rainfall response,True
2004-03-02,OUTLET,0.21499,synthetic_demo,synthetic lagged rainfall response,True
2004-03-03,OUTLET,0.21125,synthetic_demo,synthetic lagged rainfall response,True
2004-03-04,OUTLET,0.1975,synthetic_demo,synthetic lagged rainfall response,True
2004-03-05,OUTLET,0.19098,synthetic_demo,synthetic lagged rainfall response,True
2004-03-06,OUTLET,0.17365,synthetic_demo,synthetic lagged rainfall response,True
2004-03-07,OUTLET,0.19576,synthetic_demo,synthetic lagged rainfall response,True
2004-03-08,OUTLET,0.18004,synthetic_demo,synthetic lagged rainfall response,True
2004-03-09,OUTLET,0.19459,synthetic_demo,synthetic lagged rainfall response,True
2004-03-10,OUTLET,0.20448,synthetic_demo,synthetic lagged rainfall response,True
2004-03-11,OUTLET,0.18663,synthetic_demo,synthetic lagged rainfall response,True
2004-03-12,OUTLET,0.17271,synthetic_demo,synthetic lagged rainfall response,True
2004-03-13,OUTLET,0.19535,synthetic_demo,synthetic lagged rainfall response,True
2004-03-14,OUTLET,0.18622,synthetic_demo,synthetic lagged rainfall response,True
2004-03-15,OUTLET,0.16907,synthetic_demo,synthetic lagged rainfall response,True
2004-03-16,OUTLET,0.17247,synthetic_demo,synthetic lagged rainfall response,True
2004-03-17,OUTLET,0.19629,synthetic_demo,synthetic lagged rainfall response,True
2004-03-18,OUTLET,0.1824,synthetic_demo,synthetic lagged rainfall response,True
2004-03-19,OUTLET,0.17957,synthetic_demo,synthetic lagged rainfall response,True
2004-03-20,OUTLET,0.18331,synthetic_demo,synthetic lagged rainfall response,True
2004-03-21,OUTLET,0.16389,synthetic_demo,synthetic lagged rainfall response,True
2004-03-22,OUTLET,0.17188,synthetic_demo,synthetic lagged rainfall response,True
2004-03-23,OUTLET,0.17899,synthetic_demo,synthetic lagged rainfall response,True
2004-03-24,OUTLET,0.18094,synthetic_demo,synthetic lagged rainfall response,True
2004-03-25,OUTLET,0.16754,synthetic_demo,synthetic lagged rainfall response,True
2004-03-26,OUTLET,0.16686,synthetic_demo,synthetic lagged rainfall response,True
2004-03-27,OUTLET,0.18503,synthetic_demo,synthetic lagged rainfall response,True
2004-03-28,OUTLET,0.16793,synthetic_demo,synthetic lagged rainfall response,True
2004-03-29,OUTLET,0.17985,synthetic_demo,synthetic lagged rainfall response,True
2004-03-30,OUTLET,0.17406,synthetic_demo,synthetic lagged rainfall response,True
2004-03-31,OUTLET,0.18427,synthetic_demo,synthetic lagged rainfall response,True
2004-04-01,OUTLET,0.16962,synthetic_demo,synthetic lagged rainfall response,True
2004-04-02,OUTLET,0.17198,synthetic_demo,synthetic lagged rainfall response,True
2004-04-03,OUTLET,0.16532,synthetic_demo,synthetic lagged rainfall response,True
2004-04-04,OUTLET,0.18262,synthetic_demo,synthetic lagged rainfall response,True
2004-04-05,OUTLET,0.18127,synthetic_demo,synthetic lagged rainfall response,True
2004-04-06,OUTLET,0.17949,synthetic_demo,synthetic lagged rainfall response,True
2004-04-07,OUTLET,0.16786,synthetic_demo,synthetic lagged rainfall response,True
2004-04-08,OUTLET,0.16395,synthetic_demo,synthetic lagged rainfall response,True
2004-04-09,OUTLET,0.17846,synthetic_demo,synthetic lagged rainfall response,True
2004-04-10,OUTLET,0.17968,synthetic_demo,synthetic lagged rainfall response,True
2004-04-11,OUTLET,0.19717,synthetic_demo,synthetic lagged rainfall response,True
2004-04-12,OUTLET,0.17803,synthetic_demo,synthetic lagged rainfall response,True
2004-04-13,OUTLET,0.17728,synthetic_demo,synthetic lagged rainfall response,True
2004-04-14,OUTLET,0.17047,synthetic_demo,synthetic lagged rainfall response,True
2004-04-15,OUTLET,0.20753,synthetic_demo,synthetic lagged rainfall response,True
2004-04-16,OUTLET,0.18767,synthetic_demo,synthetic lagged rainfall response,True
2004-04-17,OUTLET,0.19801,synthetic_demo,synthetic lagged rainfall response,True
2004-04-18,OUTLET,0.19909,synthetic_demo,synthetic lagged rainfall response,True
2004-04-19,OUTLET,0.19591,synthetic_demo,synthetic lagged rainfall response,True
2004-04-20,OUTLET,0.19089,synthetic_demo,synthetic lagged rainfall response,True
2004-04-21,OUTLET,0.19797,synthetic_demo,synthetic lagged rainfall response,True
2004-04-22,OUTLET,0.23709,synthetic_demo,synthetic lagged rainfall response,True
2004-04-23,OUTLET,0.21943,synthetic_demo,synthetic lagged rainfall response,True
2004-04-24,OUTLET,0.2086,synthetic_demo,synthetic lagged rainfall response,True
2004-04-25,OUTLET,0.20349,synthetic_demo,synthetic lagged rainfall response,True
2004-04-26,OUTLET,0.20239,synthetic_demo,synthetic lagged rainfall response,True
2004-04-27,OUTLET,0.22584,synthetic_demo,synthetic lagged rainfall response,True
2004-04-28,OUTLET,0.20771,synthetic_demo,synthetic lagged rainfall response,True
2004-04-29,OUTLET,0.20932,synthetic_demo,synthetic lagged rainfall response,True
2004-04-30,OUTLET,0.20917,synthetic_demo,synthetic lagged rainfall response,True
2004-05-01,OUTLET,0.19944,synthetic_demo,synthetic lagged rainfall response,True
2004-05-02,OUTLET,0.17501,synthetic_demo,synthetic lagged rainfall response,True
2004-05-03,OUTLET,0.19051,synthetic_demo,synthetic lagged rainfall response,True
2004-05-04,OUTLET,0.21626,synthetic_demo,synthetic lagged rainfall response,True
2004-05-05,OUTLET,0.18457,synthetic_demo,synthetic lagged rainfall response,True
2004-05-06,OUTLET,0.18774,synthetic_demo,synthetic lagged rainfall response,True
2004-05-07,OUTLET,0.19501,synthetic_demo,synthetic lagged rainfall response,True
2004-05-08,OUTLET,0.17716,synthetic_demo,synthetic lagged rainfall response,True
2004-05-09,OUTLET,0.1741,synthetic_demo,synthetic lagged rainfall response,True
2004-05-10,OUTLET,0.17257,synthetic_demo,synthetic lagged rainfall response,True
2004-05-11,OUTLET,0.18687,synthetic_demo,synthetic lagged rainfall response,True
2004-05-12,OUTLET,0.17681,synthetic_demo,synthetic lagged rainfall response,True
2004-05-13,OUTLET,0.18109,synthetic_demo,synthetic lagged rainfall response,True
2004-05-14,OUTLET,0.16911,synthetic_demo,synthetic lagged rainfall response,True
2004-05-15,OUTLET,0.17114,synthetic_demo,synthetic lagged rainfall response,True
2004-05-16,OUTLET,0.16521,synthetic_demo,synthetic lagged rainfall response,True
2004-05-17,OUTLET,0.16713,synthetic_demo,synthetic lagged rainfall response,True
2004-05-18,OUTLET,0.22265,synthetic_demo,synthetic lagged rainfall response,True
2004-05-19,OUTLET,0.20917,synthetic_demo,synthetic lagged rainfall response,True
2004-05-20,OUTLET,0.19849,synthetic_demo,synthetic lagged rainfall response,True
2004-05-21,OUTLET,0.20999,synthetic_demo,synthetic lagged rainfall response,True
2004-05-22,OUTLET,0.20587,synthetic_demo,synthetic lagged rainfall response,True
2004-05-23,OUTLET,0.18809,synthetic_demo,synthetic lagged rainfall response,True
2004-05-24,OUTLET,0.20612,synthetic_demo,synthetic lagged rainfall response,True
2004-05-25,OUTLET,0.19521,synthetic_demo,synthetic lagged rainfall response,True
2004-05-26,OUTLET,0.21435,synthetic_demo,synthetic lagged rainfall response,True
2004-05-27,OUTLET,0.18891,synthetic_demo,synthetic lagged rainfall response,True
2004-05-28,OUTLET,0.18979,synthetic_demo,synthetic lagged rainfall response,True
2004-05-29,OUTLET,0.21344,synthetic_demo,synthetic lagged rainfall response,True
2004-05-30,OUTLET,0.19192,synthetic_demo,synthetic lagged rainfall response,True
2004-05-31,OUTLET,0.21246,synthetic_demo,synthetic lagged rainfall response,True
2004-06-01,OUTLET,0.21024,synthetic_demo,synthetic lagged rainfall response,True
2004-06-02,OUTLET,0.22156,synthetic_demo,synthetic lagged rainfall response,True
2004-06-03,OUTLET,0.22069,synthetic_demo,synthetic lagged rainfall response,True
2004-06-04,OUTLET,0.22618,synthetic_demo,synthetic lagged rainfall response,True
2004-06-05,OUTLET,0.20495,synthetic_demo,synthetic lagged rainfall response,True
2004-06-06,OUTLET,0.20831,synthetic_demo,synthetic lagged rainfall response,True
2004-06-07,OUTLET,0.21507,synthetic_demo,synthetic lagged rainfall response,True
2004-06-08,OUTLET,0.22419,synthetic_demo,synthetic lagged rainfall response,True
2004-06-09,OUTLET,0.25006,synthetic_demo,synthetic lagged rainfall response,True
2004-06-10,OUTLET,0.24573,synthetic_demo,synthetic lagged rainfall response,True
2004-06-11,OUTLET,0.24593,synthetic_demo,synthetic lagged rainfall response,True
2004-06-12,OUTLET,0.23342,synthetic_demo,synthetic lagged rainfall response,True
2004-06-13,OUTLET,0.2204,synthetic_demo,synthetic lagged rainfall response,True
2004-06-14,OUTLET,0.2396,synthetic_demo,synthetic lagged rainfall response,True
2004-06-15,OUTLET,0.24444,synthetic_demo,synthetic lagged rainfall response,True
2004-06-16,OUTLET,0.23567,synthetic_demo,synthetic lagged rainfall response,True
2004-06-17,OUTLET,0.24294,synthetic_demo,synthetic lagged rainfall response,True
2004-06-18,OUTLET,0.22655,synthetic_demo,synthetic lagged rainfall response,True
2004-06-19,OUTLET,0.22694,synthetic_demo,synthetic lagged rainfall response,True
2004-06-20,OUTLET,0.22687,synthetic_demo,synthetic lagged rainfall response,True
2004-06-21,OUTLET,0.22902,synthetic_demo,synthetic lagged rainfall response,True
2004-06-22,OUTLET,0.2418,synthetic_demo,synthetic lagged rainfall response,True
2004-06-23,OUTLET,0.25109,synthetic_demo,synthetic lagged rainfall response,True
2004-06-24,OUTLET,0.24169,synthetic_demo,synthetic lagged rainfall response,True
2004-06-25,OUTLET,0.24722,synthetic_demo,synthetic lagged rainfall response,True
2004-06-26,OUTLET,0.25346,synthetic_demo,synthetic lagged rainfall response,True
2004-06-27,OUTLET,0.24444,synthetic_demo,synthetic lagged rainfall response,True
2004-06-28,OUTLET,0.22952,synthetic_demo,synthetic lagged rainfall response,True
2004-06-29,OUTLET,0.25504,synthetic_demo,synthetic lagged rainfall response,True
2004-06-30,OUTLET,0.27682,synthetic_demo,synthetic lagged rainfall response,True
2004-07-01,OUTLET,0.28643,synthetic_demo,synthetic lagged rainfall response,True
2004-07-02,OUTLET,0.26795,synthetic_demo,synthetic lagged rainfall response,True
2004-07-03,OUTLET,0.25831,synthetic_demo,synthetic lagged rainfall response,True
2004-07-04,OUTLET,0.23627,synthetic_demo,synthetic lagged rainfall response,True
2004-07-05,OUTLET,0.24135,synthetic_demo,synthetic lagged rainfall response,True
2004-07-06,OUTLET,0.23845,synthetic_demo,synthetic lagged rainfall response,True
2004-07-07,OUTLET,0.25947,synthetic_demo,synthetic lagged rainfall response,True
2004-07-08,OUTLET,0.2677,synthetic_demo,synthetic lagged rainfall response,True
2004-07-09,OUTLET,0.2607,synthetic_demo,synthetic lagged rainfall response,True
2004-07-10,OUTLET,0.24627,synthetic_demo,synthetic lagged rainfall response,True
2004-07-11,OUTLET,0.26392,synthetic_demo,synthetic lagged rainfall response,True
2004-07-12,OUTLET,0.32466,synthetic_demo,synthetic lagged rainfall response,True
2004-07-13,OUTLET,0.33582,synthetic_demo,synthetic lagged rainfall response,True
2004-07-14,OUTLET,0.3481,synthetic_demo,synthetic lagged rainfall response,True
2004-07-15,OUTLET,0.29603,synthetic_demo,synthetic lagged rainfall response,True
2004-07-16,OUTLET,0.33936,synthetic_demo,synthetic lagged rainfall response,True
2004-07-17,OUTLET,0.3401,synthetic_demo,synthetic lagged rainfall response,True
2004-07-18,OUTLET,0.35095,synthetic_demo,synthetic lagged rainfall response,True
2004-07-19,OUTLET,0.34847,synthetic_demo,synthetic lagged rainfall response,True
2004-07-20,OUTLET,0.35107,synthetic_demo,synthetic lagged rainfall response,True
2004-07-21,OUTLET,0.35792,synthetic_demo,synthetic lagged rainfall response,True
2004-07-22,OUTLET,0.35315,synthetic_demo,synthetic lagged rainfall response,True
2004-07-23,OUTLET,0.35587,synthetic_demo,synthetic lagged rainfall response,True
2004-07-24,OUTLET,0.33766,synthetic_demo,synthetic lagged rainfall response,True
2004-07-25,OUTLET,0.33018,synthetic_demo,synthetic lagged rainfall response,True
2004-07-26,OUTLET,0.32827,synthetic_demo,synthetic lagged rainfall response,True
2004-07-27,OUTLET,0.3554,synthetic_demo,synthetic lagged rainfall response,True
2004-07-28,OUTLET,0.36384,synthetic_demo,synthetic lagged rainfall response,True
2004-07-29,OUTLET,0.36006,synthetic_demo,synthetic lagged rainfall response,True
2004-07-30,OUTLET,0.36129,synthetic_demo,synthetic lagged rainfall response,True
2004-07-31,OUTLET,0.39639,synthetic_demo,synthetic lagged rainfall response,True
2004-08-01,OUTLET,0.39134,synthetic_demo,synthetic lagged rainfall response,True
2004-08-02,OUTLET,0.39727,synthetic_demo,synthetic lagged rainfall response,True
2004-08-03,OUTLET,0.40726,synthetic_demo,synthetic lagged rainfall response,True
2004-08-04,OUTLET,0.45739,synthetic_demo,synthetic lagged rainfall response,True
2004-08-05,OUTLET,0.44732,synthetic_demo,synthetic lagged rainfall response,True
2004-08-06,OUTLET,0.43593,synthetic_demo,synthetic lagged rainfall response,True
2004-08-07,OUTLET,0.43813,synthetic_demo,synthetic lagged rainfall response,True
2004-08-08,OUTLET,0.42543,synthetic_demo,synthetic lagged rainfall response,True
2004-08-09,OUTLET,0.44467,synthetic_demo,synthetic lagged rainfall response,True
2004-08-10,OUTLET,0.45222,synthetic_demo,synthetic lagged rainfall response,True
2004-08-11,OUTLET,0.45554,synthetic_demo,synthetic lagged rainfall response,True
2004-08-12,OUTLET,0.44054,synthetic_demo,synthetic lagged rainfall response,True
2004-08-13,OUTLET,0.43416,synthetic_demo,synthetic lagged rainfall response,True
2004-08-14,OUTLET,0.41582,synthetic_demo,synthetic lagged rainfall response,True
2004-08-15,OUTLET,0.41927,synthetic_demo,synthetic lagged rainfall response,True
2004-08-16,OUTLET,0.42843,synthetic_demo,synthetic lagged rainfall response,True
2004-08-17,OUTLET,0.43304,synthetic_demo,synthetic lagged rainfall response,True
2004-08-18,OUTLET,0.43859,synthetic_demo,synthetic lagged rainfall response,True
2004-08-19,OUTLET,0.44162,synthetic_demo,synthetic lagged rainfall response,True
2004-08-20,OUTLET,0.4247,synthetic_demo,synthetic lagged rainfall response,True
2004-08-21,OUTLET,0.4224,synthetic_demo,synthetic lagged rainfall response,True
2004-08-22,OUTLET,0.42022,synthetic_demo,synthetic lagged rainfall response,True
2004-08-23,OUTLET,0.42513,synthetic_demo,synthetic lagged rainfall response,True
2004-08-24,OUTLET,0.41192,synthetic_demo,synthetic lagged rainfall response,True
2004-08-25,OUTLET,0.41826,synthetic_demo,synthetic lagged rainfall response,True
2004-08-26,OUTLET,0.40619,synthetic_demo,synthetic lagged rainfall response,True
2004-08-27,OUTLET,0.42392,synthetic_demo,synthetic lagged rainfall response,True
2004-08-28,OUTLET,0.40928,synthetic_demo,synthetic lagged rainfall response,True
2004-08-29,OUTLET,0.44035,synthetic_demo,synthetic lagged rainfall response,True
2004-08-30,OUTLET,0.43179,synthetic_demo,synthetic lagged rainfall response,True
2004-08-31,OUTLET,0.43175,synthetic_demo,synthetic lagged rainfall response,True
2004-09-01,OUTLET,0.44448,synthetic_demo,synthetic lagged rainfall response,True
2004-09-02,OUTLET,0.42514,synthetic_demo,synthetic lagged rainfall response,True
2004-09-03,OUTLET,0.43592,synthetic_demo,synthetic lagged rainfall response,True
2004-09-04,OUTLET,0.41909,synthetic_demo,synthetic lagged rainfall response,True
2004-09-05,OUTLET,0.44363,synthetic_demo,synthetic lagged rainfall response,True
2004-09-06,OUTLET,0.44521,synthetic_demo,synthetic lagged rainfall response,True
2004-09-07,OUTLET,0.45555,synthetic_demo,synthetic lagged rainfall response,True
2004-09-08,OUTLET,0.46987,synthetic_demo,synthetic lagged rainfall response,True
2004-09-09,OUTLET,0.45815,synthetic_demo,synthetic lagged rainfall response,True
2004-09-10,OUTLET,0.44415,synthetic_demo,synthetic lagged rainfall response,True
2004-09-11,OUTLET,0.45806,synthetic_demo,synthetic lagged rainfall response,True
2004-09-12,OUTLET,0.46722,synthetic_demo,synthetic lagged rainfall response,True
2004-09-13,OUTLET,0.42707,synthetic_demo,synthetic lagged rainfall response,True
2004-09-14,OUTLET,0.42025,synthetic_demo,synthetic lagged rainfall response,True
2004-09-15,OUTLET,0.43263,synthetic_demo,synthetic lagged rainfall response,True
2004-09-16,OUTLET,0.43315,synthetic_demo,synthetic lagged rainfall response,True
2004-09-17,OUTLET,0.43018,synthetic_demo,synthetic lagged rainfall response,True
2004-09-18,OUTLET,0.40553,synthetic_demo,synthetic lagged rainfall response,True
2004-09-19,OUTLET,0.44355,synthetic_demo,synthetic lagged rainfall response,True
2004-09-20,OUTLET,0.43094,synthetic_demo,synthetic lagged rainfall response,True
2004-09-21,OUTLET,0.43077,synthetic_demo,synthetic lagged rainfall response,True
2004-09-22,OUTLET,0.42551,synthetic_demo,synthetic lagged rainfall response,True
2004-09-23,OUTLET,0.42346,synthetic_demo,synthetic lagged rainfall response,True
2004-09-24,OUTLET,0.43722,synthetic_demo,synthetic lagged rainfall response,True
2004-09-25,OUTLET,0.42818,synthetic_demo,synthetic lagged rainfall response,True
2004-09-26,OUTLET,0.42821,synthetic_demo,synthetic lagged rainfall response,True
2004-09-27,OUTLET,0.42359,synthetic_demo,synthetic lagged rainfall response,True
2004-09-28,OUTLET,0.44589,synthetic_demo,synthetic lagged rainfall response,True
2004-09-29,OUTLET,0.44917,synthetic_demo,synthetic lagged rainfall response,True
2004-09-30,OUTLET,0.46638,synthetic_demo,synthetic lagged rainfall response,True
2004-10-01,OUTLET,0.48109,synthetic_demo,synthetic lagged rainfall response,True
2004-10-02,OUTLET,0.46424,synthetic_demo,synthetic lagged rainfall response,True
2004-10-03,OUTLET,0.47446,synthetic_demo,synthetic lagged rainfall response,True
2004-10-04,OUTLET,0.48977,synthetic_demo,synthetic lagged rainfall response,True
2004-10-05,OUTLET,0.49118,synthetic_demo,synthetic lagged rainfall response,True
2004-10-06,OUTLET,0.49018,synthetic_demo,synthetic lagged rainfall response,True
2004-10-07,OUTLET,0.49317,synthetic_demo,synthetic lagged rainfall response,True
2004-10-08,OUTLET,0.49673,synthetic_demo,synthetic lagged rainfall response,True
2004-10-09,OUTLET,0.50703,synthetic_demo,synthetic lagged rainfall response,True
2004-10-10,OUTLET,0.50425,synthetic_demo,synthetic lagged rainfall response,True
2004-10-11,OUTLET,0.4952,synthetic_demo,synthetic lagged rainfall response,True
2004-10-12,OUTLET,0.51056,synthetic_demo,synthetic lagged rainfall response,True
2004-10-13,OUTLET,0.4763,synthetic_demo,synthetic lagged rainfall response,True
2004-10-14,OUTLET,0.47071,synthetic_demo,synthetic lagged rainfall response,True
2004-10-15,OUTLET,0.47917,synthetic_demo,synthetic lagged rainfall response,True
2004-10-16,OUTLET,0.46663,synthetic_demo,synthetic lagged rainfall response,True
2004-10-17,OUTLET,0.46423,synthetic_demo,synthetic lagged rainfall response,True
2004-10-18,OUTLET,0.48562,synthetic_demo,synthetic lagged rainfall response,True
2004-10-19,OUTLET,0.47258,synthetic_demo,synthetic lagged rainfall response,True
2004-10-20,OUTLET,0.46797,synthetic_demo,synthetic lagged rainfall response,True
2004-10-21,OUTLET,0.49815,synthetic_demo,synthetic lagged rainfall response,True
2004-10-22,OUTLET,0.4918,synthetic_demo,synthetic lagged rainfall response,True
2004-10-23,OUTLET,0.48312,synthetic_demo,synthetic lagged rainfall response,True
2004-10-24,OUTLET,0.50471,synthetic_demo,synthetic lagged rainfall response,True
2004-10-25,OUTLET,0.4763,synthetic_demo,synthetic lagged rainfall response,True
2004-10-26,OUTLET,0.495,synthetic_demo,synthetic lagged rainfall response,True
2004-10-27,OUTLET,0.4936,synthetic_demo,synthetic lagged rainfall response,True
2004-10-28,OUTLET,0.53538,synthetic_demo,synthetic lagged rainfall response,True
2004-10-29,OUTLET,0.52044,synthetic_demo,synthetic lagged rainfall response,True
2004-10-30,OUTLET,0.49621,synthetic_demo,synthetic lagged rainfall response,True
2004-10-31,OUTLET,0.52693,synthetic_demo,synthetic lagged rainfall response,True
2004-11-01,OUTLET,0.53583,synthetic_demo,synthetic lagged rainfall response,True
2004-11-02,OUTLET,0.50093,synthetic_demo,synthetic lagged rainfall response,True
2004-11-03,OUTLET,0.49708,synthetic_demo,synthetic lagged rainfall response,True
2004-11-04,OUTLET,0.49933,synthetic_demo,synthetic lagged rainfall response,True
2004-11-05,OUTLET,0.50222,synthetic_demo,synthetic lagged rainfall response,True
2004-11-06,OUTLET,0.49309,synthetic_demo,synthetic lagged rainfall response,True
2004-11-07,OUTLET,0.49444,synthetic_demo,synthetic lagged rainfall response,True
2004-11-08,OUTLET,0.52591,synthetic_demo,synthetic lagged rainfall response,True
2004-11-09,OUTLET,0.51196,synthetic_demo,synthetic lagged rainfall response,True
2004-11-10,OUTLET,0.52606,synthetic_demo,synthetic lagged rainfall response,True
2004-11-11,OUTLET,0.54551,synthetic_demo,synthetic lagged rainfall response,True
2004-11-12,OUTLET,0.52023,synthetic_demo,synthetic lagged rainfall response,True
2004-11-13,OUTLET,0.56464,synthetic_demo,synthetic lagged rainfall response,True
2004-11-14,OUTLET,0.55446,synthetic_demo,synthetic lagged rainfall response,True
2004-11-15,OUTLET,0.55564,synthetic_demo,synthetic lagged rainfall response,True
2004-11-16,OUTLET,0.54991,synthetic_demo,synthetic lagged rainfall response,True
2004-11-17,OUTLET,0.55253,synthetic_demo,synthetic lagged rainfall response,True
2004-11-18,OUTLET,0.54779,synthetic_demo,synthetic lagged rainfall response,True
2004-11-19,OUTLET,0.54927,synthetic_demo,synthetic lagged rainfall response,True
2004-11-20,OUTLET,0.54955,synthetic_demo,synthetic lagged rainfall response,True
2004-11-21,OUTLET,0.55496,synthetic_demo,synthetic lagged rainfall response,True
2004-11-22,OUTLET,0.53415,synthetic_demo,synthetic lagged rainfall response,True
2004-11-23,OUTLET,0.53892,synthetic_demo,synthetic lagged rainfall response,True
2004-11-24,OUTLET,0.52254,synthetic_demo,synthetic lagged rainfall response,True
2004-11-25,OUTLET,0.52157,synthetic_demo,synthetic lagged rainfall response,True
2004-11-26,OUTLET,0.51743,synthetic_demo,synthetic lagged rainfall response,True
2004-11-27,OUTLET,0.52766,synthetic_demo,synthetic lagged rainfall response,True
2004-11-28,OUTLET,0.47954,synthetic_demo,synthetic lagged rainfall response,True
2004-11-29,OUTLET,0.49751,synthetic_demo,synthetic lagged rainfall response,True
2004-11-30,OUTLET,0.4901,synthetic_demo,synthetic lagged rainfall response,True
2004-12-01,OUTLET,0.4935,synthetic_demo,synthetic lagged rainfall response,True
2004-12-02,OUTLET,0.48594,synthetic_demo,synthetic lagged rainfall response,True
2004-12-03,OUTLET,0.47976,synthetic_demo,synthetic lagged rainfall response,True
2004-12-04,OUTLET,0.49874,synthetic_demo,synthetic lagged rainfall response,True
2004-12-05,OUTLET,0.44853,synthetic_demo,synthetic lagged rainfall response,True
2004-12-06,OUTLET,0.44797,synthetic_demo,synthetic lagged rainfall response,True
2004-12-07,OUTLET,0.43819,synthetic_demo,synthetic lagged rainfall response,True
2004-12-08,OUTLET,0.49252,synthetic_demo,synthetic lagged rainfall response,True
2004-12-09,OUTLET,0.48652,synthetic_demo,synthetic lagged rainfall response,True
2004-12-10,OUTLET,0.46252,synthetic_demo,synthetic lagged rainfall response,True
2004-12-11,OUTLET,0.48527,synthetic_demo,synthetic lagged rainfall response,True
2004-12-12,OUTLET,0.46367,synthetic_demo,synthetic lagged rainfall response,True
2004-12-13,OUTLET,0.46331,synthetic_demo,synthetic lagged rainfall response,True
2004-12-14,OUTLET,0.48298,synthetic_demo,synthetic lagged rainfall response,True
2004-12-15,OUTLET,0.48219,synthetic_demo,synthetic lagged rainfall response,True
2004-12-16,OUTLET,0.46636,synthetic_demo,synthetic lagged rainfall response,True
2004-12-17,OUTLET,0.47588,synthetic_demo,synthetic lagged rainfall response,True
2004-12-18,OUTLET,0.47096,synthetic_demo,synthetic lagged rainfall response,True
2004-12-19,OUTLET,0.46959,synthetic_demo,synthetic lagged rainfall response,True
2004-12-20,OUTLET,0.46903,synthetic_demo,synthetic lagged rainfall response,True
2004-12-21,OUTLET,0.47906,synthetic_demo,synthetic lagged rainfall response,True
2004-12-22,OUTLET,0.46303,synthetic_demo,synthetic lagged rainfall response,True
2004-12-23,OUTLET,0.45402,synthetic_demo,synthetic lagged rainfall response,True
2004-12-24,OUTLET,0.43945,synthetic_demo,synthetic lagged rainfall response,True
2004-12-25,OUTLET,0.45909,synthetic_demo,synthetic lagged rainfall response,True
2004-12-26,OUTLET,0.43452,synthetic_demo,synthetic lagged rainfall response,True
2004-12-27,OUTLET,0.4281,synthetic_demo,synthetic lagged rainfall response,True
2004-12-28,OUTLET,0.3933,synthetic_demo,synthetic lagged rainfall response,True
2004-12-29,OUTLET,0.37443,synthetic_demo,synthetic lagged rainfall response,True
2004-12-30,OUTLET,0.36841,synthetic_demo,synthetic lagged rainfall response,True
2004-12-31,OUTLET,0.39752,synthetic_demo,synthetic lagged rainfall response,True
2005-01-01,OUTLET,0.38501,synthetic_demo,synthetic lagged rainfall response,True
2005-01-02,OUTLET,0.40071,synthetic_demo,synthetic lagged rainfall response,True
2005-01-03,OUTLET,0.40009,synthetic_demo,synthetic lagged rainfall response,True
2005-01-04,OUTLET,0.37443,synthetic_demo,synthetic lagged rainfall response,True
2005-01-05,OUTLET,0.37645,synthetic_demo,synthetic lagged rainfall response,True
2005-01-06,OUTLET,0.39495,synthetic_demo,synthetic lagged rainfall response,True
2005-01-07,OUTLET,0.38217,synthetic_demo,synthetic lagged rainfall response,True
2005-01-08,OUTLET,0.37185,synthetic_demo,synthetic lagged rainfall response,True
2005-01-09,OUTLET,0.35256,synthetic_demo,synthetic lagged rainfall response,True
2005-01-10,OUTLET,0.37131,synthetic_demo,synthetic lagged rainfall response,True
2005-01-11,OUTLET,0.37051,synthetic_demo,synthetic lagged rainfall response,True
2005-01-12,OUTLET,0.3727,synthetic_demo,synthetic lagged rainfall response,True
2005-01-13,OUTLET,0.37077,synthetic_demo,synthetic lagged rainfall response,True
2005-01-14,OUTLET,0.33599,synthetic_demo,synthetic lagged rainfall response,True
2005-01-15,OUTLET,0.36141,synthetic_demo,synthetic lagged rainfall response,True
2005-01-16,OUTLET,0.34549,synthetic_demo,synthetic lagged rainfall response,True
2005-01-17,OUTLET,0.34496,synthetic_demo,synthetic lagged rainfall response,True
2005-01-18,OUTLET,0.3311,synthetic_demo,synthetic lagged rainfall response,True
2005-01-19,OUTLET,0.34715,synthetic_demo,synthetic lagged rainfall response,True
2005-01-20,OUTLET,0.32226,synthetic_demo,synthetic lagged rainfall response,True
2005-01-21,OUTLET,0.3421,synthetic_demo,synthetic lagged rainfall response,True
2005-01-22,OUTLET,0.31653,synthetic_demo,synthetic lagged rainfall response,True
2005-01-23,OUTLET,0.31467,synthetic_demo,synthetic lagged rainfall response,True
2005-01-24,OUTLET,0.30634,synthetic_demo,synthetic lagged rainfall response,True
2005-01-25,OUTLET,0.32387,synthetic_demo,synthetic lagged rainfall response,True
2005-01-26,OUTLET,0.3096,synthetic_demo,synthetic lagged rainfall response,True
2005-01-27,OUTLET,0.30457,synthetic_demo,synthetic lagged rainfall response,True
2005-01-28,OUTLET,0.27783,synthetic_demo,synthetic lagged rainfall response,True
2005-01-29,OUTLET,0.28654,synthetic_demo,synthetic lagged rainfall response,True
2005-01-30,OUTLET,0.27982,synthetic_demo,synthetic lagged rainfall response,True
2005-01-31,OUTLET,0.2767,synthetic_demo,synthetic lagged rainfall response,True
2005-02-01,OUTLET,0.26074,synthetic_demo,synthetic lagged rainfall response,True
2005-02-02,OUTLET,0.26937,synthetic_demo,synthetic lagged rainfall response,True
2005-02-03,OUTLET,0.26432,synthetic_demo,synthetic lagged rainfall response,True
2005-02-04,OUTLET,0.26283,synthetic_demo,synthetic lagged rainfall response,True
2005-02-05,OUTLET,0.25791,synthetic_demo,synthetic lagged rainfall response,True
2005-02-06,OUTLET,0.24906,synthetic_demo,synthetic lagged rainfall response,True
2005-02-07,OUTLET,0.26552,synthetic_demo,synthetic lagged rainfall response,True
2005-02-08,OUTLET,0.25631,synthetic_demo,synthetic lagged rainfall response,True
2005-02-09,OUTLET,0.25419,synthetic_demo,synthetic lagged rainfall response,True
2005-02-10,OUTLET,0.25288,synthetic_demo,synthetic lagged rainfall response,True
2005-02-11,OUTLET,0.26192,synthetic_demo,synthetic lagged rainfall response,True
2005-02-12,OUTLET,0.27915,synthetic_demo,synthetic lagged rainfall response,True
2005-02-13,OUTLET,0.29218,synthetic_demo,synthetic lagged rainfall response,True
2005-02-14,OUTLET,0.30566,synthetic_demo,synthetic lagged rainfall response,True
2005-02-15,OUTLET,0.29562,synthetic_demo,synthetic lagged rainfall response,True
2005-02-16,OUTLET,0.32222,synthetic_demo,synthetic lagged rainfall response,True
2005-02-17,OUTLET,0.3045,synthetic_demo,synthetic lagged rainfall response,True
2005-02-18,OUTLET,0.30472,synthetic_demo,synthetic lagged rainfall response,True
2005-02-19,OUTLET,0.29944,synthetic_demo,synthetic lagged rainfall response,True
2005-02-20,OUTLET,0.30301,synthetic_demo,synthetic lagged rainfall response,True
2005-02-21,OUTLET,0.29327,synthetic_demo,synthetic lagged rainfall response,True
2005-02-22,OUTLET,0.27645,synthetic_demo,synthetic lagged rainfall response,True
2005-02-23,OUTLET,0.30123,synthetic_demo,synthetic lagged rainfall response,True
2005-02-24,OUTLET,0.29422,synthetic_demo,synthetic lagged rainfall response,True
2005-02-25,OUTLET,0.27841,synthetic_demo,synthetic lagged rainfall response,True
2005-02-26,OUTLET,0.26783,synthetic_demo,synthetic lagged rainfall response,True
2005-02-27,OUTLET,0.26458,synthetic_demo,synthetic lagged rainfall response,True
2005-02-28,OUTLET,0.23469,synthetic_demo,synthetic lagged rainfall response,True
2005-03-01,OUTLET,0.26544,synthetic_demo,synthetic lagged rainfall response,True
2005-03-02,OUTLET,0.25453,synthetic_demo,synthetic lagged rainfall response,True
2005-03-03,OUTLET,0.26091,synthetic_demo,synthetic lagged rainfall response,True
2005-03-04,OUTLET,0.24282,synthetic_demo,synthetic lagged rainfall response,True
2005-03-05,OUTLET,0.24278,synthetic_demo,synthetic lagged rainfall response,True
2005-03-06,OUTLET,0.23783,synthetic_demo,synthetic lagged rainfall response,True
2005-03-07,OUTLET,0.24376,synthetic_demo,synthetic lagged rainfall response,True
2005-03-08,OUTLET,0.25073,synthetic_demo,synthetic lagged rainfall response,True
2005-03-09,OUTLET,0.24813,synthetic_demo,synthetic lagged rainfall response,True
2005-03-10,OUTLET,0.23466,synthetic_demo,synthetic lagged rainfall response,True
2005-03-11,OUTLET,0.24416,synthetic_demo,synthetic lagged rainfall response,True
2005-03-12,OUTLET,0.2575,synthetic_demo,synthetic lagged rainfall response,True
2005-03-13,OUTLET,0.26389,synthetic_demo,synthetic lagged rainfall response,True
2005-03-14,OUTLET,0.24828,synthetic_demo,synthetic lagged rainfall response,True
2005-03-15,OUTLET,0.25586,synthetic_demo,synthetic lagged rainfall response,True
2005-03-16,OUTLET,0.24509,synthetic_demo,synthetic lagged rainfall response,True
2005-03-17,OUTLET,0.22651,synthetic_demo,synthetic lagged rainfall response,True
2005-03-18,OUTLET,0.2424,synthetic_demo,synthetic lagged rainfall response,True
2005-03-19,OUTLET,0.21606,synthetic_demo,synthetic lagged rainfall response,True
2005-03-20,OUTLET,0.22738,synthetic_demo,synthetic lagged rainfall response,True
2005-03-21,OUTLET,0.21002,synthetic_demo,synthetic lagged rainfall response,True
2005-03-22,OUTLET,0.23138,synthetic_demo,synthetic lagged rainfall response,True
2005-03-23,OUTLET,0.205,synthetic_demo,synthetic lagged rainfall response,True
2005-03-24,OUTLET,0.22967,synthetic_demo,synthetic lagged rainfall response,True
2005-03-25,OUTLET,0.22168,synthetic_demo,synthetic lagged rainfall response,True
2005-03-26,OUTLET,0.2373,synthetic_demo,synthetic lagged rainfall response,True
2005-03-27,OUTLET,0.27215,synthetic_demo,synthetic lagged rainfall response,True
2005-03-28,OUTLET,0.24942,synthetic_demo,synthetic lagged rainfall response,True
2005-03-29,OUTLET,0.21329,synthetic_demo,synthetic lagged rainfall response,True
2005-03-30,OUTLET,0.21441,synthetic_demo,synthetic lagged rainfall response,True
2005-03-31,OUTLET,0.20611,synthetic_demo,synthetic lagged rainfall response,True
2005-04-01,OUTLET,0.19966,synthetic_demo,synthetic lagged rainfall response,True
2005-04-02,OUTLET,0.18973,synthetic_demo,synthetic lagged rainfall response,True
2005-04-03,OUTLET,0.19214,synthetic_demo,synthetic lagged rainfall response,True
2005-04-04,OUTLET,0.1965,synthetic_demo,synthetic lagged rainfall response,True
2005-04-05,OUTLET,0.20056,synthetic_demo,synthetic lagged rainfall response,True
2005-04-06,OUTLET,0.24642,synthetic_demo,synthetic lagged rainfall response,True
2005-04-07,OUTLET,0.23264,synthetic_demo,synthetic lagged rainfall response,True
2005-04-08,OUTLET,0.23279,synthetic_demo,synthetic lagged rainfall response,True
2005-04-09,OUTLET,0.23488,synthetic_demo,synthetic lagged rainfall response,True
2005-04-10,OUTLET,0.24719,synthetic_demo,synthetic lagged rainfall response,True
2005-04-11,OUTLET,0.24416,synthetic_demo,synthetic lagged rainfall response,True
2005-04-12,OUTLET,0.24164,synthetic_demo,synthetic lagged rainfall response,True
2005-04-13,OUTLET,0.22219,synthetic_demo,synthetic lagged rainfall response,True
2005-04-14,OUTLET,0.2396,synthetic_demo,synthetic lagged rainfall response,True
2005-04-15,OUTLET,0.2373,synthetic_demo,synthetic lagged rainfall response,True
2005-04-16,OUTLET,0.21905,synthetic_demo,synthetic lagged rainfall response,True
2005-04-17,OUTLET,0.22044,synthetic_demo,synthetic lagged rainfall response,True
2005-04-18,OUTLET,0.23795,synthetic_demo,synthetic lagged rainfall response,True
2005-04-19,OUTLET,0.20983,synthetic_demo,synthetic lagged rainfall response,True
2005-04-20,OUTLET,0.20285,synthetic_demo,synthetic lagged rainfall response,True
2005-04-21,OUTLET,0.21823,synthetic_demo,synthetic lagged rainfall response,True
2005-04-22,OUTLET,0.21536,synthetic_demo,synthetic lagged rainfall response,True
2005-04-23,OUTLET,0.26531,synthetic_demo,synthetic lagged rainfall response,True
2005-04-24,OUTLET,0.27284,synthetic_demo,synthetic lagged rainfall response,True
2005-04-25,OUTLET,0.24023,synthetic_demo,synthetic lagged rainfall response,True
2005-04-26,OUTLET,0.25985,synthetic_demo,synthetic lagged rainfall response,True
2005-04-27,OUTLET,0.26006,synthetic_demo,synthetic lagged rainfall response,True
2005-04-28,OUTLET,0.24421,synthetic_demo,synthetic lagged rainfall response,True
2005-04-29,OUTLET,0.26689,synthetic_demo,synthetic lagged rainfall response,True
2005-04-30,OUTLET,0.25303,synthetic_demo,synthetic lagged rainfall response,True
2005-05-01,OUTLET,0.26662,synthetic_demo,synthetic lagged rainfall response,True
2005-05-02,OUTLET,0.27024,synthetic_demo,synthetic lagged rainfall response,True
2005-05-03,OUTLET,0.24994,synthetic_demo,synthetic lagged rainfall response,True
2005-05-04,OUTLET,0.26344,synthetic_demo,synthetic lagged rainfall response,True
2005-05-05,OUTLET,0.26215,synthetic_demo,synthetic lagged rainfall response,True
2005-05-06,OUTLET,0.28901,synthetic_demo,synthetic lagged rainfall response,True
2005-05-07,OUTLET,0.2565,synthetic_demo,synthetic lagged rainfall response,True
2005-05-08,OUTLET,0.2356,synthetic_demo,synthetic lagged rainfall response,True
2005-05-09,OUTLET,0.2379,synthetic_demo,synthetic lagged rainfall response,True
2005-05-10,OUTLET,0.24636,synthetic_demo,synthetic lagged rainfall response,True
2005-05-11,OUTLET,0.22327,synthetic_demo,synthetic lagged rainfall response,True
2005-05-12,OUTLET,0.21876,synthetic_demo,synthetic lagged rainfall response,True
2005-05-13,OUTLET,0.2085,synthetic_demo,synthetic lagged rainfall response,True
2005-05-14,OUTLET,0.2114,synthetic_demo,synthetic lagged rainfall response,True
2005-05-15,OUTLET,0.19194,synthetic_demo,synthetic lagged rainfall response,True
2005-05-16,OUTLET,0.22084,synthetic_demo,synthetic lagged rainfall response,True
2005-05-17,OUTLET,0.21189,synthetic_demo,synthetic lagged rainfall response,True
2005-05-18,OUTLET,0.20221,synthetic_demo,synthetic lagged rainfall response,True
2005-05-19,OUTLET,0.22711,synthetic_demo,synthetic lagged rainfall response,True
2005-05-20,OUTLET,0.20557,synthetic_demo,synthetic lagged rainfall response,True
2005-05-21,OUTLET,0.18008,synthetic_demo,synthetic lagged rainfall response,True
2005-05-22,OUTLET,0.16657,synthetic_demo,synthetic lagged rainfall response,True
2005-05-23,OUTLET,0.16648,synthetic_demo,synthetic lagged rainfall response,True
2005-05-24,OUTLET,0.16386,synthetic_demo,synthetic lagged rainfall response,True
2005-05-25,OUTLET,0.165,synthetic_demo,synthetic lagged rainfall response,True
2005-05-26,OUTLET,0.19742,synthetic_demo,synthetic lagged rainfall response,True
2005-05-27,OUTLET,0.14669,synthetic_demo,synthetic lagged rainfall response,True
2005-05-28,OUTLET,0.18326,synthetic_demo,synthetic lagged rainfall response,True
2005-05-29,OUTLET,0.166,synthetic_demo,synthetic lagged rainfall response,True
2005-05-30,OUTLET,0.16676,synthetic_demo,synthetic lagged rainfall response,True
2005-05-31,OUTLET,0.15848,synthetic_demo,synthetic lagged rainfall response,True
2005-06-01,OUTLET,0.17126,synthetic_demo,synthetic lagged rainfall response,True
2005-06-02,OUTLET,0.15441,synthetic_demo,synthetic lagged rainfall response,True
2005-06-03,OUTLET,0.19241,synthetic_demo,synthetic lagged rainfall response,True
2005-06-04,OUTLET,0.18124,synthetic_demo,synthetic lagged rainfall response,True
2005-06-05,OUTLET,0.1635,synthetic_demo,synthetic lagged rainfall response,True
2005-06-06,OUTLET,0.20034,synthetic_demo,synthetic lagged rainfall response,True
2005-06-07,OUTLET,0.14517,synthetic_demo,synthetic lagged rainfall response,True
2005-06-08,OUTLET,0.17093,synthetic_demo,synthetic lagged rainfall response,True
2005-06-09,OUTLET,0.16982,synthetic_demo,synthetic lagged rainfall response,True
2005-06-10,OUTLET,0.1618,synthetic_demo,synthetic lagged rainfall response,True
2005-06-11,OUTLET,0.15992,synthetic_demo,synthetic lagged rainfall response,True
2005-06-12,OUTLET,0.18254,synthetic_demo,synthetic lagged rainfall response,True
2005-06-13,OUTLET,0.17376,synthetic_demo,synthetic lagged rainfall response,True
2005-06-14,OUTLET,0.17312,synthetic_demo,synthetic lagged rainfall response,True
2005-06-15,OUTLET,0.16266,synthetic_demo,synthetic lagged rainfall response,True
2005-06-16,OUTLET,0.17105,synthetic_demo,synthetic lagged rainfall response,True
2005-06-17,OUTLET,0.16513,synthetic_demo,synthetic lagged rainfall response,True
2005-06-18,OUTLET,0.20684,synthetic_demo,synthetic lagged rainfall response,True
2005-06-19,OUTLET,0.23085,synthetic_demo,synthetic lagged rainfall response,True
2005-06-20,OUTLET,0.21211,synthetic_demo,synthetic lagged rainfall response,True
2005-06-21,OUTLET,0.2203,synthetic_demo,synthetic lagged rainfall response,True
2005-06-22,OUTLET,0.21857,synthetic_demo,synthetic lagged rainfall response,True
2005-06-23,OUTLET,0.21648,synthetic_demo,synthetic lagged rainfall response,True
2005-06-24,OUTLET,0.2137,synthetic_demo,synthetic lagged rainfall response,True
2005-06-25,OUTLET,0.20928,synthetic_demo,synthetic lagged rainfall response,True
2005-06-26,OUTLET,0.22734,synthetic_demo,synthetic lagged rainfall response,True
2005-06-27,OUTLET,0.25406,synthetic_demo,synthetic lagged rainfall response,True
2005-06-28,OUTLET,0.25322,synthetic_demo,synthetic lagged rainfall response,True
2005-06-29,OUTLET,0.25637,synthetic_demo,synthetic lagged rainfall response,True
2005-06-30,OUTLET,0.24492,synthetic_demo,synthetic lagged rainfall response,True
2005-07-01,OUTLET,0.2431,synthetic_demo,synthetic lagged rainfall response,True
2005-07-02,OUTLET,0.23695,synthetic_demo,synthetic lagged rainfall response,True
2005-07-03,OUTLET,0.25579,synthetic_demo,synthetic lagged rainfall response,True
2005-07-04,OUTLET,0.2427,synthetic_demo,synthetic lagged rainfall response,True
2005-07-05,OUTLET,0.24764,synthetic_demo,synthetic lagged rainfall response,True
2005-07-06,OUTLET,0.28215,synthetic_demo,synthetic lagged rainfall response,True
2005-07-07,OUTLET,0.26002,synthetic_demo,synthetic lagged rainfall response,True
2005-07-08,OUTLET,0.32641,synthetic_demo,synthetic lagged rainfall response,True
2005-07-09,OUTLET,0.31437,synthetic_demo,synthetic lagged rainfall response,True
2005-07-10,OUTLET,0.31233,synthetic_demo,synthetic lagged rainfall response,True
2005-07-11,OUTLET,0.32769,synthetic_demo,synthetic lagged rainfall response,True
2005-07-12,OUTLET,0.34506,synthetic_demo,synthetic lagged rainfall response,True
2005-07-13,OUTLET,0.32946,synthetic_demo,synthetic lagged rainfall response,True
2005-07-14,OUTLET,0.38318,synthetic_demo,synthetic lagged rainfall response,True
2005-07-15,OUTLET,0.45246,synthetic_demo,synthetic lagged rainfall response,True
2005-07-16,OUTLET,0.48423,synthetic_demo,synthetic lagged rainfall response,True
2005-07-17,OUTLET,0.47063,synthetic_demo,synthetic lagged rainfall response,True
2005-07-18,OUTLET,0.45775,synthetic_demo,synthetic lagged rainfall response,True
2005-07-19,OUTLET,0.46474,synthetic_demo,synthetic lagged rainfall response,True
2005-07-20,OUTLET,0.46201,synthetic_demo,synthetic lagged rainfall response,True
2005-07-21,OUTLET,0.43989,synthetic_demo,synthetic lagged rainfall response,True
2005-07-22,OUTLET,0.44988,synthetic_demo,synthetic lagged rainfall response,True
2005-07-23,OUTLET,0.44131,synthetic_demo,synthetic lagged rainfall response,True
2005-07-24,OUTLET,0.44687,synthetic_demo,synthetic lagged rainfall response,True
2005-07-25,OUTLET,0.45338,synthetic_demo,synthetic lagged rainfall response,True
2005-07-26,OUTLET,0.44788,synthetic_demo,synthetic lagged rainfall response,True
2005-07-27,OUTLET,0.41436,synthetic_demo,synthetic lagged rainfall response,True
2005-07-28,OUTLET,0.44077,synthetic_demo,synthetic lagged rainfall response,True
2005-07-29,OUTLET,0.48507,synthetic_demo,synthetic lagged rainfall response,True
2005-07-30,OUTLET,0.47692,synthetic_demo,synthetic lagged rainfall response,True
2005-07-31,OUTLET,0.5006,synthetic_demo,synthetic lagged rainfall response,True
2005-08-01,OUTLET,0.48567,synthetic_demo,synthetic lagged rainfall response,True
2005-08-02,OUTLET,0.48067,synthetic_demo,synthetic lagged rainfall response,True
2005-08-03,OUTLET,0.47671,synthetic_demo,synthetic lagged rainfall response,True
2005-08-04,OUTLET,0.4935,synthetic_demo,synthetic lagged rainfall response,True
2005-08-05,OUTLET,0.51756,synthetic_demo,synthetic lagged rainfall response,True
2005-08-06,OUTLET,0.49424,synthetic_demo,synthetic lagged rainfall response,True
2005-08-07,OUTLET,0.499,synthetic_demo,synthetic lagged rainfall response,True
2005-08-08,OUTLET,0.51627,synthetic_demo,synthetic lagged rainfall response,True
2005-08-09,OUTLET,0.54262,synthetic_demo,synthetic lagged rainfall response,True
2005-08-10,OUTLET,0.51729,synthetic_demo,synthetic lagged rainfall response,True
2005-08-11,OUTLET,0.56033,synthetic_demo,synthetic lagged rainfall response,True
2005-08-12,OUTLET,0.55893,synthetic_demo,synthetic lagged rainfall response,True
2005-08-13,OUTLET,0.56915,synthetic_demo,synthetic lagged rainfall response,True
2005-08-14,OUTLET,0.54545,synthetic_demo,synthetic lagged rainfall response,True
2005-08-15,OUTLET,0.53881,synthetic_demo,synthetic lagged rainfall response,True
2005-08-16,OUTLET,0.56102,synthetic_demo,synthetic lagged rainfall response,True
2005-08-17,OUTLET,0.5819,synthetic_demo,synthetic lagged rainfall response,True
2005-08-18,OUTLET,0.5703,synthetic_demo,synthetic lagged rainfall response,True
2005-08-19,OUTLET,0.56781,synthetic_demo,synthetic lagged rainfall response,True
2005-08-20,OUTLET,0.55799,synthetic_demo,synthetic lagged rainfall response,True
2005-08-21,OUTLET,0.55913,synthetic_demo,synthetic lagged rainfall response,True
2005-08-22,OUTLET,0.53393,synthetic_demo,synthetic lagged rainfall response,True
2005-08-23,OUTLET,0.54108,synthetic_demo,synthetic lagged rainfall response,True
2005-08-24,OUTLET,0.52211,synthetic_demo,synthetic lagged rainfall response,True
2005-08-25,OUTLET,0.51986,synthetic_demo,synthetic lagged rainfall response,True
2005-08-26,OUTLET,0.53057,synthetic_demo,synthetic lagged rainfall response,True
2005-08-27,OUTLET,0.52724,synthetic_demo,synthetic lagged rainfall response,True
2005-08-28,OUTLET,0.51352,synthetic_demo,synthetic lagged rainfall response,True
2005-08-29,OUTLET,0.47969,synthetic_demo,synthetic lagged rainfall response,True
2005-08-30,OUTLET,0.47674,synthetic_demo,synthetic lagged rainfall response,True
2005-08-31,OUTLET,0.4906,synthetic_demo,synthetic lagged rainfall response,True
2005-09-01,OUTLET,0.47909,synthetic_demo,synthetic lagged rainfall response,True
2005-09-02,OUTLET,0.47743,synthetic_demo,synthetic lagged rainfall response,True
2005-09-03,OUTLET,0.48064,synthetic_demo,synthetic lagged rainfall response,True
2005-09-04,OUTLET,0.49331,synthetic_demo,synthetic lagged rainfall response,True
2005-09-05,OUTLET,0.47891,synthetic_demo,synthetic lagged rainfall response,True
2005-09-06,OUTLET,0.47681,synthetic_demo,synthetic lagged rainfall response,True
2005-09-07,OUTLET,0.47807,synthetic_demo,synthetic lagged rainfall response,True
2005-09-08,OUTLET,0.46128,synthetic_demo,synthetic lagged rainfall response,True
2005-09-09,OUTLET,0.51938,synthetic_demo,synthetic lagged rainfall response,True
2005-09-10,OUTLET,0.51194,synthetic_demo,synthetic lagged rainfall response,True
2005-09-11,OUTLET,0.47643,synthetic_demo,synthetic lagged rainfall response,True
2005-09-12,OUTLET,0.47092,synthetic_demo,synthetic lagged rainfall response,True
2005-09-13,OUTLET,0.47819,synthetic_demo,synthetic lagged rainfall response,True
2005-09-14,OUTLET,0.48059,synthetic_demo,synthetic lagged rainfall response,True
2005-09-15,OUTLET,0.48485,synthetic_demo,synthetic lagged rainfall response,True
2005-09-16,OUTLET,0.49319,synthetic_demo,synthetic lagged rainfall response,True
2005-09-17,OUTLET,0.47852,synthetic_demo,synthetic lagged rainfall response,True
2005-09-18,OUTLET,0.45687,synthetic_demo,synthetic lagged rainfall response,True
2005-09-19,OUTLET,0.45966,synthetic_demo,synthetic lagged rainfall response,True
2005-09-20,OUTLET,0.47359,synthetic_demo,synthetic lagged rainfall response,True
2005-09-21,OUTLET,0.49306,synthetic_demo,synthetic lagged rainfall response,True
2005-09-22,OUTLET,0.49806,synthetic_demo,synthetic lagged rainfall response,True
2005-09-23,OUTLET,0.50294,synthetic_demo,synthetic lagged rainfall response,True
2005-09-24,OUTLET,0.52242,synthetic_demo,synthetic lagged rainfall response,True
2005-09-25,OUTLET,0.48187,synthetic_demo,synthetic lagged rainfall response,True
2005-09-26,OUTLET,0.5213,synthetic_demo,synthetic lagged rainfall response,True
2005-09-27,OUTLET,0.5444,synthetic_demo,synthetic lagged rainfall response,True
2005-09-28,OUTLET,0.50997,synthetic_demo,synthetic lagged rainfall response,True
2005-09-29,OUTLET,0.51095,synthetic_demo,synthetic lagged rainfall response,True
2005-09-30,OUTLET,0.51231,synthetic_demo,synthetic lagged rainfall response,True
2005-10-01,OUTLET,0.55518,synthetic_demo,synthetic lagged rainfall response,True
2005-10-02,OUTLET,0.56564,synthetic_demo,synthetic lagged rainfall response,True
2005-10-03,OUTLET,0.53866,synthetic_demo,synthetic lagged rainfall response,True
2005-10-04,OUTLET,0.53614,synthetic_demo,synthetic lagged rainfall response,True
2005-10-05,OUTLET,0.57511,synthetic_demo,synthetic lagged rainfall response,True
2005-10-06,OUTLET,0.59586,synthetic_demo,synthetic lagged rainfall response,True
2005-10-07,OUTLET,0.58048,synthetic_demo,synthetic lagged rainfall response,True
2005-10-08,OUTLET,0.58384,synthetic_demo,synthetic lagged rainfall response,True
2005-10-09,OUTLET,0.58018,synthetic_demo,synthetic lagged rainfall response,True
2005-10-10,OUTLET,0.59621,synthetic_demo,synthetic lagged rainfall response,True
2005-10-11,OUTLET,0.636,synthetic_demo,synthetic lagged rainfall response,True
2005-10-12,OUTLET,0.61051,synthetic_demo,synthetic lagged rainfall response,True
2005-10-13,OUTLET,0.60473,synthetic_demo,synthetic lagged rainfall response,True
2005-10-14,OUTLET,0.59576,synthetic_demo,synthetic lagged rainfall response,True
2005-10-15,OUTLET,0.61254,synthetic_demo,synthetic lagged rainfall response,True
2005-10-16,OUTLET,0.62001,synthetic_demo,synthetic lagged rainfall response,True
2005-10-17,OUTLET,0.62275,synthetic_demo,synthetic lagged rainfall response,True
2005-10-18,OUTLET,0.60844,synthetic_demo,synthetic lagged rainfall response,True
2005-10-19,OUTLET,0.60246,synthetic_demo,synthetic lagged rainfall response,True
2005-10-20,OUTLET,0.6046,synthetic_demo,synthetic lagged rainfall response,True
2005-10-21,OUTLET,0.59723,synthetic_demo,synthetic lagged rainfall response,True
2005-10-22,OUTLET,0.60647,synthetic_demo,synthetic lagged rainfall response,True
2005-10-23,OUTLET,0.60936,synthetic_demo,synthetic lagged rainfall response,True
2005-10-24,OUTLET,0.61945,synthetic_demo,synthetic lagged rainfall response,True
2005-10-25,OUTLET,0.61807,synthetic_demo,synthetic lagged rainfall response,True
2005-10-26,OUTLET,0.65744,synthetic_demo,synthetic lagged rainfall response,True
2005-10-27,OUTLET,0.68104,synthetic_demo,synthetic lagged rainfall response,True
2005-10-28,OUTLET,0.67463,synthetic_demo,synthetic lagged rainfall response,True
2005-10-29,OUTLET,0.65143,synthetic_demo,synthetic lagged rainfall response,True
2005-10-30,OUTLET,0.66273,synthetic_demo,synthetic lagged rainfall response,True
2005-10-31,OUTLET,0.67926,synthetic_demo,synthetic lagged rainfall response,True
2005-11-01,OUTLET,0.68439,synthetic_demo,synthetic lagged rainfall response,True
2005-11-02,OUTLET,0.6995,synthetic_demo,synthetic lagged rainfall response,True
2005-11-03,OUTLET,0.74332,synthetic_demo,synthetic lagged rainfall response,True
2005-11-04,OUTLET,0.74067,synthetic_demo,synthetic lagged rainfall response,True
2005-11-05,OUTLET,0.70973,synthetic_demo,synthetic lagged rainfall response,True
2005-11-06,OUTLET,0.71901,synthetic_demo,synthetic lagged rainfall response,True
2005-11-07,OUTLET,0.7031,synthetic_demo,synthetic lagged rainfall response,True
2005-11-08,OUTLET,0.7274,synthetic_demo,synthetic lagged rainfall response,True
2005-11-09,OUTLET,0.71258,synthetic_demo,synthetic lagged rainfall response,True
2005-11-10,OUTLET,0.69289,synthetic_demo,synthetic lagged rainfall response,True
2005-11-11,OUTLET,0.69262,synthetic_demo,synthetic lagged rainfall response,True
2005-11-12,OUTLET,0.68229,synthetic_demo,synthetic lagged rainfall response,True
2005-11-13,OUTLET,0.70655,synthetic_demo,synthetic lagged rainfall response,True
2005-11-14,OUTLET,0.71798,synthetic_demo,synthetic lagged rainfall response,True
2005-11-15,OUTLET,0.69919,synthetic_demo,synthetic lagged rainfall response,True
2005-11-16,OUTLET,0.71312,synthetic_demo,synthetic lagged rainfall response,True
2005-11-17,OUTLET,0.6753,synthetic_demo,synthetic lagged rainfall response,True
2005-11-18,OUTLET,0.67526,synthetic_demo,synthetic lagged rainfall response,True
2005-11-19,OUTLET,0.67595,synthetic_demo,synthetic lagged rainfall response,True
2005-11-20,OUTLET,0.66972,synthetic_demo,synthetic lagged rainfall response,True
2005-11-21,OUTLET,0.67505,synthetic_demo,synthetic lagged rainfall response,True
2005-11-22,OUTLET,0.66003,synthetic_demo,synthetic lagged rainfall response,True
2005-11-23,OUTLET,0.67772,synthetic_demo,synthetic lagged rainfall response,True
2005-11-24,OUTLET,0.67702,synthetic_demo,synthetic lagged rainfall response,True
2005-11-25,OUTLET,0.63974,synthetic_demo,synthetic lagged rainfall response,True
2005-11-26,OUTLET,0.64784,synthetic_demo,synthetic lagged rainfall response,True
2005-11-27,OUTLET,0.65252,synthetic_demo,synthetic lagged rainfall response,True
2005-11-28,OUTLET,0.68674,synthetic_demo,synthetic lagged rainfall response,True
2005-11-29,OUTLET,0.70848,synthetic_demo,synthetic lagged rainfall response,True
2005-11-30,OUTLET,0.69407,synthetic_demo,synthetic lagged rainfall response,True
2005-12-01,OUTLET,0.715,synthetic_demo,synthetic lagged rainfall response,True
2005-12-02,OUTLET,0.70442,synthetic_demo,synthetic lagged rainfall response,True
2005-12-03,OUTLET,0.70404,synthetic_demo,synthetic lagged rainfall response,True
2005-12-04,OUTLET,0.73603,synthetic_demo,synthetic lagged rainfall response,True
2005-12-05,OUTLET,0.72041,synthetic_demo,synthetic lagged rainfall response,True
2005-12-06,OUTLET,0.77294,synthetic_demo,synthetic lagged rainfall response,True
2005-12-07,OUTLET,0.82349,synthetic_demo,synthetic lagged rainfall response,True
2005-12-08,OUTLET,0.78527,synthetic_demo,synthetic lagged rainfall response,True
2005-12-09,OUTLET,0.76251,synthetic_demo,synthetic lagged rainfall response,True
2005-12-10,OUTLET,0.76078,synthetic_demo,synthetic lagged rainfall response,True
2005-12-11,OUTLET,0.75807,synthetic_demo,synthetic lagged rainfall response,True
2005-12-12,OUTLET,0.75158,synthetic_demo,synthetic lagged rainfall response,True
2005-12-13,OUTLET,0.74121,synthetic_demo,synthetic lagged rainfall response,True
2005-12-14,OUTLET,0.75068,synthetic_demo,synthetic lagged rainfall response,True
2005-12-15,OUTLET,0.71372,synthetic_demo,synthetic lagged rainfall response,True
2005-12-16,OUTLET,0.72046,synthetic_demo,synthetic lagged rainfall response,True
2005-12-17,OUTLET,0.77593,synthetic_demo,synthetic lagged rainfall response,True
2005-12-18,OUTLET,0.75861,synthetic_demo,synthetic lagged rainfall response,True
2005-12-19,OUTLET,0.75641,synthetic_demo,synthetic lagged rainfall response,True
2005-12-20,OUTLET,0.75136,synthetic_demo,synthetic lagged rainfall response,True
2005-12-21,OUTLET,0.74538,synthetic_demo,synthetic lagged rainfall response,True
2005-12-22,OUTLET,0.75634,synthetic_demo,synthetic lagged rainfall response,True
2005-12-23,OUTLET,0.7213,synthetic_demo,synthetic lagged rainfall response,True
2005-12-24,OUTLET,0.7253,synthetic_demo,synthetic lagged rainfall response,True
2005-12-25,OUTLET,0.721,synthetic_demo,synthetic lagged rainfall response,True
2005-12-26,OUTLET,0.72032,synthetic_demo,synthetic lagged rainfall response,True
2005-12-27,OUTLET,0.7022,synthetic_demo,synthetic lagged rainfall response,True
2005-12-28,OUTLET,0.72752,synthetic_demo,synthetic lagged rainfall response,True
2005-12-29,OUTLET,0.6965,synthetic_demo,synthetic lagged rainfall response,True
2005-12-30,OUTLET,0.7168,synthetic_demo,synthetic lagged rainfall response,True
2005-12-31,OUTLET,0.68223,synthetic_demo,synthetic lagged rainfall response,True
2006-01-01,OUTLET,0.70708,synthetic_demo,synthetic lagged rainfall response,True
2006-01-02,OUTLET,0.67448,synthetic_demo,synthetic lagged rainfall response,True
2006-01-03,OUTLET,0.68058,synthetic_demo,synthetic lagged rainfall response,True
2006-01-04,OUTLET,0.66904,synthetic_demo,synthetic lagged rainfall response,True
2006-01-05,OUTLET,0.67893,synthetic_demo,synthetic lagged rainfall response,True
2006-01-06,OUTLET,0.66829,synthetic_demo,synthetic lagged rainfall response,True
2006-01-07,OUTLET,0.66626,synthetic_demo,synthetic lagged rainfall response,True
2006-01-08,OUTLET,0.66512,synthetic_demo,synthetic lagged rainfall response,True
2006-01-09,OUTLET,0.6568,synthetic_demo,synthetic lagged rainfall response,True
2006-01-10,OUTLET,0.64383,synthetic_demo,synthetic lagged rainfall response,True
2006-01-11,OUTLET,0.60531,synthetic_demo,synthetic lagged rainfall response,True
2006-01-12,OUTLET,0.57934,synthetic_demo,synthetic lagged rainfall response,True
2006-01-13,OUTLET,0.55911,synthetic_demo,synthetic lagged rainfall response,True
2006-01-14,OUTLET,0.56838,synthetic_demo,synthetic lagged rainfall response,True
2006-01-15,OUTLET,0.58348,synthetic_demo,synthetic lagged rainfall response,True
2006-01-16,OUTLET,0.58076,synthetic_demo,synthetic lagged rainfall response,True
2006-01-17,OUTLET,0.55775,synthetic_demo,synthetic lagged rainfall response,True
2006-01-18,OUTLET,0.53656,synthetic_demo,synthetic lagged rainfall response,True
2006-01-19,OUTLET,0.5449,synthetic_demo,synthetic lagged rainfall response,True
2006-01-20,OUTLET,0.5107,synthetic_demo,synthetic lagged rainfall response,True
2006-01-21,OUTLET,0.48949,synthetic_demo,synthetic lagged rainfall response,True
2006-01-22,OUTLET,0.48601,synthetic_demo,synthetic lagged rainfall response,True
2006-01-23,OUTLET,0.50139,synthetic_demo,synthetic lagged rainfall response,True
2006-01-24,OUTLET,0.49392,synthetic_demo,synthetic lagged rainfall response,True
2006-01-25,OUTLET,0.47785,synthetic_demo,synthetic lagged rainfall response,True
2006-01-26,OUTLET,0.47267,synthetic_demo,synthetic lagged rainfall response,True
2006-01-27,OUTLET,0.45757,synthetic_demo,synthetic lagged rainfall response,True
2006-01-28,OUTLET,0.44798,synthetic_demo,synthetic lagged rainfall response,True
2006-01-29,OUTLET,0.44516,synthetic_demo,synthetic lagged rainfall response,True
2006-01-30,OUTLET,0.45069,synthetic_demo,synthetic lagged rainfall response,True
2006-01-31,OUTLET,0.41235,synthetic_demo,synthetic lagged rainfall response,True
2006-02-01,OUTLET,0.41408,synthetic_demo,synthetic lagged rainfall response,True
2006-02-02,OUTLET,0.39957,synthetic_demo,synthetic lagged rainfall response,True
2006-02-03,OUTLET,0.40269,synthetic_demo,synthetic lagged rainfall response,True
2006-02-04,OUTLET,0.4327,synthetic_demo,synthetic lagged rainfall response,True
2006-02-05,OUTLET,0.42843,synthetic_demo,synthetic lagged rainfall response,True
2006-02-06,OUTLET,0.42717,synthetic_demo,synthetic lagged rainfall response,True
2006-02-07,OUTLET,0.39347,synthetic_demo,synthetic lagged rainfall response,True
2006-02-08,OUTLET,0.40448,synthetic_demo,synthetic lagged rainfall response,True
2006-02-09,OUTLET,0.39538,synthetic_demo,synthetic lagged rainfall response,True
2006-02-10,OUTLET,0.38842,synthetic_demo,synthetic lagged rainfall response,True
2006-02-11,OUTLET,0.38764,synthetic_demo,synthetic lagged rainfall response,True
2006-02-12,OUTLET,0.38201,synthetic_demo,synthetic lagged rainfall response,True
2006-02-13,OUTLET,0.3805,synthetic_demo,synthetic lagged rainfall response,True
2006-02-14,OUTLET,0.38682,synthetic_demo,synthetic lagged rainfall response,True
2006-02-15,OUTLET,0.40462,synthetic_demo,synthetic lagged rainfall response,True
2006-02-16,OUTLET,0.38387,synthetic_demo,synthetic lagged rainfall response,True
2006-02-17,OUTLET,0.3621,synthetic_demo,synthetic lagged rainfall response,True
2006-02-18,OUTLET,0.40424,synthetic_demo,synthetic lagged rainfall response,True
2006-02-19,OUTLET,0.40023,synthetic_demo,synthetic lagged rainfall response,True
2006-02-20,OUTLET,0.39781,synthetic_demo,synthetic lagged rainfall response,True
2006-02-21,OUTLET,0.3812,synthetic_demo,synthetic lagged rainfall response,True
2006-02-22,OUTLET,0.3845,synthetic_demo,synthetic lagged rainfall response,True
2006-02-23,OUTLET,0.38041,synthetic_demo,synthetic lagged rainfall response,True
2006-02-24,OUTLET,0.37111,synthetic_demo,synthetic lagged rainfall response,True
2006-02-25,OUTLET,0.38938,synthetic_demo,synthetic lagged rainfall response,True
2006-02-26,OUTLET,0.3803,synthetic_demo,synthetic lagged rainfall response,True
2006-02-27,OUTLET,0.3945,synthetic_demo,synthetic lagged rainfall response,True
2006-02-28,OUTLET,0.38433,synthetic_demo,synthetic lagged rainfall response,True
2006-03-01,OUTLET,0.35951,synthetic_demo,synthetic lagged rainfall response,True
2006-03-02,OUTLET,0.42743,synthetic_demo,synthetic lagged rainfall response,True
2006-03-03,OUTLET,0.42178,synthetic_demo,synthetic lagged rainfall response,True
2006-03-04,OUTLET,0.42619,synthetic_demo,synthetic lagged rainfall response,True
2006-03-05,OUTLET,0.43824,synthetic_demo,synthetic lagged rainfall response,True
2006-03-06,OUTLET,0.42846,synthetic_demo,synthetic lagged rainfall response,True
2006-03-07,OUTLET,0.44371,synthetic_demo,synthetic lagged rainfall response,True
2006-03-08,OUTLET,0.41314,synthetic_demo,synthetic lagged rainfall response,True
2006-03-09,OUTLET,0.43402,synthetic_demo,synthetic lagged rainfall response,True
2006-03-10,OUTLET,0.4244,synthetic_demo,synthetic lagged rainfall response,True
2006-03-11,OUTLET,0.40361,synthetic_demo,synthetic lagged rainfall response,True
2006-03-12,OUTLET,0.40151,synthetic_demo,synthetic lagged rainfall response,True
2006-03-13,OUTLET,0.40313,synthetic_demo,synthetic lagged rainfall response,True
2006-03-14,OUTLET,0.42366,synthetic_demo,synthetic lagged rainfall response,True
2006-03-15,OUTLET,0.40394,synthetic_demo,synthetic lagged rainfall response,True
2006-03-16,OUTLET,0.38593,synthetic_demo,synthetic lagged rainfall response,True
2006-03-17,OUTLET,0.40062,synthetic_demo,synthetic lagged rainfall response,True
2006-03-18,OUTLET,0.40011,synthetic_demo,synthetic lagged rainfall response,True
2006-03-19,OUTLET,0.3966,synthetic_demo,synthetic lagged rainfall response,True
2006-03-20,OUTLET,0.3898,synthetic_demo,synthetic lagged rainfall response,True
2006-03-21,OUTLET,0.39474,synthetic_demo,synthetic lagged rainfall response,True
2006-03-22,OUTLET,0.36418,synthetic_demo,synthetic lagged rainfall response,True
2006-03-23,OUTLET,0.38403,synthetic_demo,synthetic lagged rainfall response,True
2006-03-24,OUTLET,0.35782,synthetic_demo,synthetic lagged rainfall response,True
2006-03-25,OUTLET,0.35225,synthetic_demo,synthetic lagged rainfall response,True
2006-03-26,OUTLET,0.3477,synthetic_demo,synthetic lagged rainfall response,True
2006-03-27,OUTLET,0.35675,synthetic_demo,synthetic lagged rainfall response,True
2006-03-28,OUTLET,0.34556,synthetic_demo,synthetic lagged rainfall response,True
2006-03-29,OUTLET,0.34381,synthetic_demo,synthetic lagged rainfall response,True
2006-03-30,OUTLET,0.32403,synthetic_demo,synthetic lagged rainfall response,True
2006-03-31,OUTLET,0.33073,synthetic_demo,synthetic lagged rainfall response,True
2006-04-01,OUTLET,0.30938,synthetic_demo,synthetic lagged rainfall response,True
2006-04-02,OUTLET,0.32544,synthetic_demo,synthetic lagged rainfall response,True
2006-04-03,OUTLET,0.32287,synthetic_demo,synthetic lagged rainfall response,True
2006-04-04,OUTLET,0.31231,synthetic_demo,synthetic lagged rainfall response,True
2006-04-05,OUTLET,0.31369,synthetic_demo,synthetic lagged rainfall response,True
2006-04-06,OUTLET,0.31388,synthetic_demo,synthetic lagged rainfall response,True
2006-04-07,OUTLET,0.31966,synthetic_demo,synthetic lagged rainfall response,True
2006-04-08,OUTLET,0.31164,synthetic_demo,synthetic lagged rainfall response,True
2006-04-09,OUTLET,0.30211,synthetic_demo,synthetic lagged rainfall response,True
2006-04-10,OUTLET,0.31128,synthetic_demo,synthetic lagged rainfall response,True
2006-04-11,OUTLET,0.29341,synthetic_demo,synthetic lagged rainfall response,True
2006-04-12,OUTLET,0.28827,synthetic_demo,synthetic lagged rainfall response,True
2006-04-13,OUTLET,0.298,synthetic_demo,synthetic lagged rainfall response,True
2006-04-14,OUTLET,0.27788,synthetic_demo,synthetic lagged rainfall response,True
2006-04-15,OUTLET,0.3011,synthetic_demo,synthetic lagged rainfall response,True
2006-04-16,OUTLET,0.27175,synthetic_demo,synthetic lagged rainfall response,True
2006-04-17,OUTLET,0.28054,synthetic_demo,synthetic lagged rainfall response,True
2006-04-18,OUTLET,0.26573,synthetic_demo,synthetic lagged rainfall response,True
2006-04-19,OUTLET,0.25118,synthetic_demo,synthetic lagged rainfall response,True
2006-04-20,OUTLET,0.26333,synthetic_demo,synthetic lagged rainfall response,True
2006-04-21,OUTLET,0.25542,synthetic_demo,synthetic lagged rainfall response,True
2006-04-22,OUTLET,0.24603,synthetic_demo,synthetic lagged rainfall response,True
2006-04-23,OUTLET,0.25945,synthetic_demo,synthetic lagged rainfall response,True
2006-04-24,OUTLET,0.23457,synthetic_demo,synthetic lagged rainfall response,True
2006-04-25,OUTLET,0.22723,synthetic_demo,synthetic lagged rainfall response,True
2006-04-26,OUTLET,0.23159,synthetic_demo,synthetic lagged rainfall response,True
2006-04-27,OUTLET,0.2205,synthetic_demo,synthetic lagged rainfall response,True
2006-04-28,OUTLET,0.23733,synthetic_demo,synthetic lagged rainfall response,True
2006-04-29,OUTLET,0.22996,synthetic_demo,synthetic lagged rainfall response,True
2006-04-30,OUTLET,0.24586,synthetic_demo,synthetic lagged rainfall response,True
2006-05-01,OUTLET,0.2532,synthetic_demo,synthetic lagged rainfall response,True
2006-05-02,OUTLET,0.2219,synthetic_demo,synthetic lagged rainfall response,True
2006-05-03,OUTLET,0.22832,synthetic_demo,synthetic lagged rainfall response,True
2006-05-04,OUTLET,0.22288,synthetic_demo,synthetic lagged rainfall response,True
2006-05-05,OUTLET,0.21054,synthetic_demo,synthetic lagged rainfall response,True
2006-05-06,OUTLET,0.22285,synthetic_demo,synthetic lagged rainfall response,True
2006-05-07,OUTLET,0.20635,synthetic_demo,synthetic lagged rainfall response,True
2006-05-08,OUTLET,0.22576,synthetic_demo,synthetic lagged rainfall response,True
2006-05-09,OUTLET,0.21886,synthetic_demo,synthetic lagged rainfall response,True
2006-05-10,OUTLET,0.22027,synthetic_demo,synthetic lagged rainfall response,True
2006-05-11,OUTLET,0.2237,synthetic_demo,synthetic lagged rainfall response,True
2006-05-12,OUTLET,0.21186,synthetic_demo,synthetic lagged rainfall response,True
2006-05-13,OUTLET,0.20466,synthetic_demo,synthetic lagged rainfall response,True
2006-05-14,OUTLET,0.17871,synthetic_demo,synthetic lagged rainfall response,True
2006-05-15,OUTLET,0.19386,synthetic_demo,synthetic lagged rainfall response,True
2006-05-16,OUTLET,0.20693,synthetic_demo,synthetic lagged rainfall response,True
2006-05-17,OUTLET,0.21426,synthetic_demo,synthetic lagged rainfall response,True
2006-05-18,OUTLET,0.18621,synthetic_demo,synthetic lagged rainfall response,True
2006-05-19,OUTLET,0.20505,synthetic_demo,synthetic lagged rainfall response,True
2006-05-20,OUTLET,0.208,synthetic_demo,synthetic lagged rainfall response,True
2006-05-21,OUTLET,0.17371,synthetic_demo,synthetic lagged rainfall response,True
2006-05-22,OUTLET,0.18716,synthetic_demo,synthetic lagged rainfall response,True
2006-05-23,OUTLET,0.20005,synthetic_demo,synthetic lagged rainfall response,True
2006-05-24,OUTLET,0.21753,synthetic_demo,synthetic lagged rainfall response,True
2006-05-25,OUTLET,0.22652,synthetic_demo,synthetic lagged rainfall response,True
2006-05-26,OUTLET,0.2258,synthetic_demo,synthetic lagged rainfall response,True
2006-05-27,OUTLET,0.21573,synthetic_demo,synthetic lagged rainfall response,True
2006-05-28,OUTLET,0.19749,synthetic_demo,synthetic lagged rainfall response,True
2006-05-29,OUTLET,0.20461,synthetic_demo,synthetic lagged rainfall response,True
2006-05-30,OUTLET,0.21261,synthetic_demo,synthetic lagged rainfall response,True
2006-05-31,OUTLET,0.21856,synthetic_demo,synthetic lagged rainfall response,True
2006-06-01,OUTLET,0.20857,synthetic_demo,synthetic lagged rainfall response,True
2006-06-02,OUTLET,0.19026,synthetic_demo,synthetic lagged rainfall response,True
2006-06-03,OUTLET,0.20602,synthetic_demo,synthetic lagged rainfall response,True
2006-06-04,OUTLET,0.16585,synthetic_demo,synthetic lagged rainfall response,True
2006-06-05,OUTLET,0.1722,synthetic_demo,synthetic lagged rainfall response,True
2006-06-06,OUTLET,0.17437,synthetic_demo,synthetic lagged rainfall response,True
2006-06-07,OUTLET,0.16578,synthetic_demo,synthetic lagged rainfall response,True
2006-06-08,OUTLET,0.16595,synthetic_demo,synthetic lagged rainfall response,True
2006-06-09,OUTLET,0.16541,synthetic_demo,synthetic lagged rainfall response,True
2006-06-10,OUTLET,0.17692,synthetic_demo,synthetic lagged rainfall response,True
2006-06-11,OUTLET,0.16708,synthetic_demo,synthetic lagged rainfall response,True
2006-06-12,OUTLET,0.13662,synthetic_demo,synthetic lagged rainfall response,True
2006-06-13,OUTLET,0.17295,synthetic_demo,synthetic lagged rainfall response,True
2006-06-14,OUTLET,0.1861,synthetic_demo,synthetic lagged rainfall response,True
2006-06-15,OUTLET,0.17159,synthetic_demo,synthetic lagged rainfall response,True
2006-06-16,OUTLET,0.17696,synthetic_demo,synthetic lagged rainfall response,True
2006-06-17,OUTLET,0.21188,synthetic_demo,synthetic lagged rainfall response,True
2006-06-18,OUTLET,0.18373,synthetic_demo,synthetic lagged rainfall response,True
2006-06-19,OUTLET,0.181,synthetic_demo,synthetic lagged rainfall response,True
2006-06-20,OUTLET,0.19475,synthetic_demo,synthetic lagged rainfall response,True
2006-06-21,OUTLET,0.18685,synthetic_demo,synthetic lagged rainfall response,True
2006-06-22,OUTLET,0.2009,synthetic_demo,synthetic lagged rainfall response,True
2006-06-23,OUTLET,0.21855,synthetic_demo,synthetic lagged rainfall response,True
2006-06-24,OUTLET,0.19534,synthetic_demo,synthetic lagged rainfall response,True
2006-06-25,OUTLET,0.18778,synthetic_demo,synthetic lagged rainfall response,True
2006-06-26,OUTLET,0.20196,synthetic_demo,synthetic lagged rainfall response,True
2006-06-27,OUTLET,0.2041,synthetic_demo,synthetic lagged rainfall response,True
2006-06-28,OUTLET,0.20587,synthetic_demo,synthetic lagged rainfall response,True
2006-06-29,OUTLET,0.26552,synthetic_demo,synthetic lagged rainfall response,True
2006-06-30,OUTLET,0.23735,synthetic_demo,synthetic lagged rainfall response,True
2006-07-01,OUTLET,0.27767,synthetic_demo,synthetic lagged rainfall response,True
2006-07-02,OUTLET,0.26793,synthetic_demo,synthetic lagged rainfall response,True
2006-07-03,OUTLET,0.26026,synthetic_demo,synthetic lagged rainfall response,True
2006-07-04,OUTLET,0.26137,synthetic_demo,synthetic lagged rainfall response,True
2006-07-05,OUTLET,0.25895,synthetic_demo,synthetic lagged rainfall response,True
2006-07-06,OUTLET,0.26732,synthetic_demo,synthetic lagged rainfall response,True
2006-07-07,OUTLET,0.26741,synthetic_demo,synthetic lagged rainfall response,True
2006-07-08,OUTLET,0.25658,synthetic_demo,synthetic lagged rainfall response,True
2006-07-09,OUTLET,0.25348,synthetic_demo,synthetic lagged rainfall response,True
2006-07-10,OUTLET,0.23379,synthetic_demo,synthetic lagged rainfall response,True
2006-07-11,OUTLET,0.26044,synthetic_demo,synthetic lagged rainfall response,True
2006-07-12,OUTLET,0.25333,synthetic_demo,synthetic lagged rainfall response,True
2006-07-13,OUTLET,0.2509,synthetic_demo,synthetic lagged rainfall response,True
2006-07-14,OUTLET,0.2743,synthetic_demo,synthetic lagged rainfall response,True
2006-07-15,OUTLET,0.27176,synthetic_demo,synthetic lagged rainfall response,True
2006-07-16,OUTLET,0.28378,synthetic_demo,synthetic lagged rainfall response,True
2006-07-17,OUTLET,0.34483,synthetic_demo,synthetic lagged rainfall response,True
2006-07-18,OUTLET,0.35431,synthetic_demo,synthetic lagged rainfall response,True
2006-07-19,OUTLET,0.34381,synthetic_demo,synthetic lagged rainfall response,True
2006-07-20,OUTLET,0.34291,synthetic_demo,synthetic lagged rainfall response,True
2006-07-21,OUTLET,0.3261,synthetic_demo,synthetic lagged rainfall response,True
2006-07-22,OUTLET,0.33846,synthetic_demo,synthetic lagged rainfall response,True
2006-07-23,OUTLET,0.35688,synthetic_demo,synthetic lagged rainfall response,True
2006-07-24,OUTLET,0.32955,synthetic_demo,synthetic lagged rainfall response,True
2006-07-25,OUTLET,0.35278,synthetic_demo,synthetic lagged rainfall response,True
2006-07-26,OUTLET,0.3416,synthetic_demo,synthetic lagged rainfall response,True
2006-07-27,OUTLET,0.36279,synthetic_demo,synthetic lagged rainfall response,True
2006-07-28,OUTLET,0.35105,synthetic_demo,synthetic lagged rainfall response,True
2006-07-29,OUTLET,0.36314,synthetic_demo,synthetic lagged rainfall response,True
2006-07-30,OUTLET,0.39692,synthetic_demo,synthetic lagged rainfall response,True
2006-07-31,OUTLET,0.40465,synthetic_demo,synthetic lagged rainfall response,True
2006-08-01,OUTLET,0.36775,synthetic_demo,synthetic lagged rainfall response,True
2006-08-02,OUTLET,0.35221,synthetic_demo,synthetic lagged rainfall response,True
2006-08-03,OUTLET,0.3563,synthetic_demo,synthetic lagged rainfall response,True
2006-08-04,OUTLET,0.35966,synthetic_demo,synthetic lagged rainfall response,True
2006-08-05,OUTLET,0.38122,synthetic_demo,synthetic lagged rainfall response,True
2006-08-06,OUTLET,0.37805,synthetic_demo,synthetic lagged rainfall response,True
2006-08-07,OUTLET,0.39155,synthetic_demo,synthetic lagged rainfall response,True
2006-08-08,OUTLET,0.39981,synthetic_demo,synthetic lagged rainfall response,True
2006-08-09,OUTLET,0.37197,synthetic_demo,synthetic lagged rainfall response,True
2006-08-10,OUTLET,0.38995,synthetic_demo,synthetic lagged rainfall response,True
2006-08-11,OUTLET,0.39837,synthetic_demo,synthetic lagged rainfall response,True
2006-08-12,OUTLET,0.3833,synthetic_demo,synthetic lagged rainfall response,True
2006-08-13,OUTLET,0.36352,synthetic_demo,synthetic lagged rainfall response,True
2006-08-14,OUTLET,0.37047,synthetic_demo,synthetic lagged rainfall response,True
2006-08-15,OUTLET,0.34894,synthetic_demo,synthetic lagged rainfall response,True
2006-08-16,OUTLET,0.3299,synthetic_demo,synthetic lagged rainfall response,True
2006-08-17,OUTLET,0.33556,synthetic_demo,synthetic lagged rainfall response,True
2006-08-18,OUTLET,0.37454,synthetic_demo,synthetic lagged rainfall response,True
2006-08-19,OUTLET,0.3758,synthetic_demo,synthetic lagged rainfall response,True
2006-08-20,OUTLET,0.39066,synthetic_demo,synthetic lagged rainfall response,True
2006-08-21,OUTLET,0.39086,synthetic_demo,synthetic lagged rainfall response,True
2006-08-22,OUTLET,0.39288,synthetic_demo,synthetic lagged rainfall response,True
2006-08-23,OUTLET,0.40744,synthetic_demo,synthetic lagged rainfall response,True
2006-08-24,OUTLET,0.39606,synthetic_demo,synthetic lagged rainfall response,True
2006-08-25,OUTLET,0.3958,synthetic_demo,synthetic lagged rainfall response,True
2006-08-26,OUTLET,0.4021,synthetic_demo,synthetic lagged rainfall response,True
2006-08-27,OUTLET,0.39574,synthetic_demo,synthetic lagged rainfall response,True
2006-08-28,OUTLET,0.38948,synthetic_demo,synthetic lagged rainfall response,True
2006-08-29,OUTLET,0.38092,synthetic_demo,synthetic lagged rainfall response,True
2006-08-30,OUTLET,0.42635,synthetic_demo,synthetic lagged rainfall response,True
2006-08-31,OUTLET,0.41552,synthetic_demo,synthetic lagged rainfall response,True
2006-09-01,OUTLET,0.38636,synthetic_demo,synthetic lagged rainfall response,True
2006-09-02,OUTLET,0.40115,synthetic_demo,synthetic lagged rainfall response,True
2006-09-03,OUTLET,0.39496,synthetic_demo,synthetic lagged rainfall response,True
2006-09-04,OUTLET,0.38829,synthetic_demo,synthetic lagged rainfall response,True
2006-09-05,OUTLET,0.38906,synthetic_demo,synthetic lagged rainfall response,True
2006-09-06,OUTLET,0.39517,synthetic_demo,synthetic lagged rainfall response,True
2006-09-07,OUTLET,0.3933,synthetic_demo,synthetic lagged rainfall response,True
2006-09-08,OUTLET,0.41031,synthetic_demo,synthetic lagged rainfall response,True
2006-09-09,OUTLET,0.41159,synthetic_demo,synthetic lagged rainfall response,True
2006-09-10,OUTLET,0.39804,synthetic_demo,synthetic lagged rainfall response,True
2006-09-11,OUTLET,0.40357,synthetic_demo,synthetic lagged rainfall response,True
2006-09-12,OUTLET,0.3794,synthetic_demo,synthetic lagged rainfall response,True
2006-09-13,OUTLET,0.36402,synthetic_demo,synthetic lagged rainfall response,True
2006-09-14,OUTLET,0.38717,synthetic_demo,synthetic lagged rainfall response,True
2006-09-15,OUTLET,0.4016,synthetic_demo,synthetic lagged rainfall response,True
2006-09-16,OUTLET,0.36642,synthetic_demo,synthetic lagged rainfall response,True
2006-09-17,OUTLET,0.38938,synthetic_demo,synthetic lagged rainfall response,True
2006-09-18,OUTLET,0.37571,synthetic_demo,synthetic lagged rainfall response,True
2006-09-19,OUTLET,0.38598,synthetic_demo,synthetic lagged rainfall response,True
2006-09-20,OUTLET,0.36484,synthetic_demo,synthetic lagged rainfall response,True
2006-09-21,OUTLET,0.35724,synthetic_demo,synthetic lagged rainfall response,True
2006-09-22,OUTLET,0.35913,synthetic_demo,synthetic lagged rainfall response,True
2006-09-23,OUTLET,0.36159,synthetic_demo,synthetic lagged rainfall response,True
2006-09-24,OUTLET,0.3915,synthetic_demo,synthetic lagged rainfall response,True
2006-09-25,OUTLET,0.37145,synthetic_demo,synthetic lagged rainfall response,True
2006-09-26,OUTLET,0.34093,synthetic_demo,synthetic lagged rainfall response,True
2006-09-27,OUTLET,0.3742,synthetic_demo,synthetic lagged rainfall response,True
2006-09-28,OUTLET,0.37644,synthetic_demo,synthetic lagged rainfall response,True
2006-09-29,OUTLET,0.36787,synthetic_demo,synthetic lagged rainfall response,True
2006-09-30,OUTLET,0.36339,synthetic_demo,synthetic lagged rainfall response,True
2006-10-01,OUTLET,0.35583,synthetic_demo,synthetic lagged rainfall response,True
2006-10-02,OUTLET,0.34526,synthetic_demo,synthetic lagged rainfall response,True
2006-10-03,OUTLET,0.34455,synthetic_demo,synthetic lagged rainfall response,True
2006-10-04,OUTLET,0.34098,synthetic_demo,synthetic lagged rainfall response,True
2006-10-05,OUTLET,0.32729,synthetic_demo,synthetic lagged rainfall response,True
2006-10-06,OUTLET,0.35304,synthetic_demo,synthetic lagged rainfall response,True
2006-10-07,OUTLET,0.37212,synthetic_demo,synthetic lagged rainfall response,True
2006-10-08,OUTLET,0.3671,synthetic_demo,synthetic lagged rainfall response,True
2006-10-09,OUTLET,0.38652,synthetic_demo,synthetic lagged rainfall response,True
2006-10-10,OUTLET,0.38127,synthetic_demo,synthetic lagged rainfall response,True
2006-10-11,OUTLET,0.39326,synthetic_demo,synthetic lagged rainfall response,True
2006-10-12,OUTLET,0.3767,synthetic_demo,synthetic lagged rainfall response,True
2006-10-13,OUTLET,0.35829,synthetic_demo,synthetic lagged rainfall response,True
2006-10-14,OUTLET,0.33797,synthetic_demo,synthetic lagged rainfall response,True
2006-10-15,OUTLET,0.3506,synthetic_demo,synthetic lagged rainfall response,True
2006-10-16,OUTLET,0.37812,synthetic_demo,synthetic lagged rainfall response,True
2006-10-17,OUTLET,0.34955,synthetic_demo,synthetic lagged rainfall response,True
2006-10-18,OUTLET,0.3594,synthetic_demo,synthetic lagged rainfall response,True
2006-10-19,OUTLET,0.3567,synthetic_demo,synthetic lagged rainfall response,True
2006-10-20,OUTLET,0.35382,synthetic_demo,synthetic lagged rainfall response,True
2006-10-21,OUTLET,0.35302,synthetic_demo,synthetic lagged rainfall response,True
2006-10-22,OUTLET,0.35859,synthetic_demo,synthetic lagged rainfall response,True
2006-10-23,OUTLET,0.36648,synthetic_demo,synthetic lagged rainfall response,True
2006-10-24,OUTLET,0.35505,synthetic_demo,synthetic lagged rainfall response,True
2006-10-25,OUTLET,0.365,synthetic_demo,synthetic lagged rainfall response,True
2006-10-26,OUTLET,0.34792,synthetic_demo,synthetic lagged rainfall response,True
2006-10-27,OUTLET,0.34811,synthetic_demo,synthetic lagged rainfall response,True
2006-10-28,OUTLET,0.33868,synthetic_demo,synthetic lagged rainfall response,True
2006-10-29,OUTLET,0.3609,synthetic_demo,synthetic lagged rainfall response,True
2006-10-30,OUTLET,0.3796,synthetic_demo,synthetic lagged rainfall response,True
2006-10-31,OUTLET,0.3725,synthetic_demo,synthetic lagged rainfall response,True
2006-11-01,OUTLET,0.39424,synthetic_demo,synthetic lagged rainfall response,True
2006-11-02,OUTLET,0.38142,synthetic_demo,synthetic lagged rainfall response,True
2006-11-03,OUTLET,0.43908,synthetic_demo,synthetic lagged rainfall response,True
2006-11-04,OUTLET,0.42689,synthetic_demo,synthetic lagged rainfall response,True
2006-11-05,OUTLET,0.44117,synthetic_demo,synthetic lagged rainfall response,True
2006-11-06,OUTLET,0.45744,synthetic_demo,synthetic lagged rainfall response,True
2006-11-07,OUTLET,0.47338,synthetic_demo,synthetic lagged rainfall response,True
2006-11-08,OUTLET,0.49992,synthetic_demo,synthetic lagged rainfall response,True
2006-11-09,OUTLET,0.48296,synthetic_demo,synthetic lagged rainfall response,True
2006-11-10,OUTLET,0.4919,synthetic_demo,synthetic lagged rainfall response,True
2006-11-11,OUTLET,0.55195,synthetic_demo,synthetic lagged rainfall response,True
2006-11-12,OUTLET,0.54838,synthetic_demo,synthetic lagged rainfall response,True
2006-11-13,OUTLET,0.56117,synthetic_demo,synthetic lagged rainfall response,True
2006-11-14,OUTLET,0.55818,synthetic_demo,synthetic lagged rainfall response,True
2006-11-15,OUTLET,0.54671,synthetic_demo,synthetic lagged rainfall response,True
2006-11-16,OUTLET,0.55848,synthetic_demo,synthetic lagged rainfall response,True
2006-11-17,OUTLET,0.56666,synthetic_demo,synthetic lagged rainfall response,True
2006-11-18,OUTLET,0.54737,synthetic_demo,synthetic lagged rainfall response,True
2006-11-19,OUTLET,0.55855,synthetic_demo,synthetic lagged rainfall response,True
2006-11-20,OUTLET,0.52976,synthetic_demo,synthetic lagged rainfall response,True
2006-11-21,OUTLET,0.51122,synthetic_demo,synthetic lagged rainfall response,True
2006-11-22,OUTLET,0.51902,synthetic_demo,synthetic lagged rainfall response,True
2006-11-23,OUTLET,0.51648,synthetic_demo,synthetic lagged rainfall response,True
2006-11-24,OUTLET,0.53888,synthetic_demo,synthetic lagged rainfall response,True
2006-11-25,OUTLET,0.50275,synthetic_demo,synthetic lagged rainfall response,True
2006-11-26,OUTLET,0.51614,synthetic_demo,synthetic lagged rainfall response,True
2006-11-27,OUTLET,0.51287,synthetic_demo,synthetic lagged rainfall response,True
2006-11-28,OUTLET,0.52923,synthetic_demo,synthetic lagged rainfall response,True
2006-11-29,OUTLET,0.51812,synthetic_demo,synthetic lagged rainfall response,True
2006-11-30,OUTLET,0.52245,synthetic_demo,synthetic lagged rainfall response,True
2006-12-01,OUTLET,0.51776,synthetic_demo,synthetic lagged rainfall response,True
2006-12-02,OUTLET,0.53396,synthetic_demo,synthetic lagged rainfall response,True
2006-12-03,OUTLET,0.5712,synthetic_demo,synthetic lagged rainfall response,True
2006-12-04,OUTLET,0.5696,synthetic_demo,synthetic lagged rainfall response,True
2006-12-05,OUTLET,0.61262,synthetic_demo,synthetic lagged rainfall response,True
2006-12-06,OUTLET,0.58537,synthetic_demo,synthetic lagged rainfall response,True
2006-12-07,OUTLET,0.61748,synthetic_demo,synthetic lagged rainfall response,True
2006-12-08,OUTLET,0.58488,synthetic_demo,synthetic lagged rainfall response,True
2006-12-09,OUTLET,0.61928,synthetic_demo,synthetic lagged rainfall response,True
2006-12-10,OUTLET,0.60034,synthetic_demo,synthetic lagged rainfall response,True
2006-12-11,OUTLET,0.60394,synthetic_demo,synthetic lagged rainfall response,True
2006-12-12,OUTLET,0.585,synthetic_demo,synthetic lagged rainfall response,True
2006-12-13,OUTLET,0.58745,synthetic_demo,synthetic lagged rainfall response,True
2006-12-14,OUTLET,0.54225,synthetic_demo,synthetic lagged rainfall response,True
2006-12-15,OUTLET,0.54732,synthetic_demo,synthetic lagged rainfall response,True
2006-12-16,OUTLET,0.52404,synthetic_demo,synthetic lagged rainfall response,True
2006-12-17,OUTLET,0.53763,synthetic_demo,synthetic lagged rainfall response,True
2006-12-18,OUTLET,0.51973,synthetic_demo,synthetic lagged rainfall response,True
2006-12-19,OUTLET,0.49798,synthetic_demo,synthetic lagged rainfall response,True
2006-12-20,OUTLET,0.49708,synthetic_demo,synthetic lagged rainfall response,True
2006-12-21,OUTLET,0.48636,synthetic_demo,synthetic lagged rainfall response,True
2006-12-22,OUTLET,0.46527,synthetic_demo,synthetic lagged rainfall response,True
2006-12-23,OUTLET,0.48455,synthetic_demo,synthetic lagged rainfall response,True
2006-12-24,OUTLET,0.51907,synthetic_demo,synthetic lagged rainfall response,True
2006-12-25,OUTLET,0.52001,synthetic_demo,synthetic lagged rainfall response,True
2006-12-26,OUTLET,0.48489,synthetic_demo,synthetic lagged rainfall response,True
2006-12-27,OUTLET,0.49559,synthetic_demo,synthetic lagged rainfall response,True
2006-12-28,OUTLET,0.50606,synthetic_demo,synthetic lagged rainfall response,True
2006-12-29,OUTLET,0.49983,synthetic_demo,synthetic lagged rainfall response,True
2006-12-30,OUTLET,0.52366,synthetic_demo,synthetic lagged rainfall response,True
2006-12-31,OUTLET,0.51105,synthetic_demo,synthetic lagged rainfall response,True
2007-01-01,OUTLET,0.50711,synthetic_demo,synthetic lagged rainfall response,True
2007-01-02,OUTLET,0.52151,synthetic_demo,synthetic lagged rainfall response,True
2007-01-03,OUTLET,0.53666,synthetic_demo,synthetic lagged rainfall response,True
2007-01-04,OUTLET,0.51302,synthetic_demo,synthetic lagged rainfall response,True
2007-01-05,OUTLET,0.51612,synthetic_demo,synthetic lagged rainfall response,True
2007-01-06,OUTLET,0.51707,synthetic_demo,synthetic lagged rainfall response,True
2007-01-07,OUTLET,0.53271,synthetic_demo,synthetic lagged rainfall response,True
2007-01-08,OUTLET,0.51171,synthetic_demo,synthetic lagged rainfall response,True
2007-01-09,OUTLET,0.53313,synthetic_demo,synthetic lagged rainfall response,True
2007-01-10,OUTLET,0.51129,synthetic_demo,synthetic lagged rainfall response,True
2007-01-11,OUTLET,0.51793,synthetic_demo,synthetic lagged rainfall response,True
2007-01-12,OUTLET,0.4906,synthetic_demo,synthetic lagged rainfall response,True
2007-01-13,OUTLET,0.47823,synthetic_demo,synthetic lagged rainfall response,True
2007-01-14,OUTLET,0.47803,synthetic_demo,synthetic lagged rainfall response,True
2007-01-15,OUTLET,0.46963,synthetic_demo,synthetic lagged rainfall response,True
2007-01-16,OUTLET,0.44791,synthetic_demo,synthetic lagged rainfall response,True
2007-01-17,OUTLET,0.45281,synthetic_demo,synthetic lagged rainfall response,True
2007-01-18,OUTLET,0.46309,synthetic_demo,synthetic lagged rainfall response,True
2007-01-19,OUTLET,0.41613,synthetic_demo,synthetic lagged rainfall response,True
2007-01-20,OUTLET,0.4136,synthetic_demo,synthetic lagged rainfall response,True
2007-01-21,OUTLET,0.42998,synthetic_demo,synthetic lagged rainfall response,True
2007-01-22,OUTLET,0.43619,synthetic_demo,synthetic lagged rainfall response,True
2007-01-23,OUTLET,0.4226,synthetic_demo,synthetic lagged rainfall response,True
2007-01-24,OUTLET,0.41272,synthetic_demo,synthetic lagged rainfall response,True
2007-01-25,OUTLET,0.39107,synthetic_demo,synthetic lagged rainfall response,True
2007-01-26,OUTLET,0.42583,synthetic_demo,synthetic lagged rainfall response,True
2007-01-27,OUTLET,0.42001,synthetic_demo,synthetic lagged rainfall response,True
2007-01-28,OUTLET,0.4285,synthetic_demo,synthetic lagged rainfall response,True
2007-01-29,OUTLET,0.44142,synthetic_demo,synthetic lagged rainfall response,True
2007-01-30,OUTLET,0.41324,synthetic_demo,synthetic lagged rainfall response,True
2007-01-31,OUTLET,0.42778,synthetic_demo,synthetic lagged rainfall response,True
2007-02-01,OUTLET,0.40978,synthetic_demo,synthetic lagged rainfall response,True
2007-02-02,OUTLET,0.42549,synthetic_demo,synthetic lagged rainfall response,True
2007-02-03,OUTLET,0.40574,synthetic_demo,synthetic lagged rainfall response,True
2007-02-04,OUTLET,0.40245,synthetic_demo,synthetic lagged rainfall response,True
2007-02-05,OUTLET,0.38524,synthetic_demo,synthetic lagged rainfall response,True
2007-02-06,OUTLET,0.40257,synthetic_demo,synthetic lagged rainfall response,True
2007-02-07,OUTLET,0.37686,synthetic_demo,synthetic lagged rainfall response,True
2007-02-08,OUTLET,0.36795,synthetic_demo,synthetic lagged rainfall response,True
2007-02-09,OUTLET,0.36268,synthetic_demo,synthetic lagged rainfall response,True
2007-02-10,OUTLET,0.35505,synthetic_demo,synthetic lagged rainfall response,True
2007-02-11,OUTLET,0.3224,synthetic_demo,synthetic lagged rainfall response,True
2007-02-12,OUTLET,0.34201,synthetic_demo,synthetic lagged rainfall response,True
2007-02-13,OUTLET,0.31191,synthetic_demo,synthetic lagged rainfall response,True
2007-02-14,OUTLET,0.3206,synthetic_demo,synthetic lagged rainfall response,True
2007-02-15,OUTLET,0.31153,synthetic_demo,synthetic lagged rainfall response,True
2007-02-16,OUTLET,0.28927,synthetic_demo,synthetic lagged rainfall response,True
2007-02-17,OUTLET,0.31601,synthetic_demo,synthetic lagged rainfall response,True
2007-02-18,OUTLET,0.30967,synthetic_demo,synthetic lagged rainfall response,True
2007-02-19,OUTLET,0.29827,synthetic_demo,synthetic lagged rainfall response,True
2007-02-20,OUTLET,0.28584,synthetic_demo,synthetic lagged rainfall response,True
2007-02-21,OUTLET,0.29833,synthetic_demo,synthetic lagged rainfall response,True
2007-02-22,OUTLET,0.30597,synthetic_demo,synthetic lagged rainfall response,True
2007-02-23,OUTLET,0.31252,synthetic_demo,synthetic lagged rainfall response,True
2007-02-24,OUTLET,0.28764,synthetic_demo,synthetic lagged rainfall response,True
2007-02-25,OUTLET,0.28221,synthetic_demo,synthetic lagged rainfall response,True
2007-02-26,OUTLET,0.28087,synthetic_demo,synthetic lagged rainfall response,True
2007-02-27,OUTLET,0.27194,synthetic_demo,synthetic lagged rainfall response,True
2007-02-28,OUTLET,0.27497,synthetic_demo,synthetic lagged rainfall response,True
2007-03-01,OUTLET,0.27926,synthetic_demo,synthetic lagged rainfall response,True
2007-03-02,OUTLET,0.27458,synthetic_demo,synthetic lagged rainfall response,True
2007-03-03,OUTLET,0.28009,synthetic_demo,synthetic lagged rainfall response,True
2007-03-04,OUTLET,0.26504,synthetic_demo,synthetic lagged rainfall response,True
2007-03-05,OUTLET,0.28425,synthetic_demo,synthetic lagged rainfall response,True
2007-03-06,OUTLET,0.2859,synthetic_demo,synthetic lagged rainfall response,True
2007-03-07,OUTLET,0.26518,synthetic_demo,synthetic lagged rainfall response,True
2007-03-08,OUTLET,0.28897,synthetic_demo,synthetic lagged rainfall response,True
2007-03-09,OUTLET,0.26711,synthetic_demo,synthetic lagged rainfall response,True
2007-03-10,OUTLET,0.27427,synthetic_demo,synthetic lagged rainfall response,True
2007-03-11,OUTLET,0.28158,synthetic_demo,synthetic lagged rainfall response,True
2007-03-12,OUTLET,0.23929,synthetic_demo,synthetic lagged rainfall response,True
2007-03-13,OUTLET,0.25571,synthetic_demo,synthetic lagged rainfall response,True
2007-03-14,OUTLET,0.24797,synthetic_demo,synthetic lagged rainfall response,True
2007-03-15,OUTLET,0.24661,synthetic_demo,synthetic lagged rainfall response,True
2007-03-16,OUTLET,0.24103,synthetic_demo,synthetic lagged rainfall response,True
2007-03-17,OUTLET,0.2196,synthetic_demo,synthetic lagged rainfall response,True
2007-03-18,OUTLET,0.23901,synthetic_demo,synthetic lagged rainfall response,True
2007-03-19,OUTLET,0.24342,synthetic_demo,synthetic lagged rainfall response,True
2007-03-20,OUTLET,0.2637,synthetic_demo,synthetic lagged rainfall response,True
2007-03-21,OUTLET,0.27709,synthetic_demo,synthetic lagged rainfall response,True
2007-03-22,OUTLET,0.27879,synthetic_demo,synthetic lagged rainfall response,True
2007-03-23,OUTLET,0.28634,synthetic_demo,synthetic lagged rainfall response,True
2007-03-24,OUTLET,0.29826,synthetic_demo,synthetic lagged rainfall response,True
2007-03-25,OUTLET,0.27749,synthetic_demo,synthetic lagged rainfall response,True
2007-03-26,OUTLET,0.27311,synthetic_demo,synthetic lagged rainfall response,True
2007-03-27,OUTLET,0.25895,synthetic_demo,synthetic lagged rainfall response,True
2007-03-28,OUTLET,0.2693,synthetic_demo,synthetic lagged rainfall response,True
2007-03-29,OUTLET,0.26941,synthetic_demo,synthetic lagged rainfall response,True
2007-03-30,OUTLET,0.26617,synthetic_demo,synthetic lagged rainfall response,True
2007-03-31,OUTLET,0.26593,synthetic_demo,synthetic lagged rainfall response,True
2007-04-01,OUTLET,0.27262,synthetic_demo,synthetic lagged rainfall response,True
2007-04-02,OUTLET,0.27598,synthetic_demo,synthetic lagged rainfall response,True
2007-04-03,OUTLET,0.26318,synthetic_demo,synthetic lagged rainfall response,True
2007-04-04,OUTLET,0.26445,synthetic_demo,synthetic lagged rainfall response,True
2007-04-05,OUTLET,0.25668,synthetic_demo,synthetic lagged rainfall response,True
2007-04-06,OUTLET,0.26744,synthetic_demo,synthetic lagged rainfall response,True
2007-04-07,OUTLET,0.25733,synthetic_demo,synthetic lagged rainfall response,True
2007-04-08,OUTLET,0.25475,synthetic_demo,synthetic lagged rainfall response,True
2007-04-09,OUTLET,0.24401,synthetic_demo,synthetic lagged rainfall response,True
2007-04-10,OUTLET,0.2504,synthetic_demo,synthetic lagged rainfall response,True
2007-04-11,OUTLET,0.25678,synthetic_demo,synthetic lagged rainfall response,True
2007-04-12,OUTLET,0.24608,synthetic_demo,synthetic lagged rainfall response,True
2007-04-13,OUTLET,0.24031,synthetic_demo,synthetic lagged rainfall response,True
2007-04-14,OUTLET,0.23851,synthetic_demo,synthetic lagged rainfall response,True
2007-04-15,OUTLET,0.22795,synthetic_demo,synthetic lagged rainfall response,True
2007-04-16,OUTLET,0.24032,synthetic_demo,synthetic lagged rainfall response,True
2007-04-17,OUTLET,0.24492,synthetic_demo,synthetic lagged rainfall response,True
2007-04-18,OUTLET,0.23528,synthetic_demo,synthetic lagged rainfall response,True
2007-04-19,OUTLET,0.223,synthetic_demo,synthetic lagged rainfall response,True
2007-04-20,OUTLET,0.23312,synthetic_demo,synthetic lagged rainfall response,True
2007-04-21,OUTLET,0.23822,synthetic_demo,synthetic lagged rainfall response,True
2007-04-22,OUTLET,0.22188,synthetic_demo,synthetic lagged rainfall response,True
2007-04-23,OUTLET,0.24629,synthetic_demo,synthetic lagged rainfall response,True
2007-04-24,OUTLET,0.2692,synthetic_demo,synthetic lagged rainfall response,True
2007-04-25,OUTLET,0.29697,synthetic_demo,synthetic lagged rainfall response,True
2007-04-26,OUTLET,0.28122,synthetic_demo,synthetic lagged rainfall response,True
2007-04-27,OUTLET,0.28021,synthetic_demo,synthetic lagged rainfall response,True
2007-04-28,OUTLET,0.27122,synthetic_demo,synthetic lagged rainfall response,True
2007-04-29,OUTLET,0.26959,synthetic_demo,synthetic lagged rainfall response,True
2007-04-30,OUTLET,0.2591,synthetic_demo,synthetic lagged rainfall response,True
2007-05-01,OUTLET,0.25314,synthetic_demo,synthetic lagged rainfall response,True
2007-05-02,OUTLET,0.26539,synthetic_demo,synthetic lagged rainfall response,True
2007-05-03,OUTLET,0.24056,synthetic_demo,synthetic lagged rainfall response,True
2007-05-04,OUTLET,0.24198,synthetic_demo,synthetic lagged rainfall response,True
2007-05-05,OUTLET,0.23647,synthetic_demo,synthetic lagged rainfall response,True
2007-05-06,OUTLET,0.2199,synthetic_demo,synthetic lagged rainfall response,True
2007-05-07,OUTLET,0.21121,synthetic_demo,synthetic lagged rainfall response,True
2007-05-08,OUTLET,0.19675,synthetic_demo,synthetic lagged rainfall response,True
2007-05-09,OUTLET,0.19176,synthetic_demo,synthetic lagged rainfall response,True
2007-05-10,OUTLET,0.21407,synthetic_demo,synthetic lagged rainfall response,True
2007-05-11,OUTLET,0.18326,synthetic_demo,synthetic lagged rainfall response,True
2007-05-12,OUTLET,0.18384,synthetic_demo,synthetic lagged rainfall response,True
2007-05-13,OUTLET,0.17723,synthetic_demo,synthetic lagged rainfall response,True
2007-05-14,OUTLET,0.15516,synthetic_demo,synthetic lagged rainfall response,True
2007-05-15,OUTLET,0.18287,synthetic_demo,synthetic lagged rainfall response,True
2007-05-16,OUTLET,0.18903,synthetic_demo,synthetic lagged rainfall response,True
2007-05-17,OUTLET,0.20747,synthetic_demo,synthetic lagged rainfall response,True
2007-05-18,OUTLET,0.19956,synthetic_demo,synthetic lagged rainfall response,True
2007-05-19,OUTLET,0.20663,synthetic_demo,synthetic lagged rainfall response,True
2007-05-20,OUTLET,0.18313,synthetic_demo,synthetic lagged rainfall response,True
2007-05-21,OUTLET,0.21406,synthetic_demo,synthetic lagged rainfall response,True
2007-05-22,OUTLET,0.20446,synthetic_demo,synthetic lagged rainfall response,True
2007-05-23,OUTLET,0.19145,synthetic_demo,synthetic lagged rainfall response,True
2007-05-24,OUTLET,0.21335,synthetic_demo,synthetic lagged rainfall response,True
2007-05-25,OUTLET,0.21283,synthetic_demo,synthetic lagged rainfall response,True
2007-05-26,OUTLET,0.22452,synthetic_demo,synthetic lagged rainfall response,True
2007-05-27,OUTLET,0.18324,synthetic_demo,synthetic lagged rainfall response,True
2007-05-28,OUTLET,0.19584,synthetic_demo,synthetic lagged rainfall response,True
2007-05-29,OUTLET,0.19988,synthetic_demo,synthetic lagged rainfall response,True
2007-05-30,OUTLET,0.20335,synthetic_demo,synthetic lagged rainfall response,True
2007-05-31,OUTLET,0.20945,synthetic_demo,synthetic lagged rainfall response,True
2007-06-01,OUTLET,0.19029,synthetic_demo,synthetic lagged rainfall response,True
2007-06-02,OUTLET,0.18383,synthetic_demo,synthetic lagged rainfall response,True
2007-06-03,OUTLET,0.16936,synthetic_demo,synthetic lagged rainfall response,True
2007-06-04,OUTLET,0.18198,synthetic_demo,synthetic lagged rainfall response,True
2007-06-05,OUTLET,0.18042,synthetic_demo,synthetic lagged rainfall response,True
2007-06-06,OUTLET,0.18548,synthetic_demo,synthetic lagged rainfall response,True
2007-06-07,OUTLET,0.18441,synthetic_demo,synthetic lagged rainfall response,True
2007-06-08,OUTLET,0.13642,synthetic_demo,synthetic lagged rainfall response,True
2007-06-09,OUTLET,0.14645,synthetic_demo,synthetic lagged rainfall response,True
2007-06-10,OUTLET,0.1634,synthetic_demo,synthetic lagged rainfall response,True
2007-06-11,OUTLET,0.14359,synthetic_demo,synthetic lagged rainfall response,True
2007-06-12,OUTLET,0.14291,synthetic_demo,synthetic lagged rainfall response,True
2007-06-13,OUTLET,0.15969,synthetic_demo,synthetic lagged rainfall response,True
2007-06-14,OUTLET,0.15343,synthetic_demo,synthetic lagged rainfall response,True
2007-06-15,OUTLET,0.14018,synthetic_demo,synthetic lagged rainfall response,True
2007-06-16,OUTLET,0.14977,synthetic_demo,synthetic lagged rainfall response,True
2007-06-17,OUTLET,0.22081,synthetic_demo,synthetic lagged rainfall response,True
2007-06-18,OUTLET,0.23246,synthetic_demo,synthetic lagged rainfall response,True
2007-06-19,OUTLET,0.25559,synthetic_demo,synthetic lagged rainfall response,True
2007-06-20,OUTLET,0.25257,synthetic_demo,synthetic lagged rainfall response,True
2007-06-21,OUTLET,0.25066,synthetic_demo,synthetic lagged rainfall response,True
2007-06-22,OUTLET,0.20519,synthetic_demo,synthetic lagged rainfall response,True
2007-06-23,OUTLET,0.21692,synthetic_demo,synthetic lagged rainfall response,True
2007-06-24,OUTLET,0.22294,synthetic_demo,synthetic lagged rainfall response,True
2007-06-25,OUTLET,0.2383,synthetic_demo,synthetic lagged rainfall response,True
2007-06-26,OUTLET,0.21179,synthetic_demo,synthetic lagged rainfall response,True
2007-06-27,OUTLET,0.21501,synthetic_demo,synthetic lagged rainfall response,True
2007-06-28,OUTLET,0.22558,synthetic_demo,synthetic lagged rainfall response,True
2007-06-29,OUTLET,0.22365,synthetic_demo,synthetic lagged rainfall response,True
2007-06-30,OUTLET,0.2111,synthetic_demo,synthetic lagged rainfall response,True
2007-07-01,OUTLET,0.22468,synthetic_demo,synthetic lagged rainfall response,True
2007-07-02,OUTLET,0.21124,synthetic_demo,synthetic lagged rainfall response,True
2007-07-03,OUTLET,0.22696,synthetic_demo,synthetic lagged rainfall response,True
2007-07-04,OUTLET,0.22662,synthetic_demo,synthetic lagged rainfall response,True
2007-07-05,OUTLET,0.22796,synthetic_demo,synthetic lagged rainfall response,True
2007-07-06,OUTLET,0.24098,synthetic_demo,synthetic lagged rainfall response,True
2007-07-07,OUTLET,0.27141,synthetic_demo,synthetic lagged rainfall response,True
2007-07-08,OUTLET,0.28092,synthetic_demo,synthetic lagged rainfall response,True
2007-07-09,OUTLET,0.30845,synthetic_demo,synthetic lagged rainfall response,True
2007-07-10,OUTLET,0.26126,synthetic_demo,synthetic lagged rainfall response,True
2007-07-11,OUTLET,0.29582,synthetic_demo,synthetic lagged rainfall response,True
2007-07-12,OUTLET,0.27965,synthetic_demo,synthetic lagged rainfall response,True
2007-07-13,OUTLET,0.30703,synthetic_demo,synthetic lagged rainfall response,True
2007-07-14,OUTLET,0.29432,synthetic_demo,synthetic lagged rainfall response,True
2007-07-15,OUTLET,0.3394,synthetic_demo,synthetic lagged rainfall response,True
2007-07-16,OUTLET,0.36058,synthetic_demo,synthetic lagged rainfall response,True
2007-07-17,OUTLET,0.33947,synthetic_demo,synthetic lagged rainfall response,True
2007-07-18,OUTLET,0.33723,synthetic_demo,synthetic lagged rainfall response,True
2007-07-19,OUTLET,0.34886,synthetic_demo,synthetic lagged rainfall response,True
2007-07-20,OUTLET,0.36205,synthetic_demo,synthetic lagged rainfall response,True
2007-07-21,OUTLET,0.35288,synthetic_demo,synthetic lagged rainfall response,True
2007-07-22,OUTLET,0.3854,synthetic_demo,synthetic lagged rainfall response,True
2007-07-23,OUTLET,0.355,synthetic_demo,synthetic lagged rainfall response,True
2007-07-24,OUTLET,0.36893,synthetic_demo,synthetic lagged rainfall response,True
2007-07-25,OUTLET,0.36779,synthetic_demo,synthetic lagged rainfall response,True
2007-07-26,OUTLET,0.36483,synthetic_demo,synthetic lagged rainfall response,True
2007-07-27,OUTLET,0.35766,synthetic_demo,synthetic lagged rainfall response,True
2007-07-28,OUTLET,0.38325,synthetic_demo,synthetic lagged rainfall response,True
2007-07-29,OUTLET,0.3716,synthetic_demo,synthetic lagged rainfall response,True
2007-07-30,OUTLET,0.39408,synthetic_demo,synthetic lagged rainfall response,True
2007-07-31,OUTLET,0.42999,synthetic_demo,synthetic lagged rainfall response,True
2007-08-01,OUTLET,0.36241,synthetic_demo,synthetic lagged rainfall response,True
2007-08-02,OUTLET,0.35805,synthetic_demo,synthetic lagged rainfall response,True
2007-08-03,OUTLET,0.37117,synthetic_demo,synthetic lagged rainfall response,True
2007-08-04,OUTLET,0.36439,synthetic_demo,synthetic lagged rainfall response,True
2007-08-05,OUTLET,0.36359,synthetic_demo,synthetic lagged rainfall response,True
2007-08-06,OUTLET,0.38822,synthetic_demo,synthetic lagged rainfall response,True
2007-08-07,OUTLET,0.38364,synthetic_demo,synthetic lagged rainfall response,True
2007-08-08,OUTLET,0.39742,synthetic_demo,synthetic lagged rainfall response,True
2007-08-09,OUTLET,0.37496,synthetic_demo,synthetic lagged rainfall response,True
2007-08-10,OUTLET,0.3912,synthetic_demo,synthetic lagged rainfall response,True
2007-08-11,OUTLET,0.40612,synthetic_demo,synthetic lagged rainfall response,True
2007-08-12,OUTLET,0.45172,synthetic_demo,synthetic lagged rainfall response,True
2007-08-13,OUTLET,0.44528,synthetic_demo,synthetic lagged rainfall response,True
2007-08-14,OUTLET,0.43764,synthetic_demo,synthetic lagged rainfall response,True
2007-08-15,OUTLET,0.40898,synthetic_demo,synthetic lagged rainfall response,True
2007-08-16,OUTLET,0.43933,synthetic_demo,synthetic lagged rainfall response,True
2007-08-17,OUTLET,0.447,synthetic_demo,synthetic lagged rainfall response,True
2007-08-18,OUTLET,0.43767,synthetic_demo,synthetic lagged rainfall response,True
2007-08-19,OUTLET,0.4197,synthetic_demo,synthetic lagged rainfall response,True
2007-08-20,OUTLET,0.45002,synthetic_demo,synthetic lagged rainfall response,True
2007-08-21,OUTLET,0.4202,synthetic_demo,synthetic lagged rainfall response,True
2007-08-22,OUTLET,0.42214,synthetic_demo,synthetic lagged rainfall response,True
2007-08-23,OUTLET,0.43603,synthetic_demo,synthetic lagged rainfall response,True
2007-08-24,OUTLET,0.45957,synthetic_demo,synthetic lagged rainfall response,True
2007-08-25,OUTLET,0.45798,synthetic_demo,synthetic lagged rainfall response,True
2007-08-26,OUTLET,0.46712,synthetic_demo,synthetic lagged rainfall response,True
2007-08-27,OUTLET,0.48711,synthetic_demo,synthetic lagged rainfall response,True
2007-08-28,OUTLET,0.51635,synthetic_demo,synthetic lagged rainfall response,True
2007-08-29,OUTLET,0.51808,synthetic_demo,synthetic lagged rainfall response,True
2007-08-30,OUTLET,0.49734,synthetic_demo,synthetic lagged rainfall response,True
2007-08-31,OUTLET,0.56257,synthetic_demo,synthetic lagged rainfall response,True
2007-09-01,OUTLET,0.57457,synthetic_demo,synthetic lagged rainfall response,True
2007-09-02,OUTLET,0.5452,synthetic_demo,synthetic lagged rainfall response,True
2007-09-03,OUTLET,0.55704,synthetic_demo,synthetic lagged rainfall response,True
2007-09-04,OUTLET,0.58747,synthetic_demo,synthetic lagged rainfall response,True
2007-09-05,OUTLET,0.57108,synthetic_demo,synthetic lagged rainfall response,True
2007-09-06,OUTLET,0.59403,synthetic_demo,synthetic lagged rainfall response,True
2007-09-07,OUTLET,0.59862,synthetic_demo,synthetic lagged rainfall response,True
2007-09-08,OUTLET,0.65136,synthetic_demo,synthetic lagged rainfall response,True
2007-09-09,OUTLET,0.61667,synthetic_demo,synthetic lagged rainfall response,True
2007-09-10,OUTLET,0.62662,synthetic_demo,synthetic lagged rainfall response,True
2007-09-11,OUTLET,0.65716,synthetic_demo,synthetic lagged rainfall response,True
2007-09-12,OUTLET,0.65864,synthetic_demo,synthetic lagged rainfall response,True
2007-09-13,OUTLET,0.66523,synthetic_demo,synthetic lagged rainfall response,True
2007-09-14,OUTLET,0.65025,synthetic_demo,synthetic lagged rainfall response,True
2007-09-15,OUTLET,0.70686,synthetic_demo,synthetic lagged rainfall response,True
2007-09-16,OUTLET,0.67113,synthetic_demo,synthetic lagged rainfall response,True
2007-09-17,OUTLET,0.64326,synthetic_demo,synthetic lagged rainfall response,True
2007-09-18,OUTLET,0.66513,synthetic_demo,synthetic lagged rainfall response,True
2007-09-19,OUTLET,0.6496,synthetic_demo,synthetic lagged rainfall response,True
2007-09-20,OUTLET,0.66243,synthetic_demo,synthetic lagged rainfall response,True
2007-09-21,OUTLET,0.66905,synthetic_demo,synthetic lagged rainfall response,True
2007-09-22,OUTLET,0.67585,synthetic_demo,synthetic lagged rainfall response,True
2007-09-23,OUTLET,0.67256,synthetic_demo,synthetic lagged rainfall response,True
2007-09-24,OUTLET,0.66174,synthetic_demo,synthetic lagged rainfall response,True
2007-09-25,OUTLET,0.66485,synthetic_demo,synthetic lagged rainfall response,True
2007-09-26,OUTLET,0.6408,synthetic_demo,synthetic lagged rainfall response,True
2007-09-27,OUTLET,0.63875,synthetic_demo,synthetic lagged rainfall response,True
2007-09-28,OUTLET,0.66277,synthetic_demo,synthetic lagged rainfall response,True
2007-09-29,OUTLET,0.64524,synthetic_demo,synthetic lagged rainfall response,True
2007-09-30,OUTLET,0.65145,synthetic_demo,synthetic lagged rainfall response,True
2007-10-01,OUTLET,0.65915,synthetic_demo,synthetic lagged rainfall response,True
2007-10-02,OUTLET,0.6646,synthetic_demo,synthetic lagged rainfall response,True
2007-10-03,OUTLET,0.6844,synthetic_demo,synthetic lagged rainfall response,True
2007-10-04,OUTLET,0.68761,synthetic_demo,synthetic lagged rainfall response,True
2007-10-05,OUTLET,0.68481,synthetic_demo,synthetic lagged rainfall response,True
2007-10-06,OUTLET,0.67739,synthetic_demo,synthetic lagged rainfall response,True
2007-10-07,OUTLET,0.66959,synthetic_demo,synthetic lagged rainfall response,True
2007-10-08,OUTLET,0.64298,synthetic_demo,synthetic lagged rainfall response,True
2007-10-09,OUTLET,0.6469,synthetic_demo,synthetic lagged rainfall response,True
2007-10-10,OUTLET,0.63999,synthetic_demo,synthetic lagged rainfall response,True
2007-10-11,OUTLET,0.63937,synthetic_demo,synthetic lagged rainfall response,True
2007-10-12,OUTLET,0.64006,synthetic_demo,synthetic lagged rainfall response,True
2007-10-13,OUTLET,0.62561,synthetic_demo,synthetic lagged rainfall response,True
2007-10-14,OUTLET,0.62322,synthetic_demo,synthetic lagged rainfall response,True
2007-10-15,OUTLET,0.57692,synthetic_demo,synthetic lagged rainfall response,True
2007-10-16,OUTLET,0.61303,synthetic_demo,synthetic lagged rainfall response,True
2007-10-17,OUTLET,0.62882,synthetic_demo,synthetic lagged rainfall response,True
2007-10-18,OUTLET,0.6201,synthetic_demo,synthetic lagged rainfall response,True
2007-10-19,OUTLET,0.59239,synthetic_demo,synthetic lagged rainfall response,True
2007-10-20,OUTLET,0.60011,synthetic_demo,synthetic lagged rainfall response,True
2007-10-21,OUTLET,0.59403,synthetic_demo,synthetic lagged rainfall response,True
2007-10-22,OUTLET,0.56164,synthetic_demo,synthetic lagged rainfall response,True
2007-10-23,OUTLET,0.54936,synthetic_demo,synthetic lagged rainfall response,True
2007-10-24,OUTLET,0.60547,synthetic_demo,synthetic lagged rainfall response,True
2007-10-25,OUTLET,0.61067,synthetic_demo,synthetic lagged rainfall response,True
2007-10-26,OUTLET,0.5952,synthetic_demo,synthetic lagged rainfall response,True
2007-10-27,OUTLET,0.59907,synthetic_demo,synthetic lagged rainfall response,True
2007-10-28,OUTLET,0.59978,synthetic_demo,synthetic lagged rainfall response,True
2007-10-29,OUTLET,0.57854,synthetic_demo,synthetic lagged rainfall response,True
2007-10-30,OUTLET,0.56929,synthetic_demo,synthetic lagged rainfall response,True
2007-10-31,OUTLET,0.56305,synthetic_demo,synthetic lagged rainfall response,True
2007-11-01,OUTLET,0.56732,synthetic_demo,synthetic lagged rainfall response,True
2007-11-02,OUTLET,0.5801,synthetic_demo,synthetic lagged rainfall response,True
2007-11-03,OUTLET,0.58802,synthetic_demo,synthetic lagged rainfall response,True
2007-11-04,OUTLET,0.55714,synthetic_demo,synthetic lagged rainfall response,True
2007-11-05,OUTLET,0.59551,synthetic_demo,synthetic lagged rainfall response,True
2007-11-06,OUTLET,0.55865,synthetic_demo,synthetic lagged rainfall response,True
2007-11-07,OUTLET,0.56603,synthetic_demo,synthetic lagged rainfall response,True
2007-11-08,OUTLET,0.56478,synthetic_demo,synthetic lagged rainfall response,True
2007-11-09,OUTLET,0.55732,synthetic_demo,synthetic lagged rainfall response,True
2007-11-10,OUTLET,0.58866,synthetic_demo,synthetic lagged rainfall response,True
2007-11-11,OUTLET,0.56245,synthetic_demo,synthetic lagged rainfall response,True
2007-11-12,OUTLET,0.55407,synthetic_demo,synthetic lagged rainfall response,True
2007-11-13,OUTLET,0.56724,synthetic_demo,synthetic lagged rainfall response,True
2007-11-14,OUTLET,0.54434,synthetic_demo,synthetic lagged rainfall response,True
2007-11-15,OUTLET,0.56554,synthetic_demo,synthetic lagged rainfall response,True
2007-11-16,OUTLET,0.56857,synthetic_demo,synthetic lagged rainfall response,True
2007-11-17,OUTLET,0.5558,synthetic_demo,synthetic lagged rainfall response,True
2007-11-18,OUTLET,0.56428,synthetic_demo,synthetic lagged rainfall response,True
2007-11-19,OUTLET,0.54918,synthetic_demo,synthetic lagged rainfall response,True
2007-11-20,OUTLET,0.59718,synthetic_demo,synthetic lagged rainfall response,True
2007-11-21,OUTLET,0.62316,synthetic_demo,synthetic lagged rainfall response,True
2007-11-22,OUTLET,0.63456,synthetic_demo,synthetic lagged rainfall response,True
2007-11-23,OUTLET,0.62733,synthetic_demo,synthetic lagged rainfall response,True
2007-11-24,OUTLET,0.62234,synthetic_demo,synthetic lagged rainfall response,True
2007-11-25,OUTLET,0.61321,synthetic_demo,synthetic lagged rainfall response,True
2007-11-26,OUTLET,0.6199,synthetic_demo,synthetic lagged rainfall response,True
2007-11-27,OUTLET,0.62941,synthetic_demo,synthetic lagged rainfall response,True
2007-11-28,OUTLET,0.6139,synthetic_demo,synthetic lagged rainfall response,True
2007-11-29,OUTLET,0.6078,synthetic_demo,synthetic lagged rainfall response,True
2007-11-30,OUTLET,0.60964,synthetic_demo,synthetic lagged rainfall response,True
2007-12-01,OUTLET,0.61704,synthetic_demo,synthetic lagged rainfall response,True
2007-12-02,OUTLET,0.59914,synthetic_demo,synthetic lagged rainfall response,True
2007-12-03,OUTLET,0.6067,synthetic_demo,synthetic lagged rainfall response,True
2007-12-04,OUTLET,0.62698,synthetic_demo,synthetic lagged rainfall response,True
2007-12-05,OUTLET,0.64191,synthetic_demo,synthetic lagged rainfall response,True
2007-12-06,OUTLET,0.61668,synthetic_demo,synthetic lagged rainfall response,True
2007-12-07,OUTLET,0.62997,synthetic_demo,synthetic lagged rainfall response,True
2007-12-08,OUTLET,0.5974,synthetic_demo,synthetic lagged rainfall response,True
2007-12-09,OUTLET,0.56911,synthetic_demo,synthetic lagged rainfall response,True
2007-12-10,OUTLET,0.58395,synthetic_demo,synthetic lagged rainfall response,True
2007-12-11,OUTLET,0.58828,synthetic_demo,synthetic lagged rainfall response,True
2007-12-12,OUTLET,0.57329,synthetic_demo,synthetic lagged rainfall response,True
2007-12-13,OUTLET,0.60598,synthetic_demo,synthetic lagged rainfall response,True
2007-12-14,OUTLET,0.56655,synthetic_demo,synthetic lagged rainfall response,True
2007-12-15,OUTLET,0.55616,synthetic_demo,synthetic lagged rainfall response,True
2007-12-16,OUTLET,0.55576,synthetic_demo,synthetic lagged rainfall response,True
2007-12-17,OUTLET,0.54988,synthetic_demo,synthetic lagged rainfall response,True
2007-12-18,OUTLET,0.56197,synthetic_demo,synthetic lagged rainfall response,True
2007-12-19,OUTLET,0.57543,synthetic_demo,synthetic lagged rainfall response,True
2007-12-20,OUTLET,0.59777,synthetic_demo,synthetic lagged rainfall response,True
2007-12-21,OUTLET,0.60012,synthetic_demo,synthetic lagged rainfall response,True
2007-12-22,OUTLET,0.58774,synthetic_demo,synthetic lagged rainfall response,True
2007-12-23,OUTLET,0.60035,synthetic_demo,synthetic lagged rainfall response,True
2007-12-24,OUTLET,0.5954,synthetic_demo,synthetic lagged rainfall response,True
2007-12-25,OUTLET,0.6094,synthetic_demo,synthetic lagged rainfall response,True
2007-12-26,OUTLET,0.60172,synthetic_demo,synthetic lagged rainfall response,True
2007-12-27,OUTLET,0.61118,synthetic_demo,synthetic lagged rainfall response,True
2007-12-28,OUTLET,0.60229,synthetic_demo,synthetic lagged rainfall response,True
2007-12-29,OUTLET,0.59687,synthetic_demo,synthetic lagged rainfall response,True
2007-12-30,OUTLET,0.60226,synthetic_demo,synthetic lagged rainfall response,True
2007-12-31,OUTLET,0.57912,synthetic_demo,synthetic lagged rainfall response,True
2008-01-01,OUTLET,0.57438,synthetic_demo,synthetic lagged rainfall response,True
2008-01-02,OUTLET,0.57213,synthetic_demo,synthetic lagged rainfall response,True
2008-01-03,OUTLET,0.57283,synthetic_demo,synthetic lagged rainfall response,True
2008-01-04,OUTLET,0.53084,synthetic_demo,synthetic lagged rainfall response,True
2008-01-05,OUTLET,0.51187,synthetic_demo,synthetic lagged rainfall response,True
2008-01-06,OUTLET,0.4966,synthetic_demo,synthetic lagged rainfall response,True
2008-01-07,OUTLET,0.50143,synthetic_demo,synthetic lagged rainfall response,True
2008-01-08,OUTLET,0.4976,synthetic_demo,synthetic lagged rainfall response,True
2008-01-09,OUTLET,0.48907,synthetic_demo,synthetic lagged rainfall response,True
2008-01-10,OUTLET,0.50707,synthetic_demo,synthetic lagged rainfall response,True
2008-01-11,OUTLET,0.47459,synthetic_demo,synthetic lagged rainfall response,True
2008-01-12,OUTLET,0.48461,synthetic_demo,synthetic lagged rainfall response,True
2008-01-13,OUTLET,0.48573,synthetic_demo,synthetic lagged rainfall response,True
2008-01-14,OUTLET,0.51222,synthetic_demo,synthetic lagged rainfall response,True
2008-01-15,OUTLET,0.48324,synthetic_demo,synthetic lagged rainfall response,True
2008-01-16,OUTLET,0.48646,synthetic_demo,synthetic lagged rainfall response,True
2008-01-17,OUTLET,0.46167,synthetic_demo,synthetic lagged rainfall response,True
2008-01-18,OUTLET,0.47251,synthetic_demo,synthetic lagged rainfall response,True
2008-01-19,OUTLET,0.47516,synthetic_demo,synthetic lagged rainfall response,True
2008-01-20,OUTLET,0.47602,synthetic_demo,synthetic lagged rainfall response,True
2008-01-21,OUTLET,0.48862,synthetic_demo,synthetic lagged rainfall response,True
2008-01-22,OUTLET,0.48227,synthetic_demo,synthetic lagged rainfall response,True
2008-01-23,OUTLET,0.49084,synthetic_demo,synthetic lagged rainfall response,True
2008-01-24,OUTLET,0.49372,synthetic_demo,synthetic lagged rainfall response,True
2008-01-25,OUTLET,0.48172,synthetic_demo,synthetic lagged rainfall response,True
2008-01-26,OUTLET,0.47576,synthetic_demo,synthetic lagged rainfall response,True
2008-01-27,OUTLET,0.44441,synthetic_demo,synthetic lagged rainfall response,True
2008-01-28,OUTLET,0.47587,synthetic_demo,synthetic lagged rainfall response,True
2008-01-29,OUTLET,0.47662,synthetic_demo,synthetic lagged rainfall response,True
2008-01-30,OUTLET,0.45573,synthetic_demo,synthetic lagged rainfall response,True
2008-01-31,OUTLET,0.45534,synthetic_demo,synthetic lagged rainfall response,True
2008-02-01,OUTLET,0.47941,synthetic_demo,synthetic lagged rainfall response,True
2008-02-02,OUTLET,0.45089,synthetic_demo,synthetic lagged rainfall response,True
2008-02-03,OUTLET,0.43347,synthetic_demo,synthetic lagged rainfall response,True
2008-02-04,OUTLET,0.43742,synthetic_demo,synthetic lagged rainfall response,True
2008-02-05,OUTLET,0.42225,synthetic_demo,synthetic lagged rainfall response,True
2008-02-06,OUTLET,0.43792,synthetic_demo,synthetic lagged rainfall response,True
2008-02-07,OUTLET,0.42175,synthetic_demo,synthetic lagged rainfall response,True
2008-02-08,OUTLET,0.41687,synthetic_demo,synthetic lagged rainfall response,True
2008-02-09,OUTLET,0.42143,synthetic_demo,synthetic lagged rainfall response,True
2008-02-10,OUTLET,0.414,synthetic_demo,synthetic lagged rainfall response,True
2008-02-11,OUTLET,0.43021,synthetic_demo,synthetic lagged rainfall response,True
2008-02-12,OUTLET,0.44336,synthetic_demo,synthetic lagged rainfall response,True
2008-02-13,OUTLET,0.41569,synthetic_demo,synthetic lagged rainfall response,True
2008-02-14,OUTLET,0.43236,synthetic_demo,synthetic lagged rainfall response,True
2008-02-15,OUTLET,0.43137,synthetic_demo,synthetic lagged rainfall response,True
2008-02-16,OUTLET,0.40933,synthetic_demo,synthetic lagged rainfall response,True
2008-02-17,OUTLET,0.42111,synthetic_demo,synthetic lagged rainfall response,True
2008-02-18,OUTLET,0.41784,synthetic_demo,synthetic lagged rainfall response,True
2008-02-19,OUTLET,0.41891,synthetic_demo,synthetic lagged rainfall response,True
2008-02-20,OUTLET,0.40807,synthetic_demo,synthetic lagged rainfall response,True
2008-02-21,OUTLET,0.4111,synthetic_demo,synthetic lagged rainfall response,True
2008-02-22,OUTLET,0.39841,synthetic_demo,synthetic lagged rainfall response,True
2008-02-23,OUTLET,0.38823,synthetic_demo,synthetic lagged rainfall response,True
2008-02-24,OUTLET,0.38108,synthetic_demo,synthetic lagged rainfall response,True
2008-02-25,OUTLET,0.36116,synthetic_demo,synthetic lagged rainfall response,True
2008-02-26,OUTLET,0.37641,synthetic_demo,synthetic lagged rainfall response,True
2008-02-27,OUTLET,0.3687,synthetic_demo,synthetic lagged rainfall response,True
2008-02-28,OUTLET,0.36325,synthetic_demo,synthetic lagged rainfall response,True
2008-02-29,OUTLET,0.32533,synthetic_demo,synthetic lagged rainfall response,True
2008-03-01,OUTLET,0.38049,synthetic_demo,synthetic lagged rainfall response,True
2008-03-02,OUTLET,0.39694,synthetic_demo,synthetic lagged rainfall response,True
2008-03-03,OUTLET,0.38813,synthetic_demo,synthetic lagged rainfall response,True
2008-03-04,OUTLET,0.37122,synthetic_demo,synthetic lagged rainfall response,True
2008-03-05,OUTLET,0.37719,synthetic_demo,synthetic lagged rainfall response,True
2008-03-06,OUTLET,0.35969,synthetic_demo,synthetic lagged rainfall response,True
2008-03-07,OUTLET,0.36044,synthetic_demo,synthetic lagged rainfall response,True
2008-03-08,OUTLET,0.34752,synthetic_demo,synthetic lagged rainfall response,True
2008-03-09,OUTLET,0.33397,synthetic_demo,synthetic lagged rainfall response,True
2008-03-10,OUTLET,0.40434,synthetic_demo,synthetic lagged rainfall response,True
2008-03-11,OUTLET,0.37501,synthetic_demo,synthetic lagged rainfall response,True
2008-03-12,OUTLET,0.37197,synthetic_demo,synthetic lagged rainfall response,True
2008-03-13,OUTLET,0.32884,synthetic_demo,synthetic lagged rainfall response,True
2008-03-14,OUTLET,0.36703,synthetic_demo,synthetic lagged rainfall response,True
2008-03-15,OUTLET,0.37024,synthetic_demo,synthetic lagged rainfall response,True
2008-03-16,OUTLET,0.36695,synthetic_demo,synthetic lagged rainfall response,True
2008-03-17,OUTLET,0.36777,synthetic_demo,synthetic lagged rainfall response,True
2008-03-18,OUTLET,0.36045,synthetic_demo,synthetic lagged rainfall response,True
2008-03-19,OUTLET,0.37987,synthetic_demo,synthetic lagged rainfall response,True
2008-03-20,OUTLET,0.35544,synthetic_demo,synthetic lagged rainfall response,True
2008-03-21,OUTLET,0.34733,synthetic_demo,synthetic lagged rainfall response,True
2008-03-22,OUTLET,0.33881,synthetic_demo,synthetic lagged rainfall response,True
2008-03-23,OUTLET,0.32713,synthetic_demo,synthetic lagged rainfall response,True
2008-03-24,OUTLET,0.34945,synthetic_demo,synthetic lagged rainfall response,True
2008-03-25,OUTLET,0.32328,synthetic_demo,synthetic lagged rainfall response,True
2008-03-26,OUTLET,0.32478,synthetic_demo,synthetic lagged rainfall response,True
2008-03-27,OUTLET,0.32057,synthetic_demo,synthetic lagged rainfall response,True
2008-03-28,OUTLET,0.32091,synthetic_demo,synthetic lagged rainfall response,True
2008-03-29,OUTLET,0.33601,synthetic_demo,synthetic lagged rainfall response,True
2008-03-30,OUTLET,0.32645,synthetic_demo,synthetic lagged rainfall response,True
2008-03-31,OUTLET,0.29217,synthetic_demo,synthetic lagged rainfall response,True
2008-04-01,OUTLET,0.29786,synthetic_demo,synthetic lagged rainfall response,True
2008-04-02,OUTLET,0.29712,synthetic_demo,synthetic lagged rainfall response,True
2008-04-03,OUTLET,0.323,synthetic_demo,synthetic lagged rainfall response,True
2008-04-04,OUTLET,0.31975,synthetic_demo,synthetic lagged rainfall response,True
2008-04-05,OUTLET,0.34416,synthetic_demo,synthetic lagged rainfall response,True
2008-04-06,OUTLET,0.34035,synthetic_demo,synthetic lagged rainfall response,True
2008-04-07,OUTLET,0.3396,synthetic_demo,synthetic lagged rainfall response,True
2008-04-08,OUTLET,0.33529,synthetic_demo,synthetic lagged rainfall response,True
2008-04-09,OUTLET,0.34015,synthetic_demo,synthetic lagged rainfall response,True
2008-04-10,OUTLET,0.353,synthetic_demo,synthetic lagged rainfall response,True
2008-04-11,OUTLET,0.34614,synthetic_demo,synthetic lagged rainfall response,True
2008-04-12,OUTLET,0.33542,synthetic_demo,synthetic lagged rainfall response,True
2008-04-13,OUTLET,0.33954,synthetic_demo,synthetic lagged rainfall response,True
2008-04-14,OUTLET,0.318,synthetic_demo,synthetic lagged rainfall response,True
2008-04-15,OUTLET,0.31698,synthetic_demo,synthetic lagged rainfall response,True
2008-04-16,OUTLET,0.31176,synthetic_demo,synthetic lagged rainfall response,True
2008-04-17,OUTLET,0.33832,synthetic_demo,synthetic lagged rainfall response,True
2008-04-18,OUTLET,0.33277,synthetic_demo,synthetic lagged rainfall response,True
2008-04-19,OUTLET,0.33723,synthetic_demo,synthetic lagged rainfall response,True
2008-04-20,OUTLET,0.33887,synthetic_demo,synthetic lagged rainfall response,True
2008-04-21,OUTLET,0.3049,synthetic_demo,synthetic lagged rainfall response,True
2008-04-22,OUTLET,0.3092,synthetic_demo,synthetic lagged rainfall response,True
2008-04-23,OUTLET,0.33313,synthetic_demo,synthetic lagged rainfall response,True
2008-04-24,OUTLET,0.2807,synthetic_demo,synthetic lagged rainfall response,True
2008-04-25,OUTLET,0.29162,synthetic_demo,synthetic lagged rainfall response,True
2008-04-26,OUTLET,0.28648,synthetic_demo,synthetic lagged rainfall response,True
2008-04-27,OUTLET,0.28627,synthetic_demo,synthetic lagged rainfall response,True
2008-04-28,OUTLET,0.27036,synthetic_demo,synthetic lagged rainfall response,True
2008-04-29,OUTLET,0.28303,synthetic_demo,synthetic lagged rainfall response,True
2008-04-30,OUTLET,0.28609,synthetic_demo,synthetic lagged rainfall response,True
2008-05-01,OUTLET,0.26199,synthetic_demo,synthetic lagged rainfall response,True
2008-05-02,OUTLET,0.26669,synthetic_demo,synthetic lagged rainfall response,True
2008-05-03,OUTLET,0.28556,synthetic_demo,synthetic lagged rainfall response,True
2008-05-04,OUTLET,0.30328,synthetic_demo,synthetic lagged rainfall response,True
2008-05-05,OUTLET,0.26822,synthetic_demo,synthetic lagged rainfall response,True
2008-05-06,OUTLET,0.28682,synthetic_demo,synthetic lagged rainfall response,True
2008-05-07,OUTLET,0.25667,synthetic_demo,synthetic lagged rainfall response,True
2008-05-08,OUTLET,0.2533,synthetic_demo,synthetic lagged rainfall response,True
2008-05-09,OUTLET,0.27531,synthetic_demo,synthetic lagged rainfall response,True
2008-05-10,OUTLET,0.26366,synthetic_demo,synthetic lagged rainfall response,True
2008-05-11,OUTLET,0.28974,synthetic_demo,synthetic lagged rainfall response,True
2008-05-12,OUTLET,0.2829,synthetic_demo,synthetic lagged rainfall response,True
2008-05-13,OUTLET,0.28068,synthetic_demo,synthetic lagged rainfall response,True
2008-05-14,OUTLET,0.28319,synthetic_demo,synthetic lagged rainfall response,True
2008-05-15,OUTLET,0.27504,synthetic_demo,synthetic lagged rainfall response,True
2008-05-16,OUTLET,0.2858,synthetic_demo,synthetic lagged rainfall response,True
2008-05-17,OUTLET,0.27858,synthetic_demo,synthetic lagged rainfall response,True
2008-05-18,OUTLET,0.25142,synthetic_demo,synthetic lagged rainfall response,True
2008-05-19,OUTLET,0.23064,synthetic_demo,synthetic lagged rainfall response,True
2008-05-20,OUTLET,0.22553,synthetic_demo,synthetic lagged rainfall response,True
2008-05-21,OUTLET,0.22801,synthetic_demo,synthetic lagged rainfall response,True
2008-05-22,OUTLET,0.2244,synthetic_demo,synthetic lagged rainfall response,True
2008-05-23,OUTLET,0.22856,synthetic_demo,synthetic lagged rainfall response,True
2008-05-24,OUTLET,0.21377,synthetic_demo,synthetic lagged rainfall response,True
2008-05-25,OUTLET,0.20544,synthetic_demo,synthetic lagged rainfall response,True
2008-05-26,OUTLET,0.23033,synthetic_demo,synthetic lagged rainfall response,True
2008-05-27,OUTLET,0.2119,synthetic_demo,synthetic lagged rainfall response,True
2008-05-28,OUTLET,0.22119,synthetic_demo,synthetic lagged rainfall response,True
2008-05-29,OUTLET,0.19121,synthetic_demo,synthetic lagged rainfall response,True
2008-05-30,OUTLET,0.27732,synthetic_demo,synthetic lagged rainfall response,True
2008-05-31,OUTLET,0.3091,synthetic_demo,synthetic lagged rainfall response,True
2008-06-01,OUTLET,0.25818,synthetic_demo,synthetic lagged rainfall response,True
2008-06-02,OUTLET,0.24456,synthetic_demo,synthetic lagged rainfall response,True
2008-06-03,OUTLET,0.23979,synthetic_demo,synthetic lagged rainfall response,True
2008-06-04,OUTLET,0.26863,synthetic_demo,synthetic lagged rainfall response,True
2008-06-05,OUTLET,0.27826,synthetic_demo,synthetic lagged rainfall response,True
2008-06-06,OUTLET,0.26938,synthetic_demo,synthetic lagged rainfall response,True
2008-06-07,OUTLET,0.27244,synthetic_demo,synthetic lagged rainfall response,True
2008-06-08,OUTLET,0.29331,synthetic_demo,synthetic lagged rainfall response,True
2008-06-09,OUTLET,0.29715,synthetic_demo,synthetic lagged rainfall response,True
2008-06-10,OUTLET,0.28534,synthetic_demo,synthetic lagged rainfall response,True
2008-06-11,OUTLET,0.29061,synthetic_demo,synthetic lagged rainfall response,True
2008-06-12,OUTLET,0.27485,synthetic_demo,synthetic lagged rainfall response,True
2008-06-13,OUTLET,0.31917,synthetic_demo,synthetic lagged rainfall response,True
2008-06-14,OUTLET,0.2865,synthetic_demo,synthetic lagged rainfall response,True
2008-06-15,OUTLET,0.31609,synthetic_demo,synthetic lagged rainfall response,True
2008-06-16,OUTLET,0.30088,synthetic_demo,synthetic lagged rainfall response,True
2008-06-17,OUTLET,0.29357,synthetic_demo,synthetic lagged rainfall response,True
2008-06-18,OUTLET,0.3126,synthetic_demo,synthetic lagged rainfall response,True
2008-06-19,OUTLET,0.28067,synthetic_demo,synthetic lagged rainfall response,True
2008-06-20,OUTLET,0.28123,synthetic_demo,synthetic lagged rainfall response,True
2008-06-21,OUTLET,0.27949,synthetic_demo,synthetic lagged rainfall response,True
2008-06-22,OUTLET,0.29758,synthetic_demo,synthetic lagged rainfall response,True
2008-06-23,OUTLET,0.31402,synthetic_demo,synthetic lagged rainfall response,True
2008-06-24,OUTLET,0.2942,synthetic_demo,synthetic lagged rainfall response,True
2008-06-25,OUTLET,0.30165,synthetic_demo,synthetic lagged rainfall response,True
2008-06-26,OUTLET,0.28216,synthetic_demo,synthetic lagged rainfall response,True
2008-06-27,OUTLET,0.30551,synthetic_demo,synthetic lagged rainfall response,True
2008-06-28,OUTLET,0.29813,synthetic_demo,synthetic lagged rainfall response,True
2008-06-29,OUTLET,0.29529,synthetic_demo,synthetic lagged rainfall response,True
2008-06-30,OUTLET,0.29806,synthetic_demo,synthetic lagged rainfall response,True
2008-07-01,OUTLET,0.29226,synthetic_demo,synthetic lagged rainfall response,True
2008-07-02,OUTLET,0.31338,synthetic_demo,synthetic lagged rainfall response,True
2008-07-03,OUTLET,0.29115,synthetic_demo,synthetic lagged rainfall response,True
2008-07-04,OUTLET,0.30288,synthetic_demo,synthetic lagged rainfall response,True
2008-07-05,OUTLET,0.29933,synthetic_demo,synthetic lagged rainfall response,True
2008-07-06,OUTLET,0.33898,synthetic_demo,synthetic lagged rainfall response,True
2008-07-07,OUTLET,0.33732,synthetic_demo,synthetic lagged rainfall response,True
2008-07-08,OUTLET,0.33978,synthetic_demo,synthetic lagged rainfall response,True
2008-07-09,OUTLET,0.32975,synthetic_demo,synthetic lagged rainfall response,True
2008-07-10,OUTLET,0.33709,synthetic_demo,synthetic lagged rainfall response,True
2008-07-11,OUTLET,0.35501,synthetic_demo,synthetic lagged rainfall response,True
2008-07-12,OUTLET,0.33555,synthetic_demo,synthetic lagged rainfall response,True
2008-07-13,OUTLET,0.36935,synthetic_demo,synthetic lagged rainfall response,True
2008-07-14,OUTLET,0.30023,synthetic_demo,synthetic lagged rainfall response,True
2008-07-15,OUTLET,0.31368,synthetic_demo,synthetic lagged rainfall response,True
2008-07-16,OUTLET,0.29605,synthetic_demo,synthetic lagged rainfall response,True
2008-07-17,OUTLET,0.30723,synthetic_demo,synthetic lagged rainfall response,True
2008-07-18,OUTLET,0.30094,synthetic_demo,synthetic lagged rainfall response,True
2008-07-19,OUTLET,0.30829,synthetic_demo,synthetic lagged rainfall response,True
2008-07-20,OUTLET,0.29213,synthetic_demo,synthetic lagged rainfall response,True
2008-07-21,OUTLET,0.28845,synthetic_demo,synthetic lagged rainfall response,True
2008-07-22,OUTLET,0.30751,synthetic_demo,synthetic lagged rainfall response,True
2008-07-23,OUTLET,0.28718,synthetic_demo,synthetic lagged rainfall response,True
2008-07-24,OUTLET,0.27599,synthetic_demo,synthetic lagged rainfall response,True
2008-07-25,OUTLET,0.27659,synthetic_demo,synthetic lagged rainfall response,True
2008-07-26,OUTLET,0.2715,synthetic_demo,synthetic lagged rainfall response,True
2008-07-27,OUTLET,0.26593,synthetic_demo,synthetic lagged rainfall response,True
2008-07-28,OUTLET,0.2565,synthetic_demo,synthetic lagged rainfall response,True
2008-07-29,OUTLET,0.25729,synthetic_demo,synthetic lagged rainfall response,True
2008-07-30,OUTLET,0.25173,synthetic_demo,synthetic lagged rainfall response,True
2008-07-31,OUTLET,0.30718,synthetic_demo,synthetic lagged rainfall response,True
2008-08-01,OUTLET,0.28963,synthetic_demo,synthetic lagged rainfall response,True
2008-08-02,OUTLET,0.29963,synthetic_demo,synthetic lagged rainfall response,True
2008-08-03,OUTLET,0.28958,synthetic_demo,synthetic lagged rainfall response,True
2008-08-04,OUTLET,0.28507,synthetic_demo,synthetic lagged rainfall response,True
2008-08-05,OUTLET,0.29932,synthetic_demo,synthetic lagged rainfall response,True
2008-08-06,OUTLET,0.30555,synthetic_demo,synthetic lagged rainfall response,True
2008-08-07,OUTLET,0.29332,synthetic_demo,synthetic lagged rainfall response,True
2008-08-08,OUTLET,0.3238,synthetic_demo,synthetic lagged rainfall response,True
2008-08-09,OUTLET,0.3191,synthetic_demo,synthetic lagged rainfall response,True
2008-08-10,OUTLET,0.32587,synthetic_demo,synthetic lagged rainfall response,True
2008-08-11,OUTLET,0.31633,synthetic_demo,synthetic lagged rainfall response,True
2008-08-12,OUTLET,0.31903,synthetic_demo,synthetic lagged rainfall response,True
2008-08-13,OUTLET,0.31659,synthetic_demo,synthetic lagged rainfall response,True
2008-08-14,OUTLET,0.33445,synthetic_demo,synthetic lagged rainfall response,True
2008-08-15,OUTLET,0.34234,synthetic_demo,synthetic lagged rainfall response,True
2008-08-16,OUTLET,0.3571,synthetic_demo,synthetic lagged rainfall response,True
2008-08-17,OUTLET,0.34984,synthetic_demo,synthetic lagged rainfall response,True
2008-08-18,OUTLET,0.34757,synthetic_demo,synthetic lagged rainfall response,True
2008-08-19,OUTLET,0.36229,synthetic_demo,synthetic lagged rainfall response,True
2008-08-20,OUTLET,0.31336,synthetic_demo,synthetic lagged rainfall response,True
2008-08-21,OUTLET,0.35878,synthetic_demo,synthetic lagged rainfall response,True
2008-08-22,OUTLET,0.35724,synthetic_demo,synthetic lagged rainfall response,True
2008-08-23,OUTLET,0.35243,synthetic_demo,synthetic lagged rainfall response,True
2008-08-24,OUTLET,0.41876,synthetic_demo,synthetic lagged rainfall response,True
2008-08-25,OUTLET,0.42946,synthetic_demo,synthetic lagged rainfall response,True
2008-08-26,OUTLET,0.44743,synthetic_demo,synthetic lagged rainfall response,True
2008-08-27,OUTLET,0.43058,synthetic_demo,synthetic lagged rainfall response,True
2008-08-28,OUTLET,0.42097,synthetic_demo,synthetic lagged rainfall response,True
2008-08-29,OUTLET,0.46931,synthetic_demo,synthetic lagged rainfall response,True
2008-08-30,OUTLET,0.4517,synthetic_demo,synthetic lagged rainfall response,True
2008-08-31,OUTLET,0.48457,synthetic_demo,synthetic lagged rainfall response,True
2008-09-01,OUTLET,0.46584,synthetic_demo,synthetic lagged rainfall response,True
2008-09-02,OUTLET,0.50659,synthetic_demo,synthetic lagged rainfall response,True
2008-09-03,OUTLET,0.50925,synthetic_demo,synthetic lagged rainfall response,True
2008-09-04,OUTLET,0.51279,synthetic_demo,synthetic lagged rainfall response,True
2008-09-05,OUTLET,0.52254,synthetic_demo,synthetic lagged rainfall response,True
2008-09-06,OUTLET,0.55982,synthetic_demo,synthetic lagged rainfall response,True
2008-09-07,OUTLET,0.5974,synthetic_demo,synthetic lagged rainfall response,True
2008-09-08,OUTLET,0.59223,synthetic_demo,synthetic lagged rainfall response,True
2008-09-09,OUTLET,0.62216,synthetic_demo,synthetic lagged rainfall response,True
2008-09-10,OUTLET,0.64569,synthetic_demo,synthetic lagged rainfall response,True
2008-09-11,OUTLET,0.6491,synthetic_demo,synthetic lagged rainfall response,True
2008-09-12,OUTLET,0.65685,synthetic_demo,synthetic lagged rainfall response,True
2008-09-13,OUTLET,0.67396,synthetic_demo,synthetic lagged rainfall response,True
2008-09-14,OUTLET,0.63722,synthetic_demo,synthetic lagged rainfall response,True
2008-09-15,OUTLET,0.68606,synthetic_demo,synthetic lagged rainfall response,True
2008-09-16,OUTLET,0.67347,synthetic_demo,synthetic lagged rainfall response,True
2008-09-17,OUTLET,0.67305,synthetic_demo,synthetic lagged rainfall response,True
2008-09-18,OUTLET,0.71478,synthetic_demo,synthetic lagged rainfall response,True
2008-09-19,OUTLET,0.72523,synthetic_demo,synthetic lagged rainfall response,True
2008-09-20,OUTLET,0.75879,synthetic_demo,synthetic lagged rainfall response,True
2008-09-21,OUTLET,0.74583,synthetic_demo,synthetic lagged rainfall response,True
2008-09-22,OUTLET,0.71713,synthetic_demo,synthetic lagged rainfall response,True
2008-09-23,OUTLET,0.75124,synthetic_demo,synthetic lagged rainfall response,True
2008-09-24,OUTLET,0.73017,synthetic_demo,synthetic lagged rainfall response,True
2008-09-25,OUTLET,0.73734,synthetic_demo,synthetic lagged rainfall response,True
2008-09-26,OUTLET,0.7338,synthetic_demo,synthetic lagged rainfall response,True
2008-09-27,OUTLET,0.73595,synthetic_demo,synthetic lagged rainfall response,True
2008-09-28,OUTLET,0.74492,synthetic_demo,synthetic lagged rainfall response,True
2008-09-29,OUTLET,0.72469,synthetic_demo,synthetic lagged rainfall response,True
2008-09-30,OUTLET,0.7171,synthetic_demo,synthetic lagged rainfall response,True
2008-10-01,OUTLET,0.74166,synthetic_demo,synthetic lagged rainfall response,True
2008-10-02,OUTLET,0.77492,synthetic_demo,synthetic lagged rainfall response,True
2008-10-03,OUTLET,0.84385,synthetic_demo,synthetic lagged rainfall response,True
2008-10-04,OUTLET,0.85207,synthetic_demo,synthetic lagged rainfall response,True
2008-10-05,OUTLET,0.84316,synthetic_demo,synthetic lagged rainfall response,True
2008-10-06,OUTLET,0.86579,synthetic_demo,synthetic lagged rainfall response,True
2008-10-07,OUTLET,0.87811,synthetic_demo,synthetic lagged rainfall response,True
2008-10-08,OUTLET,0.8069,synthetic_demo,synthetic lagged rainfall response,True
2008-10-09,OUTLET,0.82045,synthetic_demo,synthetic lagged rainfall response,True
2008-10-10,OUTLET,0.80916,synthetic_demo,synthetic lagged rainfall response,True
2008-10-11,OUTLET,0.81763,synthetic_demo,synthetic lagged rainfall response,True
2008-10-12,OUTLET,0.84894,synthetic_demo,synthetic lagged rainfall response,True
2008-10-13,OUTLET,0.81556,synthetic_demo,synthetic lagged rainfall response,True
2008-10-14,OUTLET,0.82154,synthetic_demo,synthetic lagged rainfall response,True
2008-10-15,OUTLET,0.79757,synthetic_demo,synthetic lagged rainfall response,True
2008-10-16,OUTLET,0.78751,synthetic_demo,synthetic lagged rainfall response,True
2008-10-17,OUTLET,0.77282,synthetic_demo,synthetic lagged rainfall response,True
2008-10-18,OUTLET,0.79908,synthetic_demo,synthetic lagged rainfall response,True
2008-10-19,OUTLET,0.79985,synthetic_demo,synthetic lagged rainfall response,True
2008-10-20,OUTLET,0.81008,synthetic_demo,synthetic lagged rainfall response,True
2008-10-21,OUTLET,0.78654,synthetic_demo,synthetic lagged rainfall response,True
2008-10-22,OUTLET,0.76293,synthetic_demo,synthetic lagged rainfall response,True
2008-10-23,OUTLET,0.7625,synthetic_demo,synthetic lagged rainfall response,True
2008-10-24,OUTLET,0.73777,synthetic_demo,synthetic lagged rainfall response,True
2008-10-25,OUTLET,0.7713,synthetic_demo,synthetic lagged rainfall response,True
2008-10-26,OUTLET,0.75826,synthetic_demo,synthetic lagged rainfall response,True
2008-10-27,OUTLET,0.77492,synthetic_demo,synthetic lagged rainfall response,True
2008-10-28,OUTLET,0.77468,synthetic_demo,synthetic lagged rainfall response,True
2008-10-29,OUTLET,0.77549,synthetic_demo,synthetic lagged rainfall response,True
2008-10-30,OUTLET,0.76805,synthetic_demo,synthetic lagged rainfall response,True
2008-10-31,OUTLET,0.75409,synthetic_demo,synthetic lagged rainfall response,True
2008-11-01,OUTLET,0.75599,synthetic_demo,synthetic lagged rainfall response,True
2008-11-02,OUTLET,0.73017,synthetic_demo,synthetic lagged rainfall response,True
2008-11-03,OUTLET,0.70418,synthetic_demo,synthetic lagged rainfall response,True
2008-11-04,OUTLET,0.70716,synthetic_demo,synthetic lagged rainfall response,True
2008-11-05,OUTLET,0.6969,synthetic_demo,synthetic lagged rainfall response,True
2008-11-06,OUTLET,0.68991,synthetic_demo,synthetic lagged rainfall response,True
2008-11-07,OUTLET,0.6822,synthetic_demo,synthetic lagged rainfall response,True
2008-11-08,OUTLET,0.68905,synthetic_demo,synthetic lagged rainfall response,True
2008-11-09,OUTLET,0.69412,synthetic_demo,synthetic lagged rainfall response,True
2008-11-10,OUTLET,0.68011,synthetic_demo,synthetic lagged rainfall response,True
2008-11-11,OUTLET,0.69303,synthetic_demo,synthetic lagged rainfall response,True
2008-11-12,OUTLET,0.70629,synthetic_demo,synthetic lagged rainfall response,True
2008-11-13,OUTLET,0.69106,synthetic_demo,synthetic lagged rainfall response,True
2008-11-14,OUTLET,0.71046,synthetic_demo,synthetic lagged rainfall response,True
2008-11-15,OUTLET,0.7072,synthetic_demo,synthetic lagged rainfall response,True
2008-11-16,OUTLET,0.6794,synthetic_demo,synthetic lagged rainfall response,True
2008-11-17,OUTLET,0.63976,synthetic_demo,synthetic lagged rainfall response,True
2008-11-18,OUTLET,0.63475,synthetic_demo,synthetic lagged rainfall response,True
2008-11-19,OUTLET,0.64029,synthetic_demo,synthetic lagged rainfall response,True
2008-11-20,OUTLET,0.62238,synthetic_demo,synthetic lagged rainfall response,True
2008-11-21,OUTLET,0.61901,synthetic_demo,synthetic lagged rainfall response,True
2008-11-22,OUTLET,0.6566,synthetic_demo,synthetic lagged rainfall response,True
2008-11-23,OUTLET,0.6317,synthetic_demo,synthetic lagged rainfall response,True
2008-11-24,OUTLET,0.62878,synthetic_demo,synthetic lagged rainfall response,True
2008-11-25,OUTLET,0.64946,synthetic_demo,synthetic lagged rainfall response,True
2008-11-26,OUTLET,0.60126,synthetic_demo,synthetic lagged rainfall response,True
2008-11-27,OUTLET,0.62744,synthetic_demo,synthetic lagged rainfall response,True
2008-11-28,OUTLET,0.61012,synthetic_demo,synthetic lagged rainfall response,True
2008-11-29,OUTLET,0.61256,synthetic_demo,synthetic lagged rainfall response,True
2008-11-30,OUTLET,0.6279,synthetic_demo,synthetic lagged rainfall response,True
2008-12-01,OUTLET,0.60875,synthetic_demo,synthetic lagged rainfall response,True
2008-12-02,OUTLET,0.58494,synthetic_demo,synthetic lagged rainfall response,True
2008-12-03,OUTLET,0.59338,synthetic_demo,synthetic lagged rainfall response,True
2008-12-04,OUTLET,0.58779,synthetic_demo,synthetic lagged rainfall response,True
2008-12-05,OUTLET,0.57438,synthetic_demo,synthetic lagged rainfall response,True
2008-12-06,OUTLET,0.58168,synthetic_demo,synthetic lagged rainfall response,True
2008-12-07,OUTLET,0.56822,synthetic_demo,synthetic lagged rainfall response,True
2008-12-08,OUTLET,0.56244,synthetic_demo,synthetic lagged rainfall response,True
2008-12-09,OUTLET,0.53779,synthetic_demo,synthetic lagged rainfall response,True
2008-12-10,OUTLET,0.56495,synthetic_demo,synthetic lagged rainfall response,True
2008-12-11,OUTLET,0.53063,synthetic_demo,synthetic lagged rainfall response,True
2008-12-12,OUTLET,0.54925,synthetic_demo,synthetic lagged rainfall response,True
2008-12-13,OUTLET,0.5384,synthetic_demo,synthetic lagged rainfall response,True
2008-12-14,OUTLET,0.60134,synthetic_demo,synthetic lagged rainfall response,True
2008-12-15,OUTLET,0.58309,synthetic_demo,synthetic lagged rainfall response,True
2008-12-16,OUTLET,0.59359,synthetic_demo,synthetic lagged rainfall response,True
2008-12-17,OUTLET,0.59035,synthetic_demo,synthetic lagged rainfall response,True
2008-12-18,OUTLET,0.59544,synthetic_demo,synthetic lagged rainfall response,True
2008-12-19,OUTLET,0.58054,synthetic_demo,synthetic lagged rainfall response,True
2008-12-20,OUTLET,0.57309,synthetic_demo,synthetic lagged rainfall response,True
2008-12-21,OUTLET,0.59325,synthetic_demo,synthetic lagged rainfall response,True
2008-12-22,OUTLET,0.59944,synthetic_demo,synthetic lagged rainfall response,True
2008-12-23,OUTLET,0.5914,synthetic_demo,synthetic lagged rainfall response,True
2008-12-24,OUTLET,0.58098,synthetic_demo,synthetic lagged rainfall response,True
2008-12-25,OUTLET,0.58631,synthetic_demo,synthetic lagged rainfall response,True
2008-12-26,OUTLET,0.59819,synthetic_demo,synthetic lagged rainfall response,True
2008-12-27,OUTLET,0.59783,synthetic_demo,synthetic lagged rainfall response,True
2008-12-28,OUTLET,0.59174,synthetic_demo,synthetic lagged rainfall response,True
2008-12-29,OUTLET,0.57453,synthetic_demo,synthetic lagged rainfall response,True
2008-12-30,OUTLET,0.59019,synthetic_demo,synthetic lagged rainfall response,True
2008-12-31,OUTLET,0.59738,synthetic_demo,synthetic lagged rainfall response,True
2009-01-01,OUTLET,0.59608,synthetic_demo,synthetic lagged rainfall response,True
2009-01-02,OUTLET,0.61322,synthetic_demo,synthetic lagged rainfall response,True
2009-01-03,OUTLET,0.60784,synthetic_demo,synthetic lagged rainfall response,True
2009-01-04,OUTLET,0.63155,synthetic_demo,synthetic lagged rainfall response,True
2009-01-05,OUTLET,0.58188,synthetic_demo,synthetic lagged rainfall response,True
2009-01-06,OUTLET,0.59073,synthetic_demo,synthetic lagged rainfall response,True
2009-01-07,OUTLET,0.59363,synthetic_demo,synthetic lagged rainfall response,True
2009-01-08,OUTLET,0.57998,synthetic_demo,synthetic lagged rainfall response,True
2009-01-09,OUTLET,0.57219,synthetic_demo,synthetic lagged rainfall response,True
2009-01-10,OUTLET,0.57021,synthetic_demo,synthetic lagged rainfall response,True
2009-01-11,OUTLET,0.56966,synthetic_demo,synthetic lagged rainfall response,True
2009-01-12,OUTLET,0.58899,synthetic_demo,synthetic lagged rainfall response,True
2009-01-13,OUTLET,0.59338,synthetic_demo,synthetic lagged rainfall response,True
2009-01-14,OUTLET,0.59933,synthetic_demo,synthetic lagged rainfall response,True
2009-01-15,OUTLET,0.59695,synthetic_demo,synthetic lagged rainfall response,True
2009-01-16,OUTLET,0.60603,synthetic_demo,synthetic lagged rainfall response,True
2009-01-17,OUTLET,0.59725,synthetic_demo,synthetic lagged rainfall response,True
2009-01-18,OUTLET,0.60762,synthetic_demo,synthetic lagged rainfall response,True
2009-01-19,OUTLET,0.57721,synthetic_demo,synthetic lagged rainfall response,True
2009-01-20,OUTLET,0.60009,synthetic_demo,synthetic lagged rainfall response,True
2009-01-21,OUTLET,0.60498,synthetic_demo,synthetic lagged rainfall response,True
2009-01-22,OUTLET,0.60843,synthetic_demo,synthetic lagged rainfall response,True
2009-01-23,OUTLET,0.59391,synthetic_demo,synthetic lagged rainfall response,True
2009-01-24,OUTLET,0.5856,synthetic_demo,synthetic lagged rainfall response,True
2009-01-25,OUTLET,0.62361,synthetic_demo,synthetic lagged rainfall response,True
2009-01-26,OUTLET,0.58581,synthetic_demo,synthetic lagged rainfall response,True
2009-01-27,OUTLET,0.5877,synthetic_demo,synthetic lagged rainfall response,True
2009-01-28,OUTLET,0.56057,synthetic_demo,synthetic lagged rainfall response,True
2009-01-29,OUTLET,0.55331,synthetic_demo,synthetic lagged rainfall response,True
2009-01-30,OUTLET,0.54193,synthetic_demo,synthetic lagged rainfall response,True
2009-01-31,OUTLET,0.54046,synthetic_demo,synthetic lagged rainfall response,True
2009-02-01,OUTLET,0.54965,synthetic_demo,synthetic lagged rainfall response,True
2009-02-02,OUTLET,0.56815,synthetic_demo,synthetic lagged rainfall response,True
2009-02-03,OUTLET,0.52783,synthetic_demo,synthetic lagged rainfall response,True
2009-02-04,OUTLET,0.54301,synthetic_demo,synthetic lagged rainfall response,True
2009-02-05,OUTLET,0.53758,synthetic_demo,synthetic lagged rainfall response,True
2009-02-06,OUTLET,0.5483,synthetic_demo,synthetic lagged rainfall response,True
2009-02-07,OUTLET,0.54016,synthetic_demo,synthetic lagged rainfall response,True
2009-02-08,OUTLET,0.52977,synthetic_demo,synthetic lagged rainfall response,True
2009-02-09,OUTLET,0.53155,synthetic_demo,synthetic lagged rainfall response,True
2009-02-10,OUTLET,0.53067,synthetic_demo,synthetic lagged rainfall response,True
2009-02-11,OUTLET,0.57455,synthetic_demo,synthetic lagged rainfall response,True
2009-02-12,OUTLET,0.57043,synthetic_demo,synthetic lagged rainfall response,True
2009-02-13,OUTLET,0.54965,synthetic_demo,synthetic lagged rainfall response,True
2009-02-14,OUTLET,0.56027,synthetic_demo,synthetic lagged rainfall response,True
2009-02-15,OUTLET,0.56245,synthetic_demo,synthetic lagged rainfall response,True
2009-02-16,OUTLET,0.54312,synthetic_demo,synthetic lagged rainfall response,True
2009-02-17,OUTLET,0.53296,synthetic_demo,synthetic lagged rainfall response,True
2009-02-18,OUTLET,0.54771,synthetic_demo,synthetic lagged rainfall response,True
2009-02-19,OUTLET,0.52872,synthetic_demo,synthetic lagged rainfall response,True
2009-02-20,OUTLET,0.53358,synthetic_demo,synthetic lagged rainfall response,True
2009-02-21,OUTLET,0.51068,synthetic_demo,synthetic lagged rainfall response,True
2009-02-22,OUTLET,0.51526,synthetic_demo,synthetic lagged rainfall response,True
2009-02-23,OUTLET,0.54126,synthetic_demo,synthetic lagged rainfall response,True
2009-02-24,OUTLET,0.54327,synthetic_demo,synthetic lagged rainfall response,True
2009-02-25,OUTLET,0.59682,synthetic_demo,synthetic lagged rainfall response,True
2009-02-26,OUTLET,0.58412,synthetic_demo,synthetic lagged rainfall response,True
2009-02-27,OUTLET,0.5773,synthetic_demo,synthetic lagged rainfall response,True
2009-02-28,OUTLET,0.58822,synthetic_demo,synthetic lagged rainfall response,True
2009-03-01,OUTLET,0.55915,synthetic_demo,synthetic lagged rainfall response,True
2009-03-02,OUTLET,0.61489,synthetic_demo,synthetic lagged rainfall response,True
2009-03-03,OUTLET,0.59066,synthetic_demo,synthetic lagged rainfall response,True
2009-03-04,OUTLET,0.60502,synthetic_demo,synthetic lagged rainfall response,True
2009-03-05,OUTLET,0.58426,synthetic_demo,synthetic lagged rainfall response,True
2009-03-06,OUTLET,0.57776,synthetic_demo,synthetic lagged rainfall response,True
2009-03-07,OUTLET,0.59285,synthetic_demo,synthetic lagged rainfall response,True
2009-03-08,OUTLET,0.57418,synthetic_demo,synthetic lagged rainfall response,True
2009-03-09,OUTLET,0.57114,synthetic_demo,synthetic lagged rainfall response,True
2009-03-10,OUTLET,0.57401,synthetic_demo,synthetic lagged rainfall response,True
2009-03-11,OUTLET,0.55877,synthetic_demo,synthetic lagged rainfall response,True
2009-03-12,OUTLET,0.54217,synthetic_demo,synthetic lagged rainfall response,True
2009-03-13,OUTLET,0.54382,synthetic_demo,synthetic lagged rainfall response,True
2009-03-14,OUTLET,0.5224,synthetic_demo,synthetic lagged rainfall response,True
2009-03-15,OUTLET,0.54641,synthetic_demo,synthetic lagged rainfall response,True
2009-03-16,OUTLET,0.52484,synthetic_demo,synthetic lagged rainfall response,True
2009-03-17,OUTLET,0.51016,synthetic_demo,synthetic lagged rainfall response,True
2009-03-18,OUTLET,0.50372,synthetic_demo,synthetic lagged rainfall response,True
2009-03-19,OUTLET,0.50687,synthetic_demo,synthetic lagged rainfall response,True
2009-03-20,OUTLET,0.50942,synthetic_demo,synthetic lagged rainfall response,True
2009-03-21,OUTLET,0.50643,synthetic_demo,synthetic lagged rainfall response,True
2009-03-22,OUTLET,0.4961,synthetic_demo,synthetic lagged rainfall response,True
2009-03-23,OUTLET,0.50831,synthetic_demo,synthetic lagged rainfall response,True
2009-03-24,OUTLET,0.51265,synthetic_demo,synthetic lagged rainfall response,True
2009-03-25,OUTLET,0.51115,synthetic_demo,synthetic lagged rainfall response,True
2009-03-26,OUTLET,0.50646,synthetic_demo,synthetic lagged rainfall response,True
2009-03-27,OUTLET,0.51409,synthetic_demo,synthetic lagged rainfall response,True
2009-03-28,OUTLET,0.47614,synthetic_demo,synthetic lagged rainfall response,True
2009-03-29,OUTLET,0.49226,synthetic_demo,synthetic lagged rainfall response,True
2009-03-30,OUTLET,0.5001,synthetic_demo,synthetic lagged rainfall response,True
2009-03-31,OUTLET,0.47884,synthetic_demo,synthetic lagged rainfall response,True
2009-04-01,OUTLET,0.44945,synthetic_demo,synthetic lagged rainfall response,True
2009-04-02,OUTLET,0.46136,synthetic_demo,synthetic lagged rainfall response,True
2009-04-03,OUTLET,0.43313,synthetic_demo,synthetic lagged rainfall response,True
2009-04-04,OUTLET,0.435,synthetic_demo,synthetic lagged rainfall response,True
2009-04-05,OUTLET,0.43617,synthetic_demo,synthetic lagged rainfall response,True
2009-04-06,OUTLET,0.40786,synthetic_demo,synthetic lagged rainfall response,True
2009-04-07,OUTLET,0.42566,synthetic_demo,synthetic lagged rainfall response,True
2009-04-08,OUTLET,0.43199,synthetic_demo,synthetic lagged rainfall response,True
2009-04-09,OUTLET,0.42783,synthetic_demo,synthetic lagged rainfall response,True
2009-04-10,OUTLET,0.42388,synthetic_demo,synthetic lagged rainfall response,True
2009-04-11,OUTLET,0.36201,synthetic_demo,synthetic lagged rainfall response,True
2009-04-12,OUTLET,0.36472,synthetic_demo,synthetic lagged rainfall response,True
2009-04-13,OUTLET,0.37251,synthetic_demo,synthetic lagged rainfall response,True
2009-04-14,OUTLET,0.37404,synthetic_demo,synthetic lagged rainfall response,True
2009-04-15,OUTLET,0.36937,synthetic_demo,synthetic lagged rainfall response,True
2009-04-16,OUTLET,0.31449,synthetic_demo,synthetic lagged rainfall response,True
2009-04-17,OUTLET,0.32488,synthetic_demo,synthetic lagged rainfall response,True
2009-04-18,OUTLET,0.31138,synthetic_demo,synthetic lagged rainfall response,True
2009-04-19,OUTLET,0.31507,synthetic_demo,synthetic lagged rainfall response,True
2009-04-20,OUTLET,0.30287,synthetic_demo,synthetic lagged rainfall response,True
2009-04-21,OUTLET,0.3085,synthetic_demo,synthetic lagged rainfall response,True
2009-04-22,OUTLET,0.30475,synthetic_demo,synthetic lagged rainfall response,True
2009-04-23,OUTLET,0.29896,synthetic_demo,synthetic lagged rainfall response,True
2009-04-24,OUTLET,0.30059,synthetic_demo,synthetic lagged rainfall response,True
2009-04-25,OUTLET,0.29368,synthetic_demo,synthetic lagged rainfall response,True
2009-04-26,OUTLET,0.30716,synthetic_demo,synthetic lagged rainfall response,True
2009-04-27,OUTLET,0.29516,synthetic_demo,synthetic lagged rainfall response,True
2009-04-28,OUTLET,0.27982,synthetic_demo,synthetic lagged rainfall response,True
2009-04-29,OUTLET,0.29551,synthetic_demo,synthetic lagged rainfall response,True
2009-04-30,OUTLET,0.28847,synthetic_demo,synthetic lagged rainfall response,True
2009-05-01,OUTLET,0.2845,synthetic_demo,synthetic lagged rainfall response,True
2009-05-02,OUTLET,0.2889,synthetic_demo,synthetic lagged rainfall response,True
2009-05-03,OUTLET,0.28101,synthetic_demo,synthetic lagged rainfall response,True
2009-05-04,OUTLET,0.27216,synthetic_demo,synthetic lagged rainfall response,True
2009-05-05,OUTLET,0.30186,synthetic_demo,synthetic lagged rainfall response,True
2009-05-06,OUTLET,0.29413,synthetic_demo,synthetic lagged rainfall response,True
2009-05-07,OUTLET,0.28511,synthetic_demo,synthetic lagged rainfall response,True
2009-05-08,OUTLET,0.28488,synthetic_demo,synthetic lagged rainfall response,True
2009-05-09,OUTLET,0.29161,synthetic_demo,synthetic lagged rainfall response,True
2009-05-10,OUTLET,0.29138,synthetic_demo,synthetic lagged rainfall response,True
2009-05-11,OUTLET,0.27716,synthetic_demo,synthetic lagged rainfall response,True
2009-05-12,OUTLET,0.29833,synthetic_demo,synthetic lagged rainfall response,True
2009-05-13,OUTLET,0.26053,synthetic_demo,synthetic lagged rainfall response,True
2009-05-14,OUTLET,0.25397,synthetic_demo,synthetic lagged rainfall response,True
2009-05-15,OUTLET,0.25195,synthetic_demo,synthetic lagged rainfall response,True
2009-05-16,OUTLET,0.26198,synthetic_demo,synthetic lagged rainfall response,True
2009-05-17,OUTLET,0.25377,synthetic_demo,synthetic lagged rainfall response,True
2009-05-18,OUTLET,0.25978,synthetic_demo,synthetic lagged rainfall response,True
2009-05-19,OUTLET,0.29734,synthetic_demo,synthetic lagged rainfall response,True
2009-05-20,OUTLET,0.2557,synthetic_demo,synthetic lagged rainfall response,True
2009-05-21,OUTLET,0.26213,synthetic_demo,synthetic lagged rainfall response,True
2009-05-22,OUTLET,0.27121,synthetic_demo,synthetic lagged rainfall response,True
2009-05-23,OUTLET,0.26272,synthetic_demo,synthetic lagged rainfall response,True
2009-05-24,OUTLET,0.24211,synthetic_demo,synthetic lagged rainfall response,True
2009-05-25,OUTLET,0.25762,synthetic_demo,synthetic lagged rainfall response,True
2009-05-26,OUTLET,0.26105,synthetic_demo,synthetic lagged rainfall response,True
2009-05-27,OUTLET,0.2552,synthetic_demo,synthetic lagged rainfall response,True
2009-05-28,OUTLET,0.24332,synthetic_demo,synthetic lagged rainfall response,True
2009-05-29,OUTLET,0.25702,synthetic_demo,synthetic lagged rainfall response,True
2009-05-30,OUTLET,0.25834,synthetic_demo,synthetic lagged rainfall response,True
2009-05-31,OUTLET,0.2647,synthetic_demo,synthetic lagged rainfall response,True
2009-06-01,OUTLET,0.24388,synthetic_demo,synthetic lagged rainfall response,True
2009-06-02,OUTLET,0.24711,synthetic_demo,synthetic lagged rainfall response,True
2009-06-03,OUTLET,0.27575,synthetic_demo,synthetic lagged rainfall response,True
2009-06-04,OUTLET,0.26972,synthetic_demo,synthetic lagged rainfall response,True
2009-06-05,OUTLET,0.27353,synthetic_demo,synthetic lagged rainfall response,True
2009-06-06,OUTLET,0.24596,synthetic_demo,synthetic lagged rainfall response,True
2009-06-07,OUTLET,0.26286,synthetic_demo,synthetic lagged rainfall response,True
2009-06-08,OUTLET,0.23349,synthetic_demo,synthetic lagged rainfall response,True
2009-06-09,OUTLET,0.22505,synthetic_demo,synthetic lagged rainfall response,True
2009-06-10,OUTLET,0.24338,synthetic_demo,synthetic lagged rainfall response,True
2009-06-11,OUTLET,0.24438,synthetic_demo,synthetic lagged rainfall response,True
2009-06-12,OUTLET,0.21591,synthetic_demo,synthetic lagged rainfall response,True
2009-06-13,OUTLET,0.21355,synthetic_demo,synthetic lagged rainfall response,True
2009-06-14,OUTLET,0.21969,synthetic_demo,synthetic lagged rainfall response,True
2009-06-15,OUTLET,0.22691,synthetic_demo,synthetic lagged rainfall response,True
2009-06-16,OUTLET,0.22583,synthetic_demo,synthetic lagged rainfall response,True
2009-06-17,OUTLET,0.22636,synthetic_demo,synthetic lagged rainfall response,True
2009-06-18,OUTLET,0.22224,synthetic_demo,synthetic lagged rainfall response,True
2009-06-19,OUTLET,0.2102,synthetic_demo,synthetic lagged rainfall response,True
2009-06-20,OUTLET,0.23131,synthetic_demo,synthetic lagged rainfall response,True
2009-06-21,OUTLET,0.22406,synthetic_demo,synthetic lagged rainfall response,True
2009-06-22,OUTLET,0.21513,synthetic_demo,synthetic lagged rainfall response,True
2009-06-23,OUTLET,0.21245,synthetic_demo,synthetic lagged rainfall response,True
2009-06-24,OUTLET,0.22961,synthetic_demo,synthetic lagged rainfall response,True
2009-06-25,OUTLET,0.23217,synthetic_demo,synthetic lagged rainfall response,True
2009-06-26,OUTLET,0.21417,synthetic_demo,synthetic lagged rainfall response,True
2009-06-27,OUTLET,0.22853,synthetic_demo,synthetic lagged rainfall response,True
2009-06-28,OUTLET,0.21102,synthetic_demo,synthetic lagged rainfall response,True
2009-06-29,OUTLET,0.1947,synthetic_demo,synthetic lagged rainfall response,True
2009-06-30,OUTLET,0.22127,synthetic_demo,synthetic lagged rainfall response,True
2009-07-01,OUTLET,0.19742,synthetic_demo,synthetic lagged rainfall response,True
2009-07-02,OUTLET,0.21257,synthetic_demo,synthetic lagged rainfall response,True
2009-07-03,OUTLET,0.16849,synthetic_demo,synthetic lagged rainfall response,True
2009-07-04,OUTLET,0.17138,synthetic_demo,synthetic lagged rainfall response,True
2009-07-05,OUTLET,0.17851,synthetic_demo,synthetic lagged rainfall response,True
2009-07-06,OUTLET,0.20181,synthetic_demo,synthetic lagged rainfall response,True
2009-07-07,OUTLET,0.20071,synthetic_demo,synthetic lagged rainfall response,True
2009-07-08,OUTLET,0.1897,synthetic_demo,synthetic lagged rainfall response,True
2009-07-09,OUTLET,0.20792,synthetic_demo,synthetic lagged rainfall response,True
2009-07-10,OUTLET,0.19835,synthetic_demo,synthetic lagged rainfall response,True
2009-07-11,OUTLET,0.19633,synthetic_demo,synthetic lagged rainfall response,True
2009-07-12,OUTLET,0.18226,synthetic_demo,synthetic lagged rainfall response,True
2009-07-13,OUTLET,0.18333,synthetic_demo,synthetic lagged rainfall response,True
2009-07-14,OUTLET,0.20707,synthetic_demo,synthetic lagged rainfall response,True
2009-07-15,OUTLET,0.1998,synthetic_demo,synthetic lagged rainfall response,True
2009-07-16,OUTLET,0.18175,synthetic_demo,synthetic lagged rainfall response,True
2009-07-17,OUTLET,0.2103,synthetic_demo,synthetic lagged rainfall response,True
2009-07-18,OUTLET,0.19065,synthetic_demo,synthetic lagged rainfall response,True
2009-07-19,OUTLET,0.19648,synthetic_demo,synthetic lagged rainfall response,True
2009-07-20,OUTLET,0.21933,synthetic_demo,synthetic lagged rainfall response,True
2009-07-21,OUTLET,0.23985,synthetic_demo,synthetic lagged rainfall response,True
2009-07-22,OUTLET,0.2273,synthetic_demo,synthetic lagged rainfall response,True
2009-07-23,OUTLET,0.20702,synthetic_demo,synthetic lagged rainfall response,True
2009-07-24,OUTLET,0.22417,synthetic_demo,synthetic lagged rainfall response,True
2009-07-25,OUTLET,0.22042,synthetic_demo,synthetic lagged rainfall response,True
2009-07-26,OUTLET,0.22681,synthetic_demo,synthetic lagged rainfall response,True
2009-07-27,OUTLET,0.21464,synthetic_demo,synthetic lagged rainfall response,True
2009-07-28,OUTLET,0.22902,synthetic_demo,synthetic lagged rainfall response,True
2009-07-29,OUTLET,0.24098,synthetic_demo,synthetic lagged rainfall response,True
2009-07-30,OUTLET,0.2277,synthetic_demo,synthetic lagged rainfall response,True
2009-07-31,OUTLET,0.24053,synthetic_demo,synthetic lagged rainfall response,True
2009-08-01,OUTLET,0.22087,synthetic_demo,synthetic lagged rainfall response,True
2009-08-02,OUTLET,0.22335,synthetic_demo,synthetic lagged rainfall response,True
2009-08-03,OUTLET,0.25054,synthetic_demo,synthetic lagged rainfall response,True
2009-08-04,OUTLET,0.23934,synthetic_demo,synthetic lagged rainfall response,True
2009-08-05,OUTLET,0.26539,synthetic_demo,synthetic lagged rainfall response,True
2009-08-06,OUTLET,0.26473,synthetic_demo,synthetic lagged rainfall response,True
2009-08-07,OUTLET,0.25531,synthetic_demo,synthetic lagged rainfall response,True
2009-08-08,OUTLET,0.24137,synthetic_demo,synthetic lagged rainfall response,True
2009-08-09,OUTLET,0.24797,synthetic_demo,synthetic lagged rainfall response,True
2009-08-10,OUTLET,0.22266,synthetic_demo,synthetic lagged rainfall response,True
2009-08-11,OUTLET,0.2727,synthetic_demo,synthetic lagged rainfall response,True
2009-08-12,OUTLET,0.24379,synthetic_demo,synthetic lagged rainfall response,True
2009-08-13,OUTLET,0.25436,synthetic_demo,synthetic lagged rainfall response,True
2009-08-14,OUTLET,0.28638,synthetic_demo,synthetic lagged rainfall response,True
2009-08-15,OUTLET,0.28841,synthetic_demo,synthetic lagged rainfall response,True
2009-08-16,OUTLET,0.29829,synthetic_demo,synthetic lagged rainfall response,True
2009-08-17,OUTLET,0.28492,synthetic_demo,synthetic lagged rainfall response,True
2009-08-18,OUTLET,0.28565,synthetic_demo,synthetic lagged rainfall response,True
2009-08-19,OUTLET,0.27704,synthetic_demo,synthetic lagged rainfall response,True
2009-08-20,OUTLET,0.2714,synthetic_demo,synthetic lagged rainfall response,True
2009-08-21,OUTLET,0.27498,synthetic_demo,synthetic lagged rainfall response,True
2009-08-22,OUTLET,0.24517,synthetic_demo,synthetic lagged rainfall response,True
2009-08-23,OUTLET,0.26488,synthetic_demo,synthetic lagged rainfall response,True
2009-08-24,OUTLET,0.25333,synthetic_demo,synthetic lagged rainfall response,True
2009-08-25,OUTLET,0.23968,synthetic_demo,synthetic lagged rainfall response,True
2009-08-26,OUTLET,0.24434,synthetic_demo,synthetic lagged rainfall response,True
2009-08-27,OUTLET,0.23734,synthetic_demo,synthetic lagged rainfall response,True
2009-08-28,OUTLET,0.23512,synthetic_demo,synthetic lagged rainfall response,True
2009-08-29,OUTLET,0.24362,synthetic_demo,synthetic lagged rainfall response,True
2009-08-30,OUTLET,0.22213,synthetic_demo,synthetic lagged rainfall response,True
2009-08-31,OUTLET,0.21053,synthetic_demo,synthetic lagged rainfall response,True
2009-09-01,OUTLET,0.23745,synthetic_demo,synthetic lagged rainfall response,True
2009-09-02,OUTLET,0.24764,synthetic_demo,synthetic lagged rainfall response,True
2009-09-03,OUTLET,0.23407,synthetic_demo,synthetic lagged rainfall response,True
2009-09-04,OUTLET,0.23692,synthetic_demo,synthetic lagged rainfall response,True
2009-09-05,OUTLET,0.23578,synthetic_demo,synthetic lagged rainfall response,True
2009-09-06,OUTLET,0.24513,synthetic_demo,synthetic lagged rainfall response,True
2009-09-07,OUTLET,0.24137,synthetic_demo,synthetic lagged rainfall response,True
2009-09-08,OUTLET,0.25444,synthetic_demo,synthetic lagged rainfall response,True
2009-09-09,OUTLET,0.26706,synthetic_demo,synthetic lagged rainfall response,True
2009-09-10,OUTLET,0.25009,synthetic_demo,synthetic lagged rainfall response,True
2009-09-11,OUTLET,0.29845,synthetic_demo,synthetic lagged rainfall response,True
2009-09-12,OUTLET,0.2467,synthetic_demo,synthetic lagged rainfall response,True
2009-09-13,OUTLET,0.29325,synthetic_demo,synthetic lagged rainfall response,True
2009-09-14,OUTLET,0.26023,synthetic_demo,synthetic lagged rainfall response,True
2009-09-15,OUTLET,0.26692,synthetic_demo,synthetic lagged rainfall response,True
2009-09-16,OUTLET,0.28724,synthetic_demo,synthetic lagged rainfall response,True
2009-09-17,OUTLET,0.30616,synthetic_demo,synthetic lagged rainfall response,True
2009-09-18,OUTLET,0.27601,synthetic_demo,synthetic lagged rainfall response,True
2009-09-19,OUTLET,0.30126,synthetic_demo,synthetic lagged rainfall response,True
2009-09-20,OUTLET,0.30555,synthetic_demo,synthetic lagged rainfall response,True
2009-09-21,OUTLET,0.32999,synthetic_demo,synthetic lagged rainfall response,True
2009-09-22,OUTLET,0.30839,synthetic_demo,synthetic lagged rainfall response,True
2009-09-23,OUTLET,0.32771,synthetic_demo,synthetic lagged rainfall response,True
2009-09-24,OUTLET,0.30269,synthetic_demo,synthetic lagged rainfall response,True
2009-09-25,OUTLET,0.30278,synthetic_demo,synthetic lagged rainfall response,True
2009-09-26,OUTLET,0.29703,synthetic_demo,synthetic lagged rainfall response,True
2009-09-27,OUTLET,0.30645,synthetic_demo,synthetic lagged rainfall response,True
2009-09-28,OUTLET,0.28045,synthetic_demo,synthetic lagged rainfall response,True
2009-09-29,OUTLET,0.29003,synthetic_demo,synthetic lagged rainfall response,True
2009-09-30,OUTLET,0.28744,synthetic_demo,synthetic lagged rainfall response,True
2009-10-01,OUTLET,0.27404,synthetic_demo,synthetic lagged rainfall response,True
2009-10-02,OUTLET,0.29701,synthetic_demo,synthetic lagged rainfall response,True
2009-10-03,OUTLET,0.31438,synthetic_demo,synthetic lagged rainfall response,True
2009-10-04,OUTLET,0.31756,synthetic_demo,synthetic lagged rainfall response,True
2009-10-05,OUTLET,0.32466,synthetic_demo,synthetic lagged rainfall response,True
2009-10-06,OUTLET,0.32964,synthetic_demo,synthetic lagged rainfall response,True
2009-10-07,OUTLET,0.34235,synthetic_demo,synthetic lagged rainfall response,True
2009-10-08,OUTLET,0.3776,synthetic_demo,synthetic lagged rainfall response,True
2009-10-09,OUTLET,0.34996,synthetic_demo,synthetic lagged rainfall response,True
2009-10-10,OUTLET,0.36555,synthetic_demo,synthetic lagged rainfall response,True
2009-10-11,OUTLET,0.36818,synthetic_demo,synthetic lagged rainfall response,True
2009-10-12,OUTLET,0.3667,synthetic_demo,synthetic lagged rainfall response,True
2009-10-13,OUTLET,0.36698,synthetic_demo,synthetic lagged rainfall response,True
2009-10-14,OUTLET,0.34656,synthetic_demo,synthetic lagged rainfall response,True
2009-10-15,OUTLET,0.36299,synthetic_demo,synthetic lagged rainfall response,True
2009-10-16,OUTLET,0.36786,synthetic_demo,synthetic lagged rainfall response,True
2009-10-17,OUTLET,0.37424,synthetic_demo,synthetic lagged rainfall response,True
2009-10-18,OUTLET,0.34552,synthetic_demo,synthetic lagged rainfall response,True
2009-10-19,OUTLET,0.37467,synthetic_demo,synthetic lagged rainfall response,True
2009-10-20,OUTLET,0.39373,synthetic_demo,synthetic lagged rainfall response,True
2009-10-21,OUTLET,0.37074,synthetic_demo,synthetic lagged rainfall response,True
2009-10-22,OUTLET,0.35099,synthetic_demo,synthetic lagged rainfall response,True
2009-10-23,OUTLET,0.39669,synthetic_demo,synthetic lagged rainfall response,True
2009-10-24,OUTLET,0.36119,synthetic_demo,synthetic lagged rainfall response,True
2009-10-25,OUTLET,0.39029,synthetic_demo,synthetic lagged rainfall response,True
2009-10-26,OUTLET,0.34636,synthetic_demo,synthetic lagged rainfall response,True
2009-10-27,OUTLET,0.35346,synthetic_demo,synthetic lagged rainfall response,True
2009-10-28,OUTLET,0.38551,synthetic_demo,synthetic lagged rainfall response,True
2009-10-29,OUTLET,0.38757,synthetic_demo,synthetic lagged rainfall response,True
2009-10-30,OUTLET,0.39792,synthetic_demo,synthetic lagged rainfall response,True
2009-10-31,OUTLET,0.38573,synthetic_demo,synthetic lagged rainfall response,True
2009-11-01,OUTLET,0.38405,synthetic_demo,synthetic lagged rainfall response,True
2009-11-02,OUTLET,0.40536,synthetic_demo,synthetic lagged rainfall response,True
2009-11-03,OUTLET,0.37498,synthetic_demo,synthetic lagged rainfall response,True
2009-11-04,OUTLET,0.37298,synthetic_demo,synthetic lagged rainfall response,True
2009-11-05,OUTLET,0.35425,synthetic_demo,synthetic lagged rainfall response,True
2009-11-06,OUTLET,0.37997,synthetic_demo,synthetic lagged rainfall response,True
2009-11-07,OUTLET,0.3745,synthetic_demo,synthetic lagged rainfall response,True
2009-11-08,OUTLET,0.37318,synthetic_demo,synthetic lagged rainfall response,True
2009-11-09,OUTLET,0.38367,synthetic_demo,synthetic lagged rainfall response,True
2009-11-10,OUTLET,0.37409,synthetic_demo,synthetic lagged rainfall response,True
2009-11-11,OUTLET,0.35334,synthetic_demo,synthetic lagged rainfall response,True
2009-11-12,OUTLET,0.38477,synthetic_demo,synthetic lagged rainfall response,True
2009-11-13,OUTLET,0.38859,synthetic_demo,synthetic lagged rainfall response,True
2009-11-14,OUTLET,0.36868,synthetic_demo,synthetic lagged rainfall response,True
2009-11-15,OUTLET,0.36629,synthetic_demo,synthetic lagged rainfall response,True
2009-11-16,OUTLET,0.37761,synthetic_demo,synthetic lagged rainfall response,True
2009-11-17,OUTLET,0.38474,synthetic_demo,synthetic lagged rainfall response,True
2009-11-18,OUTLET,0.38633,synthetic_demo,synthetic lagged rainfall response,True
2009-11-19,OUTLET,0.34961,synthetic_demo,synthetic lagged rainfall response,True
2009-11-20,OUTLET,0.3537,synthetic_demo,synthetic lagged rainfall response,True
2009-11-21,OUTLET,0.33493,synthetic_demo,synthetic lagged rainfall response,True
2009-11-22,OUTLET,0.34214,synthetic_demo,synthetic lagged rainfall response,True
2009-11-23,OUTLET,0.34283,synthetic_demo,synthetic lagged rainfall response,True
2009-11-24,OUTLET,0.33956,synthetic_demo,synthetic lagged rainfall response,True
2009-11-25,OUTLET,0.33313,synthetic_demo,synthetic lagged rainfall response,True
2009-11-26,OUTLET,0.31875,synthetic_demo,synthetic lagged rainfall response,True
2009-11-27,OUTLET,0.33133,synthetic_demo,synthetic lagged rainfall response,True
2009-11-28,OUTLET,0.31912,synthetic_demo,synthetic lagged rainfall response,True
2009-11-29,OUTLET,0.32109,synthetic_demo,synthetic lagged rainfall response,True
2009-11-30,OUTLET,0.3197,synthetic_demo,synthetic lagged rainfall response,True
2009-12-01,OUTLET,0.31876,synthetic_demo,synthetic lagged rainfall response,True
2009-12-02,OUTLET,0.30797,synthetic_demo,synthetic lagged rainfall response,True
2009-12-03,OUTLET,0.30017,synthetic_demo,synthetic lagged rainfall response,True
2009-12-04,OUTLET,0.31294,synthetic_demo,synthetic lagged rainfall response,True
2009-12-05,OUTLET,0.32436,synthetic_demo,synthetic lagged rainfall response,True
2009-12-06,OUTLET,0.29936,synthetic_demo,synthetic lagged rainfall response,True
2009-12-07,OUTLET,0.31085,synthetic_demo,synthetic lagged rainfall response,True
2009-12-08,OUTLET,0.34387,synthetic_demo,synthetic lagged rainfall response,True
2009-12-09,OUTLET,0.33396,synthetic_demo,synthetic lagged rainfall response,True
2009-12-10,OUTLET,0.33429,synthetic_demo,synthetic lagged rainfall response,True
2009-12-11,OUTLET,0.33584,synthetic_demo,synthetic lagged rainfall response,True
2009-12-12,OUTLET,0.31161,synthetic_demo,synthetic lagged rainfall response,True
2009-12-13,OUTLET,0.31947,synthetic_demo,synthetic lagged rainfall response,True
2009-12-14,OUTLET,0.30435,synthetic_demo,synthetic lagged rainfall response,True
2009-12-15,OUTLET,0.30296,synthetic_demo,synthetic lagged rainfall response,True
2009-12-16,OUTLET,0.28458,synthetic_demo,synthetic lagged rainfall response,True
2009-12-17,OUTLET,0.32398,synthetic_demo,synthetic lagged rainfall response,True
2009-12-18,OUTLET,0.33752,synthetic_demo,synthetic lagged rainfall response,True
2009-12-19,OUTLET,0.3182,synthetic_demo,synthetic lagged rainfall response,True
2009-12-20,OUTLET,0.33155,synthetic_demo,synthetic lagged rainfall response,True
2009-12-21,OUTLET,0.35092,synthetic_demo,synthetic lagged rainfall response,True
2009-12-22,OUTLET,0.35685,synthetic_demo,synthetic lagged rainfall response,True
2009-12-23,OUTLET,0.37065,synthetic_demo,synthetic lagged rainfall response,True
2009-12-24,OUTLET,0.37335,synthetic_demo,synthetic lagged rainfall response,True
2009-12-25,OUTLET,0.37841,synthetic_demo,synthetic lagged rainfall response,True
2009-12-26,OUTLET,0.38187,synthetic_demo,synthetic lagged rainfall response,True
2009-12-27,OUTLET,0.34099,synthetic_demo,synthetic lagged rainfall response,True
2009-12-28,OUTLET,0.34061,synthetic_demo,synthetic lagged rainfall response,True
2009-12-29,OUTLET,0.35394,synthetic_demo,synthetic lagged rainfall response,True
2009-12-30,OUTLET,0.3456,synthetic_demo,synthetic lagged rainfall response,True
2009-12-31,OUTLET,0.35687,synthetic_demo,synthetic lagged rainfall response,True
2010-01-01,OUTLET,0.35254,synthetic_demo,synthetic lagged rainfall response,True
2010-01-02,OUTLET,0.33491,synthetic_demo,synthetic lagged rainfall response,True
2010-01-03,OUTLET,0.33251,synthetic_demo,synthetic lagged rainfall response,True
2010-01-04,OUTLET,0.33465,synthetic_demo,synthetic lagged rainfall response,True
2010-01-05,OUTLET,0.31849,synthetic_demo,synthetic lagged rainfall response,True
2010-01-06,OUTLET,0.33497,synthetic_demo,synthetic lagged rainfall response,True
2010-01-07,OUTLET,0.34262,synthetic_demo,synthetic lagged rainfall response,True
2010-01-08,OUTLET,0.32285,synthetic_demo,synthetic lagged rainfall response,True
2010-01-09,OUTLET,0.33097,synthetic_demo,synthetic lagged rainfall response,True
2010-01-10,OUTLET,0.32905,synthetic_demo,synthetic lagged rainfall response,True
2010-01-11,OUTLET,0.33213,synthetic_demo,synthetic lagged rainfall response,True
2010-01-12,OUTLET,0.33903,synthetic_demo,synthetic lagged rainfall response,True
2010-01-13,OUTLET,0.32346,synthetic_demo,synthetic lagged rainfall response,True
2010-01-14,OUTLET,0.3426,synthetic_demo,synthetic lagged rainfall response,True
2010-01-15,OUTLET,0.33046,synthetic_demo,synthetic lagged rainfall response,True
2010-01-16,OUTLET,0.32845,synthetic_demo,synthetic lagged rainfall response,True
2010-01-17,OUTLET,0.33035,synthetic_demo,synthetic lagged rainfall response,True
2010-01-18,OUTLET,0.32656,synthetic_demo,synthetic lagged rainfall response,True
2010-01-19,OUTLET,0.31701,synthetic_demo,synthetic lagged rainfall response,True
2010-01-20,OUTLET,0.32166,synthetic_demo,synthetic lagged rainfall response,True
2010-01-21,OUTLET,0.33283,synthetic_demo,synthetic lagged rainfall response,True
2010-01-22,OUTLET,0.30401,synthetic_demo,synthetic lagged rainfall response,True
2010-01-23,OUTLET,0.3042,synthetic_demo,synthetic lagged rainfall response,True
2010-01-24,OUTLET,0.30072,synthetic_demo,synthetic lagged rainfall response,True
2010-01-25,OUTLET,0.28538,synthetic_demo,synthetic lagged rainfall response,True
2010-01-26,OUTLET,0.3133,synthetic_demo,synthetic lagged rainfall response,True
2010-01-27,OUTLET,0.28673,synthetic_demo,synthetic lagged rainfall response,True
2010-01-28,OUTLET,0.32462,synthetic_demo,synthetic lagged rainfall response,True
2010-01-29,OUTLET,0.2915,synthetic_demo,synthetic lagged rainfall response,True
2010-01-30,OUTLET,0.30575,synthetic_demo,synthetic lagged rainfall response,True
2010-01-31,OUTLET,0.26329,synthetic_demo,synthetic lagged rainfall response,True
2010-02-01,OUTLET,0.2657,synthetic_demo,synthetic lagged rainfall response,True
2010-02-02,OUTLET,0.276,synthetic_demo,synthetic lagged rainfall response,True
2010-02-03,OUTLET,0.26731,synthetic_demo,synthetic lagged rainfall response,True
2010-02-04,OUTLET,0.25277,synthetic_demo,synthetic lagged rainfall response,True
2010-02-05,OUTLET,0.23617,synthetic_demo,synthetic lagged rainfall response,True
2010-02-06,OUTLET,0.22907,synthetic_demo,synthetic lagged rainfall response,True
2010-02-07,OUTLET,0.25562,synthetic_demo,synthetic lagged rainfall response,True
2010-02-08,OUTLET,0.24753,synthetic_demo,synthetic lagged rainfall response,True
2010-02-09,OUTLET,0.25012,synthetic_demo,synthetic lagged rainfall response,True
2010-02-10,OUTLET,0.23303,synthetic_demo,synthetic lagged rainfall response,True
2010-02-11,OUTLET,0.23959,synthetic_demo,synthetic lagged rainfall response,True
2010-02-12,OUTLET,0.23884,synthetic_demo,synthetic lagged rainfall response,True
2010-02-13,OUTLET,0.23836,synthetic_demo,synthetic lagged rainfall response,True
2010-02-14,OUTLET,0.22381,synthetic_demo,synthetic lagged rainfall response,True
2010-02-15,OUTLET,0.25069,synthetic_demo,synthetic lagged rainfall response,True
2010-02-16,OUTLET,0.22722,synthetic_demo,synthetic lagged rainfall response,True
2010-02-17,OUTLET,0.22665,synthetic_demo,synthetic lagged rainfall response,True
2010-02-18,OUTLET,0.23228,synthetic_demo,synthetic lagged rainfall response,True
2010-02-19,OUTLET,0.21614,synthetic_demo,synthetic lagged rainfall response,True
2010-02-20,OUTLET,0.23803,synthetic_demo,synthetic lagged rainfall response,True
2010-02-21,OUTLET,0.24071,synthetic_demo,synthetic lagged rainfall response,True
2010-02-22,OUTLET,0.22489,synthetic_demo,synthetic lagged rainfall response,True
2010-02-23,OUTLET,0.26464,synthetic_demo,synthetic lagged rainfall response,True
2010-02-24,OUTLET,0.23872,synthetic_demo,synthetic lagged rainfall response,True
2010-02-25,OUTLET,0.22159,synthetic_demo,synthetic lagged rainfall response,True
2010-02-26,OUTLET,0.22951,synthetic_demo,synthetic lagged rainfall response,True
2010-02-27,OUTLET,0.2323,synthetic_demo,synthetic lagged rainfall response,True
2010-02-28,OUTLET,0.24564,synthetic_demo,synthetic lagged rainfall response,True
2010-03-01,OUTLET,0.22894,synthetic_demo,synthetic lagged rainfall response,True
2010-03-02,OUTLET,0.22426,synthetic_demo,synthetic lagged rainfall response,True
2010-03-03,OUTLET,0.21951,synthetic_demo,synthetic lagged rainfall response,True
2010-03-04,OUTLET,0.22184,synthetic_demo,synthetic lagged rainfall response,True
2010-03-05,OUTLET,0.21652,synthetic_demo,synthetic lagged rainfall response,True
2010-03-06,OUTLET,0.21009,synthetic_demo,synthetic lagged rainfall response,True
2010-03-07,OUTLET,0.21766,synthetic_demo,synthetic lagged rainfall response,True
2010-03-08,OUTLET,0.21381,synthetic_demo,synthetic lagged rainfall response,True
2010-03-09,OUTLET,0.22578,synthetic_demo,synthetic lagged rainfall response,True
2010-03-10,OUTLET,0.21857,synthetic_demo,synthetic lagged rainfall response,True
2010-03-11,OUTLET,0.20795,synthetic_demo,synthetic lagged rainfall response,True
2010-03-12,OUTLET,0.21612,synthetic_demo,synthetic lagged rainfall response,True
2010-03-13,OUTLET,0.20352,synthetic_demo,synthetic lagged rainfall response,True
2010-03-14,OUTLET,0.19886,synthetic_demo,synthetic lagged rainfall response,True
2010-03-15,OUTLET,0.198,synthetic_demo,synthetic lagged rainfall response,True
2010-03-16,OUTLET,0.18478,synthetic_demo,synthetic lagged rainfall response,True
2010-03-17,OUTLET,0.19848,synthetic_demo,synthetic lagged rainfall response,True
2010-03-18,OUTLET,0.18684,synthetic_demo,synthetic lagged rainfall response,True
2010-03-19,OUTLET,0.19803,synthetic_demo,synthetic lagged rainfall response,True
2010-03-20,OUTLET,0.19367,synthetic_demo,synthetic lagged rainfall response,True
2010-03-21,OUTLET,0.18467,synthetic_demo,synthetic lagged rainfall response,True
2010-03-22,OUTLET,0.19362,synthetic_demo,synthetic lagged rainfall response,True
2010-03-23,OUTLET,0.18511,synthetic_demo,synthetic lagged rainfall response,True
2010-03-24,OUTLET,0.18013,synthetic_demo,synthetic lagged rainfall response,True
2010-03-25,OUTLET,0.19326,synthetic_demo,synthetic lagged rainfall response,True
2010-03-26,OUTLET,0.17323,synthetic_demo,synthetic lagged rainfall response,True
2010-03-27,OUTLET,0.15594,synthetic_demo,synthetic lagged rainfall response,True
2010-03-28,OUTLET,0.1761,synthetic_demo,synthetic lagged rainfall response,True
2010-03-29,OUTLET,0.17242,synthetic_demo,synthetic lagged rainfall response,True
2010-03-30,OUTLET,0.15424,synthetic_demo,synthetic lagged rainfall response,True
2010-03-31,OUTLET,0.1783,synthetic_demo,synthetic lagged rainfall response,True
2010-04-01,OUTLET,0.16628,synthetic_demo,synthetic lagged rainfall response,True
2010-04-02,OUTLET,0.18859,synthetic_demo,synthetic lagged rainfall response,True
2010-04-03,OUTLET,0.17248,synthetic_demo,synthetic lagged rainfall response,True
2010-04-04,OUTLET,0.16357,synthetic_demo,synthetic lagged rainfall response,True
2010-04-05,OUTLET,0.15478,synthetic_demo,synthetic lagged rainfall response,True
2010-04-06,OUTLET,0.14041,synthetic_demo,synthetic lagged rainfall response,True
2010-04-07,OUTLET,0.13464,synthetic_demo,synthetic lagged rainfall response,True
2010-04-08,OUTLET,0.1475,synthetic_demo,synthetic lagged rainfall response,True
2010-04-09,OUTLET,0.13984,synthetic_demo,synthetic lagged rainfall response,True
2010-04-10,OUTLET,0.14437,synthetic_demo,synthetic lagged rainfall response,True
2010-04-11,OUTLET,0.15897,synthetic_demo,synthetic lagged rainfall response,True
2010-04-12,OUTLET,0.14206,synthetic_demo,synthetic lagged rainfall response,True
2010-04-13,OUTLET,0.14297,synthetic_demo,synthetic lagged rainfall response,True
2010-04-14,OUTLET,0.1712,synthetic_demo,synthetic lagged rainfall response,True
2010-04-15,OUTLET,0.16862,synthetic_demo,synthetic lagged rainfall response,True
2010-04-16,OUTLET,0.16203,synthetic_demo,synthetic lagged rainfall response,True
2010-04-17,OUTLET,0.13603,synthetic_demo,synthetic lagged rainfall response,True
2010-04-18,OUTLET,0.17511,synthetic_demo,synthetic lagged rainfall response,True
2010-04-19,OUTLET,0.14186,synthetic_demo,synthetic lagged rainfall response,True
2010-04-20,OUTLET,0.16399,synthetic_demo,synthetic lagged rainfall response,True
2010-04-21,OUTLET,0.15114,synthetic_demo,synthetic lagged rainfall response,True
2010-04-22,OUTLET,0.15198,synthetic_demo,synthetic lagged rainfall response,True
2010-04-23,OUTLET,0.15219,synthetic_demo,synthetic lagged rainfall response,True
2010-04-24,OUTLET,0.15864,synthetic_demo,synthetic lagged rainfall response,True
2010-04-25,OUTLET,0.16201,synthetic_demo,synthetic lagged rainfall response,True
2010-04-26,OUTLET,0.13145,synthetic_demo,synthetic lagged rainfall response,True
2010-04-27,OUTLET,0.14663,synthetic_demo,synthetic lagged rainfall response,True
2010-04-28,OUTLET,0.13884,synthetic_demo,synthetic lagged rainfall response,True
2010-04-29,OUTLET,0.12472,synthetic_demo,synthetic lagged rainfall response,True
2010-04-30,OUTLET,0.14366,synthetic_demo,synthetic lagged rainfall response,True
2010-05-01,OUTLET,0.12796,synthetic_demo,synthetic lagged rainfall response,True
2010-05-02,OUTLET,0.14177,synthetic_demo,synthetic lagged rainfall response,True
2010-05-03,OUTLET,0.13198,synthetic_demo,synthetic lagged rainfall response,True
2010-05-04,OUTLET,0.14132,synthetic_demo,synthetic lagged rainfall response,True
2010-05-05,OUTLET,0.14924,synthetic_demo,synthetic lagged rainfall response,True
2010-05-06,OUTLET,0.13464,synthetic_demo,synthetic lagged rainfall response,True
2010-05-07,OUTLET,0.13945,synthetic_demo,synthetic lagged rainfall response,True
2010-05-08,OUTLET,0.14422,synthetic_demo,synthetic lagged rainfall response,True
2010-05-09,OUTLET,0.13153,synthetic_demo,synthetic lagged rainfall response,True
2010-05-10,OUTLET,0.12593,synthetic_demo,synthetic lagged rainfall response,True
2010-05-11,OUTLET,0.12028,synthetic_demo,synthetic lagged rainfall response,True
2010-05-12,OUTLET,0.11493,synthetic_demo,synthetic lagged rainfall response,True
2010-05-13,OUTLET,0.12962,synthetic_demo,synthetic lagged rainfall response,True
2010-05-14,OUTLET,0.11766,synthetic_demo,synthetic lagged rainfall response,True
2010-05-15,OUTLET,0.13277,synthetic_demo,synthetic lagged rainfall response,True
2010-05-16,OUTLET,0.12401,synthetic_demo,synthetic lagged rainfall response,True
2010-05-17,OUTLET,0.126,synthetic_demo,synthetic lagged rainfall response,True
2010-05-18,OUTLET,0.15564,synthetic_demo,synthetic lagged rainfall response,True
2010-05-19,OUTLET,0.15939,synthetic_demo,synthetic lagged rainfall response,True
2010-05-20,OUTLET,0.15217,synthetic_demo,synthetic lagged rainfall response,True
2010-05-21,OUTLET,0.13231,synthetic_demo,synthetic lagged rainfall response,True
2010-05-22,OUTLET,0.13835,synthetic_demo,synthetic lagged rainfall response,True
2010-05-23,OUTLET,0.14572,synthetic_demo,synthetic lagged rainfall response,True
2010-05-24,OUTLET,0.15104,synthetic_demo,synthetic lagged rainfall response,True
2010-05-25,OUTLET,0.15534,synthetic_demo,synthetic lagged rainfall response,True
2010-05-26,OUTLET,0.1339,synthetic_demo,synthetic lagged rainfall response,True
2010-05-27,OUTLET,0.14169,synthetic_demo,synthetic lagged rainfall response,True
2010-05-28,OUTLET,0.15206,synthetic_demo,synthetic lagged rainfall response,True
2010-05-29,OUTLET,0.14231,synthetic_demo,synthetic lagged rainfall response,True
2010-05-30,OUTLET,0.12663,synthetic_demo,synthetic lagged rainfall response,True
2010-05-31,OUTLET,0.11294,synthetic_demo,synthetic lagged rainfall response,True
2010-06-01,OUTLET,0.12736,synthetic_demo,synthetic lagged rainfall response,True
2010-06-02,OUTLET,0.11338,synthetic_demo,synthetic lagged rainfall response,True
2010-06-03,OUTLET,0.1323,synthetic_demo,synthetic lagged rainfall response,True
2010-06-04,OUTLET,0.13569,synthetic_demo,synthetic lagged rainfall response,True
2010-06-05,OUTLET,0.11494,synthetic_demo,synthetic lagged rainfall response,True
2010-06-06,OUTLET,0.12488,synthetic_demo,synthetic lagged rainfall response,True
2010-06-07,OUTLET,0.10663,synthetic_demo,synthetic lagged rainfall response,True
2010-06-08,OUTLET,0.13398,synthetic_demo,synthetic lagged rainfall response,True
2010-06-09,OUTLET,0.14126,synthetic_demo,synthetic lagged rainfall response,True
2010-06-10,OUTLET,0.11026,synthetic_demo,synthetic lagged rainfall response,True
2010-06-11,OUTLET,0.12338,synthetic_demo,synthetic lagged rainfall response,True
2010-06-12,OUTLET,0.14221,synthetic_demo,synthetic lagged rainfall response,True
2010-06-13,OUTLET,0.12056,synthetic_demo,synthetic lagged rainfall response,True
2010-06-14,OUTLET,0.14196,synthetic_demo,synthetic lagged rainfall response,True
2010-06-15,OUTLET,0.13122,synthetic_demo,synthetic lagged rainfall response,True
2010-06-16,OUTLET,0.12965,synthetic_demo,synthetic lagged rainfall response,True
2010-06-17,OUTLET,0.16294,synthetic_demo,synthetic lagged rainfall response,True
2010-06-18,OUTLET,0.15786,synthetic_demo,synthetic lagged rainfall response,True
2010-06-19,OUTLET,0.13792,synthetic_demo,synthetic lagged rainfall response,True
2010-06-20,OUTLET,0.14986,synthetic_demo,synthetic lagged rainfall response,True
2010-06-21,OUTLET,0.11696,synthetic_demo,synthetic lagged rainfall response,True
2010-06-22,OUTLET,0.13395,synthetic_demo,synthetic lagged rainfall response,True
2010-06-23,OUTLET,0.12334,synthetic_demo,synthetic lagged rainfall response,True
2010-06-24,OUTLET,0.13353,synthetic_demo,synthetic lagged rainfall response,True
2010-06-25,OUTLET,0.15727,synthetic_demo,synthetic lagged rainfall response,True
2010-06-26,OUTLET,0.13143,synthetic_demo,synthetic lagged rainfall response,True
2010-06-27,OUTLET,0.12539,synthetic_demo,synthetic lagged rainfall response,True
2010-06-28,OUTLET,0.13877,synthetic_demo,synthetic lagged rainfall response,True
2010-06-29,OUTLET,0.12822,synthetic_demo,synthetic lagged rainfall response,True
2010-06-30,OUTLET,0.13858,synthetic_demo,synthetic lagged rainfall response,True
2010-07-01,OUTLET,0.14757,synthetic_demo,synthetic lagged rainfall response,True
2010-07-02,OUTLET,0.10536,synthetic_demo,synthetic lagged rainfall response,True
2010-07-03,OUTLET,0.12044,synthetic_demo,synthetic lagged rainfall response,True
2010-07-04,OUTLET,0.15517,synthetic_demo,synthetic lagged rainfall response,True
2010-07-05,OUTLET,0.11513,synthetic_demo,synthetic lagged rainfall response,True
2010-07-06,OUTLET,0.11879,synthetic_demo,synthetic lagged rainfall response,True
2010-07-07,OUTLET,0.13177,synthetic_demo,synthetic lagged rainfall response,True
2010-07-08,OUTLET,0.13288,synthetic_demo,synthetic lagged rainfall response,True
2010-07-09,OUTLET,0.12886,synthetic_demo,synthetic lagged rainfall response,True
2010-07-10,OUTLET,0.13407,synthetic_demo,synthetic lagged rainfall response,True
2010-07-11,OUTLET,0.17457,synthetic_demo,synthetic lagged rainfall response,True
2010-07-12,OUTLET,0.18672,synthetic_demo,synthetic lagged rainfall response,True
2010-07-13,OUTLET,0.19623,synthetic_demo,synthetic lagged rainfall response,True
2010-07-14,OUTLET,0.20553,synthetic_demo,synthetic lagged rainfall response,True
2010-07-15,OUTLET,0.18561,synthetic_demo,synthetic lagged rainfall response,True
2010-07-16,OUTLET,0.20882,synthetic_demo,synthetic lagged rainfall response,True
2010-07-17,OUTLET,0.1996,synthetic_demo,synthetic lagged rainfall response,True
2010-07-18,OUTLET,0.2018,synthetic_demo,synthetic lagged rainfall response,True
2010-07-19,OUTLET,0.1913,synthetic_demo,synthetic lagged rainfall response,True
2010-07-20,OUTLET,0.23624,synthetic_demo,synthetic lagged rainfall response,True
2010-07-21,OUTLET,0.20702,synthetic_demo,synthetic lagged rainfall response,True
2010-07-22,OUTLET,0.19458,synthetic_demo,synthetic lagged rainfall response,True
2010-07-23,OUTLET,0.18137,synthetic_demo,synthetic lagged rainfall response,True
2010-07-24,OUTLET,0.18969,synthetic_demo,synthetic lagged rainfall response,True
2010-07-25,OUTLET,0.21092,synthetic_demo,synthetic lagged rainfall response,True
2010-07-26,OUTLET,0.18584,synthetic_demo,synthetic lagged rainfall response,True
2010-07-27,OUTLET,0.20515,synthetic_demo,synthetic lagged rainfall response,True
2010-07-28,OUTLET,0.19638,synthetic_demo,synthetic lagged rainfall response,True
2010-07-29,OUTLET,0.20213,synthetic_demo,synthetic lagged rainfall response,True
2010-07-30,OUTLET,0.20822,synthetic_demo,synthetic lagged rainfall response,True
2010-07-31,OUTLET,0.19267,synthetic_demo,synthetic lagged rainfall response,True
2010-08-01,OUTLET,0.17206,synthetic_demo,synthetic lagged rainfall response,True
2010-08-02,OUTLET,0.1792,synthetic_demo,synthetic lagged rainfall response,True
2010-08-03,OUTLET,0.21778,synthetic_demo,synthetic lagged rainfall response,True
2010-08-04,OUTLET,0.20209,synthetic_demo,synthetic lagged rainfall response,True
2010-08-05,OUTLET,0.19703,synthetic_demo,synthetic lagged rainfall response,True
2010-08-06,OUTLET,0.21422,synthetic_demo,synthetic lagged rainfall response,True
2010-08-07,OUTLET,0.22405,synthetic_demo,synthetic lagged rainfall response,True
2010-08-08,OUTLET,0.21469,synthetic_demo,synthetic lagged rainfall response,True
2010-08-09,OUTLET,0.22668,synthetic_demo,synthetic lagged rainfall response,True
2010-08-10,OUTLET,0.23924,synthetic_demo,synthetic lagged rainfall response,True
2010-08-11,OUTLET,0.22919,synthetic_demo,synthetic lagged rainfall response,True
2010-08-12,OUTLET,0.25469,synthetic_demo,synthetic lagged rainfall response,True
2010-08-13,OUTLET,0.24652,synthetic_demo,synthetic lagged rainfall response,True
2010-08-14,OUTLET,0.23301,synthetic_demo,synthetic lagged rainfall response,True
2010-08-15,OUTLET,0.22303,synthetic_demo,synthetic lagged rainfall response,True
2010-08-16,OUTLET,0.24074,synthetic_demo,synthetic lagged rainfall response,True
2010-08-17,OUTLET,0.25075,synthetic_demo,synthetic lagged rainfall response,True
2010-08-18,OUTLET,0.23142,synthetic_demo,synthetic lagged rainfall response,True
2010-08-19,OUTLET,0.24758,synthetic_demo,synthetic lagged rainfall response,True
2010-08-20,OUTLET,0.28744,synthetic_demo,synthetic lagged rainfall response,True
2010-08-21,OUTLET,0.32038,synthetic_demo,synthetic lagged rainfall response,True
2010-08-22,OUTLET,0.32255,synthetic_demo,synthetic lagged rainfall response,True
2010-08-23,OUTLET,0.31825,synthetic_demo,synthetic lagged rainfall response,True
2010-08-24,OUTLET,0.31407,synthetic_demo,synthetic lagged rainfall response,True
2010-08-25,OUTLET,0.2781,synthetic_demo,synthetic lagged rainfall response,True
2010-08-26,OUTLET,0.28208,synthetic_demo,synthetic lagged rainfall response,True
2010-08-27,OUTLET,0.30239,synthetic_demo,synthetic lagged rainfall response,True
2010-08-28,OUTLET,0.33605,synthetic_demo,synthetic lagged rainfall response,True
2010-08-29,OUTLET,0.32866,synthetic_demo,synthetic lagged rainfall response,True
2010-08-30,OUTLET,0.33324,synthetic_demo,synthetic lagged rainfall response,True
2010-08-31,OUTLET,0.31758,synthetic_demo,synthetic lagged rainfall response,True
2010-09-01,OUTLET,0.29705,synthetic_demo,synthetic lagged rainfall response,True
2010-09-02,OUTLET,0.3026,synthetic_demo,synthetic lagged rainfall response,True
2010-09-03,OUTLET,0.3125,synthetic_demo,synthetic lagged rainfall response,True
2010-09-04,OUTLET,0.34818,synthetic_demo,synthetic lagged rainfall response,True
2010-09-05,OUTLET,0.32787,synthetic_demo,synthetic lagged rainfall response,True
2010-09-06,OUTLET,0.32579,synthetic_demo,synthetic lagged rainfall response,True
2010-09-07,OUTLET,0.37902,synthetic_demo,synthetic lagged rainfall response,True
2010-09-08,OUTLET,0.38258,synthetic_demo,synthetic lagged rainfall response,True
2010-09-09,OUTLET,0.40604,synthetic_demo,synthetic lagged rainfall response,True
2010-09-10,OUTLET,0.39137,synthetic_demo,synthetic lagged rainfall response,True
2010-09-11,OUTLET,0.38608,synthetic_demo,synthetic lagged rainfall response,True
2010-09-12,OUTLET,0.39966,synthetic_demo,synthetic lagged rainfall response,True
2010-09-13,OUTLET,0.43915,synthetic_demo,synthetic lagged rainfall response,True
2010-09-14,OUTLET,0.43186,synthetic_demo,synthetic lagged rainfall response,True
2010-09-15,OUTLET,0.43828,synthetic_demo,synthetic lagged rainfall response,True
2010-09-16,OUTLET,0.42903,synthetic_demo,synthetic lagged rainfall response,True
2010-09-17,OUTLET,0.42087,synthetic_demo,synthetic lagged rainfall response,True
2010-09-18,OUTLET,0.44427,synthetic_demo,synthetic lagged rainfall response,True
2010-09-19,OUTLET,0.43444,synthetic_demo,synthetic lagged rainfall response,True
2010-09-20,OUTLET,0.46809,synthetic_demo,synthetic lagged rainfall response,True
2010-09-21,OUTLET,0.45621,synthetic_demo,synthetic lagged rainfall response,True
2010-09-22,OUTLET,0.42556,synthetic_demo,synthetic lagged rainfall response,True
2010-09-23,OUTLET,0.43432,synthetic_demo,synthetic lagged rainfall response,True
2010-09-24,OUTLET,0.44216,synthetic_demo,synthetic lagged rainfall response,True
2010-09-25,OUTLET,0.46386,synthetic_demo,synthetic lagged rainfall response,True
2010-09-26,OUTLET,0.47226,synthetic_demo,synthetic lagged rainfall response,True
2010-09-27,OUTLET,0.47033,synthetic_demo,synthetic lagged rainfall response,True
2010-09-28,OUTLET,0.49995,synthetic_demo,synthetic lagged rainfall response,True
2010-09-29,OUTLET,0.50144,synthetic_demo,synthetic lagged rainfall response,True
2010-09-30,OUTLET,0.49202,synthetic_demo,synthetic lagged rainfall response,True
2010-10-01,OUTLET,0.50004,synthetic_demo,synthetic lagged rainfall response,True
2010-10-02,OUTLET,0.48163,synthetic_demo,synthetic lagged rainfall response,True
2010-10-03,OUTLET,0.49622,synthetic_demo,synthetic lagged rainfall response,True
2010-10-04,OUTLET,0.47698,synthetic_demo,synthetic lagged rainfall response,True
2010-10-05,OUTLET,0.48744,synthetic_demo,synthetic lagged rainfall response,True
2010-10-06,OUTLET,0.47826,synthetic_demo,synthetic lagged rainfall response,True
2010-10-07,OUTLET,0.4863,synthetic_demo,synthetic lagged rainfall response,True
2010-10-08,OUTLET,0.46677,synthetic_demo,synthetic lagged rainfall response,True
2010-10-09,OUTLET,0.46152,synthetic_demo,synthetic lagged rainfall response,True
2010-10-10,OUTLET,0.46307,synthetic_demo,synthetic lagged rainfall response,True
2010-10-11,OUTLET,0.45695,synthetic_demo,synthetic lagged rainfall response,True
2010-10-12,OUTLET,0.44153,synthetic_demo,synthetic lagged rainfall response,True
2010-10-13,OUTLET,0.44193,synthetic_demo,synthetic lagged rainfall response,True
2010-10-14,OUTLET,0.4229,synthetic_demo,synthetic lagged rainfall response,True
2010-10-15,OUTLET,0.46633,synthetic_demo,synthetic lagged rainfall response,True
2010-10-16,OUTLET,0.45121,synthetic_demo,synthetic lagged rainfall response,True
2010-10-17,OUTLET,0.43426,synthetic_demo,synthetic lagged rainfall response,True
2010-10-18,OUTLET,0.45367,synthetic_demo,synthetic lagged rainfall response,True
2010-10-19,OUTLET,0.44347,synthetic_demo,synthetic lagged rainfall response,True
2010-10-20,OUTLET,0.41756,synthetic_demo,synthetic lagged rainfall response,True
2010-10-21,OUTLET,0.46019,synthetic_demo,synthetic lagged rainfall response,True
2010-10-22,OUTLET,0.38266,synthetic_demo,synthetic lagged rainfall response,True
2010-10-23,OUTLET,0.41455,synthetic_demo,synthetic lagged rainfall response,True
2010-10-24,OUTLET,0.40513,synthetic_demo,synthetic lagged rainfall response,True
2010-10-25,OUTLET,0.40339,synthetic_demo,synthetic lagged rainfall response,True
2010-10-26,OUTLET,0.4125,synthetic_demo,synthetic lagged rainfall response,True
2010-10-27,OUTLET,0.41797,synthetic_demo,synthetic lagged rainfall response,True
2010-10-28,OUTLET,0.39596,synthetic_demo,synthetic lagged rainfall response,True
2010-10-29,OUTLET,0.38602,synthetic_demo,synthetic lagged rainfall response,True
2010-10-30,OUTLET,0.39684,synthetic_demo,synthetic lagged rainfall response,True
2010-10-31,OUTLET,0.40748,synthetic_demo,synthetic lagged rainfall response,True
2010-11-01,OUTLET,0.36314,synthetic_demo,synthetic lagged rainfall response,True
2010-11-02,OUTLET,0.37606,synthetic_demo,synthetic lagged rainfall response,True
2010-11-03,OUTLET,0.3842,synthetic_demo,synthetic lagged rainfall response,True
2010-11-04,OUTLET,0.37937,synthetic_demo,synthetic lagged rainfall response,True
2010-11-05,OUTLET,0.35303,synthetic_demo,synthetic lagged rainfall response,True
2010-11-06,OUTLET,0.37378,synthetic_demo,synthetic lagged rainfall response,True
2010-11-07,OUTLET,0.3849,synthetic_demo,synthetic lagged rainfall response,True
2010-11-08,OUTLET,0.34927,synthetic_demo,synthetic lagged rainfall response,True
2010-11-09,OUTLET,0.36133,synthetic_demo,synthetic lagged rainfall response,True
2010-11-10,OUTLET,0.34971,synthetic_demo,synthetic lagged rainfall response,True
2010-11-11,OUTLET,0.39342,synthetic_demo,synthetic lagged rainfall response,True
2010-11-12,OUTLET,0.39164,synthetic_demo,synthetic lagged rainfall response,True
2010-11-13,OUTLET,0.38022,synthetic_demo,synthetic lagged rainfall response,True
2010-11-14,OUTLET,0.37412,synthetic_demo,synthetic lagged rainfall response,True
2010-11-15,OUTLET,0.36129,synthetic_demo,synthetic lagged rainfall response,True
2010-11-16,OUTLET,0.37423,synthetic_demo,synthetic lagged rainfall response,True
2010-11-17,OUTLET,0.4009,synthetic_demo,synthetic lagged rainfall response,True
2010-11-18,OUTLET,0.40896,synthetic_demo,synthetic lagged rainfall response,True
2010-11-19,OUTLET,0.40122,synthetic_demo,synthetic lagged rainfall response,True
2010-11-20,OUTLET,0.41098,synthetic_demo,synthetic lagged rainfall response,True
2010-11-21,OUTLET,0.38998,synthetic_demo,synthetic lagged rainfall response,True
2010-11-22,OUTLET,0.42731,synthetic_demo,synthetic lagged rainfall response,True
2010-11-23,OUTLET,0.40895,synthetic_demo,synthetic lagged rainfall response,True
2010-11-24,OUTLET,0.41257,synthetic_demo,synthetic lagged rainfall response,True
2010-11-25,OUTLET,0.41611,synthetic_demo,synthetic lagged rainfall response,True
2010-11-26,OUTLET,0.42357,synthetic_demo,synthetic lagged rainfall response,True
2010-11-27,OUTLET,0.40339,synthetic_demo,synthetic lagged rainfall response,True
2010-11-28,OUTLET,0.41644,synthetic_demo,synthetic lagged rainfall response,True
2010-11-29,OUTLET,0.39281,synthetic_demo,synthetic lagged rainfall response,True
2010-11-30,OUTLET,0.41837,synthetic_demo,synthetic lagged rainfall response,True
2010-12-01,OUTLET,0.40803,synthetic_demo,synthetic lagged rainfall response,True
2010-12-02,OUTLET,0.43272,synthetic_demo,synthetic lagged rainfall response,True
2010-12-03,OUTLET,0.43911,synthetic_demo,synthetic lagged rainfall response,True
2010-12-04,OUTLET,0.42837,synthetic_demo,synthetic lagged rainfall response,True
2010-12-05,OUTLET,0.42783,synthetic_demo,synthetic lagged rainfall response,True
2010-12-06,OUTLET,0.42974,synthetic_demo,synthetic lagged rainfall response,True
2010-12-07,OUTLET,0.43923,synthetic_demo,synthetic lagged rainfall response,True
2010-12-08,OUTLET,0.4434,synthetic_demo,synthetic lagged rainfall response,True
2010-12-09,OUTLET,0.42805,synthetic_demo,synthetic lagged rainfall response,True
2010-12-10,OUTLET,0.42253,synthetic_demo,synthetic lagged rainfall response,True
2010-12-11,OUTLET,0.45534,synthetic_demo,synthetic lagged rainfall response,True
2010-12-12,OUTLET,0.4511,synthetic_demo,synthetic lagged rainfall response,True
2010-12-13,OUTLET,0.44278,synthetic_demo,synthetic lagged rainfall response,True
2010-12-14,OUTLET,0.43516,synthetic_demo,synthetic lagged rainfall response,True
2010-12-15,OUTLET,0.42057,synthetic_demo,synthetic lagged rainfall response,True
2010-12-16,OUTLET,0.4291,synthetic_demo,synthetic lagged rainfall response,True
2010-12-17,OUTLET,0.44516,synthetic_demo,synthetic lagged rainfall response,True
2010-12-18,OUTLET,0.44174,synthetic_demo,synthetic lagged rainfall response,True
2010-12-19,OUTLET,0.43493,synthetic_demo,synthetic lagged rainfall response,True
2010-12-20,OUTLET,0.44605,synthetic_demo,synthetic lagged rainfall response,True
2010-12-21,OUTLET,0.43406,synthetic_demo,synthetic lagged rainfall response,True
2010-12-22,OUTLET,0.4225,synthetic_demo,synthetic lagged rainfall response,True
2010-12-23,OUTLET,0.43699,synthetic_demo,synthetic lagged rainfall response,True
2010-12-24,OUTLET,0.42335,synthetic_demo,synthetic lagged rainfall response,True
2010-12-25,OUTLET,0.41047,synthetic_demo,synthetic lagged rainfall response,True
2010-12-26,OUTLET,0.43006,synthetic_demo,synthetic lagged rainfall response,True
2010-12-27,OUTLET,0.41375,synthetic_demo,synthetic lagged rainfall response,True
2010-12-28,OUTLET,0.41513,synthetic_demo,synthetic lagged rainfall response,True
2010-12-29,OUTLET,0.38456,synthetic_demo,synthetic lagged rainfall response,True
2010-12-30,OUTLET,0.41036,synthetic_demo,synthetic lagged rainfall response,True
2010-12-31,OUTLET,0.38467,synthetic_demo,synthetic lagged rainfall response,True
2011-01-01,OUTLET,0.33724,synthetic_demo,synthetic lagged rainfall response,True
2011-01-02,OUTLET,0.3641,synthetic_demo,synthetic lagged rainfall response,True
2011-01-03,OUTLET,0.34522,synthetic_demo,synthetic lagged rainfall response,True
2011-01-04,OUTLET,0.34951,synthetic_demo,synthetic lagged rainfall response,True
2011-01-05,OUTLET,0.34606,synthetic_demo,synthetic lagged rainfall response,True
2011-01-06,OUTLET,0.3448,synthetic_demo,synthetic lagged rainfall response,True
2011-01-07,OUTLET,0.33348,synthetic_demo,synthetic lagged rainfall response,True
2011-01-08,OUTLET,0.33132,synthetic_demo,synthetic lagged rainfall response,True
2011-01-09,OUTLET,0.3353,synthetic_demo,synthetic lagged rainfall response,True
2011-01-10,OUTLET,0.32996,synthetic_demo,synthetic lagged rainfall response,True
2011-01-11,OUTLET,0.34009,synthetic_demo,synthetic lagged rainfall response,True
2011-01-12,OUTLET,0.31216,synthetic_demo,synthetic lagged rainfall response,True
2011-01-13,OUTLET,0.30355,synthetic_demo,synthetic lagged rainfall response,True
2011-01-14,OUTLET,0.3119,synthetic_demo,synthetic lagged rainfall response,True
2011-01-15,OUTLET,0.30321,synthetic_demo,synthetic lagged rainfall response,True
2011-01-16,OUTLET,0.29029,synthetic_demo,synthetic lagged rainfall response,True
2011-01-17,OUTLET,0.30119,synthetic_demo,synthetic lagged rainfall response,True
2011-01-18,OUTLET,0.30396,synthetic_demo,synthetic lagged rainfall response,True
2011-01-19,OUTLET,0.30247,synthetic_demo,synthetic lagged rainfall response,True
2011-01-20,OUTLET,0.3318,synthetic_demo,synthetic lagged rainfall response,True
2011-01-21,OUTLET,0.2912,synthetic_demo,synthetic lagged rainfall response,True
2011-01-22,OUTLET,0.28403,synthetic_demo,synthetic lagged rainfall response,True
2011-01-23,OUTLET,0.27497,synthetic_demo,synthetic lagged rainfall response,True
2011-01-24,OUTLET,0.28218,synthetic_demo,synthetic lagged rainfall response,True
2011-01-25,OUTLET,0.29461,synthetic_demo,synthetic lagged rainfall response,True
2011-01-26,OUTLET,0.28667,synthetic_demo,synthetic lagged rainfall response,True
2011-01-27,OUTLET,0.2755,synthetic_demo,synthetic lagged rainfall response,True
2011-01-28,OUTLET,0.27636,synthetic_demo,synthetic lagged rainfall response,True
2011-01-29,OUTLET,0.28643,synthetic_demo,synthetic lagged rainfall response,True
2011-01-30,OUTLET,0.27094,synthetic_demo,synthetic lagged rainfall response,True
2011-01-31,OUTLET,0.27332,synthetic_demo,synthetic lagged rainfall response,True
2011-02-01,OUTLET,0.28999,synthetic_demo,synthetic lagged rainfall response,True
2011-02-02,OUTLET,0.28433,synthetic_demo,synthetic lagged rainfall response,True
2011-02-03,OUTLET,0.2612,synthetic_demo,synthetic lagged rainfall response,True
2011-02-04,OUTLET,0.24895,synthetic_demo,synthetic lagged rainfall response,True
2011-02-05,OUTLET,0.26466,synthetic_demo,synthetic lagged rainfall response,True
2011-02-06,OUTLET,0.27418,synthetic_demo,synthetic lagged rainfall response,True
2011-02-07,OUTLET,0.26445,synthetic_demo,synthetic lagged rainfall response,True
2011-02-08,OUTLET,0.28966,synthetic_demo,synthetic lagged rainfall response,True
2011-02-09,OUTLET,0.28298,synthetic_demo,synthetic lagged rainfall response,True
2011-02-10,OUTLET,0.27005,synthetic_demo,synthetic lagged rainfall response,True
2011-02-11,OUTLET,0.25724,synthetic_demo,synthetic lagged rainfall response,True
2011-02-12,OUTLET,0.26698,synthetic_demo,synthetic lagged rainfall response,True
2011-02-13,OUTLET,0.27391,synthetic_demo,synthetic lagged rainfall response,True
2011-02-14,OUTLET,0.25979,synthetic_demo,synthetic lagged rainfall response,True
2011-02-15,OUTLET,0.26218,synthetic_demo,synthetic lagged rainfall response,True
2011-02-16,OUTLET,0.23111,synthetic_demo,synthetic lagged rainfall response,True
2011-02-17,OUTLET,0.25023,synthetic_demo,synthetic lagged rainfall response,True
2011-02-18,OUTLET,0.24255,synthetic_demo,synthetic lagged rainfall response,True
2011-02-19,OUTLET,0.23459,synthetic_demo,synthetic lagged rainfall response,True
2011-02-20,OUTLET,0.23036,synthetic_demo,synthetic lagged rainfall response,True
2011-02-21,OUTLET,0.24698,synthetic_demo,synthetic lagged rainfall response,True
2011-02-22,OUTLET,0.24739,synthetic_demo,synthetic lagged rainfall response,True
2011-02-23,OUTLET,0.24732,synthetic_demo,synthetic lagged rainfall response,True
2011-02-24,OUTLET,0.23394,synthetic_demo,synthetic lagged rainfall response,True
2011-02-25,OUTLET,0.22751,synthetic_demo,synthetic lagged rainfall response,True
2011-02-26,OUTLET,0.23409,synthetic_demo,synthetic lagged rainfall response,True
2011-02-27,OUTLET,0.22771,synthetic_demo,synthetic lagged rainfall response,True
2011-02-28,OUTLET,0.24945,synthetic_demo,synthetic lagged rainfall response,True
2011-03-01,OUTLET,0.26859,synthetic_demo,synthetic lagged rainfall response,True
2011-03-02,OUTLET,0.2582,synthetic_demo,synthetic lagged rainfall response,True
2011-03-03,OUTLET,0.25343,synthetic_demo,synthetic lagged rainfall response,True
2011-03-04,OUTLET,0.25228,synthetic_demo,synthetic lagged rainfall response,True
2011-03-05,OUTLET,0.24009,synthetic_demo,synthetic lagged rainfall response,True
2011-03-06,OUTLET,0.24753,synthetic_demo,synthetic lagged rainfall response,True
2011-03-07,OUTLET,0.23184,synthetic_demo,synthetic lagged rainfall response,True
2011-03-08,OUTLET,0.22858,synthetic_demo,synthetic lagged rainfall response,True
2011-03-09,OUTLET,0.25636,synthetic_demo,synthetic lagged rainfall response,True
2011-03-10,OUTLET,0.27676,synthetic_demo,synthetic lagged rainfall response,True
2011-03-11,OUTLET,0.24367,synthetic_demo,synthetic lagged rainfall response,True
2011-03-12,OUTLET,0.21811,synthetic_demo,synthetic lagged rainfall response,True
2011-03-13,OUTLET,0.24176,synthetic_demo,synthetic lagged rainfall response,True
2011-03-14,OUTLET,0.23316,synthetic_demo,synthetic lagged rainfall response,True
2011-03-15,OUTLET,0.20343,synthetic_demo,synthetic lagged rainfall response,True
2011-03-16,OUTLET,0.22287,synthetic_demo,synthetic lagged rainfall response,True
2011-03-17,OUTLET,0.23906,synthetic_demo,synthetic lagged rainfall response,True
2011-03-18,OUTLET,0.26174,synthetic_demo,synthetic lagged rainfall response,True
2011-03-19,OUTLET,0.25422,synthetic_demo,synthetic lagged rainfall response,True
2011-03-20,OUTLET,0.25416,synthetic_demo,synthetic lagged rainfall response,True
2011-03-21,OUTLET,0.24155,synthetic_demo,synthetic lagged rainfall response,True
2011-03-22,OUTLET,0.2569,synthetic_demo,synthetic lagged rainfall response,True
2011-03-23,OUTLET,0.25075,synthetic_demo,synthetic lagged rainfall response,True
2011-03-24,OUTLET,0.23641,synthetic_demo,synthetic lagged rainfall response,True
2011-03-25,OUTLET,0.27068,synthetic_demo,synthetic lagged rainfall response,True
2011-03-26,OUTLET,0.24487,synthetic_demo,synthetic lagged rainfall response,True
2011-03-27,OUTLET,0.2284,synthetic_demo,synthetic lagged rainfall response,True
2011-03-28,OUTLET,0.21252,synthetic_demo,synthetic lagged rainfall response,True
2011-03-29,OUTLET,0.22551,synthetic_demo,synthetic lagged rainfall response,True
2011-03-30,OUTLET,0.22646,synthetic_demo,synthetic lagged rainfall response,True
2011-03-31,OUTLET,0.23164,synthetic_demo,synthetic lagged rainfall response,True
2011-04-01,OUTLET,0.23071,synthetic_demo,synthetic lagged rainfall response,True
2011-04-02,OUTLET,0.23416,synthetic_demo,synthetic lagged rainfall response,True
2011-04-03,OUTLET,0.23064,synthetic_demo,synthetic lagged rainfall response,True
2011-04-04,OUTLET,0.21416,synthetic_demo,synthetic lagged rainfall response,True
2011-04-05,OUTLET,0.2033,synthetic_demo,synthetic lagged rainfall response,True
2011-04-06,OUTLET,0.22306,synthetic_demo,synthetic lagged rainfall response,True
2011-04-07,OUTLET,0.22541,synthetic_demo,synthetic lagged rainfall response,True
2011-04-08,OUTLET,0.21871,synthetic_demo,synthetic lagged rainfall response,True
2011-04-09,OUTLET,0.20156,synthetic_demo,synthetic lagged rainfall response,True
2011-04-10,OUTLET,0.20292,synthetic_demo,synthetic lagged rainfall response,True
2011-04-11,OUTLET,0.21783,synthetic_demo,synthetic lagged rainfall response,True
2011-04-12,OUTLET,0.21539,synthetic_demo,synthetic lagged rainfall response,True
2011-04-13,OUTLET,0.23523,synthetic_demo,synthetic lagged rainfall response,True
2011-04-14,OUTLET,0.24798,synthetic_demo,synthetic lagged rainfall response,True
2011-04-15,OUTLET,0.2603,synthetic_demo,synthetic lagged rainfall response,True
2011-04-16,OUTLET,0.27204,synthetic_demo,synthetic lagged rainfall response,True
2011-04-17,OUTLET,0.27273,synthetic_demo,synthetic lagged rainfall response,True
2011-04-18,OUTLET,0.27085,synthetic_demo,synthetic lagged rainfall response,True
2011-04-19,OUTLET,0.28783,synthetic_demo,synthetic lagged rainfall response,True
2011-04-20,OUTLET,0.28421,synthetic_demo,synthetic lagged rainfall response,True
2011-04-21,OUTLET,0.27652,synthetic_demo,synthetic lagged rainfall response,True
2011-04-22,OUTLET,0.28106,synthetic_demo,synthetic lagged rainfall response,True
2011-04-23,OUTLET,0.29357,synthetic_demo,synthetic lagged rainfall response,True
2011-04-24,OUTLET,0.28248,synthetic_demo,synthetic lagged rainfall response,True
2011-04-25,OUTLET,0.27143,synthetic_demo,synthetic lagged rainfall response,True
2011-04-26,OUTLET,0.29792,synthetic_demo,synthetic lagged rainfall response,True
2011-04-27,OUTLET,0.28929,synthetic_demo,synthetic lagged rainfall response,True
2011-04-28,OUTLET,0.27516,synthetic_demo,synthetic lagged rainfall response,True
2011-04-29,OUTLET,0.26793,synthetic_demo,synthetic lagged rainfall response,True
2011-04-30,OUTLET,0.29837,synthetic_demo,synthetic lagged rainfall response,True
2011-05-01,OUTLET,0.24788,synthetic_demo,synthetic lagged rainfall response,True
2011-05-02,OUTLET,0.25816,synthetic_demo,synthetic lagged rainfall response,True
2011-05-03,OUTLET,0.25269,synthetic_demo,synthetic lagged rainfall response,True
2011-05-04,OUTLET,0.26558,synthetic_demo,synthetic lagged rainfall response,True
2011-05-05,OUTLET,0.2319,synthetic_demo,synthetic lagged rainfall response,True
2011-05-06,OUTLET,0.24397,synthetic_demo,synthetic lagged rainfall response,True
2011-05-07,OUTLET,0.24172,synthetic_demo,synthetic lagged rainfall response,True
2011-05-08,OUTLET,0.29336,synthetic_demo,synthetic lagged rainfall response,True
2011-05-09,OUTLET,0.30171,synthetic_demo,synthetic lagged rainfall response,True
2011-05-10,OUTLET,0.28258,synthetic_demo,synthetic lagged rainfall response,True
2011-05-11,OUTLET,0.32767,synthetic_demo,synthetic lagged rainfall response,True
2011-05-12,OUTLET,0.31149,synthetic_demo,synthetic lagged rainfall response,True
2011-05-13,OUTLET,0.30294,synthetic_demo,synthetic lagged rainfall response,True
2011-05-14,OUTLET,0.29919,synthetic_demo,synthetic lagged rainfall response,True
2011-05-15,OUTLET,0.31921,synthetic_demo,synthetic lagged rainfall response,True
2011-05-16,OUTLET,0.28182,synthetic_demo,synthetic lagged rainfall response,True
2011-05-17,OUTLET,0.2769,synthetic_demo,synthetic lagged rainfall response,True
2011-05-18,OUTLET,0.29099,synthetic_demo,synthetic lagged rainfall response,True
2011-05-19,OUTLET,0.28132,synthetic_demo,synthetic lagged rainfall response,True
2011-05-20,OUTLET,0.26552,synthetic_demo,synthetic lagged rainfall response,True
2011-05-21,OUTLET,0.2847,synthetic_demo,synthetic lagged rainfall response,True
2011-05-22,OUTLET,0.28807,synthetic_demo,synthetic lagged rainfall response,True
2011-05-23,OUTLET,0.26354,synthetic_demo,synthetic lagged rainfall response,True
2011-05-24,OUTLET,0.27733,synthetic_demo,synthetic lagged rainfall response,True
2011-05-25,OUTLET,0.27421,synthetic_demo,synthetic lagged rainfall response,True
2011-05-26,OUTLET,0.26342,synthetic_demo,synthetic lagged rainfall response,True
2011-05-27,OUTLET,0.28427,synthetic_demo,synthetic lagged rainfall response,True
2011-05-28,OUTLET,0.26593,synthetic_demo,synthetic lagged rainfall response,True
2011-05-29,OUTLET,0.28274,synthetic_demo,synthetic lagged rainfall response,True
2011-05-30,OUTLET,0.22578,synthetic_demo,synthetic lagged rainfall response,True
2011-05-31,OUTLET,0.21443,synthetic_demo,synthetic lagged rainfall response,True
2011-06-01,OUTLET,0.23358,synthetic_demo,synthetic lagged rainfall response,True
2011-06-02,OUTLET,0.23491,synthetic_demo,synthetic lagged rainfall response,True
2011-06-03,OUTLET,0.22095,synthetic_demo,synthetic lagged rainfall response,True
2011-06-04,OUTLET,0.20493,synthetic_demo,synthetic lagged rainfall response,True
2011-06-05,OUTLET,0.20306,synthetic_demo,synthetic lagged rainfall response,True
2011-06-06,OUTLET,0.22299,synthetic_demo,synthetic lagged rainfall response,True
2011-06-07,OUTLET,0.21644,synthetic_demo,synthetic lagged rainfall response,True
2011-06-08,OUTLET,0.20824,synthetic_demo,synthetic lagged rainfall response,True
2011-06-09,OUTLET,0.21141,synthetic_demo,synthetic lagged rainfall response,True
2011-06-10,OUTLET,0.21468,synthetic_demo,synthetic lagged rainfall response,True
2011-06-11,OUTLET,0.21934,synthetic_demo,synthetic lagged rainfall response,True
2011-06-12,OUTLET,0.22224,synthetic_demo,synthetic lagged rainfall response,True
2011-06-13,OUTLET,0.21799,synthetic_demo,synthetic lagged rainfall response,True
2011-06-14,OUTLET,0.20514,synthetic_demo,synthetic lagged rainfall response,True
2011-06-15,OUTLET,0.19696,synthetic_demo,synthetic lagged rainfall response,True
2011-06-16,OUTLET,0.21794,synthetic_demo,synthetic lagged rainfall response,True
2011-06-17,OUTLET,0.22501,synthetic_demo,synthetic lagged rainfall response,True
2011-06-18,OUTLET,0.22275,synthetic_demo,synthetic lagged rainfall response,True
2011-06-19,OUTLET,0.21715,synthetic_demo,synthetic lagged rainfall response,True
2011-06-20,OUTLET,0.21451,synthetic_demo,synthetic lagged rainfall response,True
2011-06-21,OUTLET,0.21453,synthetic_demo,synthetic lagged rainfall response,True
2011-06-22,OUTLET,0.20092,synthetic_demo,synthetic lagged rainfall response,True
2011-06-23,OUTLET,0.21341,synthetic_demo,synthetic lagged rainfall response,True
2011-06-24,OUTLET,0.21675,synthetic_demo,synthetic lagged rainfall response,True
2011-06-25,OUTLET,0.17658,synthetic_demo,synthetic lagged rainfall response,True
2011-06-26,OUTLET,0.19586,synthetic_demo,synthetic lagged rainfall response,True
2011-06-27,OUTLET,0.19192,synthetic_demo,synthetic lagged rainfall response,True
2011-06-28,OUTLET,0.186,synthetic_demo,synthetic lagged rainfall response,True
2011-06-29,OUTLET,0.21784,synthetic_demo,synthetic lagged rainfall response,True
2011-06-30,OUTLET,0.22521,synthetic_demo,synthetic lagged rainfall response,True
2011-07-01,OUTLET,0.21036,synthetic_demo,synthetic lagged rainfall response,True
2011-07-02,OUTLET,0.2007,synthetic_demo,synthetic lagged rainfall response,True
2011-07-03,OUTLET,0.21846,synthetic_demo,synthetic lagged rainfall response,True
2011-07-04,OUTLET,0.22011,synthetic_demo,synthetic lagged rainfall response,True
2011-07-05,OUTLET,0.2128,synthetic_demo,synthetic lagged rainfall response,True
2011-07-06,OUTLET,0.22264,synthetic_demo,synthetic lagged rainfall response,True
2011-07-07,OUTLET,0.22869,synthetic_demo,synthetic lagged rainfall response,True
2011-07-08,OUTLET,0.231,synthetic_demo,synthetic lagged rainfall response,True
2011-07-09,OUTLET,0.21952,synthetic_demo,synthetic lagged rainfall response,True
2011-07-10,OUTLET,0.23205,synthetic_demo,synthetic lagged rainfall response,True
2011-07-11,OUTLET,0.24447,synthetic_demo,synthetic lagged rainfall response,True
2011-07-12,OUTLET,0.29423,synthetic_demo,synthetic lagged rainfall response,True
2011-07-13,OUTLET,0.2776,synthetic_demo,synthetic lagged rainfall response,True
2011-07-14,OUTLET,0.29068,synthetic_demo,synthetic lagged rainfall response,True
2011-07-15,OUTLET,0.27984,synthetic_demo,synthetic lagged rainfall response,True
2011-07-16,OUTLET,0.30145,synthetic_demo,synthetic lagged rainfall response,True
2011-07-17,OUTLET,0.29718,synthetic_demo,synthetic lagged rainfall response,True
2011-07-18,OUTLET,0.30362,synthetic_demo,synthetic lagged rainfall response,True
2011-07-19,OUTLET,0.30714,synthetic_demo,synthetic lagged rainfall response,True
2011-07-20,OUTLET,0.29909,synthetic_demo,synthetic lagged rainfall response,True
2011-07-21,OUTLET,0.2795,synthetic_demo,synthetic lagged rainfall response,True
2011-07-22,OUTLET,0.29442,synthetic_demo,synthetic lagged rainfall response,True
2011-07-23,OUTLET,0.27835,synthetic_demo,synthetic lagged rainfall response,True
2011-07-24,OUTLET,0.28266,synthetic_demo,synthetic lagged rainfall response,True
2011-07-25,OUTLET,0.27444,synthetic_demo,synthetic lagged rainfall response,True
2011-07-26,OUTLET,0.28099,synthetic_demo,synthetic lagged rainfall response,True
2011-07-27,OUTLET,0.28269,synthetic_demo,synthetic lagged rainfall response,True
2011-07-28,OUTLET,0.33815,synthetic_demo,synthetic lagged rainfall response,True
2011-07-29,OUTLET,0.342,synthetic_demo,synthetic lagged rainfall response,True
2011-07-30,OUTLET,0.34301,synthetic_demo,synthetic lagged rainfall response,True
2011-07-31,OUTLET,0.31319,synthetic_demo,synthetic lagged rainfall response,True
2011-08-01,OUTLET,0.33782,synthetic_demo,synthetic lagged rainfall response,True
2011-08-02,OUTLET,0.31612,synthetic_demo,synthetic lagged rainfall response,True
2011-08-03,OUTLET,0.34031,synthetic_demo,synthetic lagged rainfall response,True
2011-08-04,OUTLET,0.33652,synthetic_demo,synthetic lagged rainfall response,True
2011-08-05,OUTLET,0.32541,synthetic_demo,synthetic lagged rainfall response,True
2011-08-06,OUTLET,0.31174,synthetic_demo,synthetic lagged rainfall response,True
2011-08-07,OUTLET,0.31904,synthetic_demo,synthetic lagged rainfall response,True
2011-08-08,OUTLET,0.29761,synthetic_demo,synthetic lagged rainfall response,True
2011-08-09,OUTLET,0.34731,synthetic_demo,synthetic lagged rainfall response,True
2011-08-10,OUTLET,0.34037,synthetic_demo,synthetic lagged rainfall response,True
2011-08-11,OUTLET,0.31592,synthetic_demo,synthetic lagged rainfall response,True
2011-08-12,OUTLET,0.32788,synthetic_demo,synthetic lagged rainfall response,True
2011-08-13,OUTLET,0.34006,synthetic_demo,synthetic lagged rainfall response,True
2011-08-14,OUTLET,0.29362,synthetic_demo,synthetic lagged rainfall response,True
2011-08-15,OUTLET,0.29282,synthetic_demo,synthetic lagged rainfall response,True
2011-08-16,OUTLET,0.30379,synthetic_demo,synthetic lagged rainfall response,True
2011-08-17,OUTLET,0.28661,synthetic_demo,synthetic lagged rainfall response,True
2011-08-18,OUTLET,0.31493,synthetic_demo,synthetic lagged rainfall response,True
2011-08-19,OUTLET,0.32807,synthetic_demo,synthetic lagged rainfall response,True
2011-08-20,OUTLET,0.29619,synthetic_demo,synthetic lagged rainfall response,True
2011-08-21,OUTLET,0.33864,synthetic_demo,synthetic lagged rainfall response,True
2011-08-22,OUTLET,0.3472,synthetic_demo,synthetic lagged rainfall response,True
2011-08-23,OUTLET,0.37536,synthetic_demo,synthetic lagged rainfall response,True
2011-08-24,OUTLET,0.36177,synthetic_demo,synthetic lagged rainfall response,True
2011-08-25,OUTLET,0.39193,synthetic_demo,synthetic lagged rainfall response,True
2011-08-26,OUTLET,0.34884,synthetic_demo,synthetic lagged rainfall response,True
2011-08-27,OUTLET,0.34354,synthetic_demo,synthetic lagged rainfall response,True
2011-08-28,OUTLET,0.3498,synthetic_demo,synthetic lagged rainfall response,True
2011-08-29,OUTLET,0.35231,synthetic_demo,synthetic lagged rainfall response,True
2011-08-30,OUTLET,0.39,synthetic_demo,synthetic lagged rainfall response,True
2011-08-31,OUTLET,0.40129,synthetic_demo,synthetic lagged rainfall response,True
2011-09-01,OUTLET,0.3747,synthetic_demo,synthetic lagged rainfall response,True
2011-09-02,OUTLET,0.42664,synthetic_demo,synthetic lagged rainfall response,True
2011-09-03,OUTLET,0.44968,synthetic_demo,synthetic lagged rainfall response,True
2011-09-04,OUTLET,0.48677,synthetic_demo,synthetic lagged rainfall response,True
2011-09-05,OUTLET,0.47891,synthetic_demo,synthetic lagged rainfall response,True
2011-09-06,OUTLET,0.46629,synthetic_demo,synthetic lagged rainfall response,True
2011-09-07,OUTLET,0.50589,synthetic_demo,synthetic lagged rainfall response,True
2011-09-08,OUTLET,0.4933,synthetic_demo,synthetic lagged rainfall response,True
2011-09-09,OUTLET,0.49229,synthetic_demo,synthetic lagged rainfall response,True
2011-09-10,OUTLET,0.4839,synthetic_demo,synthetic lagged rainfall response,True
2011-09-11,OUTLET,0.48652,synthetic_demo,synthetic lagged rainfall response,True
2011-09-12,OUTLET,0.47379,synthetic_demo,synthetic lagged rainfall response,True
2011-09-13,OUTLET,0.45227,synthetic_demo,synthetic lagged rainfall response,True
2011-09-14,OUTLET,0.51273,synthetic_demo,synthetic lagged rainfall response,True
2011-09-15,OUTLET,0.49955,synthetic_demo,synthetic lagged rainfall response,True
2011-09-16,OUTLET,0.55982,synthetic_demo,synthetic lagged rainfall response,True
2011-09-17,OUTLET,0.56981,synthetic_demo,synthetic lagged rainfall response,True
2011-09-18,OUTLET,0.57624,synthetic_demo,synthetic lagged rainfall response,True
2011-09-19,OUTLET,0.57922,synthetic_demo,synthetic lagged rainfall response,True
2011-09-20,OUTLET,0.58397,synthetic_demo,synthetic lagged rainfall response,True
2011-09-21,OUTLET,0.5991,synthetic_demo,synthetic lagged rainfall response,True
2011-09-22,OUTLET,0.57538,synthetic_demo,synthetic lagged rainfall response,True
2011-09-23,OUTLET,0.58722,synthetic_demo,synthetic lagged rainfall response,True
2011-09-24,OUTLET,0.58123,synthetic_demo,synthetic lagged rainfall response,True
2011-09-25,OUTLET,0.60624,synthetic_demo,synthetic lagged rainfall response,True
2011-09-26,OUTLET,0.59099,synthetic_demo,synthetic lagged rainfall response,True
2011-09-27,OUTLET,0.61861,synthetic_demo,synthetic lagged rainfall response,True
2011-09-28,OUTLET,0.62492,synthetic_demo,synthetic lagged rainfall response,True
2011-09-29,OUTLET,0.61791,synthetic_demo,synthetic lagged rainfall response,True
2011-09-30,OUTLET,0.62541,synthetic_demo,synthetic lagged rainfall response,True
2011-10-01,OUTLET,0.62451,synthetic_demo,synthetic lagged rainfall response,True
2011-10-02,OUTLET,0.63633,synthetic_demo,synthetic lagged rainfall response,True
2011-10-03,OUTLET,0.61509,synthetic_demo,synthetic lagged rainfall response,True
2011-10-04,OUTLET,0.6016,synthetic_demo,synthetic lagged rainfall response,True
2011-10-05,OUTLET,0.5991,synthetic_demo,synthetic lagged rainfall response,True
2011-10-06,OUTLET,0.60978,synthetic_demo,synthetic lagged rainfall response,True
2011-10-07,OUTLET,0.58325,synthetic_demo,synthetic lagged rainfall response,True
2011-10-08,OUTLET,0.59498,synthetic_demo,synthetic lagged rainfall response,True
2011-10-09,OUTLET,0.61253,synthetic_demo,synthetic lagged rainfall response,True
2011-10-10,OUTLET,0.59363,synthetic_demo,synthetic lagged rainfall response,True
2011-10-11,OUTLET,0.57919,synthetic_demo,synthetic lagged rainfall response,True
2011-10-12,OUTLET,0.55777,synthetic_demo,synthetic lagged rainfall response,True
2011-10-13,OUTLET,0.56049,synthetic_demo,synthetic lagged rainfall response,True
2011-10-14,OUTLET,0.55461,synthetic_demo,synthetic lagged rainfall response,True
2011-10-15,OUTLET,0.52848,synthetic_demo,synthetic lagged rainfall response,True
2011-10-16,OUTLET,0.53527,synthetic_demo,synthetic lagged rainfall response,True
2011-10-17,OUTLET,0.5433,synthetic_demo,synthetic lagged rainfall response,True
2011-10-18,OUTLET,0.4854,synthetic_demo,synthetic lagged rainfall response,True
2011-10-19,OUTLET,0.51545,synthetic_demo,synthetic lagged rainfall response,True
2011-10-20,OUTLET,0.51354,synthetic_demo,synthetic lagged rainfall response,True
2011-10-21,OUTLET,0.53094,synthetic_demo,synthetic lagged rainfall response,True
2011-10-22,OUTLET,0.50801,synthetic_demo,synthetic lagged rainfall response,True
2011-10-23,OUTLET,0.51945,synthetic_demo,synthetic lagged rainfall response,True
2011-10-24,OUTLET,0.55209,synthetic_demo,synthetic lagged rainfall response,True
2011-10-25,OUTLET,0.54458,synthetic_demo,synthetic lagged rainfall response,True
2011-10-26,OUTLET,0.5208,synthetic_demo,synthetic lagged rainfall response,True
2011-10-27,OUTLET,0.56176,synthetic_demo,synthetic lagged rainfall response,True
2011-10-28,OUTLET,0.56387,synthetic_demo,synthetic lagged rainfall response,True
2011-10-29,OUTLET,0.53789,synthetic_demo,synthetic lagged rainfall response,True
2011-10-30,OUTLET,0.5259,synthetic_demo,synthetic lagged rainfall response,True
2011-10-31,OUTLET,0.56874,synthetic_demo,synthetic lagged rainfall response,True
2011-11-01,OUTLET,0.56379,synthetic_demo,synthetic lagged rainfall response,True
2011-11-02,OUTLET,0.55469,synthetic_demo,synthetic lagged rainfall response,True
2011-11-03,OUTLET,0.56735,synthetic_demo,synthetic lagged rainfall response,True
2011-11-04,OUTLET,0.52114,synthetic_demo,synthetic lagged rainfall response,True
2011-11-05,OUTLET,0.55091,synthetic_demo,synthetic lagged rainfall response,True
2011-11-06,OUTLET,0.5953,synthetic_demo,synthetic lagged rainfall response,True
2011-11-07,OUTLET,0.57885,synthetic_demo,synthetic lagged rainfall response,True
2011-11-08,OUTLET,0.60469,synthetic_demo,synthetic lagged rainfall response,True
2011-11-09,OUTLET,0.6058,synthetic_demo,synthetic lagged rainfall response,True
2011-11-10,OUTLET,0.58141,synthetic_demo,synthetic lagged rainfall response,True
2011-11-11,OUTLET,0.57889,synthetic_demo,synthetic lagged rainfall response,True
2011-11-12,OUTLET,0.60314,synthetic_demo,synthetic lagged rainfall response,True
2011-11-13,OUTLET,0.56358,synthetic_demo,synthetic lagged rainfall response,True
2011-11-14,OUTLET,0.58044,synthetic_demo,synthetic lagged rainfall response,True
2011-11-15,OUTLET,0.62454,synthetic_demo,synthetic lagged rainfall response,True
2011-11-16,OUTLET,0.62119,synthetic_demo,synthetic lagged rainfall response,True
2011-11-17,OUTLET,0.62177,synthetic_demo,synthetic lagged rainfall response,True
2011-11-18,OUTLET,0.66004,synthetic_demo,synthetic lagged rainfall response,True
2011-11-19,OUTLET,0.64956,synthetic_demo,synthetic lagged rainfall response,True
2011-11-20,OUTLET,0.65245,synthetic_demo,synthetic lagged rainfall response,True
2011-11-21,OUTLET,0.59958,synthetic_demo,synthetic lagged rainfall response,True
2011-11-22,OUTLET,0.63017,synthetic_demo,synthetic lagged rainfall response,True
2011-11-23,OUTLET,0.63724,synthetic_demo,synthetic lagged rainfall response,True
2011-11-24,OUTLET,0.63541,synthetic_demo,synthetic lagged rainfall response,True
2011-11-25,OUTLET,0.63589,synthetic_demo,synthetic lagged rainfall response,True
2011-11-26,OUTLET,0.63124,synthetic_demo,synthetic lagged rainfall response,True
2011-11-27,OUTLET,0.63688,synthetic_demo,synthetic lagged rainfall response,True
2011-11-28,OUTLET,0.63896,synthetic_demo,synthetic lagged rainfall response,True
2011-11-29,OUTLET,0.62741,synthetic_demo,synthetic lagged rainfall response,True
2011-11-30,OUTLET,0.61743,synthetic_demo,synthetic lagged rainfall response,True
2011-12-01,OUTLET,0.63127,synthetic_demo,synthetic lagged rainfall response,True
2011-12-02,OUTLET,0.6391,synthetic_demo,synthetic lagged rainfall response,True
2011-12-03,OUTLET,0.59982,synthetic_demo,synthetic lagged rainfall response,True
2011-12-04,OUTLET,0.59723,synthetic_demo,synthetic lagged rainfall response,True
2011-12-05,OUTLET,0.58851,synthetic_demo,synthetic lagged rainfall response,True
2011-12-06,OUTLET,0.58793,synthetic_demo,synthetic lagged rainfall response,True
2011-12-07,OUTLET,0.57714,synthetic_demo,synthetic lagged rainfall response,True
2011-12-08,OUTLET,0.58035,synthetic_demo,synthetic lagged rainfall response,True
2011-12-09,OUTLET,0.56462,synthetic_demo,synthetic lagged rainfall response,True
2011-12-10,OUTLET,0.57678,synthetic_demo,synthetic lagged rainfall response,True
2011-12-11,OUTLET,0.54954,synthetic_demo,synthetic lagged rainfall response,True
2011-12-12,OUTLET,0.54377,synthetic_demo,synthetic lagged rainfall response,True
2011-12-13,OUTLET,0.56153,synthetic_demo,synthetic lagged rainfall response,True
2011-12-14,OUTLET,0.55725,synthetic_demo,synthetic lagged rainfall response,True
2011-12-15,OUTLET,0.51297,synthetic_demo,synthetic lagged rainfall response,True
2011-12-16,OUTLET,0.53992,synthetic_demo,synthetic lagged rainfall response,True
2011-12-17,OUTLET,0.55202,synthetic_demo,synthetic lagged rainfall response,True
2011-12-18,OUTLET,0.54474,synthetic_demo,synthetic lagged rainfall response,True
2011-12-19,OUTLET,0.5436,synthetic_demo,synthetic lagged rainfall response,True
2011-12-20,OUTLET,0.53106,synthetic_demo,synthetic lagged rainfall response,True
2011-12-21,OUTLET,0.50561,synthetic_demo,synthetic lagged rainfall response,True
2011-12-22,OUTLET,0.51872,synthetic_demo,synthetic lagged rainfall response,True
2011-12-23,OUTLET,0.49872,synthetic_demo,synthetic lagged rainfall response,True
2011-12-24,OUTLET,0.48946,synthetic_demo,synthetic lagged rainfall response,True
2011-12-25,OUTLET,0.50935,synthetic_demo,synthetic lagged rainfall response,True
2011-12-26,OUTLET,0.49114,synthetic_demo,synthetic lagged rainfall response,True
2011-12-27,OUTLET,0.48396,synthetic_demo,synthetic lagged rainfall response,True
2011-12-28,OUTLET,0.51033,synthetic_demo,synthetic lagged rainfall response,True
2011-12-29,OUTLET,0.48222,synthetic_demo,synthetic lagged rainfall response,True
2011-12-30,OUTLET,0.4512,synthetic_demo,synthetic lagged rainfall response,True
2011-12-31,OUTLET,0.44352,synthetic_demo,synthetic lagged rainfall response,True
2012-01-01,OUTLET,0.43305,synthetic_demo,synthetic lagged rainfall response,True
2012-01-02,OUTLET,0.43585,synthetic_demo,synthetic lagged rainfall response,True
2012-01-03,OUTLET,0.42471,synthetic_demo,synthetic lagged rainfall response,True
2012-01-04,OUTLET,0.42179,synthetic_demo,synthetic lagged rainfall response,True
2012-01-05,OUTLET,0.4463,synthetic_demo,synthetic lagged rainfall response,True
2012-01-06,OUTLET,0.4265,synthetic_demo,synthetic lagged rainfall response,True
2012-01-07,OUTLET,0.44373,synthetic_demo,synthetic lagged rainfall response,True
2012-01-08,OUTLET,0.41007,synthetic_demo,synthetic lagged rainfall response,True
2012-01-09,OUTLET,0.41804,synthetic_demo,synthetic lagged rainfall response,True
2012-01-10,OUTLET,0.39247,synthetic_demo,synthetic lagged rainfall response,True
2012-01-11,OUTLET,0.39525,synthetic_demo,synthetic lagged rainfall response,True
2012-01-12,OUTLET,0.3955,synthetic_demo,synthetic lagged rainfall response,True
2012-01-13,OUTLET,0.39447,synthetic_demo,synthetic lagged rainfall response,True
2012-01-14,OUTLET,0.40097,synthetic_demo,synthetic lagged rainfall response,True
2012-01-15,OUTLET,0.38859,synthetic_demo,synthetic lagged rainfall response,True
2012-01-16,OUTLET,0.40529,synthetic_demo,synthetic lagged rainfall response,True
2012-01-17,OUTLET,0.40373,synthetic_demo,synthetic lagged rainfall response,True
2012-01-18,OUTLET,0.40862,synthetic_demo,synthetic lagged rainfall response,True
2012-01-19,OUTLET,0.38723,synthetic_demo,synthetic lagged rainfall response,True
2012-01-20,OUTLET,0.39109,synthetic_demo,synthetic lagged rainfall response,True
2012-01-21,OUTLET,0.38284,synthetic_demo,synthetic lagged rainfall response,True
2012-01-22,OUTLET,0.37826,synthetic_demo,synthetic lagged rainfall response,True
2012-01-23,OUTLET,0.38406,synthetic_demo,synthetic lagged rainfall response,True
2012-01-24,OUTLET,0.36185,synthetic_demo,synthetic lagged rainfall response,True
2012-01-25,OUTLET,0.38061,synthetic_demo,synthetic lagged rainfall response,True
2012-01-26,OUTLET,0.35787,synthetic_demo,synthetic lagged rainfall response,True
2012-01-27,OUTLET,0.37136,synthetic_demo,synthetic lagged rainfall response,True
2012-01-28,OUTLET,0.38258,synthetic_demo,synthetic lagged rainfall response,True
2012-01-29,OUTLET,0.38622,synthetic_demo,synthetic lagged rainfall response,True
2012-01-30,OUTLET,0.36403,synthetic_demo,synthetic lagged rainfall response,True
2012-01-31,OUTLET,0.33676,synthetic_demo,synthetic lagged rainfall response,True
2012-02-01,OUTLET,0.43226,synthetic_demo,synthetic lagged rainfall response,True
2012-02-02,OUTLET,0.4039,synthetic_demo,synthetic lagged rainfall response,True
2012-02-03,OUTLET,0.41247,synthetic_demo,synthetic lagged rainfall response,True
2012-02-04,OUTLET,0.41369,synthetic_demo,synthetic lagged rainfall response,True
2012-02-05,OUTLET,0.41239,synthetic_demo,synthetic lagged rainfall response,True
2012-02-06,OUTLET,0.42336,synthetic_demo,synthetic lagged rainfall response,True
2012-02-07,OUTLET,0.4366,synthetic_demo,synthetic lagged rainfall response,True
2012-02-08,OUTLET,0.42584,synthetic_demo,synthetic lagged rainfall response,True
2012-02-09,OUTLET,0.4327,synthetic_demo,synthetic lagged rainfall response,True
2012-02-10,OUTLET,0.43615,synthetic_demo,synthetic lagged rainfall response,True
2012-02-11,OUTLET,0.43556,synthetic_demo,synthetic lagged rainfall response,True
2012-02-12,OUTLET,0.41711,synthetic_demo,synthetic lagged rainfall response,True
2012-02-13,OUTLET,0.4359,synthetic_demo,synthetic lagged rainfall response,True
2012-02-14,OUTLET,0.42837,synthetic_demo,synthetic lagged rainfall response,True
2012-02-15,OUTLET,0.41292,synthetic_demo,synthetic lagged rainfall response,True
2012-02-16,OUTLET,0.42499,synthetic_demo,synthetic lagged rainfall response,True
2012-02-17,OUTLET,0.429,synthetic_demo,synthetic lagged rainfall response,True
2012-02-18,OUTLET,0.41282,synthetic_demo,synthetic lagged rainfall response,True
2012-02-19,OUTLET,0.41977,synthetic_demo,synthetic lagged rainfall response,True
2012-02-20,OUTLET,0.42138,synthetic_demo,synthetic lagged rainfall response,True
2012-02-21,OUTLET,0.42454,synthetic_demo,synthetic lagged rainfall response,True
2012-02-22,OUTLET,0.39988,synthetic_demo,synthetic lagged rainfall response,True
2012-02-23,OUTLET,0.41366,synthetic_demo,synthetic lagged rainfall response,True
2012-02-24,OUTLET,0.40992,synthetic_demo,synthetic lagged rainfall response,True
2012-02-25,OUTLET,0.40137,synthetic_demo,synthetic lagged rainfall response,True
2012-02-26,OUTLET,0.38099,synthetic_demo,synthetic lagged rainfall response,True
2012-02-27,OUTLET,0.40544,synthetic_demo,synthetic lagged rainfall response,True
2012-02-28,OUTLET,0.40006,synthetic_demo,synthetic lagged rainfall response,True
2012-02-29,OUTLET,0.40847,synthetic_demo,synthetic lagged rainfall response,True
2012-03-01,OUTLET,0.38365,synthetic_demo,synthetic lagged rainfall response,True
2012-03-02,OUTLET,0.35358,synthetic_demo,synthetic lagged rainfall response,True
2012-03-03,OUTLET,0.39315,synthetic_demo,synthetic lagged rainfall response,True
2012-03-04,OUTLET,0.39231,synthetic_demo,synthetic lagged rainfall response,True
2012-03-05,OUTLET,0.36827,synthetic_demo,synthetic lagged rainfall response,True
2012-03-06,OUTLET,0.37001,synthetic_demo,synthetic lagged rainfall response,True
2012-03-07,OUTLET,0.36774,synthetic_demo,synthetic lagged rainfall response,True
2012-03-08,OUTLET,0.36861,synthetic_demo,synthetic lagged rainfall response,True
2012-03-09,OUTLET,0.36862,synthetic_demo,synthetic lagged rainfall response,True
2012-03-10,OUTLET,0.36856,synthetic_demo,synthetic lagged rainfall response,True
2012-03-11,OUTLET,0.36116,synthetic_demo,synthetic lagged rainfall response,True
2012-03-12,OUTLET,0.33537,synthetic_demo,synthetic lagged rainfall response,True
2012-03-13,OUTLET,0.3525,synthetic_demo,synthetic lagged rainfall response,True
2012-03-14,OUTLET,0.34233,synthetic_demo,synthetic lagged rainfall response,True
2012-03-15,OUTLET,0.35739,synthetic_demo,synthetic lagged rainfall response,True
2012-03-16,OUTLET,0.30495,synthetic_demo,synthetic lagged rainfall response,True
2012-03-17,OUTLET,0.25293,synthetic_demo,synthetic lagged rainfall response,True
2012-03-18,OUTLET,0.26342,synthetic_demo,synthetic lagged rainfall response,True
2012-03-19,OUTLET,0.26417,synthetic_demo,synthetic lagged rainfall response,True
2012-03-20,OUTLET,0.268,synthetic_demo,synthetic lagged rainfall response,True
2012-03-21,OUTLET,0.26811,synthetic_demo,synthetic lagged rainfall response,True
2012-03-22,OUTLET,0.25916,synthetic_demo,synthetic lagged rainfall response,True
2012-03-23,OUTLET,0.23705,synthetic_demo,synthetic lagged rainfall response,True
2012-03-24,OUTLET,0.24787,synthetic_demo,synthetic lagged rainfall response,True
2012-03-25,OUTLET,0.25506,synthetic_demo,synthetic lagged rainfall response,True
2012-03-26,OUTLET,0.26434,synthetic_demo,synthetic lagged rainfall response,True
2012-03-27,OUTLET,0.24798,synthetic_demo,synthetic lagged rainfall response,True
2012-03-28,OUTLET,0.24303,synthetic_demo,synthetic lagged rainfall response,True
2012-03-29,OUTLET,0.24781,synthetic_demo,synthetic lagged rainfall response,True
2012-03-30,OUTLET,0.26262,synthetic_demo,synthetic lagged rainfall response,True
2012-03-31,OUTLET,0.32655,synthetic_demo,synthetic lagged rainfall response,True
2012-04-01,OUTLET,0.33976,synthetic_demo,synthetic lagged rainfall response,True
2012-04-02,OUTLET,0.32891,synthetic_demo,synthetic lagged rainfall response,True
2012-04-03,OUTLET,0.31466,synthetic_demo,synthetic lagged rainfall response,True
2012-04-04,OUTLET,0.31593,synthetic_demo,synthetic lagged rainfall response,True
2012-04-05,OUTLET,0.31719,synthetic_demo,synthetic lagged rainfall response,True
2012-04-06,OUTLET,0.32858,synthetic_demo,synthetic lagged rainfall response,True
2012-04-07,OUTLET,0.31939,synthetic_demo,synthetic lagged rainfall response,True
2012-04-08,OUTLET,0.31885,synthetic_demo,synthetic lagged rainfall response,True
2012-04-09,OUTLET,0.32492,synthetic_demo,synthetic lagged rainfall response,True
2012-04-10,OUTLET,0.3386,synthetic_demo,synthetic lagged rainfall response,True
2012-04-11,OUTLET,0.34133,synthetic_demo,synthetic lagged rainfall response,True
2012-04-12,OUTLET,0.31017,synthetic_demo,synthetic lagged rainfall response,True
2012-04-13,OUTLET,0.31777,synthetic_demo,synthetic lagged rainfall response,True
2012-04-14,OUTLET,0.33952,synthetic_demo,synthetic lagged rainfall response,True
2012-04-15,OUTLET,0.32098,synthetic_demo,synthetic lagged rainfall response,True
2012-04-16,OUTLET,0.313,synthetic_demo,synthetic lagged rainfall response,True
2012-04-17,OUTLET,0.29778,synthetic_demo,synthetic lagged rainfall response,True
2012-04-18,OUTLET,0.30268,synthetic_demo,synthetic lagged rainfall response,True
2012-04-19,OUTLET,0.29456,synthetic_demo,synthetic lagged rainfall response,True
2012-04-20,OUTLET,0.28868,synthetic_demo,synthetic lagged rainfall response,True
2012-04-21,OUTLET,0.30741,synthetic_demo,synthetic lagged rainfall response,True
2012-04-22,OUTLET,0.28842,synthetic_demo,synthetic lagged rainfall response,True
2012-04-23,OUTLET,0.29536,synthetic_demo,synthetic lagged rainfall response,True
2012-04-24,OUTLET,0.27706,synthetic_demo,synthetic lagged rainfall response,True
2012-04-25,OUTLET,0.29226,synthetic_demo,synthetic lagged rainfall response,True
2012-04-26,OUTLET,0.29523,synthetic_demo,synthetic lagged rainfall response,True
2012-04-27,OUTLET,0.2906,synthetic_demo,synthetic lagged rainfall response,True
2012-04-28,OUTLET,0.26304,synthetic_demo,synthetic lagged rainfall response,True
2012-04-29,OUTLET,0.26019,synthetic_demo,synthetic lagged rainfall response,True
2012-04-30,OUTLET,0.25078,synthetic_demo,synthetic lagged rainfall response,True
2012-05-01,OUTLET,0.24117,synthetic_demo,synthetic lagged rainfall response,True
2012-05-02,OUTLET,0.2576,synthetic_demo,synthetic lagged rainfall response,True
2012-05-03,OUTLET,0.25985,synthetic_demo,synthetic lagged rainfall response,True
2012-05-04,OUTLET,0.22663,synthetic_demo,synthetic lagged rainfall response,True
2012-05-05,OUTLET,0.2374,synthetic_demo,synthetic lagged rainfall response,True
2012-05-06,OUTLET,0.21166,synthetic_demo,synthetic lagged rainfall response,True
2012-05-07,OUTLET,0.23131,synthetic_demo,synthetic lagged rainfall response,True
2012-05-08,OUTLET,0.23809,synthetic_demo,synthetic lagged rainfall response,True
2012-05-09,OUTLET,0.23655,synthetic_demo,synthetic lagged rainfall response,True
2012-05-10,OUTLET,0.22144,synthetic_demo,synthetic lagged rainfall response,True
2012-05-11,OUTLET,0.22754,synthetic_demo,synthetic lagged rainfall response,True
2012-05-12,OUTLET,0.22978,synthetic_demo,synthetic lagged rainfall response,True
2012-05-13,OUTLET,0.20799,synthetic_demo,synthetic lagged rainfall response,True
2012-05-14,OUTLET,0.22503,synthetic_demo,synthetic lagged rainfall response,True
2012-05-15,OUTLET,0.15606,synthetic_demo,synthetic lagged rainfall response,True
2012-05-16,OUTLET,0.15613,synthetic_demo,synthetic lagged rainfall response,True
2012-05-17,OUTLET,0.16203,synthetic_demo,synthetic lagged rainfall response,True
2012-05-18,OUTLET,0.16255,synthetic_demo,synthetic lagged rainfall response,True
2012-05-19,OUTLET,0.15684,synthetic_demo,synthetic lagged rainfall response,True
2012-05-20,OUTLET,0.16644,synthetic_demo,synthetic lagged rainfall response,True
2012-05-21,OUTLET,0.16876,synthetic_demo,synthetic lagged rainfall response,True
2012-05-22,OUTLET,0.14209,synthetic_demo,synthetic lagged rainfall response,True
2012-05-23,OUTLET,0.18282,synthetic_demo,synthetic lagged rainfall response,True
2012-05-24,OUTLET,0.18747,synthetic_demo,synthetic lagged rainfall response,True
2012-05-25,OUTLET,0.15903,synthetic_demo,synthetic lagged rainfall response,True
2012-05-26,OUTLET,0.20443,synthetic_demo,synthetic lagged rainfall response,True
2012-05-27,OUTLET,0.20002,synthetic_demo,synthetic lagged rainfall response,True
2012-05-28,OUTLET,0.17106,synthetic_demo,synthetic lagged rainfall response,True
2012-05-29,OUTLET,0.19332,synthetic_demo,synthetic lagged rainfall response,True
2012-05-30,OUTLET,0.1929,synthetic_demo,synthetic lagged rainfall response,True
2012-05-31,OUTLET,0.22001,synthetic_demo,synthetic lagged rainfall response,True
2012-06-01,OUTLET,0.21804,synthetic_demo,synthetic lagged rainfall response,True
2012-06-02,OUTLET,0.22311,synthetic_demo,synthetic lagged rainfall response,True
2012-06-03,OUTLET,0.23356,synthetic_demo,synthetic lagged rainfall response,True
2012-06-04,OUTLET,0.21225,synthetic_demo,synthetic lagged rainfall response,True
2012-06-05,OUTLET,0.22903,synthetic_demo,synthetic lagged rainfall response,True
2012-06-06,OUTLET,0.23732,synthetic_demo,synthetic lagged rainfall response,True
2012-06-07,OUTLET,0.23386,synthetic_demo,synthetic lagged rainfall response,True
2012-06-08,OUTLET,0.23927,synthetic_demo,synthetic lagged rainfall response,True
2012-06-09,OUTLET,0.22286,synthetic_demo,synthetic lagged rainfall response,True
2012-06-10,OUTLET,0.23015,synthetic_demo,synthetic lagged rainfall response,True
2012-06-11,OUTLET,0.22374,synthetic_demo,synthetic lagged rainfall response,True
2012-06-12,OUTLET,0.22302,synthetic_demo,synthetic lagged rainfall response,True
2012-06-13,OUTLET,0.21157,synthetic_demo,synthetic lagged rainfall response,True
2012-06-14,OUTLET,0.22654,synthetic_demo,synthetic lagged rainfall response,True
2012-06-15,OUTLET,0.20966,synthetic_demo,synthetic lagged rainfall response,True
2012-06-16,OUTLET,0.23173,synthetic_demo,synthetic lagged rainfall response,True
2012-06-17,OUTLET,0.22378,synthetic_demo,synthetic lagged rainfall response,True
2012-06-18,OUTLET,0.21776,synthetic_demo,synthetic lagged rainfall response,True
2012-06-19,OUTLET,0.25466,synthetic_demo,synthetic lagged rainfall response,True
2012-06-20,OUTLET,0.26302,synthetic_demo,synthetic lagged rainfall response,True
2012-06-21,OUTLET,0.32028,synthetic_demo,synthetic lagged rainfall response,True
2012-06-22,OUTLET,0.31169,synthetic_demo,synthetic lagged rainfall response,True
2012-06-23,OUTLET,0.32484,synthetic_demo,synthetic lagged rainfall response,True
2012-06-24,OUTLET,0.29496,synthetic_demo,synthetic lagged rainfall response,True
2012-06-25,OUTLET,0.29165,synthetic_demo,synthetic lagged rainfall response,True
2012-06-26,OUTLET,0.30556,synthetic_demo,synthetic lagged rainfall response,True
2012-06-27,OUTLET,0.31306,synthetic_demo,synthetic lagged rainfall response,True
2012-06-28,OUTLET,0.30627,synthetic_demo,synthetic lagged rainfall response,True
2012-06-29,OUTLET,0.3285,synthetic_demo,synthetic lagged rainfall response,True
2012-06-30,OUTLET,0.32745,synthetic_demo,synthetic lagged rainfall response,True
2012-07-01,OUTLET,0.33077,synthetic_demo,synthetic lagged rainfall response,True
2012-07-02,OUTLET,0.28835,synthetic_demo,synthetic lagged rainfall response,True
2012-07-03,OUTLET,0.30883,synthetic_demo,synthetic lagged rainfall response,True
2012-07-04,OUTLET,0.31189,synthetic_demo,synthetic lagged rainfall response,True
2012-07-05,OUTLET,0.31943,synthetic_demo,synthetic lagged rainfall response,True
2012-07-06,OUTLET,0.31503,synthetic_demo,synthetic lagged rainfall response,True
2012-07-07,OUTLET,0.29399,synthetic_demo,synthetic lagged rainfall response,True
2012-07-08,OUTLET,0.32363,synthetic_demo,synthetic lagged rainfall response,True
2012-07-09,OUTLET,0.33673,synthetic_demo,synthetic lagged rainfall response,True
2012-07-10,OUTLET,0.31923,synthetic_demo,synthetic lagged rainfall response,True
2012-07-11,OUTLET,0.33607,synthetic_demo,synthetic lagged rainfall response,True
2012-07-12,OUTLET,0.32517,synthetic_demo,synthetic lagged rainfall response,True
2012-07-13,OUTLET,0.40093,synthetic_demo,synthetic lagged rainfall response,True
2012-07-14,OUTLET,0.39739,synthetic_demo,synthetic lagged rainfall response,True
2012-07-15,OUTLET,0.36792,synthetic_demo,synthetic lagged rainfall response,True
2012-07-16,OUTLET,0.38478,synthetic_demo,synthetic lagged rainfall response,True
2012-07-17,OUTLET,0.40944,synthetic_demo,synthetic lagged rainfall response,True
2012-07-18,OUTLET,0.40276,synthetic_demo,synthetic lagged rainfall response,True
2012-07-19,OUTLET,0.38827,synthetic_demo,synthetic lagged rainfall response,True
2012-07-20,OUTLET,0.39,synthetic_demo,synthetic lagged rainfall response,True
2012-07-21,OUTLET,0.41443,synthetic_demo,synthetic lagged rainfall response,True
2012-07-22,OUTLET,0.389,synthetic_demo,synthetic lagged rainfall response,True
2012-07-23,OUTLET,0.45949,synthetic_demo,synthetic lagged rainfall response,True
2012-07-24,OUTLET,0.45188,synthetic_demo,synthetic lagged rainfall response,True
2012-07-25,OUTLET,0.46474,synthetic_demo,synthetic lagged rainfall response,True
2012-07-26,OUTLET,0.45177,synthetic_demo,synthetic lagged rainfall response,True
2012-07-27,OUTLET,0.46003,synthetic_demo,synthetic lagged rainfall response,True
2012-07-28,OUTLET,0.47949,synthetic_demo,synthetic lagged rainfall response,True
2012-07-29,OUTLET,0.46834,synthetic_demo,synthetic lagged rainfall response,True
2012-07-30,OUTLET,0.46132,synthetic_demo,synthetic lagged rainfall response,True
2012-07-31,OUTLET,0.44774,synthetic_demo,synthetic lagged rainfall response,True
2012-08-01,OUTLET,0.42056,synthetic_demo,synthetic lagged rainfall response,True
2012-08-02,OUTLET,0.4368,synthetic_demo,synthetic lagged rainfall response,True
2012-08-03,OUTLET,0.41653,synthetic_demo,synthetic lagged rainfall response,True
2012-08-04,OUTLET,0.43108,synthetic_demo,synthetic lagged rainfall response,True
2012-08-05,OUTLET,0.40227,synthetic_demo,synthetic lagged rainfall response,True
2012-08-06,OUTLET,0.42225,synthetic_demo,synthetic lagged rainfall response,True
2012-08-07,OUTLET,0.43777,synthetic_demo,synthetic lagged rainfall response,True
2012-08-08,OUTLET,0.46462,synthetic_demo,synthetic lagged rainfall response,True
2012-08-09,OUTLET,0.4428,synthetic_demo,synthetic lagged rainfall response,True
2012-08-10,OUTLET,0.45237,synthetic_demo,synthetic lagged rainfall response,True
2012-08-11,OUTLET,0.45677,synthetic_demo,synthetic lagged rainfall response,True
2012-08-12,OUTLET,0.43671,synthetic_demo,synthetic lagged rainfall response,True
2012-08-13,OUTLET,0.43995,synthetic_demo,synthetic lagged rainfall response,True
2012-08-14,OUTLET,0.49406,synthetic_demo,synthetic lagged rainfall response,True
2012-08-15,OUTLET,0.50285,synthetic_demo,synthetic lagged rainfall response,True
2012-08-16,OUTLET,0.53984,synthetic_demo,synthetic lagged rainfall response,True
2012-08-17,OUTLET,0.53188,synthetic_demo,synthetic lagged rainfall response,True
2012-08-18,OUTLET,0.54257,synthetic_demo,synthetic lagged rainfall response,True
2012-08-19,OUTLET,0.5269,synthetic_demo,synthetic lagged rainfall response,True
2012-08-20,OUTLET,0.56712,synthetic_demo,synthetic lagged rainfall response,True
2012-08-21,OUTLET,0.54759,synthetic_demo,synthetic lagged rainfall response,True
2012-08-22,OUTLET,0.54607,synthetic_demo,synthetic lagged rainfall response,True
2012-08-23,OUTLET,0.52638,synthetic_demo,synthetic lagged rainfall response,True
2012-08-24,OUTLET,0.59635,synthetic_demo,synthetic lagged rainfall response,True
2012-08-25,OUTLET,0.58316,synthetic_demo,synthetic lagged rainfall response,True
2012-08-26,OUTLET,0.5833,synthetic_demo,synthetic lagged rainfall response,True
2012-08-27,OUTLET,0.58972,synthetic_demo,synthetic lagged rainfall response,True
2012-08-28,OUTLET,0.60342,synthetic_demo,synthetic lagged rainfall response,True
2012-08-29,OUTLET,0.5925,synthetic_demo,synthetic lagged rainfall response,True
2012-08-30,OUTLET,0.58286,synthetic_demo,synthetic lagged rainfall response,True
2012-08-31,OUTLET,0.5887,synthetic_demo,synthetic lagged rainfall response,True
2012-09-01,OUTLET,0.58236,synthetic_demo,synthetic lagged rainfall response,True
2012-09-02,OUTLET,0.5807,synthetic_demo,synthetic lagged rainfall response,True
2012-09-03,OUTLET,0.56451,synthetic_demo,synthetic lagged rainfall response,True
2012-09-04,OUTLET,0.60004,synthetic_demo,synthetic lagged rainfall response,True
2012-09-05,OUTLET,0.5903,synthetic_demo,synthetic lagged rainfall response,True
2012-09-06,OUTLET,0.57541,synthetic_demo,synthetic lagged rainfall response,True
2012-09-07,OUTLET,0.58898,synthetic_demo,synthetic lagged rainfall response,True
2012-09-08,OUTLET,0.60022,synthetic_demo,synthetic lagged rainfall response,True
2012-09-09,OUTLET,0.6319,synthetic_demo,synthetic lagged rainfall response,True
2012-09-10,OUTLET,0.64051,synthetic_demo,synthetic lagged rainfall response,True
2012-09-11,OUTLET,0.62081,synthetic_demo,synthetic lagged rainfall response,True
2012-09-12,OUTLET,0.62344,synthetic_demo,synthetic lagged rainfall response,True
2012-09-13,OUTLET,0.64779,synthetic_demo,synthetic lagged rainfall response,True
2012-09-14,OUTLET,0.65212,synthetic_demo,synthetic lagged rainfall response,True
2012-09-15,OUTLET,0.65783,synthetic_demo,synthetic lagged rainfall response,True
2012-09-16,OUTLET,0.64637,synthetic_demo,synthetic lagged rainfall response,True
2012-09-17,OUTLET,0.66818,synthetic_demo,synthetic lagged rainfall response,True
2012-09-18,OUTLET,0.7079,synthetic_demo,synthetic lagged rainfall response,True
2012-09-19,OUTLET,0.68627,synthetic_demo,synthetic lagged rainfall response,True
2012-09-20,OUTLET,0.66642,synthetic_demo,synthetic lagged rainfall response,True
2012-09-21,OUTLET,0.67147,synthetic_demo,synthetic lagged rainfall response,True
2012-09-22,OUTLET,0.66684,synthetic_demo,synthetic lagged rainfall response,True
2012-09-23,OUTLET,0.66717,synthetic_demo,synthetic lagged rainfall response,True
2012-09-24,OUTLET,0.68955,synthetic_demo,synthetic lagged rainfall response,True
2012-09-25,OUTLET,0.71559,synthetic_demo,synthetic lagged rainfall response,True
2012-09-26,OUTLET,0.74683,synthetic_demo,synthetic lagged rainfall response,True
2012-09-27,OUTLET,0.7145,synthetic_demo,synthetic lagged rainfall response,True
2012-09-28,OUTLET,0.73486,synthetic_demo,synthetic lagged rainfall response,True
2012-09-29,OUTLET,0.74933,synthetic_demo,synthetic lagged rainfall response,True
2012-09-30,OUTLET,0.7423,synthetic_demo,synthetic lagged rainfall response,True
2012-10-01,OUTLET,0.77069,synthetic_demo,synthetic lagged rainfall response,True
2012-10-02,OUTLET,0.80139,synthetic_demo,synthetic lagged rainfall response,True
2012-10-03,OUTLET,0.79837,synthetic_demo,synthetic lagged rainfall response,True
2012-10-04,OUTLET,0.81603,synthetic_demo,synthetic lagged rainfall response,True
2012-10-05,OUTLET,0.81036,synthetic_demo,synthetic lagged rainfall response,True
2012-10-06,OUTLET,0.81537,synthetic_demo,synthetic lagged rainfall response,True
2012-10-07,OUTLET,0.79799,synthetic_demo,synthetic lagged rainfall response,True
2012-10-08,OUTLET,0.77292,synthetic_demo,synthetic lagged rainfall response,True
2012-10-09,OUTLET,0.76888,synthetic_demo,synthetic lagged rainfall response,True
2012-10-10,OUTLET,0.7867,synthetic_demo,synthetic lagged rainfall response,True
2012-10-11,OUTLET,0.75741,synthetic_demo,synthetic lagged rainfall response,True
2012-10-12,OUTLET,0.75265,synthetic_demo,synthetic lagged rainfall response,True
2012-10-13,OUTLET,0.7615,synthetic_demo,synthetic lagged rainfall response,True
2012-10-14,OUTLET,0.75648,synthetic_demo,synthetic lagged rainfall response,True
2012-10-15,OUTLET,0.74667,synthetic_demo,synthetic lagged rainfall response,True
2012-10-16,OUTLET,0.7514,synthetic_demo,synthetic lagged rainfall response,True
2012-10-17,OUTLET,0.77369,synthetic_demo,synthetic lagged rainfall response,True
2012-10-18,OUTLET,0.7585,synthetic_demo,synthetic lagged rainfall response,True
2012-10-19,OUTLET,0.74548,synthetic_demo,synthetic lagged rainfall response,True
2012-10-20,OUTLET,0.74559,synthetic_demo,synthetic lagged rainfall response,True
2012-10-21,OUTLET,0.74125,synthetic_demo,synthetic lagged rainfall response,True
2012-10-22,OUTLET,0.69882,synthetic_demo,synthetic lagged rainfall response,True
2012-10-23,OUTLET,0.71924,synthetic_demo,synthetic lagged rainfall response,True
2012-10-24,OUTLET,0.71009,synthetic_demo,synthetic lagged rainfall response,True
2012-10-25,OUTLET,0.68473,synthetic_demo,synthetic lagged rainfall response,True
2012-10-26,OUTLET,0.72606,synthetic_demo,synthetic lagged rainfall response,True
2012-10-27,OUTLET,0.7262,synthetic_demo,synthetic lagged rainfall response,True
2012-10-28,OUTLET,0.7222,synthetic_demo,synthetic lagged rainfall response,True
2012-10-29,OUTLET,0.71595,synthetic_demo,synthetic lagged rainfall response,True
2012-10-30,OUTLET,0.71402,synthetic_demo,synthetic lagged rainfall response,True
2012-10-31,OUTLET,0.70248,synthetic_demo,synthetic lagged rainfall response,True
2012-11-01,OUTLET,0.68963,synthetic_demo,synthetic lagged rainfall response,True
2012-11-02,OUTLET,0.67231,synthetic_demo,synthetic lagged rainfall response,True
2012-11-03,OUTLET,0.6852,synthetic_demo,synthetic lagged rainfall response,True
2012-11-04,OUTLET,0.67893,synthetic_demo,synthetic lagged rainfall response,True
2012-11-05,OUTLET,0.66993,synthetic_demo,synthetic lagged rainfall response,True
2012-11-06,OUTLET,0.69319,synthetic_demo,synthetic lagged rainfall response,True
2012-11-07,OUTLET,0.69008,synthetic_demo,synthetic lagged rainfall response,True
2012-11-08,OUTLET,0.67548,synthetic_demo,synthetic lagged rainfall response,True
2012-11-09,OUTLET,0.68009,synthetic_demo,synthetic lagged rainfall response,True
2012-11-10,OUTLET,0.6459,synthetic_demo,synthetic lagged rainfall response,True
2012-11-11,OUTLET,0.67362,synthetic_demo,synthetic lagged rainfall response,True
2012-11-12,OUTLET,0.63345,synthetic_demo,synthetic lagged rainfall response,True
2012-11-13,OUTLET,0.59938,synthetic_demo,synthetic lagged rainfall response,True
2012-11-14,OUTLET,0.61331,synthetic_demo,synthetic lagged rainfall response,True
2012-11-15,OUTLET,0.58408,synthetic_demo,synthetic lagged rainfall response,True
2012-11-16,OUTLET,0.59673,synthetic_demo,synthetic lagged rainfall response,True
2012-11-17,OUTLET,0.58202,synthetic_demo,synthetic lagged rainfall response,True
2012-11-18,OUTLET,0.56379,synthetic_demo,synthetic lagged rainfall response,True
2012-11-19,OUTLET,0.56026,synthetic_demo,synthetic lagged rainfall response,True
2012-11-20,OUTLET,0.58953,synthetic_demo,synthetic lagged rainfall response,True
2012-11-21,OUTLET,0.59237,synthetic_demo,synthetic lagged rainfall response,True
2012-11-22,OUTLET,0.58327,synthetic_demo,synthetic lagged rainfall response,True
2012-11-23,OUTLET,0.56409,synthetic_demo,synthetic lagged rainfall response,True
2012-11-24,OUTLET,0.54667,synthetic_demo,synthetic lagged rainfall response,True
2012-11-25,OUTLET,0.54561,synthetic_demo,synthetic lagged rainfall response,True
2012-11-26,OUTLET,0.56691,synthetic_demo,synthetic lagged rainfall response,True
2012-11-27,OUTLET,0.55159,synthetic_demo,synthetic lagged rainfall response,True
2012-11-28,OUTLET,0.54725,synthetic_demo,synthetic lagged rainfall response,True
2012-11-29,OUTLET,0.55905,synthetic_demo,synthetic lagged rainfall response,True
2012-11-30,OUTLET,0.63153,synthetic_demo,synthetic lagged rainfall response,True
2012-12-01,OUTLET,0.69205,synthetic_demo,synthetic lagged rainfall response,True
2012-12-02,OUTLET,0.68497,synthetic_demo,synthetic lagged rainfall response,True
2012-12-03,OUTLET,0.69758,synthetic_demo,synthetic lagged rainfall response,True
2012-12-04,OUTLET,0.69365,synthetic_demo,synthetic lagged rainfall response,True
2012-12-05,OUTLET,0.69764,synthetic_demo,synthetic lagged rainfall response,True
2012-12-06,OUTLET,0.69917,synthetic_demo,synthetic lagged rainfall response,True
2012-12-07,OUTLET,0.69091,synthetic_demo,synthetic lagged rainfall response,True
2012-12-08,OUTLET,0.69465,synthetic_demo,synthetic lagged rainfall response,True
2012-12-09,OUTLET,0.68255,synthetic_demo,synthetic lagged rainfall response,True
2012-12-10,OUTLET,0.67325,synthetic_demo,synthetic lagged rainfall response,True
2012-12-11,OUTLET,0.67454,synthetic_demo,synthetic lagged rainfall response,True
2012-12-12,OUTLET,0.67132,synthetic_demo,synthetic lagged rainfall response,True
2012-12-13,OUTLET,0.66889,synthetic_demo,synthetic lagged rainfall response,True
2012-12-14,OUTLET,0.65489,synthetic_demo,synthetic lagged rainfall response,True
2012-12-15,OUTLET,0.6607,synthetic_demo,synthetic lagged rainfall response,True
2012-12-16,OUTLET,0.65842,synthetic_demo,synthetic lagged rainfall response,True
2012-12-17,OUTLET,0.65371,synthetic_demo,synthetic lagged rainfall response,True
2012-12-18,OUTLET,0.65166,synthetic_demo,synthetic lagged rainfall response,True
2012-12-19,OUTLET,0.66869,synthetic_demo,synthetic lagged rainfall response,True
2012-12-20,OUTLET,0.64374,synthetic_demo,synthetic lagged rainfall response,True
2012-12-21,OUTLET,0.65489,synthetic_demo,synthetic lagged rainfall response,True
2012-12-22,OUTLET,0.62928,synthetic_demo,synthetic lagged rainfall response,True
2012-12-23,OUTLET,0.64324,synthetic_demo,synthetic lagged rainfall response,True
2012-12-24,OUTLET,0.62458,synthetic_demo,synthetic lagged rainfall response,True
2012-12-25,OUTLET,0.62035,synthetic_demo,synthetic lagged rainfall response,True
2012-12-26,OUTLET,0.62568,synthetic_demo,synthetic lagged rainfall response,True
2012-12-27,OUTLET,0.63744,synthetic_demo,synthetic lagged rainfall response,True
2012-12-28,OUTLET,0.63911,synthetic_demo,synthetic lagged rainfall response,True
2012-12-29,OUTLET,0.61472,synthetic_demo,synthetic lagged rainfall response,True
2012-12-30,OUTLET,0.60825,synthetic_demo,synthetic lagged rainfall response,True
2012-12-31,OUTLET,0.61939,synthetic_demo,synthetic lagged rainfall response,True
2013-01-01,OUTLET,0.62804,synthetic_demo,synthetic lagged rainfall response,True
2013-01-02,OUTLET,0.61528,synthetic_demo,synthetic lagged rainfall response,True
2013-01-03,OUTLET,0.63278,synthetic_demo,synthetic lagged rainfall response,True
2013-01-04,OUTLET,0.62095,synthetic_demo,synthetic lagged rainfall response,True
2013-01-05,OUTLET,0.60583,synthetic_demo,synthetic lagged rainfall response,True
2013-01-06,OUTLET,0.60072,synthetic_demo,synthetic lagged rainfall response,True
2013-01-07,OUTLET,0.60624,synthetic_demo,synthetic lagged rainfall response,True
2013-01-08,OUTLET,0.60471,synthetic_demo,synthetic lagged rainfall response,True
2013-01-09,OUTLET,0.58299,synthetic_demo,synthetic lagged rainfall response,True
2013-01-10,OUTLET,0.57779,synthetic_demo,synthetic lagged rainfall response,True
2013-01-11,OUTLET,0.57308,synthetic_demo,synthetic lagged rainfall response,True
2013-01-12,OUTLET,0.54737,synthetic_demo,synthetic lagged rainfall response,True
2013-01-13,OUTLET,0.5671,synthetic_demo,synthetic lagged rainfall response,True
2013-01-14,OUTLET,0.53426,synthetic_demo,synthetic lagged rainfall response,True
2013-01-15,OUTLET,0.47865,synthetic_demo,synthetic lagged rainfall response,True
2013-01-16,OUTLET,0.48958,synthetic_demo,synthetic lagged rainfall response,True
2013-01-17,OUTLET,0.47143,synthetic_demo,synthetic lagged rainfall response,True
2013-01-18,OUTLET,0.47357,synthetic_demo,synthetic lagged rainfall response,True
2013-01-19,OUTLET,0.46775,synthetic_demo,synthetic lagged rainfall response,True
2013-01-20,OUTLET,0.49401,synthetic_demo,synthetic lagged rainfall response,True
2013-01-21,OUTLET,0.47477,synthetic_demo,synthetic lagged rainfall response,True
2013-01-22,OUTLET,0.48817,synthetic_demo,synthetic lagged rainfall response,True
2013-01-23,OUTLET,0.46527,synthetic_demo,synthetic lagged rainfall response,True
2013-01-24,OUTLET,0.48883,synthetic_demo,synthetic lagged rainfall response,True
2013-01-25,OUTLET,0.47475,synthetic_demo,synthetic lagged rainfall response,True
2013-01-26,OUTLET,0.4754,synthetic_demo,synthetic lagged rainfall response,True
2013-01-27,OUTLET,0.48126,synthetic_demo,synthetic lagged rainfall response,True
2013-01-28,OUTLET,0.47478,synthetic_demo,synthetic lagged rainfall response,True
2013-01-29,OUTLET,0.4665,synthetic_demo,synthetic lagged rainfall response,True
2013-01-30,OUTLET,0.47754,synthetic_demo,synthetic lagged rainfall response,True
2013-01-31,OUTLET,0.45361,synthetic_demo,synthetic lagged rainfall response,True
2013-02-01,OUTLET,0.49577,synthetic_demo,synthetic lagged rainfall response,True
2013-02-02,OUTLET,0.48621,synthetic_demo,synthetic lagged rainfall response,True
2013-02-03,OUTLET,0.47069,synthetic_demo,synthetic lagged rainfall response,True
2013-02-04,OUTLET,0.46269,synthetic_demo,synthetic lagged rainfall response,True
2013-02-05,OUTLET,0.52692,synthetic_demo,synthetic lagged rainfall response,True
2013-02-06,OUTLET,0.51891,synthetic_demo,synthetic lagged rainfall response,True
2013-02-07,OUTLET,0.53086,synthetic_demo,synthetic lagged rainfall response,True
2013-02-08,OUTLET,0.49851,synthetic_demo,synthetic lagged rainfall response,True
2013-02-09,OUTLET,0.50157,synthetic_demo,synthetic lagged rainfall response,True
2013-02-10,OUTLET,0.53217,synthetic_demo,synthetic lagged rainfall response,True
2013-02-11,OUTLET,0.50866,synthetic_demo,synthetic lagged rainfall response,True
2013-02-12,OUTLET,0.48975,synthetic_demo,synthetic lagged rainfall response,True
2013-02-13,OUTLET,0.48615,synthetic_demo,synthetic lagged rainfall response,True
2013-02-14,OUTLET,0.51336,synthetic_demo,synthetic lagged rainfall response,True
2013-02-15,OUTLET,0.49116,synthetic_demo,synthetic lagged rainfall response,True
2013-02-16,OUTLET,0.48982,synthetic_demo,synthetic lagged rainfall response,True
2013-02-17,OUTLET,0.48011,synthetic_demo,synthetic lagged rainfall response,True
2013-02-18,OUTLET,0.50843,synthetic_demo,synthetic lagged rainfall response,True
2013-02-19,OUTLET,0.49102,synthetic_demo,synthetic lagged rainfall response,True
2013-02-20,OUTLET,0.47503,synthetic_demo,synthetic lagged rainfall response,True
2013-02-21,OUTLET,0.47622,synthetic_demo,synthetic lagged rainfall response,True
2013-02-22,OUTLET,0.48204,synthetic_demo,synthetic lagged rainfall response,True
2013-02-23,OUTLET,0.45871,synthetic_demo,synthetic lagged rainfall response,True
2013-02-24,OUTLET,0.454,synthetic_demo,synthetic lagged rainfall response,True
2013-02-25,OUTLET,0.4629,synthetic_demo,synthetic lagged rainfall response,True
2013-02-26,OUTLET,0.44806,synthetic_demo,synthetic lagged rainfall response,True
2013-02-27,OUTLET,0.46369,synthetic_demo,synthetic lagged rainfall response,True
2013-02-28,OUTLET,0.46752,synthetic_demo,synthetic lagged rainfall response,True
2013-03-01,OUTLET,0.4397,synthetic_demo,synthetic lagged rainfall response,True
2013-03-02,OUTLET,0.46378,synthetic_demo,synthetic lagged rainfall response,True
2013-03-03,OUTLET,0.45123,synthetic_demo,synthetic lagged rainfall response,True
2013-03-04,OUTLET,0.46172,synthetic_demo,synthetic lagged rainfall response,True
2013-03-05,OUTLET,0.43528,synthetic_demo,synthetic lagged rainfall response,True
2013-03-06,OUTLET,0.41258,synthetic_demo,synthetic lagged rainfall response,True
2013-03-07,OUTLET,0.43367,synthetic_demo,synthetic lagged rainfall response,True
2013-03-08,OUTLET,0.41149,synthetic_demo,synthetic lagged rainfall response,True
2013-03-09,OUTLET,0.40578,synthetic_demo,synthetic lagged rainfall response,True
2013-03-10,OUTLET,0.39131,synthetic_demo,synthetic lagged rainfall response,True
2013-03-11,OUTLET,0.38559,synthetic_demo,synthetic lagged rainfall response,True
2013-03-12,OUTLET,0.36463,synthetic_demo,synthetic lagged rainfall response,True
2013-03-13,OUTLET,0.38901,synthetic_demo,synthetic lagged rainfall response,True
2013-03-14,OUTLET,0.37944,synthetic_demo,synthetic lagged rainfall response,True
2013-03-15,OUTLET,0.39037,synthetic_demo,synthetic lagged rainfall response,True
2013-03-16,OUTLET,0.38637,synthetic_demo,synthetic lagged rainfall response,True
2013-03-17,OUTLET,0.46899,synthetic_demo,synthetic lagged rainfall response,True
2013-03-18,OUTLET,0.42973,synthetic_demo,synthetic lagged rainfall response,True
2013-03-19,OUTLET,0.4357,synthetic_demo,synthetic lagged rainfall response,True
2013-03-20,OUTLET,0.43298,synthetic_demo,synthetic lagged rainfall response,True
2013-03-21,OUTLET,0.42512,synthetic_demo,synthetic lagged rainfall response,True
2013-03-22,OUTLET,0.40561,synthetic_demo,synthetic lagged rainfall response,True
2013-03-23,OUTLET,0.38414,synthetic_demo,synthetic lagged rainfall response,True
2013-03-24,OUTLET,0.37547,synthetic_demo,synthetic lagged rainfall response,True
2013-03-25,OUTLET,0.37945,synthetic_demo,synthetic lagged rainfall response,True
2013-03-26,OUTLET,0.34952,synthetic_demo,synthetic lagged rainfall response,True
2013-03-27,OUTLET,0.33227,synthetic_demo,synthetic lagged rainfall response,True
2013-03-28,OUTLET,0.32726,synthetic_demo,synthetic lagged rainfall response,True
2013-03-29,OUTLET,0.32316,synthetic_demo,synthetic lagged rainfall response,True
2013-03-30,OUTLET,0.32582,synthetic_demo,synthetic lagged rainfall response,True
2013-03-31,OUTLET,0.30455,synthetic_demo,synthetic lagged rainfall response,True
2013-04-01,OUTLET,0.31058,synthetic_demo,synthetic lagged rainfall response,True
2013-04-02,OUTLET,0.30652,synthetic_demo,synthetic lagged rainfall response,True
2013-04-03,OUTLET,0.29581,synthetic_demo,synthetic lagged rainfall response,True
2013-04-04,OUTLET,0.2903,synthetic_demo,synthetic lagged rainfall response,True
2013-04-05,OUTLET,0.29666,synthetic_demo,synthetic lagged rainfall response,True
2013-04-06,OUTLET,0.29348,synthetic_demo,synthetic lagged rainfall response,True
2013-04-07,OUTLET,0.30596,synthetic_demo,synthetic lagged rainfall response,True
2013-04-08,OUTLET,0.25934,synthetic_demo,synthetic lagged rainfall response,True
2013-04-09,OUTLET,0.27948,synthetic_demo,synthetic lagged rainfall response,True
2013-04-10,OUTLET,0.27257,synthetic_demo,synthetic lagged rainfall response,True
2013-04-11,OUTLET,0.30424,synthetic_demo,synthetic lagged rainfall response,True
2013-04-12,OUTLET,0.29267,synthetic_demo,synthetic lagged rainfall response,True
2013-04-13,OUTLET,0.26155,synthetic_demo,synthetic lagged rainfall response,True
2013-04-14,OUTLET,0.28409,synthetic_demo,synthetic lagged rainfall response,True
2013-04-15,OUTLET,0.28312,synthetic_demo,synthetic lagged rainfall response,True
2013-04-16,OUTLET,0.29395,synthetic_demo,synthetic lagged rainfall response,True
2013-04-17,OUTLET,0.29962,synthetic_demo,synthetic lagged rainfall response,True
2013-04-18,OUTLET,0.29729,synthetic_demo,synthetic lagged rainfall response,True
2013-04-19,OUTLET,0.31272,synthetic_demo,synthetic lagged rainfall response,True
2013-04-20,OUTLET,0.29557,synthetic_demo,synthetic lagged rainfall response,True
2013-04-21,OUTLET,0.3087,synthetic_demo,synthetic lagged rainfall response,True
2013-04-22,OUTLET,0.26364,synthetic_demo,synthetic lagged rainfall response,True
2013-04-23,OUTLET,0.31501,synthetic_demo,synthetic lagged rainfall response,True
2013-04-24,OUTLET,0.27567,synthetic_demo,synthetic lagged rainfall response,True
2013-04-25,OUTLET,0.27854,synthetic_demo,synthetic lagged rainfall response,True
2013-04-26,OUTLET,0.28736,synthetic_demo,synthetic lagged rainfall response,True
2013-04-27,OUTLET,0.29009,synthetic_demo,synthetic lagged rainfall response,True
2013-04-28,OUTLET,0.30713,synthetic_demo,synthetic lagged rainfall response,True
2013-04-29,OUTLET,0.28841,synthetic_demo,synthetic lagged rainfall response,True
2013-04-30,OUTLET,0.29761,synthetic_demo,synthetic lagged rainfall response,True
2013-05-01,OUTLET,0.23658,synthetic_demo,synthetic lagged rainfall response,True
2013-05-02,OUTLET,0.2255,synthetic_demo,synthetic lagged rainfall response,True
2013-05-03,OUTLET,0.23622,synthetic_demo,synthetic lagged rainfall response,True
2013-05-04,OUTLET,0.23416,synthetic_demo,synthetic lagged rainfall response,True
2013-05-05,OUTLET,0.22739,synthetic_demo,synthetic lagged rainfall response,True
2013-05-06,OUTLET,0.25917,synthetic_demo,synthetic lagged rainfall response,True
2013-05-07,OUTLET,0.25035,synthetic_demo,synthetic lagged rainfall response,True
2013-05-08,OUTLET,0.23445,synthetic_demo,synthetic lagged rainfall response,True
2013-05-09,OUTLET,0.24014,synthetic_demo,synthetic lagged rainfall response,True
2013-05-10,OUTLET,0.26391,synthetic_demo,synthetic lagged rainfall response,True
2013-05-11,OUTLET,0.24185,synthetic_demo,synthetic lagged rainfall response,True
2013-05-12,OUTLET,0.23815,synthetic_demo,synthetic lagged rainfall response,True
2013-05-13,OUTLET,0.26169,synthetic_demo,synthetic lagged rainfall response,True
2013-05-14,OUTLET,0.27179,synthetic_demo,synthetic lagged rainfall response,True
2013-05-15,OUTLET,0.26929,synthetic_demo,synthetic lagged rainfall response,True
2013-05-16,OUTLET,0.32383,synthetic_demo,synthetic lagged rainfall response,True
2013-05-17,OUTLET,0.32081,synthetic_demo,synthetic lagged rainfall response,True
2013-05-18,OUTLET,0.34659,synthetic_demo,synthetic lagged rainfall response,True
2013-05-19,OUTLET,0.32453,synthetic_demo,synthetic lagged rainfall response,True
2013-05-20,OUTLET,0.32295,synthetic_demo,synthetic lagged rainfall response,True
2013-05-21,OUTLET,0.33144,synthetic_demo,synthetic lagged rainfall response,True
2013-05-22,OUTLET,0.33192,synthetic_demo,synthetic lagged rainfall response,True
2013-05-23,OUTLET,0.35508,synthetic_demo,synthetic lagged rainfall response,True
2013-05-24,OUTLET,0.32262,synthetic_demo,synthetic lagged rainfall response,True
2013-05-25,OUTLET,0.32884,synthetic_demo,synthetic lagged rainfall response,True
2013-05-26,OUTLET,0.3375,synthetic_demo,synthetic lagged rainfall response,True
2013-05-27,OUTLET,0.31062,synthetic_demo,synthetic lagged rainfall response,True
2013-05-28,OUTLET,0.32443,synthetic_demo,synthetic lagged rainfall response,True
2013-05-29,OUTLET,0.30638,synthetic_demo,synthetic lagged rainfall response,True
2013-05-30,OUTLET,0.26669,synthetic_demo,synthetic lagged rainfall response,True
2013-05-31,OUTLET,0.27434,synthetic_demo,synthetic lagged rainfall response,True
2013-06-01,OUTLET,0.25067,synthetic_demo,synthetic lagged rainfall response,True
2013-06-02,OUTLET,0.27885,synthetic_demo,synthetic lagged rainfall response,True
2013-06-03,OUTLET,0.24932,synthetic_demo,synthetic lagged rainfall response,True
2013-06-04,OUTLET,0.26434,synthetic_demo,synthetic lagged rainfall response,True
2013-06-05,OUTLET,0.2726,synthetic_demo,synthetic lagged rainfall response,True
2013-06-06,OUTLET,0.26681,synthetic_demo,synthetic lagged rainfall response,True
2013-06-07,OUTLET,0.27844,synthetic_demo,synthetic lagged rainfall response,True
2013-06-08,OUTLET,0.2701,synthetic_demo,synthetic lagged rainfall response,True
2013-06-09,OUTLET,0.25524,synthetic_demo,synthetic lagged rainfall response,True
2013-06-10,OUTLET,0.26783,synthetic_demo,synthetic lagged rainfall response,True
2013-06-11,OUTLET,0.27772,synthetic_demo,synthetic lagged rainfall response,True
2013-06-12,OUTLET,0.28805,synthetic_demo,synthetic lagged rainfall response,True
2013-06-13,OUTLET,0.28065,synthetic_demo,synthetic lagged rainfall response,True
2013-06-14,OUTLET,0.28641,synthetic_demo,synthetic lagged rainfall response,True
2013-06-15,OUTLET,0.32028,synthetic_demo,synthetic lagged rainfall response,True
2013-06-16,OUTLET,0.33099,synthetic_demo,synthetic lagged rainfall response,True
2013-06-17,OUTLET,0.336,synthetic_demo,synthetic lagged rainfall response,True
2013-06-18,OUTLET,0.33831,synthetic_demo,synthetic lagged rainfall response,True
2013-06-19,OUTLET,0.32125,synthetic_demo,synthetic lagged rainfall response,True
2013-06-20,OUTLET,0.33534,synthetic_demo,synthetic lagged rainfall response,True
2013-06-21,OUTLET,0.32367,synthetic_demo,synthetic lagged rainfall response,True
2013-06-22,OUTLET,0.32374,synthetic_demo,synthetic lagged rainfall response,True
2013-06-23,OUTLET,0.33244,synthetic_demo,synthetic lagged rainfall response,True
2013-06-24,OUTLET,0.31205,synthetic_demo,synthetic lagged rainfall response,True
2013-06-25,OUTLET,0.30561,synthetic_demo,synthetic lagged rainfall response,True
2013-06-26,OUTLET,0.31667,synthetic_demo,synthetic lagged rainfall response,True
2013-06-27,OUTLET,0.29826,synthetic_demo,synthetic lagged rainfall response,True
2013-06-28,OUTLET,0.31309,synthetic_demo,synthetic lagged rainfall response,True
2013-06-29,OUTLET,0.32253,synthetic_demo,synthetic lagged rainfall response,True
2013-06-30,OUTLET,0.28768,synthetic_demo,synthetic lagged rainfall response,True
2013-07-01,OUTLET,0.2803,synthetic_demo,synthetic lagged rainfall response,True
2013-07-02,OUTLET,0.28829,synthetic_demo,synthetic lagged rainfall response,True
2013-07-03,OUTLET,0.30014,synthetic_demo,synthetic lagged rainfall response,True
2013-07-04,OUTLET,0.29096,synthetic_demo,synthetic lagged rainfall response,True
2013-07-05,OUTLET,0.29344,synthetic_demo,synthetic lagged rainfall response,True
2013-07-06,OUTLET,0.29157,synthetic_demo,synthetic lagged rainfall response,True
2013-07-07,OUTLET,0.31315,synthetic_demo,synthetic lagged rainfall response,True
2013-07-08,OUTLET,0.3166,synthetic_demo,synthetic lagged rainfall response,True
2013-07-09,OUTLET,0.31593,synthetic_demo,synthetic lagged rainfall response,True
2013-07-10,OUTLET,0.3011,synthetic_demo,synthetic lagged rainfall response,True
2013-07-11,OUTLET,0.32501,synthetic_demo,synthetic lagged rainfall response,True
2013-07-12,OUTLET,0.34157,synthetic_demo,synthetic lagged rainfall response,True
2013-07-13,OUTLET,0.31571,synthetic_demo,synthetic lagged rainfall response,True
2013-07-14,OUTLET,0.33516,synthetic_demo,synthetic lagged rainfall response,True
2013-07-15,OUTLET,0.33377,synthetic_demo,synthetic lagged rainfall response,True
2013-07-16,OUTLET,0.34414,synthetic_demo,synthetic lagged rainfall response,True
2013-07-17,OUTLET,0.34562,synthetic_demo,synthetic lagged rainfall response,True
2013-07-18,OUTLET,0.35453,synthetic_demo,synthetic lagged rainfall response,True
2013-07-19,OUTLET,0.37562,synthetic_demo,synthetic lagged rainfall response,True
2013-07-20,OUTLET,0.39802,synthetic_demo,synthetic lagged rainfall response,True
2013-07-21,OUTLET,0.38877,synthetic_demo,synthetic lagged rainfall response,True
2013-07-22,OUTLET,0.38746,synthetic_demo,synthetic lagged rainfall response,True
2013-07-23,OUTLET,0.37115,synthetic_demo,synthetic lagged rainfall response,True
2013-07-24,OUTLET,0.36178,synthetic_demo,synthetic lagged rainfall response,True
2013-07-25,OUTLET,0.38086,synthetic_demo,synthetic lagged rainfall response,True
2013-07-26,OUTLET,0.36643,synthetic_demo,synthetic lagged rainfall response,True
2013-07-27,OUTLET,0.37462,synthetic_demo,synthetic lagged rainfall response,True
2013-07-28,OUTLET,0.38652,synthetic_demo,synthetic lagged rainfall response,True
2013-07-29,OUTLET,0.41678,synthetic_demo,synthetic lagged rainfall response,True
2013-07-30,OUTLET,0.43017,synthetic_demo,synthetic lagged rainfall response,True
2013-07-31,OUTLET,0.39262,synthetic_demo,synthetic lagged rainfall response,True
2013-08-01,OUTLET,0.3732,synthetic_demo,synthetic lagged rainfall response,True
2013-08-02,OUTLET,0.38487,synthetic_demo,synthetic lagged rainfall response,True
2013-08-03,OUTLET,0.39553,synthetic_demo,synthetic lagged rainfall response,True
2013-08-04,OUTLET,0.38574,synthetic_demo,synthetic lagged rainfall response,True
2013-08-05,OUTLET,0.39767,synthetic_demo,synthetic lagged rainfall response,True
2013-08-06,OUTLET,0.40499,synthetic_demo,synthetic lagged rainfall response,True
2013-08-07,OUTLET,0.41657,synthetic_demo,synthetic lagged rainfall response,True
2013-08-08,OUTLET,0.42065,synthetic_demo,synthetic lagged rainfall response,True
2013-08-09,OUTLET,0.38475,synthetic_demo,synthetic lagged rainfall response,True
2013-08-10,OUTLET,0.41512,synthetic_demo,synthetic lagged rainfall response,True
2013-08-11,OUTLET,0.41673,synthetic_demo,synthetic lagged rainfall response,True
2013-08-12,OUTLET,0.38453,synthetic_demo,synthetic lagged rainfall response,True
2013-08-13,OUTLET,0.3901,synthetic_demo,synthetic lagged rainfall response,True
2013-08-14,OUTLET,0.3921,synthetic_demo,synthetic lagged rainfall response,True
2013-08-15,OUTLET,0.38312,synthetic_demo,synthetic lagged rainfall response,True
2013-08-16,OUTLET,0.38369,synthetic_demo,synthetic lagged rainfall response,True
2013-08-17,OUTLET,0.401,synthetic_demo,synthetic lagged rainfall response,True
2013-08-18,OUTLET,0.47694,synthetic_demo,synthetic lagged rainfall response,True
2013-08-19,OUTLET,0.46579,synthetic_demo,synthetic lagged rainfall response,True
2013-08-20,OUTLET,0.50075,synthetic_demo,synthetic lagged rainfall response,True
2013-08-21,OUTLET,0.56352,synthetic_demo,synthetic lagged rainfall response,True
2013-08-22,OUTLET,0.56394,synthetic_demo,synthetic lagged rainfall response,True
2013-08-23,OUTLET,0.59138,synthetic_demo,synthetic lagged rainfall response,True
2013-08-24,OUTLET,0.59192,synthetic_demo,synthetic lagged rainfall response,True
2013-08-25,OUTLET,0.57666,synthetic_demo,synthetic lagged rainfall response,True
2013-08-26,OUTLET,0.58242,synthetic_demo,synthetic lagged rainfall response,True
2013-08-27,OUTLET,0.60289,synthetic_demo,synthetic lagged rainfall response,True
2013-08-28,OUTLET,0.60083,synthetic_demo,synthetic lagged rainfall response,True
2013-08-29,OUTLET,0.62736,synthetic_demo,synthetic lagged rainfall response,True
2013-08-30,OUTLET,0.61272,synthetic_demo,synthetic lagged rainfall response,True
2013-08-31,OUTLET,0.62308,synthetic_demo,synthetic lagged rainfall response,True
2013-09-01,OUTLET,0.58319,synthetic_demo,synthetic lagged rainfall response,True
2013-09-02,OUTLET,0.59146,synthetic_demo,synthetic lagged rainfall response,True
2013-09-03,OUTLET,0.58228,synthetic_demo,synthetic lagged rainfall response,True
2013-09-04,OUTLET,0.59244,synthetic_demo,synthetic lagged rainfall response,True
2013-09-05,OUTLET,0.60596,synthetic_demo,synthetic lagged rainfall response,True
2013-09-06,OUTLET,0.59655,synthetic_demo,synthetic lagged rainfall response,True
2013-09-07,OUTLET,0.58034,synthetic_demo,synthetic lagged rainfall response,True
2013-09-08,OUTLET,0.60979,synthetic_demo,synthetic lagged rainfall response,True
2013-09-09,OUTLET,0.62249,synthetic_demo,synthetic lagged rainfall response,True
2013-09-10,OUTLET,0.6336,synthetic_demo,synthetic lagged rainfall response,True
2013-09-11,OUTLET,0.63706,synthetic_demo,synthetic lagged rainfall response,True
2013-09-12,OUTLET,0.62778,synthetic_demo,synthetic lagged rainfall response,True
2013-09-13,OUTLET,0.60744,synthetic_demo,synthetic lagged rainfall response,True
2013-09-14,OUTLET,0.61068,synthetic_demo,synthetic lagged rainfall response,True
2013-09-15,OUTLET,0.60676,synthetic_demo,synthetic lagged rainfall response,True
2013-09-16,OUTLET,0.60841,synthetic_demo,synthetic lagged rainfall response,True
2013-09-17,OUTLET,0.56278,synthetic_demo,synthetic lagged rainfall response,True
2013-09-18,OUTLET,0.60951,synthetic_demo,synthetic lagged rainfall response,True
2013-09-19,OUTLET,0.62475,synthetic_demo,synthetic lagged rainfall response,True
2013-09-20,OUTLET,0.6213,synthetic_demo,synthetic lagged rainfall response,True
2013-09-21,OUTLET,0.61286,synthetic_demo,synthetic lagged rainfall response,True
2013-09-22,OUTLET,0.60919,synthetic_demo,synthetic lagged rainfall response,True
2013-09-23,OUTLET,0.60675,synthetic_demo,synthetic lagged rainfall response,True
2013-09-24,OUTLET,0.6016,synthetic_demo,synthetic lagged rainfall response,True
2013-09-25,OUTLET,0.62684,synthetic_demo,synthetic lagged rainfall response,True
2013-09-26,OUTLET,0.64693,synthetic_demo,synthetic lagged rainfall response,True
2013-09-27,OUTLET,0.6255,synthetic_demo,synthetic lagged rainfall response,True
2013-09-28,OUTLET,0.63821,synthetic_demo,synthetic lagged rainfall response,True
2013-09-29,OUTLET,0.64434,synthetic_demo,synthetic lagged rainfall response,True
2013-09-30,OUTLET,0.65866,synthetic_demo,synthetic lagged rainfall response,True
2013-10-01,OUTLET,0.71942,synthetic_demo,synthetic lagged rainfall response,True
2013-10-02,OUTLET,0.67551,synthetic_demo,synthetic lagged rainfall response,True
2013-10-03,OUTLET,0.67711,synthetic_demo,synthetic lagged rainfall response,True
2013-10-04,OUTLET,0.66271,synthetic_demo,synthetic lagged rainfall response,True
2013-10-05,OUTLET,0.67514,synthetic_demo,synthetic lagged rainfall response,True
2013-10-06,OUTLET,0.65625,synthetic_demo,synthetic lagged rainfall response,True
2013-10-07,OUTLET,0.67503,synthetic_demo,synthetic lagged rainfall response,True
2013-10-08,OUTLET,0.71258,synthetic_demo,synthetic lagged rainfall response,True
2013-10-09,OUTLET,0.76518,synthetic_demo,synthetic lagged rainfall response,True
2013-10-10,OUTLET,0.73805,synthetic_demo,synthetic lagged rainfall response,True
2013-10-11,OUTLET,0.72701,synthetic_demo,synthetic lagged rainfall response,True
2013-10-12,OUTLET,0.71605,synthetic_demo,synthetic lagged rainfall response,True
2013-10-13,OUTLET,0.71831,synthetic_demo,synthetic lagged rainfall response,True
2013-10-14,OUTLET,0.72146,synthetic_demo,synthetic lagged rainfall response,True
2013-10-15,OUTLET,0.72289,synthetic_demo,synthetic lagged rainfall response,True
2013-10-16,OUTLET,0.72442,synthetic_demo,synthetic lagged rainfall response,True
2013-10-17,OUTLET,0.72842,synthetic_demo,synthetic lagged rainfall response,True
2013-10-18,OUTLET,0.71579,synthetic_demo,synthetic lagged rainfall response,True
2013-10-19,OUTLET,0.72243,synthetic_demo,synthetic lagged rainfall response,True
2013-10-20,OUTLET,0.7174,synthetic_demo,synthetic lagged rainfall response,True
2013-10-21,OUTLET,0.72014,synthetic_demo,synthetic lagged rainfall response,True
2013-10-22,OUTLET,0.7845,synthetic_demo,synthetic lagged rainfall response,True
2013-10-23,OUTLET,0.82316,synthetic_demo,synthetic lagged rainfall response,True
2013-10-24,OUTLET,0.81369,synthetic_demo,synthetic lagged rainfall response,True
2013-10-25,OUTLET,0.80457,synthetic_demo,synthetic lagged rainfall response,True
2013-10-26,OUTLET,0.78155,synthetic_demo,synthetic lagged rainfall response,True
2013-10-27,OUTLET,0.85997,synthetic_demo,synthetic lagged rainfall response,True
2013-10-28,OUTLET,0.86033,synthetic_demo,synthetic lagged rainfall response,True
2013-10-29,OUTLET,0.86771,synthetic_demo,synthetic lagged rainfall response,True
2013-10-30,OUTLET,0.85577,synthetic_demo,synthetic lagged rainfall response,True
2013-10-31,OUTLET,0.87853,synthetic_demo,synthetic lagged rainfall response,True
2013-11-01,OUTLET,0.89625,synthetic_demo,synthetic lagged rainfall response,True
2013-11-02,OUTLET,0.85886,synthetic_demo,synthetic lagged rainfall response,True
2013-11-03,OUTLET,0.87086,synthetic_demo,synthetic lagged rainfall response,True
2013-11-04,OUTLET,0.88751,synthetic_demo,synthetic lagged rainfall response,True
2013-11-05,OUTLET,0.91232,synthetic_demo,synthetic lagged rainfall response,True
2013-11-06,OUTLET,0.89116,synthetic_demo,synthetic lagged rainfall response,True
2013-11-07,OUTLET,0.88044,synthetic_demo,synthetic lagged rainfall response,True
2013-11-08,OUTLET,0.89676,synthetic_demo,synthetic lagged rainfall response,True
2013-11-09,OUTLET,0.87233,synthetic_demo,synthetic lagged rainfall response,True
2013-11-10,OUTLET,0.85383,synthetic_demo,synthetic lagged rainfall response,True
2013-11-11,OUTLET,0.86929,synthetic_demo,synthetic lagged rainfall response,True
2013-11-12,OUTLET,0.85429,synthetic_demo,synthetic lagged rainfall response,True
2013-11-13,OUTLET,0.838,synthetic_demo,synthetic lagged rainfall response,True
2013-11-14,OUTLET,0.80919,synthetic_demo,synthetic lagged rainfall response,True
2013-11-15,OUTLET,0.80966,synthetic_demo,synthetic lagged rainfall response,True
2013-11-16,OUTLET,0.8044,synthetic_demo,synthetic lagged rainfall response,True
2013-11-17,OUTLET,0.77983,synthetic_demo,synthetic lagged rainfall response,True
2013-11-18,OUTLET,0.8365,synthetic_demo,synthetic lagged rainfall response,True
2013-11-19,OUTLET,0.86732,synthetic_demo,synthetic lagged rainfall response,True
2013-11-20,OUTLET,0.84718,synthetic_demo,synthetic lagged rainfall response,True
2013-11-21,OUTLET,0.83081,synthetic_demo,synthetic lagged rainfall response,True
2013-11-22,OUTLET,0.85249,synthetic_demo,synthetic lagged rainfall response,True
2013-11-23,OUTLET,0.81204,synthetic_demo,synthetic lagged rainfall response,True
2013-11-24,OUTLET,0.82708,synthetic_demo,synthetic lagged rainfall response,True
2013-11-25,OUTLET,0.83469,synthetic_demo,synthetic lagged rainfall response,True
2013-11-26,OUTLET,0.82935,synthetic_demo,synthetic lagged rainfall response,True
2013-11-27,OUTLET,0.82869,synthetic_demo,synthetic lagged rainfall response,True
2013-11-28,OUTLET,0.84019,synthetic_demo,synthetic lagged rainfall response,True
2013-11-29,OUTLET,0.82818,synthetic_demo,synthetic lagged rainfall response,True
2013-11-30,OUTLET,0.81811,synthetic_demo,synthetic lagged rainfall response,True
2013-12-01,OUTLET,0.81992,synthetic_demo,synthetic lagged rainfall response,True
2013-12-02,OUTLET,0.81456,synthetic_demo,synthetic lagged rainfall response,True
2013-12-03,OUTLET,0.79964,synthetic_demo,synthetic lagged rainfall response,True
2013-12-04,OUTLET,0.81626,synthetic_demo,synthetic lagged rainfall response,True
2013-12-05,OUTLET,0.83728,synthetic_demo,synthetic lagged rainfall response,True
2013-12-06,OUTLET,0.79187,synthetic_demo,synthetic lagged rainfall response,True
2013-12-07,OUTLET,0.76237,synthetic_demo,synthetic lagged rainfall response,True
2013-12-08,OUTLET,0.74155,synthetic_demo,synthetic lagged rainfall response,True
2013-12-09,OUTLET,0.75484,synthetic_demo,synthetic lagged rainfall response,True
2013-12-10,OUTLET,0.75933,synthetic_demo,synthetic lagged rainfall response,True
2013-12-11,OUTLET,0.71518,synthetic_demo,synthetic lagged rainfall response,True
2013-12-12,OUTLET,0.71531,synthetic_demo,synthetic lagged rainfall response,True
2013-12-13,OUTLET,0.72005,synthetic_demo,synthetic lagged rainfall response,True
2013-12-14,OUTLET,0.73643,synthetic_demo,synthetic lagged rainfall response,True
2013-12-15,OUTLET,0.72213,synthetic_demo,synthetic lagged rainfall response,True
2013-12-16,OUTLET,0.70135,synthetic_demo,synthetic lagged rainfall response,True
2013-12-17,OUTLET,0.7228,synthetic_demo,synthetic lagged rainfall response,True
2013-12-18,OUTLET,0.70647,synthetic_demo,synthetic lagged rainfall response,True
2013-12-19,OUTLET,0.68105,synthetic_demo,synthetic lagged rainfall response,True
2013-12-20,OUTLET,0.68296,synthetic_demo,synthetic lagged rainfall response,True
2013-12-21,OUTLET,0.67977,synthetic_demo,synthetic lagged rainfall response,True
2013-12-22,OUTLET,0.66852,synthetic_demo,synthetic lagged rainfall response,True
2013-12-23,OUTLET,0.70005,synthetic_demo,synthetic lagged rainfall response,True
2013-12-24,OUTLET,0.69806,synthetic_demo,synthetic lagged rainfall response,True
2013-12-25,OUTLET,0.69436,synthetic_demo,synthetic lagged rainfall response,True
2013-12-26,OUTLET,0.70208,synthetic_demo,synthetic lagged rainfall response,True
2013-12-27,OUTLET,0.68794,synthetic_demo,synthetic lagged rainfall response,True
2013-12-28,OUTLET,0.69494,synthetic_demo,synthetic lagged rainfall response,True
2013-12-29,OUTLET,0.68292,synthetic_demo,synthetic lagged rainfall response,True
2013-12-30,OUTLET,0.6852,synthetic_demo,synthetic lagged rainfall response,True
2013-12-31,OUTLET,0.7764,synthetic_demo,synthetic lagged rainfall response,True
2014-01-01,OUTLET,0.76071,synthetic_demo,synthetic lagged rainfall response,True
2014-01-02,OUTLET,0.71512,synthetic_demo,synthetic lagged rainfall response,True
2014-01-03,OUTLET,0.71128,synthetic_demo,synthetic lagged rainfall response,True
2014-01-04,OUTLET,0.73332,synthetic_demo,synthetic lagged rainfall response,True
2014-01-05,OUTLET,0.74735,synthetic_demo,synthetic lagged rainfall response,True
2014-01-06,OUTLET,0.769,synthetic_demo,synthetic lagged rainfall response,True
2014-01-07,OUTLET,0.78188,synthetic_demo,synthetic lagged rainfall response,True
2014-01-08,OUTLET,0.76897,synthetic_demo,synthetic lagged rainfall response,True
2014-01-09,OUTLET,0.76538,synthetic_demo,synthetic lagged rainfall response,True
2014-01-10,OUTLET,0.74892,synthetic_demo,synthetic lagged rainfall response,True
2014-01-11,OUTLET,0.76537,synthetic_demo,synthetic lagged rainfall response,True
2014-01-12,OUTLET,0.78264,synthetic_demo,synthetic lagged rainfall response,True
2014-01-13,OUTLET,0.78315,synthetic_demo,synthetic lagged rainfall response,True
2014-01-14,OUTLET,0.76937,synthetic_demo,synthetic lagged rainfall response,True
2014-01-15,OUTLET,0.7691,synthetic_demo,synthetic lagged rainfall response,True
2014-01-16,OUTLET,0.75857,synthetic_demo,synthetic lagged rainfall response,True
2014-01-17,OUTLET,0.75481,synthetic_demo,synthetic lagged rainfall response,True
2014-01-18,OUTLET,0.78364,synthetic_demo,synthetic lagged rainfall response,True
2014-01-19,OUTLET,0.75781,synthetic_demo,synthetic lagged rainfall response,True
2014-01-20,OUTLET,0.74696,synthetic_demo,synthetic lagged rainfall response,True
2014-01-21,OUTLET,0.77183,synthetic_demo,synthetic lagged rainfall response,True
2014-01-22,OUTLET,0.85945,synthetic_demo,synthetic lagged rainfall response,True
2014-01-23,OUTLET,0.84217,synthetic_demo,synthetic lagged rainfall response,True
2014-01-24,OUTLET,0.83043,synthetic_demo,synthetic lagged rainfall response,True
2014-01-25,OUTLET,0.83575,synthetic_demo,synthetic lagged rainfall response,True
2014-01-26,OUTLET,0.84983,synthetic_demo,synthetic lagged rainfall response,True
2014-01-27,OUTLET,0.80989,synthetic_demo,synthetic lagged rainfall response,True
2014-01-28,OUTLET,0.80443,synthetic_demo,synthetic lagged rainfall response,True
2014-01-29,OUTLET,0.77854,synthetic_demo,synthetic lagged rainfall response,True
2014-01-30,OUTLET,0.78817,synthetic_demo,synthetic lagged rainfall response,True
2014-01-31,OUTLET,0.80211,synthetic_demo,synthetic lagged rainfall response,True
2014-02-01,OUTLET,0.812,synthetic_demo,synthetic lagged rainfall response,True
2014-02-02,OUTLET,0.81192,synthetic_demo,synthetic lagged rainfall response,True
2014-02-03,OUTLET,0.79664,synthetic_demo,synthetic lagged rainfall response,True
2014-02-04,OUTLET,0.79514,synthetic_demo,synthetic lagged rainfall response,True
2014-02-05,OUTLET,0.79283,synthetic_demo,synthetic lagged rainfall response,True
2014-02-06,OUTLET,0.78898,synthetic_demo,synthetic lagged rainfall response,True
2014-02-07,OUTLET,0.77487,synthetic_demo,synthetic lagged rainfall response,True
2014-02-08,OUTLET,0.79032,synthetic_demo,synthetic lagged rainfall response,True
2014-02-09,OUTLET,0.83974,synthetic_demo,synthetic lagged rainfall response,True
2014-02-10,OUTLET,0.86042,synthetic_demo,synthetic lagged rainfall response,True
2014-02-11,OUTLET,0.83916,synthetic_demo,synthetic lagged rainfall response,True
2014-02-12,OUTLET,0.85597,synthetic_demo,synthetic lagged rainfall response,True
2014-02-13,OUTLET,0.82764,synthetic_demo,synthetic lagged rainfall response,True
2014-02-14,OUTLET,0.72742,synthetic_demo,synthetic lagged rainfall response,True
2014-02-15,OUTLET,0.73617,synthetic_demo,synthetic lagged rainfall response,True
2014-02-16,OUTLET,0.72242,synthetic_demo,synthetic lagged rainfall response,True
2014-02-17,OUTLET,0.69538,synthetic_demo,synthetic lagged rainfall response,True
2014-02-18,OUTLET,0.68068,synthetic_demo,synthetic lagged rainfall response,True
2014-02-19,OUTLET,0.67553,synthetic_demo,synthetic lagged rainfall response,True
2014-02-20,OUTLET,0.64551,synthetic_demo,synthetic lagged rainfall response,True
2014-02-21,OUTLET,0.63742,synthetic_demo,synthetic lagged rainfall response,True
2014-02-22,OUTLET,0.63091,synthetic_demo,synthetic lagged rainfall response,True
2014-02-23,OUTLET,0.63567,synthetic_demo,synthetic lagged rainfall response,True
2014-02-24,OUTLET,0.65285,synthetic_demo,synthetic lagged rainfall response,True
2014-02-25,OUTLET,0.62329,synthetic_demo,synthetic lagged rainfall response,True
2014-02-26,OUTLET,0.63185,synthetic_demo,synthetic lagged rainfall response,True
2014-02-27,OUTLET,0.62787,synthetic_demo,synthetic lagged rainfall response,True
2014-02-28,OUTLET,0.61617,synthetic_demo,synthetic lagged rainfall response,True
2014-03-01,OUTLET,0.60961,synthetic_demo,synthetic lagged rainfall response,True
2014-03-02,OUTLET,0.61993,synthetic_demo,synthetic lagged rainfall response,True
2014-03-03,OUTLET,0.60262,synthetic_demo,synthetic lagged rainfall response,True
2014-03-04,OUTLET,0.59906,synthetic_demo,synthetic lagged rainfall response,True
2014-03-05,OUTLET,0.60379,synthetic_demo,synthetic lagged rainfall response,True
2014-03-06,OUTLET,0.61786,synthetic_demo,synthetic lagged rainfall response,True
2014-03-07,OUTLET,0.61663,synthetic_demo,synthetic lagged rainfall response,True
2014-03-08,OUTLET,0.54091,synthetic_demo,synthetic lagged rainfall response,True
2014-03-09,OUTLET,0.5536,synthetic_demo,synthetic lagged rainfall response,True
2014-03-10,OUTLET,0.55838,synthetic_demo,synthetic lagged rainfall response,True
2014-03-11,OUTLET,0.54237,synthetic_demo,synthetic lagged rainfall response,True
2014-03-12,OUTLET,0.52508,synthetic_demo,synthetic lagged rainfall response,True
2014-03-13,OUTLET,0.53331,synthetic_demo,synthetic lagged rainfall response,True
2014-03-14,OUTLET,0.54118,synthetic_demo,synthetic lagged rainfall response,True
2014-03-15,OUTLET,0.54801,synthetic_demo,synthetic lagged rainfall response,True
2014-03-16,OUTLET,0.52127,synthetic_demo,synthetic lagged rainfall response,True
2014-03-17,OUTLET,0.52739,synthetic_demo,synthetic lagged rainfall response,True
2014-03-18,OUTLET,0.52519,synthetic_demo,synthetic lagged rainfall response,True
2014-03-19,OUTLET,0.50395,synthetic_demo,synthetic lagged rainfall response,True
2014-03-20,OUTLET,0.49263,synthetic_demo,synthetic lagged rainfall response,True
2014-03-21,OUTLET,0.49671,synthetic_demo,synthetic lagged rainfall response,True
2014-03-22,OUTLET,0.4911,synthetic_demo,synthetic lagged rainfall response,True
2014-03-23,OUTLET,0.50735,synthetic_demo,synthetic lagged rainfall response,True
2014-03-24,OUTLET,0.50819,synthetic_demo,synthetic lagged rainfall response,True
2014-03-25,OUTLET,0.48167,synthetic_demo,synthetic lagged rainfall response,True
2014-03-26,OUTLET,0.4517,synthetic_demo,synthetic lagged rainfall response,True
2014-03-27,OUTLET,0.45149,synthetic_demo,synthetic lagged rainfall response,True
2014-03-28,OUTLET,0.43948,synthetic_demo,synthetic lagged rainfall response,True
2014-03-29,OUTLET,0.44228,synthetic_demo,synthetic lagged rainfall response,True
2014-03-30,OUTLET,0.41494,synthetic_demo,synthetic lagged rainfall response,True
2014-03-31,OUTLET,0.4155,synthetic_demo,synthetic lagged rainfall response,True
2014-04-01,OUTLET,0.4375,synthetic_demo,synthetic lagged rainfall response,True
2014-04-02,OUTLET,0.40527,synthetic_demo,synthetic lagged rainfall response,True
2014-04-03,OUTLET,0.40229,synthetic_demo,synthetic lagged rainfall response,True
2014-04-04,OUTLET,0.39696,synthetic_demo,synthetic lagged rainfall response,True
2014-04-05,OUTLET,0.3887,synthetic_demo,synthetic lagged rainfall response,True
2014-04-06,OUTLET,0.35578,synthetic_demo,synthetic lagged rainfall response,True
2014-04-07,OUTLET,0.36318,synthetic_demo,synthetic lagged rainfall response,True
2014-04-08,OUTLET,0.35385,synthetic_demo,synthetic lagged rainfall response,True
2014-04-09,OUTLET,0.35649,synthetic_demo,synthetic lagged rainfall response,True
2014-04-10,OUTLET,0.34455,synthetic_demo,synthetic lagged rainfall response,True
2014-04-11,OUTLET,0.3608,synthetic_demo,synthetic lagged rainfall response,True
2014-04-12,OUTLET,0.3694,synthetic_demo,synthetic lagged rainfall response,True
2014-04-13,OUTLET,0.35815,synthetic_demo,synthetic lagged rainfall response,True
2014-04-14,OUTLET,0.36412,synthetic_demo,synthetic lagged rainfall response,True
2014-04-15,OUTLET,0.35705,synthetic_demo,synthetic lagged rainfall response,True
2014-04-16,OUTLET,0.36661,synthetic_demo,synthetic lagged rainfall response,True
2014-04-17,OUTLET,0.36298,synthetic_demo,synthetic lagged rainfall response,True
2014-04-18,OUTLET,0.35072,synthetic_demo,synthetic lagged rainfall response,True
2014-04-19,OUTLET,0.35053,synthetic_demo,synthetic lagged rainfall response,True
2014-04-20,OUTLET,0.33655,synthetic_demo,synthetic lagged rainfall response,True
2014-04-21,OUTLET,0.34388,synthetic_demo,synthetic lagged rainfall response,True
2014-04-22,OUTLET,0.33609,synthetic_demo,synthetic lagged rainfall response,True
2014-04-23,OUTLET,0.36751,synthetic_demo,synthetic lagged rainfall response,True
2014-04-24,OUTLET,0.35279,synthetic_demo,synthetic lagged rainfall response,True
2014-04-25,OUTLET,0.33321,synthetic_demo,synthetic lagged rainfall response,True
2014-04-26,OUTLET,0.3529,synthetic_demo,synthetic lagged rainfall response,True
2014-04-27,OUTLET,0.32883,synthetic_demo,synthetic lagged rainfall response,True
2014-04-28,OUTLET,0.32928,synthetic_demo,synthetic lagged rainfall response,True
2014-04-29,OUTLET,0.3123,synthetic_demo,synthetic lagged rainfall response,True
2014-04-30,OUTLET,0.31051,synthetic_demo,synthetic lagged rainfall response,True
2014-05-01,OUTLET,0.31516,synthetic_demo,synthetic lagged rainfall response,True
2014-05-02,OUTLET,0.31063,synthetic_demo,synthetic lagged rainfall response,True
2014-05-03,OUTLET,0.30071,synthetic_demo,synthetic lagged rainfall response,True
2014-05-04,OUTLET,0.28526,synthetic_demo,synthetic lagged rainfall response,True
2014-05-05,OUTLET,0.29539,synthetic_demo,synthetic lagged rainfall response,True
2014-05-06,OUTLET,0.30229,synthetic_demo,synthetic lagged rainfall response,True
2014-05-07,OUTLET,0.28272,synthetic_demo,synthetic lagged rainfall response,True
2014-05-08,OUTLET,0.3178,synthetic_demo,synthetic lagged rainfall response,True
2014-05-09,OUTLET,0.29563,synthetic_demo,synthetic lagged rainfall response,True
2014-05-10,OUTLET,0.31793,synthetic_demo,synthetic lagged rainfall response,True
2014-05-11,OUTLET,0.32698,synthetic_demo,synthetic lagged rainfall response,True
2014-05-12,OUTLET,0.34137,synthetic_demo,synthetic lagged rainfall response,True
2014-05-13,OUTLET,0.35642,synthetic_demo,synthetic lagged rainfall response,True
2014-05-14,OUTLET,0.34427,synthetic_demo,synthetic lagged rainfall response,True
2014-05-15,OUTLET,0.36053,synthetic_demo,synthetic lagged rainfall response,True
2014-05-16,OUTLET,0.35642,synthetic_demo,synthetic lagged rainfall response,True
2014-05-17,OUTLET,0.33969,synthetic_demo,synthetic lagged rainfall response,True
2014-05-18,OUTLET,0.29544,synthetic_demo,synthetic lagged rainfall response,True
2014-05-19,OUTLET,0.31868,synthetic_demo,synthetic lagged rainfall response,True
2014-05-20,OUTLET,0.31866,synthetic_demo,synthetic lagged rainfall response,True
2014-05-21,OUTLET,0.31114,synthetic_demo,synthetic lagged rainfall response,True
2014-05-22,OUTLET,0.30339,synthetic_demo,synthetic lagged rainfall response,True
2014-05-23,OUTLET,0.30926,synthetic_demo,synthetic lagged rainfall response,True
2014-05-24,OUTLET,0.28958,synthetic_demo,synthetic lagged rainfall response,True
2014-05-25,OUTLET,0.29909,synthetic_demo,synthetic lagged rainfall response,True
2014-05-26,OUTLET,0.29281,synthetic_demo,synthetic lagged rainfall response,True
2014-05-27,OUTLET,0.288,synthetic_demo,synthetic lagged rainfall response,True
2014-05-28,OUTLET,0.29541,synthetic_demo,synthetic lagged rainfall response,True
2014-05-29,OUTLET,0.30407,synthetic_demo,synthetic lagged rainfall response,True
2014-05-30,OUTLET,0.30135,synthetic_demo,synthetic lagged rainfall response,True
2014-05-31,OUTLET,0.30329,synthetic_demo,synthetic lagged rainfall response,True
2014-06-01,OUTLET,0.28054,synthetic_demo,synthetic lagged rainfall response,True
2014-06-02,OUTLET,0.28974,synthetic_demo,synthetic lagged rainfall response,True
2014-06-03,OUTLET,0.2877,synthetic_demo,synthetic lagged rainfall response,True
2014-06-04,OUTLET,0.29595,synthetic_demo,synthetic lagged rainfall response,True
2014-06-05,OUTLET,0.29675,synthetic_demo,synthetic lagged rainfall response,True
2014-06-06,OUTLET,0.30123,synthetic_demo,synthetic lagged rainfall response,True
2014-06-07,OUTLET,0.27218,synthetic_demo,synthetic lagged rainfall response,True
2014-06-08,OUTLET,0.26648,synthetic_demo,synthetic lagged rainfall response,True
2014-06-09,OUTLET,0.29112,synthetic_demo,synthetic lagged rainfall response,True
2014-06-10,OUTLET,0.27585,synthetic_demo,synthetic lagged rainfall response,True
2014-06-11,OUTLET,0.26134,synthetic_demo,synthetic lagged rainfall response,True
2014-06-12,OUTLET,0.27241,synthetic_demo,synthetic lagged rainfall response,True
2014-06-13,OUTLET,0.24648,synthetic_demo,synthetic lagged rainfall response,True
2014-06-14,OUTLET,0.26893,synthetic_demo,synthetic lagged rainfall response,True
2014-06-15,OUTLET,0.26407,synthetic_demo,synthetic lagged rainfall response,True
2014-06-16,OUTLET,0.26289,synthetic_demo,synthetic lagged rainfall response,True
2014-06-17,OUTLET,0.26024,synthetic_demo,synthetic lagged rainfall response,True
2014-06-18,OUTLET,0.26921,synthetic_demo,synthetic lagged rainfall response,True
2014-06-19,OUTLET,0.24994,synthetic_demo,synthetic lagged rainfall response,True
2014-06-20,OUTLET,0.27023,synthetic_demo,synthetic lagged rainfall response,True
2014-06-21,OUTLET,0.21907,synthetic_demo,synthetic lagged rainfall response,True
2014-06-22,OUTLET,0.25299,synthetic_demo,synthetic lagged rainfall response,True
2014-06-23,OUTLET,0.24864,synthetic_demo,synthetic lagged rainfall response,True
2014-06-24,OUTLET,0.25444,synthetic_demo,synthetic lagged rainfall response,True
2014-06-25,OUTLET,0.24441,synthetic_demo,synthetic lagged rainfall response,True
2014-06-26,OUTLET,0.24746,synthetic_demo,synthetic lagged rainfall response,True
2014-06-27,OUTLET,0.23222,synthetic_demo,synthetic lagged rainfall response,True
2014-06-28,OUTLET,0.23271,synthetic_demo,synthetic lagged rainfall response,True
2014-06-29,OUTLET,0.20548,synthetic_demo,synthetic lagged rainfall response,True
2014-06-30,OUTLET,0.20141,synthetic_demo,synthetic lagged rainfall response,True
2014-07-01,OUTLET,0.2,synthetic_demo,synthetic lagged rainfall response,True
2014-07-02,OUTLET,0.19727,synthetic_demo,synthetic lagged rainfall response,True
2014-07-03,OUTLET,0.18106,synthetic_demo,synthetic lagged rainfall response,True
2014-07-04,OUTLET,0.19278,synthetic_demo,synthetic lagged rainfall response,True
2014-07-05,OUTLET,0.16702,synthetic_demo,synthetic lagged rainfall response,True
2014-07-06,OUTLET,0.18104,synthetic_demo,synthetic lagged rainfall response,True
2014-07-07,OUTLET,0.17705,synthetic_demo,synthetic lagged rainfall response,True
2014-07-08,OUTLET,0.17473,synthetic_demo,synthetic lagged rainfall response,True
2014-07-09,OUTLET,0.20863,synthetic_demo,synthetic lagged rainfall response,True
2014-07-10,OUTLET,0.23717,synthetic_demo,synthetic lagged rainfall response,True
2014-07-11,OUTLET,0.23116,synthetic_demo,synthetic lagged rainfall response,True
2014-07-12,OUTLET,0.22338,synthetic_demo,synthetic lagged rainfall response,True
2014-07-13,OUTLET,0.2358,synthetic_demo,synthetic lagged rainfall response,True
2014-07-14,OUTLET,0.22938,synthetic_demo,synthetic lagged rainfall response,True
2014-07-15,OUTLET,0.24908,synthetic_demo,synthetic lagged rainfall response,True
2014-07-16,OUTLET,0.23617,synthetic_demo,synthetic lagged rainfall response,True
2014-07-17,OUTLET,0.23247,synthetic_demo,synthetic lagged rainfall response,True
2014-07-18,OUTLET,0.2268,synthetic_demo,synthetic lagged rainfall response,True
2014-07-19,OUTLET,0.23797,synthetic_demo,synthetic lagged rainfall response,True
2014-07-20,OUTLET,0.22872,synthetic_demo,synthetic lagged rainfall response,True
2014-07-21,OUTLET,0.19709,synthetic_demo,synthetic lagged rainfall response,True
2014-07-22,OUTLET,0.2111,synthetic_demo,synthetic lagged rainfall response,True
2014-07-23,OUTLET,0.21525,synthetic_demo,synthetic lagged rainfall response,True
2014-07-24,OUTLET,0.21085,synthetic_demo,synthetic lagged rainfall response,True
2014-07-25,OUTLET,0.20562,synthetic_demo,synthetic lagged rainfall response,True
2014-07-26,OUTLET,0.20514,synthetic_demo,synthetic lagged rainfall response,True
2014-07-27,OUTLET,0.20699,synthetic_demo,synthetic lagged rainfall response,True
2014-07-28,OUTLET,0.22738,synthetic_demo,synthetic lagged rainfall response,True
2014-07-29,OUTLET,0.23613,synthetic_demo,synthetic lagged rainfall response,True
2014-07-30,OUTLET,0.21588,synthetic_demo,synthetic lagged rainfall response,True
2014-07-31,OUTLET,0.22139,synthetic_demo,synthetic lagged rainfall response,True
2014-08-01,OUTLET,0.19914,synthetic_demo,synthetic lagged rainfall response,True
2014-08-02,OUTLET,0.21055,synthetic_demo,synthetic lagged rainfall response,True
2014-08-03,OUTLET,0.19888,synthetic_demo,synthetic lagged rainfall response,True
2014-08-04,OUTLET,0.20996,synthetic_demo,synthetic lagged rainfall response,True
2014-08-05,OUTLET,0.24308,synthetic_demo,synthetic lagged rainfall response,True
2014-08-06,OUTLET,0.25462,synthetic_demo,synthetic lagged rainfall response,True
2014-08-07,OUTLET,0.27401,synthetic_demo,synthetic lagged rainfall response,True
2014-08-08,OUTLET,0.24285,synthetic_demo,synthetic lagged rainfall response,True
2014-08-09,OUTLET,0.25237,synthetic_demo,synthetic lagged rainfall response,True
2014-08-10,OUTLET,0.25104,synthetic_demo,synthetic lagged rainfall response,True
2014-08-11,OUTLET,0.2631,synthetic_demo,synthetic lagged rainfall response,True
2014-08-12,OUTLET,0.2613,synthetic_demo,synthetic lagged rainfall response,True
2014-08-13,OUTLET,0.25703,synthetic_demo,synthetic lagged rainfall response,True
2014-08-14,OUTLET,0.25573,synthetic_demo,synthetic lagged rainfall response,True
2014-08-15,OUTLET,0.25424,synthetic_demo,synthetic lagged rainfall response,True
2014-08-16,OUTLET,0.25709,synthetic_demo,synthetic lagged rainfall response,True
2014-08-17,OUTLET,0.25128,synthetic_demo,synthetic lagged rainfall response,True
2014-08-18,OUTLET,0.24987,synthetic_demo,synthetic lagged rainfall response,True
2014-08-19,OUTLET,0.27478,synthetic_demo,synthetic lagged rainfall response,True
2014-08-20,OUTLET,0.25809,synthetic_demo,synthetic lagged rainfall response,True
2014-08-21,OUTLET,0.30307,synthetic_demo,synthetic lagged rainfall response,True
2014-08-22,OUTLET,0.3555,synthetic_demo,synthetic lagged rainfall response,True
2014-08-23,OUTLET,0.33736,synthetic_demo,synthetic lagged rainfall response,True
2014-08-24,OUTLET,0.31823,synthetic_demo,synthetic lagged rainfall response,True
2014-08-25,OUTLET,0.32461,synthetic_demo,synthetic lagged rainfall response,True
2014-08-26,OUTLET,0.32568,synthetic_demo,synthetic lagged rainfall response,True
2014-08-27,OUTLET,0.30963,synthetic_demo,synthetic lagged rainfall response,True
2014-08-28,OUTLET,0.32542,synthetic_demo,synthetic lagged rainfall response,True
2014-08-29,OUTLET,0.32288,synthetic_demo,synthetic lagged rainfall response,True
2014-08-30,OUTLET,0.32206,synthetic_demo,synthetic lagged rainfall response,True
2014-08-31,OUTLET,0.34088,synthetic_demo,synthetic lagged rainfall response,True
2014-09-01,OUTLET,0.3404,synthetic_demo,synthetic lagged rainfall response,True
2014-09-02,OUTLET,0.34216,synthetic_demo,synthetic lagged rainfall response,True
2014-09-03,OUTLET,0.35976,synthetic_demo,synthetic lagged rainfall response,True
2014-09-04,OUTLET,0.35767,synthetic_demo,synthetic lagged rainfall response,True
2014-09-05,OUTLET,0.36672,synthetic_demo,synthetic lagged rainfall response,True
2014-09-06,OUTLET,0.38115,synthetic_demo,synthetic lagged rainfall response,True
2014-09-07,OUTLET,0.392,synthetic_demo,synthetic lagged rainfall response,True
2014-09-08,OUTLET,0.37638,synthetic_demo,synthetic lagged rainfall response,True
2014-09-09,OUTLET,0.43446,synthetic_demo,synthetic lagged rainfall response,True
2014-09-10,OUTLET,0.40906,synthetic_demo,synthetic lagged rainfall response,True
2014-09-11,OUTLET,0.41875,synthetic_demo,synthetic lagged rainfall response,True
2014-09-12,OUTLET,0.44807,synthetic_demo,synthetic lagged rainfall response,True
2014-09-13,OUTLET,0.53366,synthetic_demo,synthetic lagged rainfall response,True
2014-09-14,OUTLET,0.53419,synthetic_demo,synthetic lagged rainfall response,True
2014-09-15,OUTLET,0.55382,synthetic_demo,synthetic lagged rainfall response,True
2014-09-16,OUTLET,0.58357,synthetic_demo,synthetic lagged rainfall response,True
2014-09-17,OUTLET,0.58198,synthetic_demo,synthetic lagged rainfall response,True
2014-09-18,OUTLET,0.58461,synthetic_demo,synthetic lagged rainfall response,True
2014-09-19,OUTLET,0.54071,synthetic_demo,synthetic lagged rainfall response,True
2014-09-20,OUTLET,0.54771,synthetic_demo,synthetic lagged rainfall response,True
2014-09-21,OUTLET,0.55276,synthetic_demo,synthetic lagged rainfall response,True
2014-09-22,OUTLET,0.54118,synthetic_demo,synthetic lagged rainfall response,True
2014-09-23,OUTLET,0.5342,synthetic_demo,synthetic lagged rainfall response,True
2014-09-24,OUTLET,0.53654,synthetic_demo,synthetic lagged rainfall response,True
2014-09-25,OUTLET,0.55488,synthetic_demo,synthetic lagged rainfall response,True
2014-09-26,OUTLET,0.54689,synthetic_demo,synthetic lagged rainfall response,True
2014-09-27,OUTLET,0.55856,synthetic_demo,synthetic lagged rainfall response,True
2014-09-28,OUTLET,0.54248,synthetic_demo,synthetic lagged rainfall response,True
2014-09-29,OUTLET,0.55225,synthetic_demo,synthetic lagged rainfall response,True
2014-09-30,OUTLET,0.57586,synthetic_demo,synthetic lagged rainfall response,True
2014-10-01,OUTLET,0.58913,synthetic_demo,synthetic lagged rainfall response,True
2014-10-02,OUTLET,0.5714,synthetic_demo,synthetic lagged rainfall response,True
2014-10-03,OUTLET,0.56959,synthetic_demo,synthetic lagged rainfall response,True
2014-10-04,OUTLET,0.54302,synthetic_demo,synthetic lagged rainfall response,True
2014-10-05,OUTLET,0.53869,synthetic_demo,synthetic lagged rainfall response,True
2014-10-06,OUTLET,0.48742,synthetic_demo,synthetic lagged rainfall response,True
2014-10-07,OUTLET,0.51071,synthetic_demo,synthetic lagged rainfall response,True
2014-10-08,OUTLET,0.49818,synthetic_demo,synthetic lagged rainfall response,True
2014-10-09,OUTLET,0.49361,synthetic_demo,synthetic lagged rainfall response,True
2014-10-10,OUTLET,0.52213,synthetic_demo,synthetic lagged rainfall response,True
2014-10-11,OUTLET,0.50875,synthetic_demo,synthetic lagged rainfall response,True
2014-10-12,OUTLET,0.50953,synthetic_demo,synthetic lagged rainfall response,True
2014-10-13,OUTLET,0.52879,synthetic_demo,synthetic lagged rainfall response,True
2014-10-14,OUTLET,0.56254,synthetic_demo,synthetic lagged rainfall response,True
2014-10-15,OUTLET,0.59359,synthetic_demo,synthetic lagged rainfall response,True
2014-10-16,OUTLET,0.59083,synthetic_demo,synthetic lagged rainfall response,True
2014-10-17,OUTLET,0.58831,synthetic_demo,synthetic lagged rainfall response,True
2014-10-18,OUTLET,0.62346,synthetic_demo,synthetic lagged rainfall response,True
2014-10-19,OUTLET,0.57797,synthetic_demo,synthetic lagged rainfall response,True
2014-10-20,OUTLET,0.60966,synthetic_demo,synthetic lagged rainfall response,True
2014-10-21,OUTLET,0.6239,synthetic_demo,synthetic lagged rainfall response,True
2014-10-22,OUTLET,0.62309,synthetic_demo,synthetic lagged rainfall response,True
2014-10-23,OUTLET,0.60667,synthetic_demo,synthetic lagged rainfall response,True
2014-10-24,OUTLET,0.59366,synthetic_demo,synthetic lagged rainfall response,True
2014-10-25,OUTLET,0.61149,synthetic_demo,synthetic lagged rainfall response,True
2014-10-26,OUTLET,0.62889,synthetic_demo,synthetic lagged rainfall response,True
2014-10-27,OUTLET,0.5996,synthetic_demo,synthetic lagged rainfall response,True
2014-10-28,OUTLET,0.53307,synthetic_demo,synthetic lagged rainfall response,True
2014-10-29,OUTLET,0.54444,synthetic_demo,synthetic lagged rainfall response,True
2014-10-30,OUTLET,0.535,synthetic_demo,synthetic lagged rainfall response,True
2014-10-31,OUTLET,0.52951,synthetic_demo,synthetic lagged rainfall response,True
2014-11-01,OUTLET,0.54298,synthetic_demo,synthetic lagged rainfall response,True
2014-11-02,OUTLET,0.53159,synthetic_demo,synthetic lagged rainfall response,True
2014-11-03,OUTLET,0.53465,synthetic_demo,synthetic lagged rainfall response,True
2014-11-04,OUTLET,0.53744,synthetic_demo,synthetic lagged rainfall response,True
2014-11-05,OUTLET,0.57628,synthetic_demo,synthetic lagged rainfall response,True
2014-11-06,OUTLET,0.59045,synthetic_demo,synthetic lagged rainfall response,True
2014-11-07,OUTLET,0.59431,synthetic_demo,synthetic lagged rainfall response,True
2014-11-08,OUTLET,0.59207,synthetic_demo,synthetic lagged rainfall response,True
2014-11-09,OUTLET,0.58057,synthetic_demo,synthetic lagged rainfall response,True
2014-11-10,OUTLET,0.58066,synthetic_demo,synthetic lagged rainfall response,True
2014-11-11,OUTLET,0.6231,synthetic_demo,synthetic lagged rainfall response,True
2014-11-12,OUTLET,0.63051,synthetic_demo,synthetic lagged rainfall response,True
2014-11-13,OUTLET,0.62675,synthetic_demo,synthetic lagged rainfall response,True
2014-11-14,OUTLET,0.64358,synthetic_demo,synthetic lagged rainfall response,True
2014-11-15,OUTLET,0.61962,synthetic_demo,synthetic lagged rainfall response,True
2014-11-16,OUTLET,0.62409,synthetic_demo,synthetic lagged rainfall response,True
2014-11-17,OUTLET,0.62304,synthetic_demo,synthetic lagged rainfall response,True
2014-11-18,OUTLET,0.62483,synthetic_demo,synthetic lagged rainfall response,True
2014-11-19,OUTLET,0.62216,synthetic_demo,synthetic lagged rainfall response,True
2014-11-20,OUTLET,0.61402,synthetic_demo,synthetic lagged rainfall response,True
2014-11-21,OUTLET,0.63114,synthetic_demo,synthetic lagged rainfall response,True
2014-11-22,OUTLET,0.62062,synthetic_demo,synthetic lagged rainfall response,True
2014-11-23,OUTLET,0.60867,synthetic_demo,synthetic lagged rainfall response,True
2014-11-24,OUTLET,0.59346,synthetic_demo,synthetic lagged rainfall response,True
2014-11-25,OUTLET,0.63271,synthetic_demo,synthetic lagged rainfall response,True
2014-11-26,OUTLET,0.63217,synthetic_demo,synthetic lagged rainfall response,True
2014-11-27,OUTLET,0.60583,synthetic_demo,synthetic lagged rainfall response,True
2014-11-28,OUTLET,0.59842,synthetic_demo,synthetic lagged rainfall response,True
2014-11-29,OUTLET,0.58447,synthetic_demo,synthetic lagged rainfall response,True
2014-11-30,OUTLET,0.62167,synthetic_demo,synthetic lagged rainfall response,True
2014-12-01,OUTLET,0.62454,synthetic_demo,synthetic lagged rainfall response,True
2014-12-02,OUTLET,0.60684,synthetic_demo,synthetic lagged rainfall response,True
2014-12-03,OUTLET,0.60701,synthetic_demo,synthetic lagged rainfall response,True
2014-12-04,OUTLET,0.5905,synthetic_demo,synthetic lagged rainfall response,True
2014-12-05,OUTLET,0.59356,synthetic_demo,synthetic lagged rainfall response,True
2014-12-06,OUTLET,0.5975,synthetic_demo,synthetic lagged rainfall response,True
2014-12-07,OUTLET,0.56307,synthetic_demo,synthetic lagged rainfall response,True
2014-12-08,OUTLET,0.56751,synthetic_demo,synthetic lagged rainfall response,True
2014-12-09,OUTLET,0.57359,synthetic_demo,synthetic lagged rainfall response,True
2014-12-10,OUTLET,0.55468,synthetic_demo,synthetic lagged rainfall response,True
2014-12-11,OUTLET,0.55633,synthetic_demo,synthetic lagged rainfall response,True
2014-12-12,OUTLET,0.55288,synthetic_demo,synthetic lagged rainfall response,True
2014-12-13,OUTLET,0.5463,synthetic_demo,synthetic lagged rainfall response,True
2014-12-14,OUTLET,0.56142,synthetic_demo,synthetic lagged rainfall response,True
2014-12-15,OUTLET,0.56519,synthetic_demo,synthetic lagged rainfall response,True
2014-12-16,OUTLET,0.55083,synthetic_demo,synthetic lagged rainfall response,True
2014-12-17,OUTLET,0.54319,synthetic_demo,synthetic lagged rainfall response,True
2014-12-18,OUTLET,0.55318,synthetic_demo,synthetic lagged rainfall response,True
2014-12-19,OUTLET,0.53521,synthetic_demo,synthetic lagged rainfall response,True
2014-12-20,OUTLET,0.53729,synthetic_demo,synthetic lagged rainfall response,True
2014-12-21,OUTLET,0.51907,synthetic_demo,synthetic lagged rainfall response,True
2014-12-22,OUTLET,0.52048,synthetic_demo,synthetic lagged rainfall response,True
2014-12-23,OUTLET,0.50618,synthetic_demo,synthetic lagged rainfall response,True
2014-12-24,OUTLET,0.50921,synthetic_demo,synthetic lagged rainfall response,True
2014-12-25,OUTLET,0.51951,synthetic_demo,synthetic lagged rainfall response,True
2014-12-26,OUTLET,0.48512,synthetic_demo,synthetic lagged rainfall response,True
2014-12-27,OUTLET,0.47803,synthetic_demo,synthetic lagged rainfall response,True
2014-12-28,OUTLET,0.51639,synthetic_demo,synthetic lagged rainfall response,True
2014-12-29,OUTLET,0.50044,synthetic_demo,synthetic lagged rainfall response,True
2014-12-30,OUTLET,0.55157,synthetic_demo,synthetic lagged rainfall response,True
2014-12-31,OUTLET,0.53576,synthetic_demo,synthetic lagged rainfall response,True
2015-01-01,OUTLET,0.52566,synthetic_demo,synthetic lagged rainfall response,True
2015-01-02,OUTLET,0.51805,synthetic_demo,synthetic lagged rainfall response,True
2015-01-03,OUTLET,0.51444,synthetic_demo,synthetic lagged rainfall response,True
2015-01-04,OUTLET,0.53754,synthetic_demo,synthetic lagged rainfall response,True
2015-01-05,OUTLET,0.51777,synthetic_demo,synthetic lagged rainfall response,True
2015-01-06,OUTLET,0.50361,synthetic_demo,synthetic lagged rainfall response,True
2015-01-07,OUTLET,0.51906,synthetic_demo,synthetic lagged rainfall response,True
2015-01-08,OUTLET,0.51063,synthetic_demo,synthetic lagged rainfall response,True
2015-01-09,OUTLET,0.50611,synthetic_demo,synthetic lagged rainfall response,True
2015-01-10,OUTLET,0.52136,synthetic_demo,synthetic lagged rainfall response,True
2015-01-11,OUTLET,0.48005,synthetic_demo,synthetic lagged rainfall response,True
2015-01-12,OUTLET,0.51392,synthetic_demo,synthetic lagged rainfall response,True
2015-01-13,OUTLET,0.50238,synthetic_demo,synthetic lagged rainfall response,True
2015-01-14,OUTLET,0.47807,synthetic_demo,synthetic lagged rainfall response,True
2015-01-15,OUTLET,0.46862,synthetic_demo,synthetic lagged rainfall response,True
2015-01-16,OUTLET,0.47449,synthetic_demo,synthetic lagged rainfall response,True
2015-01-17,OUTLET,0.48667,synthetic_demo,synthetic lagged rainfall response,True
2015-01-18,OUTLET,0.4572,synthetic_demo,synthetic lagged rainfall response,True
2015-01-19,OUTLET,0.46509,synthetic_demo,synthetic lagged rainfall response,True
2015-01-20,OUTLET,0.48235,synthetic_demo,synthetic lagged rainfall response,True
2015-01-21,OUTLET,0.454,synthetic_demo,synthetic lagged rainfall response,True
2015-01-22,OUTLET,0.47441,synthetic_demo,synthetic lagged rainfall response,True
2015-01-23,OUTLET,0.47879,synthetic_demo,synthetic lagged rainfall response,True
2015-01-24,OUTLET,0.4803,synthetic_demo,synthetic lagged rainfall response,True
2015-01-25,OUTLET,0.48037,synthetic_demo,synthetic lagged rainfall response,True
2015-01-26,OUTLET,0.46789,synthetic_demo,synthetic lagged rainfall response,True
2015-01-27,OUTLET,0.47662,synthetic_demo,synthetic lagged rainfall response,True
2015-01-28,OUTLET,0.46264,synthetic_demo,synthetic lagged rainfall response,True
2015-01-29,OUTLET,0.48491,synthetic_demo,synthetic lagged rainfall response,True
2015-01-30,OUTLET,0.4694,synthetic_demo,synthetic lagged rainfall response,True
2015-01-31,OUTLET,0.44734,synthetic_demo,synthetic lagged rainfall response,True
2015-02-01,OUTLET,0.46986,synthetic_demo,synthetic lagged rainfall response,True
2015-02-02,OUTLET,0.46047,synthetic_demo,synthetic lagged rainfall response,True
2015-02-03,OUTLET,0.44774,synthetic_demo,synthetic lagged rainfall response,True
2015-02-04,OUTLET,0.42747,synthetic_demo,synthetic lagged rainfall response,True
2015-02-05,OUTLET,0.44038,synthetic_demo,synthetic lagged rainfall response,True
2015-02-06,OUTLET,0.43538,synthetic_demo,synthetic lagged rainfall response,True
2015-02-07,OUTLET,0.43957,synthetic_demo,synthetic lagged rainfall response,True
2015-02-08,OUTLET,0.43032,synthetic_demo,synthetic lagged rainfall response,True
2015-02-09,OUTLET,0.45718,synthetic_demo,synthetic lagged rainfall response,True
2015-02-10,OUTLET,0.43774,synthetic_demo,synthetic lagged rainfall response,True
2015-02-11,OUTLET,0.41156,synthetic_demo,synthetic lagged rainfall response,True
2015-02-12,OUTLET,0.40791,synthetic_demo,synthetic lagged rainfall response,True
2015-02-13,OUTLET,0.38481,synthetic_demo,synthetic lagged rainfall response,True
2015-02-14,OUTLET,0.3926,synthetic_demo,synthetic lagged rainfall response,True
2015-02-15,OUTLET,0.36694,synthetic_demo,synthetic lagged rainfall response,True
2015-02-16,OUTLET,0.36718,synthetic_demo,synthetic lagged rainfall response,True
2015-02-17,OUTLET,0.38747,synthetic_demo,synthetic lagged rainfall response,True
2015-02-18,OUTLET,0.34216,synthetic_demo,synthetic lagged rainfall response,True
2015-02-19,OUTLET,0.33215,synthetic_demo,synthetic lagged rainfall response,True
2015-02-20,OUTLET,0.36525,synthetic_demo,synthetic lagged rainfall response,True
2015-02-21,OUTLET,0.32423,synthetic_demo,synthetic lagged rainfall response,True
2015-02-22,OUTLET,0.3316,synthetic_demo,synthetic lagged rainfall response,True
2015-02-23,OUTLET,0.38345,synthetic_demo,synthetic lagged rainfall response,True
2015-02-24,OUTLET,0.35992,synthetic_demo,synthetic lagged rainfall response,True
2015-02-25,OUTLET,0.40385,synthetic_demo,synthetic lagged rainfall response,True
2015-02-26,OUTLET,0.39009,synthetic_demo,synthetic lagged rainfall response,True
2015-02-27,OUTLET,0.38268,synthetic_demo,synthetic lagged rainfall response,True
2015-02-28,OUTLET,0.3968,synthetic_demo,synthetic lagged rainfall response,True
2015-03-01,OUTLET,0.40461,synthetic_demo,synthetic lagged rainfall response,True
2015-03-02,OUTLET,0.38017,synthetic_demo,synthetic lagged rainfall response,True
2015-03-03,OUTLET,0.38373,synthetic_demo,synthetic lagged rainfall response,True
2015-03-04,OUTLET,0.38237,synthetic_demo,synthetic lagged rainfall response,True
2015-03-05,OUTLET,0.39564,synthetic_demo,synthetic lagged rainfall response,True
2015-03-06,OUTLET,0.38108,synthetic_demo,synthetic lagged rainfall response,True
2015-03-07,OUTLET,0.37722,synthetic_demo,synthetic lagged rainfall response,True
2015-03-08,OUTLET,0.34382,synthetic_demo,synthetic lagged rainfall response,True
2015-03-09,OUTLET,0.35584,synthetic_demo,synthetic lagged rainfall response,True
2015-03-10,OUTLET,0.37113,synthetic_demo,synthetic lagged rainfall response,True
2015-03-11,OUTLET,0.3595,synthetic_demo,synthetic lagged rainfall response,True
2015-03-12,OUTLET,0.33554,synthetic_demo,synthetic lagged rainfall response,True
2015-03-13,OUTLET,0.35578,synthetic_demo,synthetic lagged rainfall response,True
2015-03-14,OUTLET,0.33075,synthetic_demo,synthetic lagged rainfall response,True
2015-03-15,OUTLET,0.33425,synthetic_demo,synthetic lagged rainfall response,True
2015-03-16,OUTLET,0.33637,synthetic_demo,synthetic lagged rainfall response,True
2015-03-17,OUTLET,0.30337,synthetic_demo,synthetic lagged rainfall response,True
2015-03-18,OUTLET,0.33193,synthetic_demo,synthetic lagged rainfall response,True
2015-03-19,OUTLET,0.32473,synthetic_demo,synthetic lagged rainfall response,True
2015-03-20,OUTLET,0.31638,synthetic_demo,synthetic lagged rainfall response,True
2015-03-21,OUTLET,0.32351,synthetic_demo,synthetic lagged rainfall response,True
2015-03-22,OUTLET,0.3375,synthetic_demo,synthetic lagged rainfall response,True
2015-03-23,OUTLET,0.33576,synthetic_demo,synthetic lagged rainfall response,True
2015-03-24,OUTLET,0.33282,synthetic_demo,synthetic lagged rainfall response,True
2015-03-25,OUTLET,0.34311,synthetic_demo,synthetic lagged rainfall response,True
2015-03-26,OUTLET,0.33398,synthetic_demo,synthetic lagged rainfall response,True
2015-03-27,OUTLET,0.33834,synthetic_demo,synthetic lagged rainfall response,True
2015-03-28,OUTLET,0.32844,synthetic_demo,synthetic lagged rainfall response,True
2015-03-29,OUTLET,0.32638,synthetic_demo,synthetic lagged rainfall response,True
2015-03-30,OUTLET,0.31946,synthetic_demo,synthetic lagged rainfall response,True
2015-03-31,OUTLET,0.40902,synthetic_demo,synthetic lagged rainfall response,True
2015-04-01,OUTLET,0.42528,synthetic_demo,synthetic lagged rainfall response,True
2015-04-02,OUTLET,0.4162,synthetic_demo,synthetic lagged rainfall response,True
2015-04-03,OUTLET,0.41496,synthetic_demo,synthetic lagged rainfall response,True
2015-04-04,OUTLET,0.41065,synthetic_demo,synthetic lagged rainfall response,True
2015-04-05,OUTLET,0.42204,synthetic_demo,synthetic lagged rainfall response,True
2015-04-06,OUTLET,0.42129,synthetic_demo,synthetic lagged rainfall response,True
2015-04-07,OUTLET,0.43158,synthetic_demo,synthetic lagged rainfall response,True
2015-04-08,OUTLET,0.41592,synthetic_demo,synthetic lagged rainfall response,True
2015-04-09,OUTLET,0.38423,synthetic_demo,synthetic lagged rainfall response,True
2015-04-10,OUTLET,0.37979,synthetic_demo,synthetic lagged rainfall response,True
2015-04-11,OUTLET,0.38054,synthetic_demo,synthetic lagged rainfall response,True
2015-04-12,OUTLET,0.35303,synthetic_demo,synthetic lagged rainfall response,True
2015-04-13,OUTLET,0.34778,synthetic_demo,synthetic lagged rainfall response,True
2015-04-14,OUTLET,0.31842,synthetic_demo,synthetic lagged rainfall response,True
2015-04-15,OUTLET,0.31182,synthetic_demo,synthetic lagged rainfall response,True
2015-04-16,OUTLET,0.35039,synthetic_demo,synthetic lagged rainfall response,True
2015-04-17,OUTLET,0.34036,synthetic_demo,synthetic lagged rainfall response,True
2015-04-18,OUTLET,0.322,synthetic_demo,synthetic lagged rainfall response,True
2015-04-19,OUTLET,0.30778,synthetic_demo,synthetic lagged rainfall response,True
2015-04-20,OUTLET,0.32742,synthetic_demo,synthetic lagged rainfall response,True
2015-04-21,OUTLET,0.2995,synthetic_demo,synthetic lagged rainfall response,True
2015-04-22,OUTLET,0.32663,synthetic_demo,synthetic lagged rainfall response,True
2015-04-23,OUTLET,0.34493,synthetic_demo,synthetic lagged rainfall response,True
2015-04-24,OUTLET,0.34096,synthetic_demo,synthetic lagged rainfall response,True
2015-04-25,OUTLET,0.33137,synthetic_demo,synthetic lagged rainfall response,True
2015-04-26,OUTLET,0.29323,synthetic_demo,synthetic lagged rainfall response,True
2015-04-27,OUTLET,0.30552,synthetic_demo,synthetic lagged rainfall response,True
2015-04-28,OUTLET,0.32897,synthetic_demo,synthetic lagged rainfall response,True
2015-04-29,OUTLET,0.3327,synthetic_demo,synthetic lagged rainfall response,True
2015-04-30,OUTLET,0.33282,synthetic_demo,synthetic lagged rainfall response,True
2015-05-01,OUTLET,0.3265,synthetic_demo,synthetic lagged rainfall response,True
2015-05-02,OUTLET,0.33198,synthetic_demo,synthetic lagged rainfall response,True
2015-05-03,OUTLET,0.32211,synthetic_demo,synthetic lagged rainfall response,True
2015-05-04,OUTLET,0.31237,synthetic_demo,synthetic lagged rainfall response,True
2015-05-05,OUTLET,0.30639,synthetic_demo,synthetic lagged rainfall response,True
2015-05-06,OUTLET,0.3083,synthetic_demo,synthetic lagged rainfall response,True
2015-05-07,OUTLET,0.29476,synthetic_demo,synthetic lagged rainfall response,True
2015-05-08,OUTLET,0.30704,synthetic_demo,synthetic lagged rainfall response,True
2015-05-09,OUTLET,0.28731,synthetic_demo,synthetic lagged rainfall response,True
2015-05-10,OUTLET,0.29776,synthetic_demo,synthetic lagged rainfall response,True
2015-05-11,OUTLET,0.28886,synthetic_demo,synthetic lagged rainfall response,True
2015-05-12,OUTLET,0.27688,synthetic_demo,synthetic lagged rainfall response,True
2015-05-13,OUTLET,0.28599,synthetic_demo,synthetic lagged rainfall response,True
2015-05-14,OUTLET,0.29021,synthetic_demo,synthetic lagged rainfall response,True
2015-05-15,OUTLET,0.21962,synthetic_demo,synthetic lagged rainfall response,True
2015-05-16,OUTLET,0.22853,synthetic_demo,synthetic lagged rainfall response,True
2015-05-17,OUTLET,0.2156,synthetic_demo,synthetic lagged rainfall response,True
2015-05-18,OUTLET,0.23106,synthetic_demo,synthetic lagged rainfall response,True
2015-05-19,OUTLET,0.23523,synthetic_demo,synthetic lagged rainfall response,True
2015-05-20,OUTLET,0.23019,synthetic_demo,synthetic lagged rainfall response,True
2015-05-21,OUTLET,0.23116,synthetic_demo,synthetic lagged rainfall response,True
2015-05-22,OUTLET,0.22339,synthetic_demo,synthetic lagged rainfall response,True
2015-05-23,OUTLET,0.23001,synthetic_demo,synthetic lagged rainfall response,True
2015-05-24,OUTLET,0.21977,synthetic_demo,synthetic lagged rainfall response,True
2015-05-25,OUTLET,0.23093,synthetic_demo,synthetic lagged rainfall response,True
2015-05-26,OUTLET,0.22731,synthetic_demo,synthetic lagged rainfall response,True
2015-05-27,OUTLET,0.237,synthetic_demo,synthetic lagged rainfall response,True
2015-05-28,OUTLET,0.21217,synthetic_demo,synthetic lagged rainfall response,True
2015-05-29,OUTLET,0.20447,synthetic_demo,synthetic lagged rainfall response,True
2015-05-30,OUTLET,0.19208,synthetic_demo,synthetic lagged rainfall response,True
2015-05-31,OUTLET,0.21425,synthetic_demo,synthetic lagged rainfall response,True
2015-06-01,OUTLET,0.21698,synthetic_demo,synthetic lagged rainfall response,True
2015-06-02,OUTLET,0.22462,synthetic_demo,synthetic lagged rainfall response,True
2015-06-03,OUTLET,0.22299,synthetic_demo,synthetic lagged rainfall response,True
2015-06-04,OUTLET,0.21544,synthetic_demo,synthetic lagged rainfall response,True
2015-06-05,OUTLET,0.22733,synthetic_demo,synthetic lagged rainfall response,True
2015-06-06,OUTLET,0.19979,synthetic_demo,synthetic lagged rainfall response,True
2015-06-07,OUTLET,0.2197,synthetic_demo,synthetic lagged rainfall response,True
2015-06-08,OUTLET,0.26115,synthetic_demo,synthetic lagged rainfall response,True
2015-06-09,OUTLET,0.25438,synthetic_demo,synthetic lagged rainfall response,True
2015-06-10,OUTLET,0.26713,synthetic_demo,synthetic lagged rainfall response,True
2015-06-11,OUTLET,0.23053,synthetic_demo,synthetic lagged rainfall response,True
2015-06-12,OUTLET,0.22669,synthetic_demo,synthetic lagged rainfall response,True
2015-06-13,OUTLET,0.25211,synthetic_demo,synthetic lagged rainfall response,True
2015-06-14,OUTLET,0.23589,synthetic_demo,synthetic lagged rainfall response,True
2015-06-15,OUTLET,0.23069,synthetic_demo,synthetic lagged rainfall response,True
2015-06-16,OUTLET,0.24759,synthetic_demo,synthetic lagged rainfall response,True
2015-06-17,OUTLET,0.23127,synthetic_demo,synthetic lagged rainfall response,True
2015-06-18,OUTLET,0.24482,synthetic_demo,synthetic lagged rainfall response,True
2015-06-19,OUTLET,0.21913,synthetic_demo,synthetic lagged rainfall response,True
2015-06-20,OUTLET,0.22785,synthetic_demo,synthetic lagged rainfall response,True
2015-06-21,OUTLET,0.21726,synthetic_demo,synthetic lagged rainfall response,True
2015-06-22,OUTLET,0.22064,synthetic_demo,synthetic lagged rainfall response,True
2015-06-23,OUTLET,0.24615,synthetic_demo,synthetic lagged rainfall response,True
2015-06-24,OUTLET,0.24629,synthetic_demo,synthetic lagged rainfall response,True
2015-06-25,OUTLET,0.24087,synthetic_demo,synthetic lagged rainfall response,True
2015-06-26,OUTLET,0.20908,synthetic_demo,synthetic lagged rainfall response,True
2015-06-27,OUTLET,0.21851,synthetic_demo,synthetic lagged rainfall response,True
2015-06-28,OUTLET,0.21477,synthetic_demo,synthetic lagged rainfall response,True
2015-06-29,OUTLET,0.21538,synthetic_demo,synthetic lagged rainfall response,True
2015-06-30,OUTLET,0.23479,synthetic_demo,synthetic lagged rainfall response,True
2015-07-01,OUTLET,0.22406,synthetic_demo,synthetic lagged rainfall response,True
2015-07-02,OUTLET,0.2258,synthetic_demo,synthetic lagged rainfall response,True
2015-07-03,OUTLET,0.23249,synthetic_demo,synthetic lagged rainfall response,True
2015-07-04,OUTLET,0.21805,synthetic_demo,synthetic lagged rainfall response,True
2015-07-05,OUTLET,0.23524,synthetic_demo,synthetic lagged rainfall response,True
2015-07-06,OUTLET,0.21537,synthetic_demo,synthetic lagged rainfall response,True
2015-07-07,OUTLET,0.20811,synthetic_demo,synthetic lagged rainfall response,True
2015-07-08,OUTLET,0.20721,synthetic_demo,synthetic lagged rainfall response,True
2015-07-09,OUTLET,0.22637,synthetic_demo,synthetic lagged rainfall response,True
2015-07-10,OUTLET,0.23424,synthetic_demo,synthetic lagged rainfall response,True
2015-07-11,OUTLET,0.23474,synthetic_demo,synthetic lagged rainfall response,True
2015-07-12,OUTLET,0.23112,synthetic_demo,synthetic lagged rainfall response,True
2015-07-13,OUTLET,0.23509,synthetic_demo,synthetic lagged rainfall response,True
2015-07-14,OUTLET,0.26447,synthetic_demo,synthetic lagged rainfall response,True
2015-07-15,OUTLET,0.25799,synthetic_demo,synthetic lagged rainfall response,True
2015-07-16,OUTLET,0.26593,synthetic_demo,synthetic lagged rainfall response,True
2015-07-17,OUTLET,0.26247,synthetic_demo,synthetic lagged rainfall response,True
2015-07-18,OUTLET,0.25204,synthetic_demo,synthetic lagged rainfall response,True
2015-07-19,OUTLET,0.26199,synthetic_demo,synthetic lagged rainfall response,True
2015-07-20,OUTLET,0.26081,synthetic_demo,synthetic lagged rainfall response,True
2015-07-21,OUTLET,0.25285,synthetic_demo,synthetic lagged rainfall response,True
2015-07-22,OUTLET,0.27821,synthetic_demo,synthetic lagged rainfall response,True
2015-07-23,OUTLET,0.25468,synthetic_demo,synthetic lagged rainfall response,True
2015-07-24,OUTLET,0.25081,synthetic_demo,synthetic lagged rainfall response,True
2015-07-25,OUTLET,0.25736,synthetic_demo,synthetic lagged rainfall response,True
2015-07-26,OUTLET,0.29289,synthetic_demo,synthetic lagged rainfall response,True
2015-07-27,OUTLET,0.26601,synthetic_demo,synthetic lagged rainfall response,True
2015-07-28,OUTLET,0.25845,synthetic_demo,synthetic lagged rainfall response,True
2015-07-29,OUTLET,0.27173,synthetic_demo,synthetic lagged rainfall response,True
2015-07-30,OUTLET,0.27097,synthetic_demo,synthetic lagged rainfall response,True
2015-07-31,OUTLET,0.26512,synthetic_demo,synthetic lagged rainfall response,True
2015-08-01,OUTLET,0.24593,synthetic_demo,synthetic lagged rainfall response,True
2015-08-02,OUTLET,0.25913,synthetic_demo,synthetic lagged rainfall response,True
2015-08-03,OUTLET,0.27595,synthetic_demo,synthetic lagged rainfall response,True
2015-08-04,OUTLET,0.26908,synthetic_demo,synthetic lagged rainfall response,True
2015-08-05,OUTLET,0.24474,synthetic_demo,synthetic lagged rainfall response,True
2015-08-06,OUTLET,0.25842,synthetic_demo,synthetic lagged rainfall response,True
2015-08-07,OUTLET,0.26414,synthetic_demo,synthetic lagged rainfall response,True
2015-08-08,OUTLET,0.2519,synthetic_demo,synthetic lagged rainfall response,True
2015-08-09,OUTLET,0.25334,synthetic_demo,synthetic lagged rainfall response,True
2015-08-10,OUTLET,0.25856,synthetic_demo,synthetic lagged rainfall response,True
2015-08-11,OUTLET,0.27776,synthetic_demo,synthetic lagged rainfall response,True
2015-08-12,OUTLET,0.28182,synthetic_demo,synthetic lagged rainfall response,True
2015-08-13,OUTLET,0.29945,synthetic_demo,synthetic lagged rainfall response,True
2015-08-14,OUTLET,0.31053,synthetic_demo,synthetic lagged rainfall response,True
2015-08-15,OUTLET,0.3036,synthetic_demo,synthetic lagged rainfall response,True
2015-08-16,OUTLET,0.33378,synthetic_demo,synthetic lagged rainfall response,True
2015-08-17,OUTLET,0.30709,synthetic_demo,synthetic lagged rainfall response,True
2015-08-18,OUTLET,0.32429,synthetic_demo,synthetic lagged rainfall response,True
2015-08-19,OUTLET,0.32579,synthetic_demo,synthetic lagged rainfall response,True
2015-08-20,OUTLET,0.32603,synthetic_demo,synthetic lagged rainfall response,True
2015-08-21,OUTLET,0.34121,synthetic_demo,synthetic lagged rainfall response,True
2015-08-22,OUTLET,0.32206,synthetic_demo,synthetic lagged rainfall response,True
2015-08-23,OUTLET,0.30902,synthetic_demo,synthetic lagged rainfall response,True
2015-08-24,OUTLET,0.32899,synthetic_demo,synthetic lagged rainfall response,True
2015-08-25,OUTLET,0.30842,synthetic_demo,synthetic lagged rainfall response,True
2015-08-26,OUTLET,0.32763,synthetic_demo,synthetic lagged rainfall response,True
2015-08-27,OUTLET,0.31472,synthetic_demo,synthetic lagged rainfall response,True
2015-08-28,OUTLET,0.31837,synthetic_demo,synthetic lagged rainfall response,True
2015-08-29,OUTLET,0.30576,synthetic_demo,synthetic lagged rainfall response,True
2015-08-30,OUTLET,0.28142,synthetic_demo,synthetic lagged rainfall response,True
2015-08-31,OUTLET,0.2647,synthetic_demo,synthetic lagged rainfall response,True
2015-09-01,OUTLET,0.31243,synthetic_demo,synthetic lagged rainfall response,True
2015-09-02,OUTLET,0.28525,synthetic_demo,synthetic lagged rainfall response,True
2015-09-03,OUTLET,0.28632,synthetic_demo,synthetic lagged rainfall response,True
2015-09-04,OUTLET,0.29977,synthetic_demo,synthetic lagged rainfall response,True
2015-09-05,OUTLET,0.29031,synthetic_demo,synthetic lagged rainfall response,True
2015-09-06,OUTLET,0.29768,synthetic_demo,synthetic lagged rainfall response,True
2015-09-07,OUTLET,0.30285,synthetic_demo,synthetic lagged rainfall response,True
2015-09-08,OUTLET,0.26597,synthetic_demo,synthetic lagged rainfall response,True
2015-09-09,OUTLET,0.28062,synthetic_demo,synthetic lagged rainfall response,True
2015-09-10,OUTLET,0.27559,synthetic_demo,synthetic lagged rainfall response,True
2015-09-11,OUTLET,0.28581,synthetic_demo,synthetic lagged rainfall response,True
2015-09-12,OUTLET,0.30605,synthetic_demo,synthetic lagged rainfall response,True
2015-09-13,OUTLET,0.27754,synthetic_demo,synthetic lagged rainfall response,True
2015-09-14,OUTLET,0.26788,synthetic_demo,synthetic lagged rainfall response,True
2015-09-15,OUTLET,0.30026,synthetic_demo,synthetic lagged rainfall response,True
2015-09-16,OUTLET,0.28781,synthetic_demo,synthetic lagged rainfall response,True
2015-09-17,OUTLET,0.26875,synthetic_demo,synthetic lagged rainfall response,True
2015-09-18,OUTLET,0.29553,synthetic_demo,synthetic lagged rainfall response,True
2015-09-19,OUTLET,0.29394,synthetic_demo,synthetic lagged rainfall response,True
2015-09-20,OUTLET,0.31037,synthetic_demo,synthetic lagged rainfall response,True
2015-09-21,OUTLET,0.3064,synthetic_demo,synthetic lagged rainfall response,True
2015-09-22,OUTLET,0.30353,synthetic_demo,synthetic lagged rainfall response,True
2015-09-23,OUTLET,0.29106,synthetic_demo,synthetic lagged rainfall response,True
2015-09-24,OUTLET,0.29046,synthetic_demo,synthetic lagged rainfall response,True
2015-09-25,OUTLET,0.28621,synthetic_demo,synthetic lagged rainfall response,True
2015-09-26,OUTLET,0.27983,synthetic_demo,synthetic lagged rainfall response,True
2015-09-27,OUTLET,0.25353,synthetic_demo,synthetic lagged rainfall response,True
2015-09-28,OUTLET,0.23994,synthetic_demo,synthetic lagged rainfall response,True
2015-09-29,OUTLET,0.23418,synthetic_demo,synthetic lagged rainfall response,True
2015-09-30,OUTLET,0.23783,synthetic_demo,synthetic lagged rainfall response,True
2015-10-01,OUTLET,0.23979,synthetic_demo,synthetic lagged rainfall response,True
2015-10-02,OUTLET,0.21997,synthetic_demo,synthetic lagged rainfall response,True
2015-10-03,OUTLET,0.22375,synthetic_demo,synthetic lagged rainfall response,True
2015-10-04,OUTLET,0.20143,synthetic_demo,synthetic lagged rainfall response,True
2015-10-05,OUTLET,0.2169,synthetic_demo,synthetic lagged rainfall response,True
2015-10-06,OUTLET,0.25395,synthetic_demo,synthetic lagged rainfall response,True
2015-10-07,OUTLET,0.2101,synthetic_demo,synthetic lagged rainfall response,True
2015-10-08,OUTLET,0.2315,synthetic_demo,synthetic lagged rainfall response,True
2015-10-09,OUTLET,0.23299,synthetic_demo,synthetic lagged rainfall response,True
2015-10-10,OUTLET,0.26392,synthetic_demo,synthetic lagged rainfall response,True
2015-10-11,OUTLET,0.25138,synthetic_demo,synthetic lagged rainfall response,True
2015-10-12,OUTLET,0.23883,synthetic_demo,synthetic lagged rainfall response,True
2015-10-13,OUTLET,0.25697,synthetic_demo,synthetic lagged rainfall response,True
2015-10-14,OUTLET,0.24196,synthetic_demo,synthetic lagged rainfall response,True
2015-10-15,OUTLET,0.26521,synthetic_demo,synthetic lagged rainfall response,True
2015-10-16,OUTLET,0.26387,synthetic_demo,synthetic lagged rainfall response,True
2015-10-17,OUTLET,0.27997,synthetic_demo,synthetic lagged rainfall response,True
2015-10-18,OUTLET,0.28169,synthetic_demo,synthetic lagged rainfall response,True
2015-10-19,OUTLET,0.29073,synthetic_demo,synthetic lagged rainfall response,True
2015-10-20,OUTLET,0.29085,synthetic_demo,synthetic lagged rainfall response,True
2015-10-21,OUTLET,0.28564,synthetic_demo,synthetic lagged rainfall response,True
2015-10-22,OUTLET,0.2723,synthetic_demo,synthetic lagged rainfall response,True
2015-10-23,OUTLET,0.27879,synthetic_demo,synthetic lagged rainfall response,True
2015-10-24,OUTLET,0.28651,synthetic_demo,synthetic lagged rainfall response,True
2015-10-25,OUTLET,0.27443,synthetic_demo,synthetic lagged rainfall response,True
2015-10-26,OUTLET,0.27456,synthetic_demo,synthetic lagged rainfall response,True
2015-10-27,OUTLET,0.26633,synthetic_demo,synthetic lagged rainfall response,True
2015-10-28,OUTLET,0.2874,synthetic_demo,synthetic lagged rainfall response,True
2015-10-29,OUTLET,0.30162,synthetic_demo,synthetic lagged rainfall response,True
2015-10-30,OUTLET,0.29302,synthetic_demo,synthetic lagged rainfall response,True
2015-10-31,OUTLET,0.27801,synthetic_demo,synthetic lagged rainfall response,True
2015-11-01,OUTLET,0.28652,synthetic_demo,synthetic lagged rainfall response,True
2015-11-02,OUTLET,0.28514,synthetic_demo,synthetic lagged rainfall response,True
2015-11-03,OUTLET,0.29049,synthetic_demo,synthetic lagged rainfall response,True
2015-11-04,OUTLET,0.29163,synthetic_demo,synthetic lagged rainfall response,True
2015-11-05,OUTLET,0.32087,synthetic_demo,synthetic lagged rainfall response,True
2015-11-06,OUTLET,0.32437,synthetic_demo,synthetic lagged rainfall response,True
2015-11-07,OUTLET,0.31791,synthetic_demo,synthetic lagged rainfall response,True
2015-11-08,OUTLET,0.31877,synthetic_demo,synthetic lagged rainfall response,True
2015-11-09,OUTLET,0.33896,synthetic_demo,synthetic lagged rainfall response,True
2015-11-10,OUTLET,0.33227,synthetic_demo,synthetic lagged rainfall response,True
2015-11-11,OUTLET,0.3455,synthetic_demo,synthetic lagged rainfall response,True
2015-11-12,OUTLET,0.33202,synthetic_demo,synthetic lagged rainfall response,True
2015-11-13,OUTLET,0.35339,synthetic_demo,synthetic lagged rainfall response,True
2015-11-14,OUTLET,0.34811,synthetic_demo,synthetic lagged rainfall response,True
2015-11-15,OUTLET,0.34591,synthetic_demo,synthetic lagged rainfall response,True
2015-11-16,OUTLET,0.3604,synthetic_demo,synthetic lagged rainfall response,True
2015-11-17,OUTLET,0.34966,synthetic_demo,synthetic lagged rainfall response,True
2015-11-18,OUTLET,0.33903,synthetic_demo,synthetic lagged rainfall response,True
2015-11-19,OUTLET,0.34925,synthetic_demo,synthetic lagged rainfall response,True
2015-11-20,OUTLET,0.34081,synthetic_demo,synthetic lagged rainfall response,True
2015-11-21,OUTLET,0.33712,synthetic_demo,synthetic lagged rainfall response,True
2015-11-22,OUTLET,0.36416,synthetic_demo,synthetic lagged rainfall response,True
2015-11-23,OUTLET,0.34885,synthetic_demo,synthetic lagged rainfall response,True
2015-11-24,OUTLET,0.3361,synthetic_demo,synthetic lagged rainfall response,True
2015-11-25,OUTLET,0.33286,synthetic_demo,synthetic lagged rainfall response,True
2015-11-26,OUTLET,0.34521,synthetic_demo,synthetic lagged rainfall response,True
2015-11-27,OUTLET,0.33487,synthetic_demo,synthetic lagged rainfall response,True
2015-11-28,OUTLET,0.33113,synthetic_demo,synthetic lagged rainfall response,True
2015-11-29,OUTLET,0.3353,synthetic_demo,synthetic lagged rainfall response,True
2015-11-30,OUTLET,0.30848,synthetic_demo,synthetic lagged rainfall response,True
2015-12-01,OUTLET,0.30708,synthetic_demo,synthetic lagged rainfall response,True
2015-12-02,OUTLET,0.30189,synthetic_demo,synthetic lagged rainfall response,True
2015-12-03,OUTLET,0.29722,synthetic_demo,synthetic lagged rainfall response,True
2015-12-04,OUTLET,0.30551,synthetic_demo,synthetic lagged rainfall response,True
2015-12-05,OUTLET,0.26533,synthetic_demo,synthetic lagged rainfall response,True
2015-12-06,OUTLET,0.28493,synthetic_demo,synthetic lagged rainfall response,True
2015-12-07,OUTLET,0.30297,synthetic_demo,synthetic lagged rainfall response,True
2015-12-08,OUTLET,0.27753,synthetic_demo,synthetic lagged rainfall response,True
2015-12-09,OUTLET,0.28814,synthetic_demo,synthetic lagged rainfall response,True
2015-12-10,OUTLET,0.29869,synthetic_demo,synthetic lagged rainfall response,True
2015-12-11,OUTLET,0.28355,synthetic_demo,synthetic lagged rainfall response,True
2015-12-12,OUTLET,0.27298,synthetic_demo,synthetic lagged rainfall response,True
2015-12-13,OUTLET,0.27438,synthetic_demo,synthetic lagged rainfall response,True
2015-12-14,OUTLET,0.29139,synthetic_demo,synthetic lagged rainfall response,True
2015-12-15,OUTLET,0.29459,synthetic_demo,synthetic lagged rainfall response,True
2015-12-16,OUTLET,0.27699,synthetic_demo,synthetic lagged rainfall response,True
2015-12-17,OUTLET,0.28126,synthetic_demo,synthetic lagged rainfall response,True
2015-12-18,OUTLET,0.2752,synthetic_demo,synthetic lagged rainfall response,True
2015-12-19,OUTLET,0.28283,synthetic_demo,synthetic lagged rainfall response,True
2015-12-20,OUTLET,0.24737,synthetic_demo,synthetic lagged rainfall response,True
2015-12-21,OUTLET,0.26088,synthetic_demo,synthetic lagged rainfall response,True
2015-12-22,OUTLET,0.25807,synthetic_demo,synthetic lagged rainfall response,True
2015-12-23,OUTLET,0.25568,synthetic_demo,synthetic lagged rainfall response,True
2015-12-24,OUTLET,0.25247,synthetic_demo,synthetic lagged rainfall response,True
2015-12-25,OUTLET,0.25537,synthetic_demo,synthetic lagged rainfall response,True
2015-12-26,OUTLET,0.24309,synthetic_demo,synthetic lagged rainfall response,True
2015-12-27,OUTLET,0.26758,synthetic_demo,synthetic lagged rainfall response,True
2015-12-28,OUTLET,0.26902,synthetic_demo,synthetic lagged rainfall response,True
2015-12-29,OUTLET,0.23924,synthetic_demo,synthetic lagged rainfall response,True
2015-12-30,OUTLET,0.22469,synthetic_demo,synthetic lagged rainfall response,True
2015-12-31,OUTLET,0.24525,synthetic_demo,synthetic lagged rainfall response,True
2016-01-01,OUTLET,0.22304,synthetic_demo,synthetic lagged rainfall response,True
2016-01-02,OUTLET,0.24017,synthetic_demo,synthetic lagged rainfall response,True
2016-01-03,OUTLET,0.2449,synthetic_demo,synthetic lagged rainfall response,True
2016-01-04,OUTLET,0.25661,synthetic_demo,synthetic lagged rainfall response,True
2016-01-05,OUTLET,0.23706,synthetic_demo,synthetic lagged rainfall response,True
2016-01-06,OUTLET,0.23752,synthetic_demo,synthetic lagged rainfall response,True
2016-01-07,OUTLET,0.2305,synthetic_demo,synthetic lagged rainfall response,True
2016-01-08,OUTLET,0.22558,synthetic_demo,synthetic lagged rainfall response,True
2016-01-09,OUTLET,0.22657,synthetic_demo,synthetic lagged rainfall response,True
2016-01-10,OUTLET,0.2325,synthetic_demo,synthetic lagged rainfall response,True
2016-01-11,OUTLET,0.2379,synthetic_demo,synthetic lagged rainfall response,True
2016-01-12,OUTLET,0.21533,synthetic_demo,synthetic lagged rainfall response,True
2016-01-13,OUTLET,0.23071,synthetic_demo,synthetic lagged rainfall response,True
2016-01-14,OUTLET,0.23544,synthetic_demo,synthetic lagged rainfall response,True
2016-01-15,OUTLET,0.21318,synthetic_demo,synthetic lagged rainfall response,True
2016-01-16,OUTLET,0.22192,synthetic_demo,synthetic lagged rainfall response,True
2016-01-17,OUTLET,0.21204,synthetic_demo,synthetic lagged rainfall response,True
2016-01-18,OUTLET,0.20892,synthetic_demo,synthetic lagged rainfall response,True
2016-01-19,OUTLET,0.2253,synthetic_demo,synthetic lagged rainfall response,True
2016-01-20,OUTLET,0.19493,synthetic_demo,synthetic lagged rainfall response,True
2016-01-21,OUTLET,0.20652,synthetic_demo,synthetic lagged rainfall response,True
2016-01-22,OUTLET,0.21091,synthetic_demo,synthetic lagged rainfall response,True
2016-01-23,OUTLET,0.20058,synthetic_demo,synthetic lagged rainfall response,True
2016-01-24,OUTLET,0.18775,synthetic_demo,synthetic lagged rainfall response,True
2016-01-25,OUTLET,0.20852,synthetic_demo,synthetic lagged rainfall response,True
2016-01-26,OUTLET,0.22076,synthetic_demo,synthetic lagged rainfall response,True
2016-01-27,OUTLET,0.21027,synthetic_demo,synthetic lagged rainfall response,True
2016-01-28,OUTLET,0.20203,synthetic_demo,synthetic lagged rainfall response,True
2016-01-29,OUTLET,0.20925,synthetic_demo,synthetic lagged rainfall response,True
2016-01-30,OUTLET,0.21719,synthetic_demo,synthetic lagged rainfall response,True
2016-01-31,OUTLET,0.20141,synthetic_demo,synthetic lagged rainfall response,True
2016-02-01,OUTLET,0.22243,synthetic_demo,synthetic lagged rainfall response,True
2016-02-02,OUTLET,0.20828,synthetic_demo,synthetic lagged rainfall response,True
2016-02-03,OUTLET,0.19974,synthetic_demo,synthetic lagged rainfall response,True
2016-02-04,OUTLET,0.21845,synthetic_demo,synthetic lagged rainfall response,True
2016-02-05,OUTLET,0.21171,synthetic_demo,synthetic lagged rainfall response,True
2016-02-06,OUTLET,0.19733,synthetic_demo,synthetic lagged rainfall response,True
2016-02-07,OUTLET,0.18747,synthetic_demo,synthetic lagged rainfall response,True
2016-02-08,OUTLET,0.20513,synthetic_demo,synthetic lagged rainfall response,True
2016-02-09,OUTLET,0.1922,synthetic_demo,synthetic lagged rainfall response,True
2016-02-10,OUTLET,0.20513,synthetic_demo,synthetic lagged rainfall response,True
2016-02-11,OUTLET,0.19385,synthetic_demo,synthetic lagged rainfall response,True
2016-02-12,OUTLET,0.18021,synthetic_demo,synthetic lagged rainfall response,True
2016-02-13,OUTLET,0.15336,synthetic_demo,synthetic lagged rainfall response,True
2016-02-14,OUTLET,0.16508,synthetic_demo,synthetic lagged rainfall response,True
2016-02-15,OUTLET,0.18149,synthetic_demo,synthetic lagged rainfall response,True
2016-02-16,OUTLET,0.159,synthetic_demo,synthetic lagged rainfall response,True
2016-02-17,OUTLET,0.15547,synthetic_demo,synthetic lagged rainfall response,True
2016-02-18,OUTLET,0.17309,synthetic_demo,synthetic lagged rainfall response,True
2016-02-19,OUTLET,0.14335,synthetic_demo,synthetic lagged rainfall response,True
2016-02-20,OUTLET,0.15977,synthetic_demo,synthetic lagged rainfall response,True
2016-02-21,OUTLET,0.16766,synthetic_demo,synthetic lagged rainfall response,True
2016-02-22,OUTLET,0.14432,synthetic_demo,synthetic lagged rainfall response,True
2016-02-23,OUTLET,0.1313,synthetic_demo,synthetic lagged rainfall response,True
2016-02-24,OUTLET,0.14738,synthetic_demo,synthetic lagged rainfall response,True
2016-02-25,OUTLET,0.14228,synthetic_demo,synthetic lagged rainfall response,True
2016-02-26,OUTLET,0.16674,synthetic_demo,synthetic lagged rainfall response,True
2016-02-27,OUTLET,0.15464,synthetic_demo,synthetic lagged rainfall response,True
2016-02-28,OUTLET,0.16017,synthetic_demo,synthetic lagged rainfall response,True
2016-02-29,OUTLET,0.1634,synthetic_demo,synthetic lagged rainfall response,True
2016-03-01,OUTLET,0.18325,synthetic_demo,synthetic lagged rainfall response,True
2016-03-02,OUTLET,0.15574,synthetic_demo,synthetic lagged rainfall response,True
2016-03-03,OUTLET,0.18199,synthetic_demo,synthetic lagged rainfall response,True
2016-03-04,OUTLET,0.16664,synthetic_demo,synthetic lagged rainfall response,True
2016-03-05,OUTLET,0.161,synthetic_demo,synthetic lagged rainfall response,True
2016-03-06,OUTLET,0.1798,synthetic_demo,synthetic lagged rainfall response,True
2016-03-07,OUTLET,0.17118,synthetic_demo,synthetic lagged rainfall response,True
2016-03-08,OUTLET,0.16716,synthetic_demo,synthetic lagged rainfall response,True
2016-03-09,OUTLET,0.16194,synthetic_demo,synthetic lagged rainfall response,True
2016-03-10,OUTLET,0.12484,synthetic_demo,synthetic lagged rainfall response,True
2016-03-11,OUTLET,0.16349,synthetic_demo,synthetic lagged rainfall response,True
2016-03-12,OUTLET,0.15688,synthetic_demo,synthetic lagged rainfall response,True
2016-03-13,OUTLET,0.15167,synthetic_demo,synthetic lagged rainfall response,True
2016-03-14,OUTLET,0.14444,synthetic_demo,synthetic lagged rainfall response,True
2016-03-15,OUTLET,0.14099,synthetic_demo,synthetic lagged rainfall response,True
2016-03-16,OUTLET,0.14616,synthetic_demo,synthetic lagged rainfall response,True
2016-03-17,OUTLET,0.15102,synthetic_demo,synthetic lagged rainfall response,True
2016-03-18,OUTLET,0.14542,synthetic_demo,synthetic lagged rainfall response,True
2016-03-19,OUTLET,0.16135,synthetic_demo,synthetic lagged rainfall response,True
2016-03-20,OUTLET,0.13722,synthetic_demo,synthetic lagged rainfall response,True
2016-03-21,OUTLET,0.157,synthetic_demo,synthetic lagged rainfall response,True
2016-03-22,OUTLET,0.13765,synthetic_demo,synthetic lagged rainfall response,True
2016-03-23,OUTLET,0.15202,synthetic_demo,synthetic lagged rainfall response,True
2016-03-24,OUTLET,0.1597,synthetic_demo,synthetic lagged rainfall response,True
2016-03-25,OUTLET,0.1498,synthetic_demo,synthetic lagged rainfall response,True
2016-03-26,OUTLET,0.16457,synthetic_demo,synthetic lagged rainfall response,True
2016-03-27,OUTLET,0.16773,synthetic_demo,synthetic lagged rainfall response,True
2016-03-28,OUTLET,0.16978,synthetic_demo,synthetic lagged rainfall response,True
2016-03-29,OUTLET,0.17936,synthetic_demo,synthetic lagged rainfall response,True
2016-03-30,OUTLET,0.20269,synthetic_demo,synthetic lagged rainfall response,True
2016-03-31,OUTLET,0.17065,synthetic_demo,synthetic lagged rainfall response,True
2016-04-01,OUTLET,0.17363,synthetic_demo,synthetic lagged rainfall response,True
2016-04-02,OUTLET,0.16927,synthetic_demo,synthetic lagged rainfall response,True
2016-04-03,OUTLET,0.17326,synthetic_demo,synthetic lagged rainfall response,True
2016-04-04,OUTLET,0.18089,synthetic_demo,synthetic lagged rainfall response,True
2016-04-05,OUTLET,0.16678,synthetic_demo,synthetic lagged rainfall response,True
2016-04-06,OUTLET,0.1827,synthetic_demo,synthetic lagged rainfall response,True
2016-04-07,OUTLET,0.16557,synthetic_demo,synthetic lagged rainfall response,True
2016-04-08,OUTLET,0.17022,synthetic_demo,synthetic lagged rainfall response,True
2016-04-09,OUTLET,0.18425,synthetic_demo,synthetic lagged rainfall response,True
2016-04-10,OUTLET,0.1824,synthetic_demo,synthetic lagged rainfall response,True
2016-04-11,OUTLET,0.18044,synthetic_demo,synthetic lagged rainfall response,True
2016-04-12,OUTLET,0.16797,synthetic_demo,synthetic lagged rainfall response,True
2016-04-13,OUTLET,0.16904,synthetic_demo,synthetic lagged rainfall response,True
2016-04-14,OUTLET,0.16641,synthetic_demo,synthetic lagged rainfall response,True
2016-04-15,OUTLET,0.16964,synthetic_demo,synthetic lagged rainfall response,True
2016-04-16,OUTLET,0.1383,synthetic_demo,synthetic lagged rainfall response,True
2016-04-17,OUTLET,0.15607,synthetic_demo,synthetic lagged rainfall response,True
2016-04-18,OUTLET,0.15901,synthetic_demo,synthetic lagged rainfall response,True
2016-04-19,OUTLET,0.1593,synthetic_demo,synthetic lagged rainfall response,True
2016-04-20,OUTLET,0.15358,synthetic_demo,synthetic lagged rainfall response,True
2016-04-21,OUTLET,0.1677,synthetic_demo,synthetic lagged rainfall response,True
2016-04-22,OUTLET,0.17016,synthetic_demo,synthetic lagged rainfall response,True
2016-04-23,OUTLET,0.13589,synthetic_demo,synthetic lagged rainfall response,True
2016-04-24,OUTLET,0.14032,synthetic_demo,synthetic lagged rainfall response,True
2016-04-25,OUTLET,0.15754,synthetic_demo,synthetic lagged rainfall response,True
2016-04-26,OUTLET,0.13787,synthetic_demo,synthetic lagged rainfall response,True
2016-04-27,OUTLET,0.14795,synthetic_demo,synthetic lagged rainfall response,True
2016-04-28,OUTLET,0.13731,synthetic_demo,synthetic lagged rainfall response,True
2016-04-29,OUTLET,0.15722,synthetic_demo,synthetic lagged rainfall response,True
2016-04-30,OUTLET,0.13352,synthetic_demo,synthetic lagged rainfall response,True
2016-05-01,OUTLET,0.13496,synthetic_demo,synthetic lagged rainfall response,True
2016-05-02,OUTLET,0.14015,synthetic_demo,synthetic lagged rainfall response,True
2016-05-03,OUTLET,0.13783,synthetic_demo,synthetic lagged rainfall response,True
2016-05-04,OUTLET,0.12045,synthetic_demo,synthetic lagged rainfall response,True
2016-05-05,OUTLET,0.13521,synthetic_demo,synthetic lagged rainfall response,True
2016-05-06,OUTLET,0.15446,synthetic_demo,synthetic lagged rainfall response,True
2016-05-07,OUTLET,0.1561,synthetic_demo,synthetic lagged rainfall response,True
2016-05-08,OUTLET,0.1327,synthetic_demo,synthetic lagged rainfall response,True
2016-05-09,OUTLET,0.16195,synthetic_demo,synthetic lagged rainfall response,True
2016-05-10,OUTLET,0.1598,synthetic_demo,synthetic lagged rainfall response,True
2016-05-11,OUTLET,0.16155,synthetic_demo,synthetic lagged rainfall response,True
2016-05-12,OUTLET,0.14521,synthetic_demo,synthetic lagged rainfall response,True
2016-05-13,OUTLET,0.13567,synthetic_demo,synthetic lagged rainfall response,True
2016-05-14,OUTLET,0.16043,synthetic_demo,synthetic lagged rainfall response,True
2016-05-15,OUTLET,0.14032,synthetic_demo,synthetic lagged rainfall response,True
2016-05-16,OUTLET,0.1558,synthetic_demo,synthetic lagged rainfall response,True
2016-05-17,OUTLET,0.12605,synthetic_demo,synthetic lagged rainfall response,True
2016-05-18,OUTLET,0.13533,synthetic_demo,synthetic lagged rainfall response,True
2016-05-19,OUTLET,0.13183,synthetic_demo,synthetic lagged rainfall response,True
2016-05-20,OUTLET,0.14131,synthetic_demo,synthetic lagged rainfall response,True
2016-05-21,OUTLET,0.11267,synthetic_demo,synthetic lagged rainfall response,True
2016-05-22,OUTLET,0.12727,synthetic_demo,synthetic lagged rainfall response,True
2016-05-23,OUTLET,0.13538,synthetic_demo,synthetic lagged rainfall response,True
2016-05-24,OUTLET,0.1196,synthetic_demo,synthetic lagged rainfall response,True
2016-05-25,OUTLET,0.12153,synthetic_demo,synthetic lagged rainfall response,True
2016-05-26,OUTLET,0.1235,synthetic_demo,synthetic lagged rainfall response,True
2016-05-27,OUTLET,0.11634,synthetic_demo,synthetic lagged rainfall response,True
2016-05-28,OUTLET,0.12244,synthetic_demo,synthetic lagged rainfall response,True
2016-05-29,OUTLET,0.11489,synthetic_demo,synthetic lagged rainfall response,True
2016-05-30,OUTLET,0.12614,synthetic_demo,synthetic lagged rainfall response,True
2016-05-31,OUTLET,0.14433,synthetic_demo,synthetic lagged rainfall response,True
2016-06-01,OUTLET,0.12,synthetic_demo,synthetic lagged rainfall response,True
2016-06-02,OUTLET,0.13167,synthetic_demo,synthetic lagged rainfall response,True
2016-06-03,OUTLET,0.13163,synthetic_demo,synthetic lagged rainfall response,True
2016-06-04,OUTLET,0.13071,synthetic_demo,synthetic lagged rainfall response,True
2016-06-05,OUTLET,0.13576,synthetic_demo,synthetic lagged rainfall response,True
2016-06-06,OUTLET,0.12016,synthetic_demo,synthetic lagged rainfall response,True
2016-06-07,OUTLET,0.13273,synthetic_demo,synthetic lagged rainfall response,True
2016-06-08,OUTLET,0.11933,synthetic_demo,synthetic lagged rainfall response,True
2016-06-09,OUTLET,0.13033,synthetic_demo,synthetic lagged rainfall response,True
2016-06-10,OUTLET,0.11412,synthetic_demo,synthetic lagged rainfall response,True
2016-06-11,OUTLET,0.11724,synthetic_demo,synthetic lagged rainfall response,True
2016-06-12,OUTLET,0.13582,synthetic_demo,synthetic lagged rainfall response,True
2016-06-13,OUTLET,0.13778,synthetic_demo,synthetic lagged rainfall response,True
2016-06-14,OUTLET,0.13579,synthetic_demo,synthetic lagged rainfall response,True
2016-06-15,OUTLET,0.12224,synthetic_demo,synthetic lagged rainfall response,True
2016-06-16,OUTLET,0.13767,synthetic_demo,synthetic lagged rainfall response,True
2016-06-17,OUTLET,0.12073,synthetic_demo,synthetic lagged rainfall response,True
2016-06-18,OUTLET,0.131,synthetic_demo,synthetic lagged rainfall response,True
2016-06-19,OUTLET,0.08933,synthetic_demo,synthetic lagged rainfall response,True
2016-06-20,OUTLET,0.09555,synthetic_demo,synthetic lagged rainfall response,True
2016-06-21,OUTLET,0.0948,synthetic_demo,synthetic lagged rainfall response,True
2016-06-22,OUTLET,0.1009,synthetic_demo,synthetic lagged rainfall response,True
2016-06-23,OUTLET,0.11879,synthetic_demo,synthetic lagged rainfall response,True
2016-06-24,OUTLET,0.11565,synthetic_demo,synthetic lagged rainfall response,True
2016-06-25,OUTLET,0.15975,synthetic_demo,synthetic lagged rainfall response,True
2016-06-26,OUTLET,0.1377,synthetic_demo,synthetic lagged rainfall response,True
2016-06-27,OUTLET,0.14976,synthetic_demo,synthetic lagged rainfall response,True
2016-06-28,OUTLET,0.13532,synthetic_demo,synthetic lagged rainfall response,True
2016-06-29,OUTLET,0.13153,synthetic_demo,synthetic lagged rainfall response,True
2016-06-30,OUTLET,0.14459,synthetic_demo,synthetic lagged rainfall response,True
2016-07-01,OUTLET,0.13553,synthetic_demo,synthetic lagged rainfall response,True
2016-07-02,OUTLET,0.13504,synthetic_demo,synthetic lagged rainfall response,True
2016-07-03,OUTLET,0.13123,synthetic_demo,synthetic lagged rainfall response,True
2016-07-04,OUTLET,0.14243,synthetic_demo,synthetic lagged rainfall response,True
2016-07-05,OUTLET,0.16126,synthetic_demo,synthetic lagged rainfall response,True
2016-07-06,OUTLET,0.14378,synthetic_demo,synthetic lagged rainfall response,True
2016-07-07,OUTLET,0.16445,synthetic_demo,synthetic lagged rainfall response,True
2016-07-08,OUTLET,0.16034,synthetic_demo,synthetic lagged rainfall response,True
2016-07-09,OUTLET,0.16417,synthetic_demo,synthetic lagged rainfall response,True
2016-07-10,OUTLET,0.14529,synthetic_demo,synthetic lagged rainfall response,True
2016-07-11,OUTLET,0.15565,synthetic_demo,synthetic lagged rainfall response,True
2016-07-12,OUTLET,0.14808,synthetic_demo,synthetic lagged rainfall response,True
2016-07-13,OUTLET,0.16234,synthetic_demo,synthetic lagged rainfall response,True
2016-07-14,OUTLET,0.15256,synthetic_demo,synthetic lagged rainfall response,True
2016-07-15,OUTLET,0.15832,synthetic_demo,synthetic lagged rainfall response,True
2016-07-16,OUTLET,0.14539,synthetic_demo,synthetic lagged rainfall response,True
2016-07-17,OUTLET,0.15932,synthetic_demo,synthetic lagged rainfall response,True
2016-07-18,OUTLET,0.15929,synthetic_demo,synthetic lagged rainfall response,True
2016-07-19,OUTLET,0.13432,synthetic_demo,synthetic lagged rainfall response,True
2016-07-20,OUTLET,0.16505,synthetic_demo,synthetic lagged rainfall response,True
2016-07-21,OUTLET,0.18015,synthetic_demo,synthetic lagged rainfall response,True
2016-07-22,OUTLET,0.16862,synthetic_demo,synthetic lagged rainfall response,True
2016-07-23,OUTLET,0.17047,synthetic_demo,synthetic lagged rainfall response,True
2016-07-24,OUTLET,0.15658,synthetic_demo,synthetic lagged rainfall response,True
2016-07-25,OUTLET,0.19318,synthetic_demo,synthetic lagged rainfall response,True
2016-07-26,OUTLET,0.17559,synthetic_demo,synthetic lagged rainfall response,True
2016-07-27,OUTLET,0.18127,synthetic_demo,synthetic lagged rainfall response,True
2016-07-28,OUTLET,0.18417,synthetic_demo,synthetic lagged rainfall response,True
2016-07-29,OUTLET,0.18973,synthetic_demo,synthetic lagged rainfall response,True
2016-07-30,OUTLET,0.19233,synthetic_demo,synthetic lagged rainfall response,True
2016-07-31,OUTLET,0.22294,synthetic_demo,synthetic lagged rainfall response,True
2016-08-01,OUTLET,0.21308,synthetic_demo,synthetic lagged rainfall response,True
2016-08-02,OUTLET,0.23849,synthetic_demo,synthetic lagged rainfall response,True
2016-08-03,OUTLET,0.23709,synthetic_demo,synthetic lagged rainfall response,True
2016-08-04,OUTLET,0.22782,synthetic_demo,synthetic lagged rainfall response,True
2016-08-05,OUTLET,0.23169,synthetic_demo,synthetic lagged rainfall response,True
2016-08-06,OUTLET,0.24575,synthetic_demo,synthetic lagged rainfall response,True
2016-08-07,OUTLET,0.22882,synthetic_demo,synthetic lagged rainfall response,True
2016-08-08,OUTLET,0.21991,synthetic_demo,synthetic lagged rainfall response,True
2016-08-09,OUTLET,0.19454,synthetic_demo,synthetic lagged rainfall response,True
2016-08-10,OUTLET,0.21198,synthetic_demo,synthetic lagged rainfall response,True
2016-08-11,OUTLET,0.21104,synthetic_demo,synthetic lagged rainfall response,True
2016-08-12,OUTLET,0.2122,synthetic_demo,synthetic lagged rainfall response,True
2016-08-13,OUTLET,0.22476,synthetic_demo,synthetic lagged rainfall response,True
2016-08-14,OUTLET,0.2241,synthetic_demo,synthetic lagged rainfall response,True
2016-08-15,OUTLET,0.23525,synthetic_demo,synthetic lagged rainfall response,True
2016-08-16,OUTLET,0.23799,synthetic_demo,synthetic lagged rainfall response,True
2016-08-17,OUTLET,0.22913,synthetic_demo,synthetic lagged rainfall response,True
2016-08-18,OUTLET,0.22197,synthetic_demo,synthetic lagged rainfall response,True
2016-08-19,OUTLET,0.21855,synthetic_demo,synthetic lagged rainfall response,True
2016-08-20,OUTLET,0.22536,synthetic_demo,synthetic lagged rainfall response,True
2016-08-21,OUTLET,0.26048,synthetic_demo,synthetic lagged rainfall response,True
2016-08-22,OUTLET,0.24612,synthetic_demo,synthetic lagged rainfall response,True
2016-08-23,OUTLET,0.21142,synthetic_demo,synthetic lagged rainfall response,True
2016-08-24,OUTLET,0.25068,synthetic_demo,synthetic lagged rainfall response,True
2016-08-25,OUTLET,0.24966,synthetic_demo,synthetic lagged rainfall response,True
2016-08-26,OUTLET,0.26928,synthetic_demo,synthetic lagged rainfall response,True
2016-08-27,OUTLET,0.26837,synthetic_demo,synthetic lagged rainfall response,True
2016-08-28,OUTLET,0.24542,synthetic_demo,synthetic lagged rainfall response,True
2016-08-29,OUTLET,0.24987,synthetic_demo,synthetic lagged rainfall response,True
2016-08-30,OUTLET,0.26097,synthetic_demo,synthetic lagged rainfall response,True
2016-08-31,OUTLET,0.26046,synthetic_demo,synthetic lagged rainfall response,True
2016-09-01,OUTLET,0.24846,synthetic_demo,synthetic lagged rainfall response,True
2016-09-02,OUTLET,0.26275,synthetic_demo,synthetic lagged rainfall response,True
2016-09-03,OUTLET,0.26658,synthetic_demo,synthetic lagged rainfall response,True
2016-09-04,OUTLET,0.24272,synthetic_demo,synthetic lagged rainfall response,True
2016-09-05,OUTLET,0.24637,synthetic_demo,synthetic lagged rainfall response,True
2016-09-06,OUTLET,0.26313,synthetic_demo,synthetic lagged rainfall response,True
2016-09-07,OUTLET,0.25018,synthetic_demo,synthetic lagged rainfall response,True
2016-09-08,OUTLET,0.24761,synthetic_demo,synthetic lagged rainfall response,True
2016-09-09,OUTLET,0.24115,synthetic_demo,synthetic lagged rainfall response,True
2016-09-10,OUTLET,0.24777,synthetic_demo,synthetic lagged rainfall response,True
2016-09-11,OUTLET,0.24852,synthetic_demo,synthetic lagged rainfall response,True
2016-09-12,OUTLET,0.23959,synthetic_demo,synthetic lagged rainfall response,True
2016-09-13,OUTLET,0.26267,synthetic_demo,synthetic lagged rainfall response,True
2016-09-14,OUTLET,0.24821,synthetic_demo,synthetic lagged rainfall response,True
2016-09-15,OUTLET,0.25483,synthetic_demo,synthetic lagged rainfall response,True
2016-09-16,OUTLET,0.23228,synthetic_demo,synthetic lagged rainfall response,True
2016-09-17,OUTLET,0.23448,synthetic_demo,synthetic lagged rainfall response,True
2016-09-18,OUTLET,0.22976,synthetic_demo,synthetic lagged rainfall response,True
2016-09-19,OUTLET,0.22435,synthetic_demo,synthetic lagged rainfall response,True
2016-09-20,OUTLET,0.21915,synthetic_demo,synthetic lagged rainfall response,True
2016-09-21,OUTLET,0.21269,synthetic_demo,synthetic lagged rainfall response,True
2016-09-22,OUTLET,0.21454,synthetic_demo,synthetic lagged rainfall response,True
2016-09-23,OUTLET,0.21914,synthetic_demo,synthetic lagged rainfall response,True
2016-09-24,OUTLET,0.2207,synthetic_demo,synthetic lagged rainfall response,True
2016-09-25,OUTLET,0.2196,synthetic_demo,synthetic lagged rainfall response,True
2016-09-26,OUTLET,0.21863,synthetic_demo,synthetic lagged rainfall response,True
2016-09-27,OUTLET,0.21843,synthetic_demo,synthetic lagged rainfall response,True
2016-09-28,OUTLET,0.21341,synthetic_demo,synthetic lagged rainfall response,True
2016-09-29,OUTLET,0.21078,synthetic_demo,synthetic lagged rainfall response,True
2016-09-30,OUTLET,0.20832,synthetic_demo,synthetic lagged rainfall response,True
2016-10-01,OUTLET,0.19448,synthetic_demo,synthetic lagged rainfall response,True
2016-10-02,OUTLET,0.21263,synthetic_demo,synthetic lagged rainfall response,True
2016-10-03,OUTLET,0.20672,synthetic_demo,synthetic lagged rainfall response,True
2016-10-04,OUTLET,0.19547,synthetic_demo,synthetic lagged rainfall response,True
2016-10-05,OUTLET,0.19759,synthetic_demo,synthetic lagged rainfall response,True
2016-10-06,OUTLET,0.18648,synthetic_demo,synthetic lagged rainfall response,True
2016-10-07,OUTLET,0.19405,synthetic_demo,synthetic lagged rainfall response,True
2016-10-08,OUTLET,0.17122,synthetic_demo,synthetic lagged rainfall response,True
2016-10-09,OUTLET,0.17817,synthetic_demo,synthetic lagged rainfall response,True
2016-10-10,OUTLET,0.16942,synthetic_demo,synthetic lagged rainfall response,True
2016-10-11,OUTLET,0.22895,synthetic_demo,synthetic lagged rainfall response,True
2016-10-12,OUTLET,0.20048,synthetic_demo,synthetic lagged rainfall response,True
2016-10-13,OUTLET,0.20653,synthetic_demo,synthetic lagged rainfall response,True
2016-10-14,OUTLET,0.2313,synthetic_demo,synthetic lagged rainfall response,True
2016-10-15,OUTLET,0.23126,synthetic_demo,synthetic lagged rainfall response,True
2016-10-16,OUTLET,0.21202,synthetic_demo,synthetic lagged rainfall response,True
2016-10-17,OUTLET,0.22108,synthetic_demo,synthetic lagged rainfall response,True
2016-10-18,OUTLET,0.21795,synthetic_demo,synthetic lagged rainfall response,True
2016-10-19,OUTLET,0.23169,synthetic_demo,synthetic lagged rainfall response,True
2016-10-20,OUTLET,0.23397,synthetic_demo,synthetic lagged rainfall response,True
2016-10-21,OUTLET,0.23363,synthetic_demo,synthetic lagged rainfall response,True
2016-10-22,OUTLET,0.24188,synthetic_demo,synthetic lagged rainfall response,True
2016-10-23,OUTLET,0.24494,synthetic_demo,synthetic lagged rainfall response,True
2016-10-24,OUTLET,0.22958,synthetic_demo,synthetic lagged rainfall response,True
2016-10-25,OUTLET,0.24359,synthetic_demo,synthetic lagged rainfall response,True
2016-10-26,OUTLET,0.23969,synthetic_demo,synthetic lagged rainfall response,True
2016-10-27,OUTLET,0.25068,synthetic_demo,synthetic lagged rainfall response,True
2016-10-28,OUTLET,0.22659,synthetic_demo,synthetic lagged rainfall response,True
2016-10-29,OUTLET,0.24732,synthetic_demo,synthetic lagged rainfall response,True
2016-10-30,OUTLET,0.23584,synthetic_demo,synthetic lagged rainfall response,True
2016-10-31,OUTLET,0.24231,synthetic_demo,synthetic lagged rainfall response,True
2016-11-01,OUTLET,0.21669,synthetic_demo,synthetic lagged rainfall response,True
2016-11-02,OUTLET,0.21578,synthetic_demo,synthetic lagged rainfall response,True
2016-11-03,OUTLET,0.23709,synthetic_demo,synthetic lagged rainfall response,True
2016-11-04,OUTLET,0.2401,synthetic_demo,synthetic lagged rainfall response,True
2016-11-05,OUTLET,0.26862,synthetic_demo,synthetic lagged rainfall response,True
2016-11-06,OUTLET,0.27435,synthetic_demo,synthetic lagged rainfall response,True
2016-11-07,OUTLET,0.26262,synthetic_demo,synthetic lagged rainfall response,True
2016-11-08,OUTLET,0.27263,synthetic_demo,synthetic lagged rainfall response,True
2016-11-09,OUTLET,0.28133,synthetic_demo,synthetic lagged rainfall response,True
2016-11-10,OUTLET,0.27378,synthetic_demo,synthetic lagged rainfall response,True
2016-11-11,OUTLET,0.26199,synthetic_demo,synthetic lagged rainfall response,True
2016-11-12,OUTLET,0.28719,synthetic_demo,synthetic lagged rainfall response,True
2016-11-13,OUTLET,0.28375,synthetic_demo,synthetic lagged rainfall response,True
2016-11-14,OUTLET,0.28802,synthetic_demo,synthetic lagged rainfall response,True
2016-11-15,OUTLET,0.29797,synthetic_demo,synthetic lagged rainfall response,True
2016-11-16,OUTLET,0.28484,synthetic_demo,synthetic lagged rainfall response,True
2016-11-17,OUTLET,0.30565,synthetic_demo,synthetic lagged rainfall response,True
2016-11-18,OUTLET,0.30596,synthetic_demo,synthetic lagged rainfall response,True
2016-11-19,OUTLET,0.30205,synthetic_demo,synthetic lagged rainfall response,True
2016-11-20,OUTLET,0.28765,synthetic_demo,synthetic lagged rainfall response,True
2016-11-21,OUTLET,0.29751,synthetic_demo,synthetic lagged rainfall response,True
2016-11-22,OUTLET,0.28711,synthetic_demo,synthetic lagged rainfall response,True
2016-11-23,OUTLET,0.30142,synthetic_demo,synthetic lagged rainfall response,True
2016-11-24,OUTLET,0.29019,synthetic_demo,synthetic lagged rainfall response,True
2016-11-25,OUTLET,0.26477,synthetic_demo,synthetic lagged rainfall response,True
2016-11-26,OUTLET,0.27179,synthetic_demo,synthetic lagged rainfall response,True
2016-11-27,OUTLET,0.27309,synthetic_demo,synthetic lagged rainfall response,True
2016-11-28,OUTLET,0.27202,synthetic_demo,synthetic lagged rainfall response,True
2016-11-29,OUTLET,0.27779,synthetic_demo,synthetic lagged rainfall response,True
2016-11-30,OUTLET,0.27447,synthetic_demo,synthetic lagged rainfall response,True
2016-12-01,OUTLET,0.26184,synthetic_demo,synthetic lagged rainfall response,True
2016-12-02,OUTLET,0.26541,synthetic_demo,synthetic lagged rainfall response,True
2016-12-03,OUTLET,0.29756,synthetic_demo,synthetic lagged rainfall response,True
2016-12-04,OUTLET,0.26506,synthetic_demo,synthetic lagged rainfall response,True
2016-12-05,OUTLET,0.27404,synthetic_demo,synthetic lagged rainfall response,True
2016-12-06,OUTLET,0.27626,synthetic_demo,synthetic lagged rainfall response,True
2016-12-07,OUTLET,0.2575,synthetic_demo,synthetic lagged rainfall response,True
2016-12-08,OUTLET,0.25201,synthetic_demo,synthetic lagged rainfall response,True
2016-12-09,OUTLET,0.28008,synthetic_demo,synthetic lagged rainfall response,True
2016-12-10,OUTLET,0.26691,synthetic_demo,synthetic lagged rainfall response,True
2016-12-11,OUTLET,0.28964,synthetic_demo,synthetic lagged rainfall response,True
2016-12-12,OUTLET,0.26587,synthetic_demo,synthetic lagged rainfall response,True
2016-12-13,OUTLET,0.27696,synthetic_demo,synthetic lagged rainfall response,True
2016-12-14,OUTLET,0.26397,synthetic_demo,synthetic lagged rainfall response,True
2016-12-15,OUTLET,0.26581,synthetic_demo,synthetic lagged rainfall response,True
2016-12-16,OUTLET,0.25682,synthetic_demo,synthetic lagged rainfall response,True
2016-12-17,OUTLET,0.26021,synthetic_demo,synthetic lagged rainfall response,True
2016-12-18,OUTLET,0.26305,synthetic_demo,synthetic lagged rainfall response,True
2016-12-19,OUTLET,0.2518,synthetic_demo,synthetic lagged rainfall response,True
2016-12-20,OUTLET,0.2375,synthetic_demo,synthetic lagged rainfall response,True
2016-12-21,OUTLET,0.23132,synthetic_demo,synthetic lagged rainfall response,True
2016-12-22,OUTLET,0.20886,synthetic_demo,synthetic lagged rainfall response,True
2016-12-23,OUTLET,0.21982,synthetic_demo,synthetic lagged rainfall response,True
2016-12-24,OUTLET,0.20192,synthetic_demo,synthetic lagged rainfall response,True
2016-12-25,OUTLET,0.20729,synthetic_demo,synthetic lagged rainfall response,True
2016-12-26,OUTLET,0.21845,synthetic_demo,synthetic lagged rainfall response,True
2016-12-27,OUTLET,0.21328,synthetic_demo,synthetic lagged rainfall response,True
2016-12-28,OUTLET,0.20529,synthetic_demo,synthetic lagged rainfall response,True
2016-12-29,OUTLET,0.19384,synthetic_demo,synthetic lagged rainfall response,True
2016-12-30,OUTLET,0.19575,synthetic_demo,synthetic lagged rainfall response,True
2016-12-31,OUTLET,0.1884,synthetic_demo,synthetic lagged rainfall response,True
2017-01-01,OUTLET,0.21694,synthetic_demo,synthetic lagged rainfall response,True
2017-01-02,OUTLET,0.2107,synthetic_demo,synthetic lagged rainfall response,True
2017-01-03,OUTLET,0.20911,synthetic_demo,synthetic lagged rainfall response,True
2017-01-04,OUTLET,0.19711,synthetic_demo,synthetic lagged rainfall response,True
2017-01-05,OUTLET,0.20542,synthetic_demo,synthetic lagged rainfall response,True
2017-01-06,OUTLET,0.20646,synthetic_demo,synthetic lagged rainfall response,True
2017-01-07,OUTLET,0.21237,synthetic_demo,synthetic lagged rainfall response,True
2017-01-08,OUTLET,0.2036,synthetic_demo,synthetic lagged rainfall response,True
2017-01-09,OUTLET,0.19703,synthetic_demo,synthetic lagged rainfall response,True
2017-01-10,OUTLET,0.20032,synthetic_demo,synthetic lagged rainfall response,True
2017-01-11,OUTLET,0.20415,synthetic_demo,synthetic lagged rainfall response,True
2017-01-12,OUTLET,0.1937,synthetic_demo,synthetic lagged rainfall response,True
2017-01-13,OUTLET,0.20037,synthetic_demo,synthetic lagged rainfall response,True
2017-01-14,OUTLET,0.21784,synthetic_demo,synthetic lagged rainfall response,True
2017-01-15,OUTLET,0.20924,synthetic_demo,synthetic lagged rainfall response,True
2017-01-16,OUTLET,0.21488,synthetic_demo,synthetic lagged rainfall response,True
2017-01-17,OUTLET,0.19971,synthetic_demo,synthetic lagged rainfall response,True
2017-01-18,OUTLET,0.19171,synthetic_demo,synthetic lagged rainfall response,True
2017-01-19,OUTLET,0.17748,synthetic_demo,synthetic lagged rainfall response,True
2017-01-20,OUTLET,0.23413,synthetic_demo,synthetic lagged rainfall response,True
2017-01-21,OUTLET,0.23585,synthetic_demo,synthetic lagged rainfall response,True
2017-01-22,OUTLET,0.2214,synthetic_demo,synthetic lagged rainfall response,True
2017-01-23,OUTLET,0.21147,synthetic_demo,synthetic lagged rainfall response,True
2017-01-24,OUTLET,0.22488,synthetic_demo,synthetic lagged rainfall response,True
2017-01-25,OUTLET,0.21193,synthetic_demo,synthetic lagged rainfall response,True
2017-01-26,OUTLET,0.2085,synthetic_demo,synthetic lagged rainfall response,True
2017-01-27,OUTLET,0.20594,synthetic_demo,synthetic lagged rainfall response,True
2017-01-28,OUTLET,0.21326,synthetic_demo,synthetic lagged rainfall response,True
2017-01-29,OUTLET,0.20296,synthetic_demo,synthetic lagged rainfall response,True
2017-01-30,OUTLET,0.23192,synthetic_demo,synthetic lagged rainfall response,True
2017-01-31,OUTLET,0.22806,synthetic_demo,synthetic lagged rainfall response,True
2017-02-01,OUTLET,0.23696,synthetic_demo,synthetic lagged rainfall response,True
2017-02-02,OUTLET,0.22186,synthetic_demo,synthetic lagged rainfall response,True
2017-02-03,OUTLET,0.22728,synthetic_demo,synthetic lagged rainfall response,True
2017-02-04,OUTLET,0.23219,synthetic_demo,synthetic lagged rainfall response,True
2017-02-05,OUTLET,0.21163,synthetic_demo,synthetic lagged rainfall response,True
2017-02-06,OUTLET,0.21751,synthetic_demo,synthetic lagged rainfall response,True
2017-02-07,OUTLET,0.24825,synthetic_demo,synthetic lagged rainfall response,True
2017-02-08,OUTLET,0.23448,synthetic_demo,synthetic lagged rainfall response,True
2017-02-09,OUTLET,0.2039,synthetic_demo,synthetic lagged rainfall response,True
2017-02-10,OUTLET,0.2285,synthetic_demo,synthetic lagged rainfall response,True
2017-02-11,OUTLET,0.23569,synthetic_demo,synthetic lagged rainfall response,True
2017-02-12,OUTLET,0.23862,synthetic_demo,synthetic lagged rainfall response,True
2017-02-13,OUTLET,0.21096,synthetic_demo,synthetic lagged rainfall response,True
2017-02-14,OUTLET,0.22251,synthetic_demo,synthetic lagged rainfall response,True
2017-02-15,OUTLET,0.19086,synthetic_demo,synthetic lagged rainfall response,True
2017-02-16,OUTLET,0.19038,synthetic_demo,synthetic lagged rainfall response,True
2017-02-17,OUTLET,0.21341,synthetic_demo,synthetic lagged rainfall response,True
2017-02-18,OUTLET,0.19229,synthetic_demo,synthetic lagged rainfall response,True
2017-02-19,OUTLET,0.19208,synthetic_demo,synthetic lagged rainfall response,True
2017-02-20,OUTLET,0.18497,synthetic_demo,synthetic lagged rainfall response,True
2017-02-21,OUTLET,0.19368,synthetic_demo,synthetic lagged rainfall response,True
2017-02-22,OUTLET,0.20361,synthetic_demo,synthetic lagged rainfall response,True
2017-02-23,OUTLET,0.19395,synthetic_demo,synthetic lagged rainfall response,True
2017-02-24,OUTLET,0.19374,synthetic_demo,synthetic lagged rainfall response,True
2017-02-25,OUTLET,0.17403,synthetic_demo,synthetic lagged rainfall response,True
2017-02-26,OUTLET,0.16709,synthetic_demo,synthetic lagged rainfall response,True
2017-02-27,OUTLET,0.20014,synthetic_demo,synthetic lagged rainfall response,True
2017-02-28,OUTLET,0.20827,synthetic_demo,synthetic lagged rainfall response,True
2017-03-01,OUTLET,0.21026,synthetic_demo,synthetic lagged rainfall response,True
2017-03-02,OUTLET,0.19534,synthetic_demo,synthetic lagged rainfall response,True
2017-03-03,OUTLET,0.22662,synthetic_demo,synthetic lagged rainfall response,True
2017-03-04,OUTLET,0.22947,synthetic_demo,synthetic lagged rainfall response,True
2017-03-05,OUTLET,0.20379,synthetic_demo,synthetic lagged rainfall response,True
2017-03-06,OUTLET,0.21408,synthetic_demo,synthetic lagged rainfall response,True
2017-03-07,OUTLET,0.21132,synthetic_demo,synthetic lagged rainfall response,True
2017-03-08,OUTLET,0.20148,synthetic_demo,synthetic lagged rainfall response,True
2017-03-09,OUTLET,0.19984,synthetic_demo,synthetic lagged rainfall response,True
2017-03-10,OUTLET,0.22237,synthetic_demo,synthetic lagged rainfall response,True
2017-03-11,OUTLET,0.22887,synthetic_demo,synthetic lagged rainfall response,True
2017-03-12,OUTLET,0.22662,synthetic_demo,synthetic lagged rainfall response,True
2017-03-13,OUTLET,0.20936,synthetic_demo,synthetic lagged rainfall response,True
2017-03-14,OUTLET,0.21908,synthetic_demo,synthetic lagged rainfall response,True
2017-03-15,OUTLET,0.29677,synthetic_demo,synthetic lagged rainfall response,True
2017-03-16,OUTLET,0.27661,synthetic_demo,synthetic lagged rainfall response,True
2017-03-17,OUTLET,0.28831,synthetic_demo,synthetic lagged rainfall response,True
2017-03-18,OUTLET,0.26953,synthetic_demo,synthetic lagged rainfall response,True
2017-03-19,OUTLET,0.30545,synthetic_demo,synthetic lagged rainfall response,True
2017-03-20,OUTLET,0.26726,synthetic_demo,synthetic lagged rainfall response,True
2017-03-21,OUTLET,0.28903,synthetic_demo,synthetic lagged rainfall response,True
2017-03-22,OUTLET,0.26869,synthetic_demo,synthetic lagged rainfall response,True
2017-03-23,OUTLET,0.2629,synthetic_demo,synthetic lagged rainfall response,True
2017-03-24,OUTLET,0.2949,synthetic_demo,synthetic lagged rainfall response,True
2017-03-25,OUTLET,0.26974,synthetic_demo,synthetic lagged rainfall response,True
2017-03-26,OUTLET,0.27913,synthetic_demo,synthetic lagged rainfall response,True
2017-03-27,OUTLET,0.28409,synthetic_demo,synthetic lagged rainfall response,True
2017-03-28,OUTLET,0.27997,synthetic_demo,synthetic lagged rainfall response,True
2017-03-29,OUTLET,0.27963,synthetic_demo,synthetic lagged rainfall response,True
2017-03-30,OUTLET,0.26695,synthetic_demo,synthetic lagged rainfall response,True
2017-03-31,OUTLET,0.28764,synthetic_demo,synthetic lagged rainfall response,True
2017-04-01,OUTLET,0.29001,synthetic_demo,synthetic lagged rainfall response,True
2017-04-02,OUTLET,0.26411,synthetic_demo,synthetic lagged rainfall response,True
2017-04-03,OUTLET,0.279,synthetic_demo,synthetic lagged rainfall response,True
2017-04-04,OUTLET,0.28386,synthetic_demo,synthetic lagged rainfall response,True
2017-04-05,OUTLET,0.29365,synthetic_demo,synthetic lagged rainfall response,True
2017-04-06,OUTLET,0.3003,synthetic_demo,synthetic lagged rainfall response,True
2017-04-07,OUTLET,0.26545,synthetic_demo,synthetic lagged rainfall response,True
2017-04-08,OUTLET,0.26984,synthetic_demo,synthetic lagged rainfall response,True
2017-04-09,OUTLET,0.26399,synthetic_demo,synthetic lagged rainfall response,True
2017-04-10,OUTLET,0.24871,synthetic_demo,synthetic lagged rainfall response,True
2017-04-11,OUTLET,0.27265,synthetic_demo,synthetic lagged rainfall response,True
2017-04-12,OUTLET,0.26673,synthetic_demo,synthetic lagged rainfall response,True
2017-04-13,OUTLET,0.26113,synthetic_demo,synthetic lagged rainfall response,True
2017-04-14,OUTLET,0.25596,synthetic_demo,synthetic lagged rainfall response,True
2017-04-15,OUTLET,0.23516,synthetic_demo,synthetic lagged rainfall response,True
2017-04-16,OUTLET,0.2311,synthetic_demo,synthetic lagged rainfall response,True
2017-04-17,OUTLET,0.22462,synthetic_demo,synthetic lagged rainfall response,True
2017-04-18,OUTLET,0.24341,synthetic_demo,synthetic lagged rainfall response,True
2017-04-19,OUTLET,0.22036,synthetic_demo,synthetic lagged rainfall response,True
2017-04-20,OUTLET,0.20804,synthetic_demo,synthetic lagged rainfall response,True
2017-04-21,OUTLET,0.20207,synthetic_demo,synthetic lagged rainfall response,True
2017-04-22,OUTLET,0.21431,synthetic_demo,synthetic lagged rainfall response,True
2017-04-23,OUTLET,0.21509,synthetic_demo,synthetic lagged rainfall response,True
2017-04-24,OUTLET,0.23057,synthetic_demo,synthetic lagged rainfall response,True
2017-04-25,OUTLET,0.23259,synthetic_demo,synthetic lagged rainfall response,True
2017-04-26,OUTLET,0.22847,synthetic_demo,synthetic lagged rainfall response,True
2017-04-27,OUTLET,0.21654,synthetic_demo,synthetic lagged rainfall response,True
2017-04-28,OUTLET,0.20035,synthetic_demo,synthetic lagged rainfall response,True
2017-04-29,OUTLET,0.14867,synthetic_demo,synthetic lagged rainfall response,True
2017-04-30,OUTLET,0.19654,synthetic_demo,synthetic lagged rainfall response,True
2017-05-01,OUTLET,0.17955,synthetic_demo,synthetic lagged rainfall response,True
2017-05-02,OUTLET,0.18434,synthetic_demo,synthetic lagged rainfall response,True
2017-05-03,OUTLET,0.18222,synthetic_demo,synthetic lagged rainfall response,True
2017-05-04,OUTLET,0.15767,synthetic_demo,synthetic lagged rainfall response,True
2017-05-05,OUTLET,0.15133,synthetic_demo,synthetic lagged rainfall response,True
2017-05-06,OUTLET,0.17292,synthetic_demo,synthetic lagged rainfall response,True
2017-05-07,OUTLET,0.16449,synthetic_demo,synthetic lagged rainfall response,True
2017-05-08,OUTLET,0.17298,synthetic_demo,synthetic lagged rainfall response,True
2017-05-09,OUTLET,0.17859,synthetic_demo,synthetic lagged rainfall response,True
2017-05-10,OUTLET,0.18511,synthetic_demo,synthetic lagged rainfall response,True
2017-05-11,OUTLET,0.16891,synthetic_demo,synthetic lagged rainfall response,True
2017-05-12,OUTLET,0.16204,synthetic_demo,synthetic lagged rainfall response,True
2017-05-13,OUTLET,0.16872,synthetic_demo,synthetic lagged rainfall response,True
2017-05-14,OUTLET,0.15329,synthetic_demo,synthetic lagged rainfall response,True
2017-05-15,OUTLET,0.17719,synthetic_demo,synthetic lagged rainfall response,True
2017-05-16,OUTLET,0.17959,synthetic_demo,synthetic lagged rainfall response,True
2017-05-17,OUTLET,0.16821,synthetic_demo,synthetic lagged rainfall response,True
2017-05-18,OUTLET,0.16541,synthetic_demo,synthetic lagged rainfall response,True
2017-05-19,OUTLET,0.16976,synthetic_demo,synthetic lagged rainfall response,True
2017-05-20,OUTLET,0.15445,synthetic_demo,synthetic lagged rainfall response,True
2017-05-21,OUTLET,0.16421,synthetic_demo,synthetic lagged rainfall response,True
2017-05-22,OUTLET,0.17439,synthetic_demo,synthetic lagged rainfall response,True
2017-05-23,OUTLET,0.1864,synthetic_demo,synthetic lagged rainfall response,True
2017-05-24,OUTLET,0.18729,synthetic_demo,synthetic lagged rainfall response,True
2017-05-25,OUTLET,0.14245,synthetic_demo,synthetic lagged rainfall response,True
2017-05-26,OUTLET,0.16633,synthetic_demo,synthetic lagged rainfall response,True
2017-05-27,OUTLET,0.17377,synthetic_demo,synthetic lagged rainfall response,True
2017-05-28,OUTLET,0.20146,synthetic_demo,synthetic lagged rainfall response,True
2017-05-29,OUTLET,0.21037,synthetic_demo,synthetic lagged rainfall response,True
2017-05-30,OUTLET,0.20359,synthetic_demo,synthetic lagged rainfall response,True
2017-05-31,OUTLET,0.22944,synthetic_demo,synthetic lagged rainfall response,True
2017-06-01,OUTLET,0.19358,synthetic_demo,synthetic lagged rainfall response,True
2017-06-02,OUTLET,0.20979,synthetic_demo,synthetic lagged rainfall response,True
2017-06-03,OUTLET,0.20008,synthetic_demo,synthetic lagged rainfall response,True
2017-06-04,OUTLET,0.21839,synthetic_demo,synthetic lagged rainfall response,True
2017-06-05,OUTLET,0.20284,synthetic_demo,synthetic lagged rainfall response,True
2017-06-06,OUTLET,0.20394,synthetic_demo,synthetic lagged rainfall response,True
2017-06-07,OUTLET,0.19474,synthetic_demo,synthetic lagged rainfall response,True
2017-06-08,OUTLET,0.22687,synthetic_demo,synthetic lagged rainfall response,True
2017-06-09,OUTLET,0.25736,synthetic_demo,synthetic lagged rainfall response,True
2017-06-10,OUTLET,0.254,synthetic_demo,synthetic lagged rainfall response,True
2017-06-11,OUTLET,0.24885,synthetic_demo,synthetic lagged rainfall response,True
2017-06-12,OUTLET,0.24135,synthetic_demo,synthetic lagged rainfall response,True
2017-06-13,OUTLET,0.24404,synthetic_demo,synthetic lagged rainfall response,True
2017-06-14,OUTLET,0.28178,synthetic_demo,synthetic lagged rainfall response,True
2017-06-15,OUTLET,0.26073,synthetic_demo,synthetic lagged rainfall response,True
2017-06-16,OUTLET,0.26049,synthetic_demo,synthetic lagged rainfall response,True
2017-06-17,OUTLET,0.26089,synthetic_demo,synthetic lagged rainfall response,True
2017-06-18,OUTLET,0.25618,synthetic_demo,synthetic lagged rainfall response,True
2017-06-19,OUTLET,0.25335,synthetic_demo,synthetic lagged rainfall response,True
2017-06-20,OUTLET,0.2569,synthetic_demo,synthetic lagged rainfall response,True
2017-06-21,OUTLET,0.28897,synthetic_demo,synthetic lagged rainfall response,True
2017-06-22,OUTLET,0.2997,synthetic_demo,synthetic lagged rainfall response,True
2017-06-23,OUTLET,0.30779,synthetic_demo,synthetic lagged rainfall response,True
2017-06-24,OUTLET,0.29057,synthetic_demo,synthetic lagged rainfall response,True
2017-06-25,OUTLET,0.30165,synthetic_demo,synthetic lagged rainfall response,True
2017-06-26,OUTLET,0.31284,synthetic_demo,synthetic lagged rainfall response,True
2017-06-27,OUTLET,0.297,synthetic_demo,synthetic lagged rainfall response,True
2017-06-28,OUTLET,0.31824,synthetic_demo,synthetic lagged rainfall response,True
2017-06-29,OUTLET,0.31362,synthetic_demo,synthetic lagged rainfall response,True
2017-06-30,OUTLET,0.29557,synthetic_demo,synthetic lagged rainfall response,True
2017-07-01,OUTLET,0.31195,synthetic_demo,synthetic lagged rainfall response,True
2017-07-02,OUTLET,0.29538,synthetic_demo,synthetic lagged rainfall response,True
2017-07-03,OUTLET,0.35271,synthetic_demo,synthetic lagged rainfall response,True
2017-07-04,OUTLET,0.33638,synthetic_demo,synthetic lagged rainfall response,True
2017-07-05,OUTLET,0.33592,synthetic_demo,synthetic lagged rainfall response,True
2017-07-06,OUTLET,0.33962,synthetic_demo,synthetic lagged rainfall response,True
2017-07-07,OUTLET,0.34863,synthetic_demo,synthetic lagged rainfall response,True
2017-07-08,OUTLET,0.36385,synthetic_demo,synthetic lagged rainfall response,True
2017-07-09,OUTLET,0.38077,synthetic_demo,synthetic lagged rainfall response,True
2017-07-10,OUTLET,0.37787,synthetic_demo,synthetic lagged rainfall response,True
2017-07-11,OUTLET,0.38719,synthetic_demo,synthetic lagged rainfall response,True
2017-07-12,OUTLET,0.38287,synthetic_demo,synthetic lagged rainfall response,True
2017-07-13,OUTLET,0.36182,synthetic_demo,synthetic lagged rainfall response,True
2017-07-14,OUTLET,0.37499,synthetic_demo,synthetic lagged rainfall response,True
2017-07-15,OUTLET,0.40226,synthetic_demo,synthetic lagged rainfall response,True
2017-07-16,OUTLET,0.40578,synthetic_demo,synthetic lagged rainfall response,True
2017-07-17,OUTLET,0.39416,synthetic_demo,synthetic lagged rainfall response,True
2017-07-18,OUTLET,0.39681,synthetic_demo,synthetic lagged rainfall response,True
2017-07-19,OUTLET,0.40427,synthetic_demo,synthetic lagged rainfall response,True
2017-07-20,OUTLET,0.39944,synthetic_demo,synthetic lagged rainfall response,True
2017-07-21,OUTLET,0.43201,synthetic_demo,synthetic lagged rainfall response,True
2017-07-22,OUTLET,0.41493,synthetic_demo,synthetic lagged rainfall response,True
2017-07-23,OUTLET,0.42096,synthetic_demo,synthetic lagged rainfall response,True
2017-07-24,OUTLET,0.39691,synthetic_demo,synthetic lagged rainfall response,True
2017-07-25,OUTLET,0.39679,synthetic_demo,synthetic lagged rainfall response,True
2017-07-26,OUTLET,0.4311,synthetic_demo,synthetic lagged rainfall response,True
2017-07-27,OUTLET,0.42492,synthetic_demo,synthetic lagged rainfall response,True
2017-07-28,OUTLET,0.4445,synthetic_demo,synthetic lagged rainfall response,True
2017-07-29,OUTLET,0.4033,synthetic_demo,synthetic lagged rainfall response,True
2017-07-30,OUTLET,0.3982,synthetic_demo,synthetic lagged rainfall response,True
2017-07-31,OUTLET,0.40679,synthetic_demo,synthetic lagged rainfall response,True
2017-08-01,OUTLET,0.4914,synthetic_demo,synthetic lagged rainfall response,True
2017-08-02,OUTLET,0.48875,synthetic_demo,synthetic lagged rainfall response,True
2017-08-03,OUTLET,0.54761,synthetic_demo,synthetic lagged rainfall response,True
2017-08-04,OUTLET,0.55373,synthetic_demo,synthetic lagged rainfall response,True
2017-08-05,OUTLET,0.52522,synthetic_demo,synthetic lagged rainfall response,True
2017-08-06,OUTLET,0.52557,synthetic_demo,synthetic lagged rainfall response,True
2017-08-07,OUTLET,0.52802,synthetic_demo,synthetic lagged rainfall response,True
2017-08-08,OUTLET,0.53538,synthetic_demo,synthetic lagged rainfall response,True
2017-08-09,OUTLET,0.55358,synthetic_demo,synthetic lagged rainfall response,True
2017-08-10,OUTLET,0.53938,synthetic_demo,synthetic lagged rainfall response,True
2017-08-11,OUTLET,0.56456,synthetic_demo,synthetic lagged rainfall response,True
2017-08-12,OUTLET,0.59561,synthetic_demo,synthetic lagged rainfall response,True
2017-08-13,OUTLET,0.59506,synthetic_demo,synthetic lagged rainfall response,True
2017-08-14,OUTLET,0.57953,synthetic_demo,synthetic lagged rainfall response,True
2017-08-15,OUTLET,0.59537,synthetic_demo,synthetic lagged rainfall response,True
2017-08-16,OUTLET,0.59901,synthetic_demo,synthetic lagged rainfall response,True
2017-08-17,OUTLET,0.56889,synthetic_demo,synthetic lagged rainfall response,True
2017-08-18,OUTLET,0.59517,synthetic_demo,synthetic lagged rainfall response,True
2017-08-19,OUTLET,0.57503,synthetic_demo,synthetic lagged rainfall response,True
2017-08-20,OUTLET,0.59146,synthetic_demo,synthetic lagged rainfall response,True
2017-08-21,OUTLET,0.58873,synthetic_demo,synthetic lagged rainfall response,True
2017-08-22,OUTLET,0.56594,synthetic_demo,synthetic lagged rainfall response,True
2017-08-23,OUTLET,0.58594,synthetic_demo,synthetic lagged rainfall response,True
2017-08-24,OUTLET,0.60506,synthetic_demo,synthetic lagged rainfall response,True
2017-08-25,OUTLET,0.57902,synthetic_demo,synthetic lagged rainfall response,True
2017-08-26,OUTLET,0.58476,synthetic_demo,synthetic lagged rainfall response,True
2017-08-27,OUTLET,0.59604,synthetic_demo,synthetic lagged rainfall response,True
2017-08-28,OUTLET,0.57293,synthetic_demo,synthetic lagged rainfall response,True
2017-08-29,OUTLET,0.5536,synthetic_demo,synthetic lagged rainfall response,True
2017-08-30,OUTLET,0.55366,synthetic_demo,synthetic lagged rainfall response,True
2017-08-31,OUTLET,0.57293,synthetic_demo,synthetic lagged rainfall response,True
2017-09-01,OUTLET,0.56239,synthetic_demo,synthetic lagged rainfall response,True
2017-09-02,OUTLET,0.54972,synthetic_demo,synthetic lagged rainfall response,True
2017-09-03,OUTLET,0.53104,synthetic_demo,synthetic lagged rainfall response,True
2017-09-04,OUTLET,0.53026,synthetic_demo,synthetic lagged rainfall response,True
2017-09-05,OUTLET,0.54198,synthetic_demo,synthetic lagged rainfall response,True
2017-09-06,OUTLET,0.53398,synthetic_demo,synthetic lagged rainfall response,True
2017-09-07,OUTLET,0.52225,synthetic_demo,synthetic lagged rainfall response,True
2017-09-08,OUTLET,0.52682,synthetic_demo,synthetic lagged rainfall response,True
2017-09-09,OUTLET,0.53244,synthetic_demo,synthetic lagged rainfall response,True
2017-09-10,OUTLET,0.52039,synthetic_demo,synthetic lagged rainfall response,True
2017-09-11,OUTLET,0.48056,synthetic_demo,synthetic lagged rainfall response,True
2017-09-12,OUTLET,0.49914,synthetic_demo,synthetic lagged rainfall response,True
2017-09-13,OUTLET,0.47429,synthetic_demo,synthetic lagged rainfall response,True
2017-09-14,OUTLET,0.46881,synthetic_demo,synthetic lagged rainfall response,True
2017-09-15,OUTLET,0.41665,synthetic_demo,synthetic lagged rainfall response,True
2017-09-16,OUTLET,0.40798,synthetic_demo,synthetic lagged rainfall response,True
2017-09-17,OUTLET,0.40166,synthetic_demo,synthetic lagged rainfall response,True
2017-09-18,OUTLET,0.40194,synthetic_demo,synthetic lagged rainfall response,True
2017-09-19,OUTLET,0.39077,synthetic_demo,synthetic lagged rainfall response,True
2017-09-20,OUTLET,0.40147,synthetic_demo,synthetic lagged rainfall response,True
2017-09-21,OUTLET,0.44987,synthetic_demo,synthetic lagged rainfall response,True
2017-09-22,OUTLET,0.46355,synthetic_demo,synthetic lagged rainfall response,True
2017-09-23,OUTLET,0.45776,synthetic_demo,synthetic lagged rainfall response,True
2017-09-24,OUTLET,0.4376,synthetic_demo,synthetic lagged rainfall response,True
2017-09-25,OUTLET,0.46765,synthetic_demo,synthetic lagged rainfall response,True
2017-09-26,OUTLET,0.44262,synthetic_demo,synthetic lagged rainfall response,True
2017-09-27,OUTLET,0.46611,synthetic_demo,synthetic lagged rainfall response,True
2017-09-28,OUTLET,0.46679,synthetic_demo,synthetic lagged rainfall response,True
2017-09-29,OUTLET,0.44694,synthetic_demo,synthetic lagged rainfall response,True
2017-09-30,OUTLET,0.48254,synthetic_demo,synthetic lagged rainfall response,True
2017-10-01,OUTLET,0.45184,synthetic_demo,synthetic lagged rainfall response,True
2017-10-02,OUTLET,0.46252,synthetic_demo,synthetic lagged rainfall response,True
2017-10-03,OUTLET,0.50597,synthetic_demo,synthetic lagged rainfall response,True
2017-10-04,OUTLET,0.49027,synthetic_demo,synthetic lagged rainfall response,True
2017-10-05,OUTLET,0.53775,synthetic_demo,synthetic lagged rainfall response,True
2017-10-06,OUTLET,0.54302,synthetic_demo,synthetic lagged rainfall response,True
2017-10-07,OUTLET,0.54104,synthetic_demo,synthetic lagged rainfall response,True
2017-10-08,OUTLET,0.57463,synthetic_demo,synthetic lagged rainfall response,True
2017-10-09,OUTLET,0.61443,synthetic_demo,synthetic lagged rainfall response,True
2017-10-10,OUTLET,0.63765,synthetic_demo,synthetic lagged rainfall response,True
2017-10-11,OUTLET,0.62991,synthetic_demo,synthetic lagged rainfall response,True
2017-10-12,OUTLET,0.63771,synthetic_demo,synthetic lagged rainfall response,True
2017-10-13,OUTLET,0.65079,synthetic_demo,synthetic lagged rainfall response,True
2017-10-14,OUTLET,0.66165,synthetic_demo,synthetic lagged rainfall response,True
2017-10-15,OUTLET,0.61683,synthetic_demo,synthetic lagged rainfall response,True
2017-10-16,OUTLET,0.65777,synthetic_demo,synthetic lagged rainfall response,True
2017-10-17,OUTLET,0.63269,synthetic_demo,synthetic lagged rainfall response,True
2017-10-18,OUTLET,0.62832,synthetic_demo,synthetic lagged rainfall response,True
2017-10-19,OUTLET,0.62367,synthetic_demo,synthetic lagged rainfall response,True
2017-10-20,OUTLET,0.62884,synthetic_demo,synthetic lagged rainfall response,True
2017-10-21,OUTLET,0.67229,synthetic_demo,synthetic lagged rainfall response,True
2017-10-22,OUTLET,0.67663,synthetic_demo,synthetic lagged rainfall response,True
2017-10-23,OUTLET,0.69587,synthetic_demo,synthetic lagged rainfall response,True
2017-10-24,OUTLET,0.71571,synthetic_demo,synthetic lagged rainfall response,True
2017-10-25,OUTLET,0.70636,synthetic_demo,synthetic lagged rainfall response,True
2017-10-26,OUTLET,0.71926,synthetic_demo,synthetic lagged rainfall response,True
2017-10-27,OUTLET,0.70622,synthetic_demo,synthetic lagged rainfall response,True
2017-10-28,OUTLET,0.68673,synthetic_demo,synthetic lagged rainfall response,True
2017-10-29,OUTLET,0.69031,synthetic_demo,synthetic lagged rainfall response,True
2017-10-30,OUTLET,0.69257,synthetic_demo,synthetic lagged rainfall response,True
2017-10-31,OUTLET,0.69647,synthetic_demo,synthetic lagged rainfall response,True
2017-11-01,OUTLET,0.72657,synthetic_demo,synthetic lagged rainfall response,True
2017-11-02,OUTLET,0.71326,synthetic_demo,synthetic lagged rainfall response,True
2017-11-03,OUTLET,0.69028,synthetic_demo,synthetic lagged rainfall response,True
2017-11-04,OUTLET,0.72807,synthetic_demo,synthetic lagged rainfall response,True
2017-11-05,OUTLET,0.69369,synthetic_demo,synthetic lagged rainfall response,True
2017-11-06,OUTLET,0.69678,synthetic_demo,synthetic lagged rainfall response,True
2017-11-07,OUTLET,0.6981,synthetic_demo,synthetic lagged rainfall response,True
2017-11-08,OUTLET,0.68791,synthetic_demo,synthetic lagged rainfall response,True
2017-11-09,OUTLET,0.72994,synthetic_demo,synthetic lagged rainfall response,True
2017-11-10,OUTLET,0.7143,synthetic_demo,synthetic lagged rainfall response,True
2017-11-11,OUTLET,0.72038,synthetic_demo,synthetic lagged rainfall response,True
2017-11-12,OUTLET,0.69547,synthetic_demo,synthetic lagged rainfall response,True
2017-11-13,OUTLET,0.71414,synthetic_demo,synthetic lagged rainfall response,True
2017-11-14,OUTLET,0.72711,synthetic_demo,synthetic lagged rainfall response,True
2017-11-15,OUTLET,0.73054,synthetic_demo,synthetic lagged rainfall response,True
2017-11-16,OUTLET,0.73421,synthetic_demo,synthetic lagged rainfall response,True
2017-11-17,OUTLET,0.70808,synthetic_demo,synthetic lagged rainfall response,True
2017-11-18,OUTLET,0.72842,synthetic_demo,synthetic lagged rainfall response,True
2017-11-19,OUTLET,0.69231,synthetic_demo,synthetic lagged rainfall response,True
2017-11-20,OUTLET,0.69264,synthetic_demo,synthetic lagged rainfall response,True
2017-11-21,OUTLET,0.68351,synthetic_demo,synthetic lagged rainfall response,True
2017-11-22,OUTLET,0.61415,synthetic_demo,synthetic lagged rainfall response,True
2017-11-23,OUTLET,0.64868,synthetic_demo,synthetic lagged rainfall response,True
2017-11-24,OUTLET,0.633,synthetic_demo,synthetic lagged rainfall response,True
2017-11-25,OUTLET,0.6482,synthetic_demo,synthetic lagged rainfall response,True
2017-11-26,OUTLET,0.60961,synthetic_demo,synthetic lagged rainfall response,True
2017-11-27,OUTLET,0.60723,synthetic_demo,synthetic lagged rainfall response,True
2017-11-28,OUTLET,0.59129,synthetic_demo,synthetic lagged rainfall response,True
2017-11-29,OUTLET,0.6109,synthetic_demo,synthetic lagged rainfall response,True
2017-11-30,OUTLET,0.60785,synthetic_demo,synthetic lagged rainfall response,True
2017-12-01,OUTLET,0.60398,synthetic_demo,synthetic lagged rainfall response,True
2017-12-02,OUTLET,0.62828,synthetic_demo,synthetic lagged rainfall response,True
2017-12-03,OUTLET,0.61211,synthetic_demo,synthetic lagged rainfall response,True
2017-12-04,OUTLET,0.60761,synthetic_demo,synthetic lagged rainfall response,True
2017-12-05,OUTLET,0.58631,synthetic_demo,synthetic lagged rainfall response,True
2017-12-06,OUTLET,0.56877,synthetic_demo,synthetic lagged rainfall response,True
2017-12-07,OUTLET,0.56361,synthetic_demo,synthetic lagged rainfall response,True
2017-12-08,OUTLET,0.56038,synthetic_demo,synthetic lagged rainfall response,True
2017-12-09,OUTLET,0.58061,synthetic_demo,synthetic lagged rainfall response,True
2017-12-10,OUTLET,0.56914,synthetic_demo,synthetic lagged rainfall response,True
2017-12-11,OUTLET,0.59436,synthetic_demo,synthetic lagged rainfall response,True
2017-12-12,OUTLET,0.58256,synthetic_demo,synthetic lagged rainfall response,True
2017-12-13,OUTLET,0.6949,synthetic_demo,synthetic lagged rainfall response,True
2017-12-14,OUTLET,0.69212,synthetic_demo,synthetic lagged rainfall response,True
2017-12-15,OUTLET,0.65882,synthetic_demo,synthetic lagged rainfall response,True
2017-12-16,OUTLET,0.67368,synthetic_demo,synthetic lagged rainfall response,True
2017-12-17,OUTLET,0.75707,synthetic_demo,synthetic lagged rainfall response,True
2017-12-18,OUTLET,0.74464,synthetic_demo,synthetic lagged rainfall response,True
2017-12-19,OUTLET,0.73298,synthetic_demo,synthetic lagged rainfall response,True
2017-12-20,OUTLET,0.72965,synthetic_demo,synthetic lagged rainfall response,True
2017-12-21,OUTLET,0.74061,synthetic_demo,synthetic lagged rainfall response,True
2017-12-22,OUTLET,0.74055,synthetic_demo,synthetic lagged rainfall response,True
2017-12-23,OUTLET,0.73467,synthetic_demo,synthetic lagged rainfall response,True
2017-12-24,OUTLET,0.7159,synthetic_demo,synthetic lagged rainfall response,True
2017-12-25,OUTLET,0.70329,synthetic_demo,synthetic lagged rainfall response,True
2017-12-26,OUTLET,0.74001,synthetic_demo,synthetic lagged rainfall response,True
2017-12-27,OUTLET,0.77368,synthetic_demo,synthetic lagged rainfall response,True
2017-12-28,OUTLET,0.72883,synthetic_demo,synthetic lagged rainfall response,True
2017-12-29,OUTLET,0.74429,synthetic_demo,synthetic lagged rainfall response,True
2017-12-30,OUTLET,0.69809,synthetic_demo,synthetic lagged rainfall response,True
2017-12-31,OUTLET,0.70711,synthetic_demo,synthetic lagged rainfall response,True
2018-01-01,OUTLET,0.69694,synthetic_demo,synthetic lagged rainfall response,True
2018-01-02,OUTLET,0.71511,synthetic_demo,synthetic lagged rainfall response,True
2018-01-03,OUTLET,0.68481,synthetic_demo,synthetic lagged rainfall response,True
2018-01-04,OUTLET,0.70105,synthetic_demo,synthetic lagged rainfall response,True
2018-01-05,OUTLET,0.6793,synthetic_demo,synthetic lagged rainfall response,True
2018-01-06,OUTLET,0.6602,synthetic_demo,synthetic lagged rainfall response,True
2018-01-07,OUTLET,0.69876,synthetic_demo,synthetic lagged rainfall response,True
2018-01-08,OUTLET,0.66761,synthetic_demo,synthetic lagged rainfall response,True
2018-01-09,OUTLET,0.67205,synthetic_demo,synthetic lagged rainfall response,True
2018-01-10,OUTLET,0.66447,synthetic_demo,synthetic lagged rainfall response,True
2018-01-11,OUTLET,0.66223,synthetic_demo,synthetic lagged rainfall response,True
2018-01-12,OUTLET,0.65884,synthetic_demo,synthetic lagged rainfall response,True
2018-01-13,OUTLET,0.66882,synthetic_demo,synthetic lagged rainfall response,True
2018-01-14,OUTLET,0.65746,synthetic_demo,synthetic lagged rainfall response,True
2018-01-15,OUTLET,0.6266,synthetic_demo,synthetic lagged rainfall response,True
2018-01-16,OUTLET,0.64582,synthetic_demo,synthetic lagged rainfall response,True
2018-01-17,OUTLET,0.61878,synthetic_demo,synthetic lagged rainfall response,True
2018-01-18,OUTLET,0.62856,synthetic_demo,synthetic lagged rainfall response,True
2018-01-19,OUTLET,0.61668,synthetic_demo,synthetic lagged rainfall response,True
2018-01-20,OUTLET,0.65192,synthetic_demo,synthetic lagged rainfall response,True
2018-01-21,OUTLET,0.622,synthetic_demo,synthetic lagged rainfall response,True
2018-01-22,OUTLET,0.63001,synthetic_demo,synthetic lagged rainfall response,True
2018-01-23,OUTLET,0.62074,synthetic_demo,synthetic lagged rainfall response,True
2018-01-24,OUTLET,0.61184,synthetic_demo,synthetic lagged rainfall response,True
2018-01-25,OUTLET,0.58452,synthetic_demo,synthetic lagged rainfall response,True
2018-01-26,OUTLET,0.59351,synthetic_demo,synthetic lagged rainfall response,True
2018-01-27,OUTLET,0.5358,synthetic_demo,synthetic lagged rainfall response,True
2018-01-28,OUTLET,0.51631,synthetic_demo,synthetic lagged rainfall response,True
2018-01-29,OUTLET,0.4935,synthetic_demo,synthetic lagged rainfall response,True
2018-01-30,OUTLET,0.45798,synthetic_demo,synthetic lagged rainfall response,True
2018-01-31,OUTLET,0.4345,synthetic_demo,synthetic lagged rainfall response,True
2018-02-01,OUTLET,0.42232,synthetic_demo,synthetic lagged rainfall response,True
2018-02-02,OUTLET,0.43546,synthetic_demo,synthetic lagged rainfall response,True
2018-02-03,OUTLET,0.43557,synthetic_demo,synthetic lagged rainfall response,True
2018-02-04,OUTLET,0.40986,synthetic_demo,synthetic lagged rainfall response,True
2018-02-05,OUTLET,0.41455,synthetic_demo,synthetic lagged rainfall response,True
2018-02-06,OUTLET,0.4066,synthetic_demo,synthetic lagged rainfall response,True
2018-02-07,OUTLET,0.4155,synthetic_demo,synthetic lagged rainfall response,True
2018-02-08,OUTLET,0.37356,synthetic_demo,synthetic lagged rainfall response,True
2018-02-09,OUTLET,0.36938,synthetic_demo,synthetic lagged rainfall response,True
2018-02-10,OUTLET,0.36219,synthetic_demo,synthetic lagged rainfall response,True
2018-02-11,OUTLET,0.37937,synthetic_demo,synthetic lagged rainfall response,True
2018-02-12,OUTLET,0.37311,synthetic_demo,synthetic lagged rainfall response,True
2018-02-13,OUTLET,0.36805,synthetic_demo,synthetic lagged rainfall response,True
2018-02-14,OUTLET,0.35992,synthetic_demo,synthetic lagged rainfall response,True
2018-02-15,OUTLET,0.36052,synthetic_demo,synthetic lagged rainfall response,True
2018-02-16,OUTLET,0.3655,synthetic_demo,synthetic lagged rainfall response,True
2018-02-17,OUTLET,0.36116,synthetic_demo,synthetic lagged rainfall response,True
2018-02-18,OUTLET,0.35529,synthetic_demo,synthetic lagged rainfall response,True
2018-02-19,OUTLET,0.35875,synthetic_demo,synthetic lagged rainfall response,True
2018-02-20,OUTLET,0.34946,synthetic_demo,synthetic lagged rainfall response,True
2018-02-21,OUTLET,0.34558,synthetic_demo,synthetic lagged rainfall response,True
2018-02-22,OUTLET,0.38032,synthetic_demo,synthetic lagged rainfall response,True
2018-02-23,OUTLET,0.35781,synthetic_demo,synthetic lagged rainfall response,True
2018-02-24,OUTLET,0.37485,synthetic_demo,synthetic lagged rainfall response,True
2018-02-25,OUTLET,0.35859,synthetic_demo,synthetic lagged rainfall response,True
2018-02-26,OUTLET,0.36045,synthetic_demo,synthetic lagged rainfall response,True
2018-02-27,OUTLET,0.33992,synthetic_demo,synthetic lagged rainfall response,True
2018-02-28,OUTLET,0.34751,synthetic_demo,synthetic lagged rainfall response,True
2018-03-01,OUTLET,0.33395,synthetic_demo,synthetic lagged rainfall response,True
2018-03-02,OUTLET,0.33136,synthetic_demo,synthetic lagged rainfall response,True
2018-03-03,OUTLET,0.34027,synthetic_demo,synthetic lagged rainfall response,True
2018-03-04,OUTLET,0.35016,synthetic_demo,synthetic lagged rainfall response,True
2018-03-05,OUTLET,0.34331,synthetic_demo,synthetic lagged rainfall response,True
2018-03-06,OUTLET,0.41553,synthetic_demo,synthetic lagged rainfall response,True
2018-03-07,OUTLET,0.42604,synthetic_demo,synthetic lagged rainfall response,True
2018-03-08,OUTLET,0.40612,synthetic_demo,synthetic lagged rainfall response,True
2018-03-09,OUTLET,0.41131,synthetic_demo,synthetic lagged rainfall response,True
2018-03-10,OUTLET,0.42226,synthetic_demo,synthetic lagged rainfall response,True
2018-03-11,OUTLET,0.39755,synthetic_demo,synthetic lagged rainfall response,True
2018-03-12,OUTLET,0.40836,synthetic_demo,synthetic lagged rainfall response,True
2018-03-13,OUTLET,0.41484,synthetic_demo,synthetic lagged rainfall response,True
2018-03-14,OUTLET,0.40826,synthetic_demo,synthetic lagged rainfall response,True
2018-03-15,OUTLET,0.39989,synthetic_demo,synthetic lagged rainfall response,True
2018-03-16,OUTLET,0.40708,synthetic_demo,synthetic lagged rainfall response,True
2018-03-17,OUTLET,0.43737,synthetic_demo,synthetic lagged rainfall response,True
2018-03-18,OUTLET,0.43266,synthetic_demo,synthetic lagged rainfall response,True
2018-03-19,OUTLET,0.40932,synthetic_demo,synthetic lagged rainfall response,True
2018-03-20,OUTLET,0.43074,synthetic_demo,synthetic lagged rainfall response,True
2018-03-21,OUTLET,0.4021,synthetic_demo,synthetic lagged rainfall response,True
2018-03-22,OUTLET,0.405,synthetic_demo,synthetic lagged rainfall response,True
2018-03-23,OUTLET,0.42028,synthetic_demo,synthetic lagged rainfall response,True
2018-03-24,OUTLET,0.42406,synthetic_demo,synthetic lagged rainfall response,True
2018-03-25,OUTLET,0.40724,synthetic_demo,synthetic lagged rainfall response,True
2018-03-26,OUTLET,0.41348,synthetic_demo,synthetic lagged rainfall response,True
2018-03-27,OUTLET,0.40275,synthetic_demo,synthetic lagged rainfall response,True
2018-03-28,OUTLET,0.40634,synthetic_demo,synthetic lagged rainfall response,True
2018-03-29,OUTLET,0.3994,synthetic_demo,synthetic lagged rainfall response,True
2018-03-30,OUTLET,0.42445,synthetic_demo,synthetic lagged rainfall response,True
2018-03-31,OUTLET,0.42036,synthetic_demo,synthetic lagged rainfall response,True
2018-04-01,OUTLET,0.37928,synthetic_demo,synthetic lagged rainfall response,True
2018-04-02,OUTLET,0.3916,synthetic_demo,synthetic lagged rainfall response,True
2018-04-03,OUTLET,0.37911,synthetic_demo,synthetic lagged rainfall response,True
2018-04-04,OUTLET,0.38127,synthetic_demo,synthetic lagged rainfall response,True
2018-04-05,OUTLET,0.38448,synthetic_demo,synthetic lagged rainfall response,True
2018-04-06,OUTLET,0.33753,synthetic_demo,synthetic lagged rainfall response,True
2018-04-07,OUTLET,0.34345,synthetic_demo,synthetic lagged rainfall response,True
2018-04-08,OUTLET,0.34153,synthetic_demo,synthetic lagged rainfall response,True
2018-04-09,OUTLET,0.35063,synthetic_demo,synthetic lagged rainfall response,True
2018-04-10,OUTLET,0.32314,synthetic_demo,synthetic lagged rainfall response,True
2018-04-11,OUTLET,0.32895,synthetic_demo,synthetic lagged rainfall response,True
2018-04-12,OUTLET,0.31252,synthetic_demo,synthetic lagged rainfall response,True
2018-04-13,OUTLET,0.34454,synthetic_demo,synthetic lagged rainfall response,True
2018-04-14,OUTLET,0.31331,synthetic_demo,synthetic lagged rainfall response,True
2018-04-15,OUTLET,0.34333,synthetic_demo,synthetic lagged rainfall response,True
2018-04-16,OUTLET,0.31353,synthetic_demo,synthetic lagged rainfall response,True
2018-04-17,OUTLET,0.33468,synthetic_demo,synthetic lagged rainfall response,True
2018-04-18,OUTLET,0.32463,synthetic_demo,synthetic lagged rainfall response,True
2018-04-19,OUTLET,0.32075,synthetic_demo,synthetic lagged rainfall response,True
2018-04-20,OUTLET,0.2636,synthetic_demo,synthetic lagged rainfall response,True
2018-04-21,OUTLET,0.24614,synthetic_demo,synthetic lagged rainfall response,True
2018-04-22,OUTLET,0.2621,synthetic_demo,synthetic lagged rainfall response,True
2018-04-23,OUTLET,0.28508,synthetic_demo,synthetic lagged rainfall response,True
2018-04-24,OUTLET,0.26535,synthetic_demo,synthetic lagged rainfall response,True
2018-04-25,OUTLET,0.25217,synthetic_demo,synthetic lagged rainfall response,True
2018-04-26,OUTLET,0.26514,synthetic_demo,synthetic lagged rainfall response,True
2018-04-27,OUTLET,0.24125,synthetic_demo,synthetic lagged rainfall response,True
2018-04-28,OUTLET,0.25895,synthetic_demo,synthetic lagged rainfall response,True
2018-04-29,OUTLET,0.25736,synthetic_demo,synthetic lagged rainfall response,True
2018-04-30,OUTLET,0.25304,synthetic_demo,synthetic lagged rainfall response,True
2018-05-01,OUTLET,0.24133,synthetic_demo,synthetic lagged rainfall response,True
2018-05-02,OUTLET,0.25323,synthetic_demo,synthetic lagged rainfall response,True
2018-05-03,OUTLET,0.21227,synthetic_demo,synthetic lagged rainfall response,True
2018-05-04,OUTLET,0.22089,synthetic_demo,synthetic lagged rainfall response,True
2018-05-05,OUTLET,0.21597,synthetic_demo,synthetic lagged rainfall response,True
2018-05-06,OUTLET,0.22415,synthetic_demo,synthetic lagged rainfall response,True
2018-05-07,OUTLET,0.33775,synthetic_demo,synthetic lagged rainfall response,True
2018-05-08,OUTLET,0.31741,synthetic_demo,synthetic lagged rainfall response,True
2018-05-09,OUTLET,0.30488,synthetic_demo,synthetic lagged rainfall response,True
2018-05-10,OUTLET,0.29599,synthetic_demo,synthetic lagged rainfall response,True
2018-05-11,OUTLET,0.29444,synthetic_demo,synthetic lagged rainfall response,True
2018-05-12,OUTLET,0.29585,synthetic_demo,synthetic lagged rainfall response,True
2018-05-13,OUTLET,0.3161,synthetic_demo,synthetic lagged rainfall response,True
2018-05-14,OUTLET,0.308,synthetic_demo,synthetic lagged rainfall response,True
2018-05-15,OUTLET,0.30358,synthetic_demo,synthetic lagged rainfall response,True
2018-05-16,OUTLET,0.29882,synthetic_demo,synthetic lagged rainfall response,True
2018-05-17,OUTLET,0.29167,synthetic_demo,synthetic lagged rainfall response,True
2018-05-18,OUTLET,0.27459,synthetic_demo,synthetic lagged rainfall response,True
2018-05-19,OUTLET,0.30833,synthetic_demo,synthetic lagged rainfall response,True
2018-05-20,OUTLET,0.39033,synthetic_demo,synthetic lagged rainfall response,True
2018-05-21,OUTLET,0.40053,synthetic_demo,synthetic lagged rainfall response,True
2018-05-22,OUTLET,0.40712,synthetic_demo,synthetic lagged rainfall response,True
2018-05-23,OUTLET,0.37579,synthetic_demo,synthetic lagged rainfall response,True
2018-05-24,OUTLET,0.37611,synthetic_demo,synthetic lagged rainfall response,True
2018-05-25,OUTLET,0.38522,synthetic_demo,synthetic lagged rainfall response,True
2018-05-26,OUTLET,0.40888,synthetic_demo,synthetic lagged rainfall response,True
2018-05-27,OUTLET,0.38759,synthetic_demo,synthetic lagged rainfall response,True
2018-05-28,OUTLET,0.39054,synthetic_demo,synthetic lagged rainfall response,True
2018-05-29,OUTLET,0.38651,synthetic_demo,synthetic lagged rainfall response,True
2018-05-30,OUTLET,0.38363,synthetic_demo,synthetic lagged rainfall response,True
2018-05-31,OUTLET,0.39183,synthetic_demo,synthetic lagged rainfall response,True
2018-06-01,OUTLET,0.38858,synthetic_demo,synthetic lagged rainfall response,True
2018-06-02,OUTLET,0.38948,synthetic_demo,synthetic lagged rainfall response,True
2018-06-03,OUTLET,0.36304,synthetic_demo,synthetic lagged rainfall response,True
2018-06-04,OUTLET,0.40157,synthetic_demo,synthetic lagged rainfall response,True
2018-06-05,OUTLET,0.37434,synthetic_demo,synthetic lagged rainfall response,True
2018-06-06,OUTLET,0.36567,synthetic_demo,synthetic lagged rainfall response,True
2018-06-07,OUTLET,0.36094,synthetic_demo,synthetic lagged rainfall response,True
2018-06-08,OUTLET,0.37476,synthetic_demo,synthetic lagged rainfall response,True
2018-06-09,OUTLET,0.35514,synthetic_demo,synthetic lagged rainfall response,True
2018-06-10,OUTLET,0.34633,synthetic_demo,synthetic lagged rainfall response,True
2018-06-11,OUTLET,0.31235,synthetic_demo,synthetic lagged rainfall response,True
2018-06-12,OUTLET,0.3266,synthetic_demo,synthetic lagged rainfall response,True
2018-06-13,OUTLET,0.33597,synthetic_demo,synthetic lagged rainfall response,True
2018-06-14,OUTLET,0.3342,synthetic_demo,synthetic lagged rainfall response,True
2018-06-15,OUTLET,0.30555,synthetic_demo,synthetic lagged rainfall response,True
2018-06-16,OUTLET,0.34171,synthetic_demo,synthetic lagged rainfall response,True
2018-06-17,OUTLET,0.32826,synthetic_demo,synthetic lagged rainfall response,True
2018-06-18,OUTLET,0.32195,synthetic_demo,synthetic lagged rainfall response,True
2018-06-19,OUTLET,0.32004,synthetic_demo,synthetic lagged rainfall response,True
2018-06-20,OUTLET,0.3346,synthetic_demo,synthetic lagged rainfall response,True
2018-06-21,OUTLET,0.24506,synthetic_demo,synthetic lagged rainfall response,True
2018-06-22,OUTLET,0.25124,synthetic_demo,synthetic lagged rainfall response,True
2018-06-23,OUTLET,0.24714,synthetic_demo,synthetic lagged rainfall response,True
2018-06-24,OUTLET,0.26714,synthetic_demo,synthetic lagged rainfall response,True
2018-06-25,OUTLET,0.28085,synthetic_demo,synthetic lagged rainfall response,True
2018-06-26,OUTLET,0.2688,synthetic_demo,synthetic lagged rainfall response,True
2018-06-27,OUTLET,0.28538,synthetic_demo,synthetic lagged rainfall response,True
2018-06-28,OUTLET,0.28439,synthetic_demo,synthetic lagged rainfall response,True
2018-06-29,OUTLET,0.2908,synthetic_demo,synthetic lagged rainfall response,True
2018-06-30,OUTLET,0.27669,synthetic_demo,synthetic lagged rainfall response,True
2018-07-01,OUTLET,0.28404,synthetic_demo,synthetic lagged rainfall response,True
2018-07-02,OUTLET,0.28759,synthetic_demo,synthetic lagged rainfall response,True
2018-07-03,OUTLET,0.28801,synthetic_demo,synthetic lagged rainfall response,True
2018-07-04,OUTLET,0.22574,synthetic_demo,synthetic lagged rainfall response,True
2018-07-05,OUTLET,0.28466,synthetic_demo,synthetic lagged rainfall response,True
2018-07-06,OUTLET,0.26164,synthetic_demo,synthetic lagged rainfall response,True
2018-07-07,OUTLET,0.26723,synthetic_demo,synthetic lagged rainfall response,True
2018-07-08,OUTLET,0.2471,synthetic_demo,synthetic lagged rainfall response,True
2018-07-09,OUTLET,0.27102,synthetic_demo,synthetic lagged rainfall response,True
2018-07-10,OUTLET,0.29039,synthetic_demo,synthetic lagged rainfall response,True
2018-07-11,OUTLET,0.2936,synthetic_demo,synthetic lagged rainfall response,True
2018-07-12,OUTLET,0.27417,synthetic_demo,synthetic lagged rainfall response,True
2018-07-13,OUTLET,0.28341,synthetic_demo,synthetic lagged rainfall response,True
2018-07-14,OUTLET,0.29351,synthetic_demo,synthetic lagged rainfall response,True
2018-07-15,OUTLET,0.30216,synthetic_demo,synthetic lagged rainfall response,True
2018-07-16,OUTLET,0.30392,synthetic_demo,synthetic lagged rainfall response,True
2018-07-17,OUTLET,0.29349,synthetic_demo,synthetic lagged rainfall response,True
2018-07-18,OUTLET,0.29089,synthetic_demo,synthetic lagged rainfall response,True
2018-07-19,OUTLET,0.30561,synthetic_demo,synthetic lagged rainfall response,True
2018-07-20,OUTLET,0.2864,synthetic_demo,synthetic lagged rainfall response,True
2018-07-21,OUTLET,0.30912,synthetic_demo,synthetic lagged rainfall response,True
2018-07-22,OUTLET,0.29834,synthetic_demo,synthetic lagged rainfall response,True
2018-07-23,OUTLET,0.28284,synthetic_demo,synthetic lagged rainfall response,True
2018-07-24,OUTLET,0.29319,synthetic_demo,synthetic lagged rainfall response,True
2018-07-25,OUTLET,0.28389,synthetic_demo,synthetic lagged rainfall response,True
2018-07-26,OUTLET,0.29953,synthetic_demo,synthetic lagged rainfall response,True
2018-07-27,OUTLET,0.31582,synthetic_demo,synthetic lagged rainfall response,True
2018-07-28,OUTLET,0.30848,synthetic_demo,synthetic lagged rainfall response,True
2018-07-29,OUTLET,0.29124,synthetic_demo,synthetic lagged rainfall response,True
2018-07-30,OUTLET,0.31111,synthetic_demo,synthetic lagged rainfall response,True
2018-07-31,OUTLET,0.28232,synthetic_demo,synthetic lagged rainfall response,True
2018-08-01,OUTLET,0.31839,synthetic_demo,synthetic lagged rainfall response,True
2018-08-02,OUTLET,0.29801,synthetic_demo,synthetic lagged rainfall response,True
2018-08-03,OUTLET,0.28923,synthetic_demo,synthetic lagged rainfall response,True
2018-08-04,OUTLET,0.29382,synthetic_demo,synthetic lagged rainfall response,True
2018-08-05,OUTLET,0.32026,synthetic_demo,synthetic lagged rainfall response,True
2018-08-06,OUTLET,0.3227,synthetic_demo,synthetic lagged rainfall response,True
2018-08-07,OUTLET,0.33251,synthetic_demo,synthetic lagged rainfall response,True
2018-08-08,OUTLET,0.3221,synthetic_demo,synthetic lagged rainfall response,True
2018-08-09,OUTLET,0.34196,synthetic_demo,synthetic lagged rainfall response,True
2018-08-10,OUTLET,0.32568,synthetic_demo,synthetic lagged rainfall response,True
2018-08-11,OUTLET,0.32665,synthetic_demo,synthetic lagged rainfall response,True
2018-08-12,OUTLET,0.31849,synthetic_demo,synthetic lagged rainfall response,True
2018-08-13,OUTLET,0.35074,synthetic_demo,synthetic lagged rainfall response,True
2018-08-14,OUTLET,0.35134,synthetic_demo,synthetic lagged rainfall response,True
2018-08-15,OUTLET,0.36082,synthetic_demo,synthetic lagged rainfall response,True
2018-08-16,OUTLET,0.36382,synthetic_demo,synthetic lagged rainfall response,True
2018-08-17,OUTLET,0.37392,synthetic_demo,synthetic lagged rainfall response,True
2018-08-18,OUTLET,0.36839,synthetic_demo,synthetic lagged rainfall response,True
2018-08-19,OUTLET,0.33697,synthetic_demo,synthetic lagged rainfall response,True
2018-08-20,OUTLET,0.34358,synthetic_demo,synthetic lagged rainfall response,True
2018-08-21,OUTLET,0.33591,synthetic_demo,synthetic lagged rainfall response,True
2018-08-22,OUTLET,0.37872,synthetic_demo,synthetic lagged rainfall response,True
2018-08-23,OUTLET,0.38332,synthetic_demo,synthetic lagged rainfall response,True
2018-08-24,OUTLET,0.37252,synthetic_demo,synthetic lagged rainfall response,True
2018-08-25,OUTLET,0.38439,synthetic_demo,synthetic lagged rainfall response,True
2018-08-26,OUTLET,0.35549,synthetic_demo,synthetic lagged rainfall response,True
2018-08-27,OUTLET,0.3607,synthetic_demo,synthetic lagged rainfall response,True
2018-08-28,OUTLET,0.36022,synthetic_demo,synthetic lagged rainfall response,True
2018-08-29,OUTLET,0.37817,synthetic_demo,synthetic lagged rainfall response,True
2018-08-30,OUTLET,0.37298,synthetic_demo,synthetic lagged rainfall response,True
2018-08-31,OUTLET,0.39078,synthetic_demo,synthetic lagged rainfall response,True
2018-09-01,OUTLET,0.41239,synthetic_demo,synthetic lagged rainfall response,True
2018-09-02,OUTLET,0.371,synthetic_demo,synthetic lagged rainfall response,True
2018-09-03,OUTLET,0.4028,synthetic_demo,synthetic lagged rainfall response,True
2018-09-04,OUTLET,0.38325,synthetic_demo,synthetic lagged rainfall response,True
2018-09-05,OUTLET,0.39465,synthetic_demo,synthetic lagged rainfall response,True
2018-09-06,OUTLET,0.38287,synthetic_demo,synthetic lagged rainfall response,True
2018-09-07,OUTLET,0.38459,synthetic_demo,synthetic lagged rainfall response,True
2018-09-08,OUTLET,0.40631,synthetic_demo,synthetic lagged rainfall response,True
2018-09-09,OUTLET,0.39563,synthetic_demo,synthetic lagged rainfall response,True
2018-09-10,OUTLET,0.39645,synthetic_demo,synthetic lagged rainfall response,True
2018-09-11,OUTLET,0.40779,synthetic_demo,synthetic lagged rainfall response,True
2018-09-12,OUTLET,0.45646,synthetic_demo,synthetic lagged rainfall response,True
2018-09-13,OUTLET,0.44302,synthetic_demo,synthetic lagged rainfall response,True
2018-09-14,OUTLET,0.44307,synthetic_demo,synthetic lagged rainfall response,True
2018-09-15,OUTLET,0.43471,synthetic_demo,synthetic lagged rainfall response,True
2018-09-16,OUTLET,0.43398,synthetic_demo,synthetic lagged rainfall response,True
2018-09-17,OUTLET,0.45226,synthetic_demo,synthetic lagged rainfall response,True
2018-09-18,OUTLET,0.4546,synthetic_demo,synthetic lagged rainfall response,True
2018-09-19,OUTLET,0.49495,synthetic_demo,synthetic lagged rainfall response,True
2018-09-20,OUTLET,0.47227,synthetic_demo,synthetic lagged rainfall response,True
2018-09-21,OUTLET,0.46688,synthetic_demo,synthetic lagged rainfall response,True
2018-09-22,OUTLET,0.48475,synthetic_demo,synthetic lagged rainfall response,True
2018-09-23,OUTLET,0.48964,synthetic_demo,synthetic lagged rainfall response,True
2018-09-24,OUTLET,0.48568,synthetic_demo,synthetic lagged rainfall response,True
2018-09-25,OUTLET,0.49112,synthetic_demo,synthetic lagged rainfall response,True
2018-09-26,OUTLET,0.5396,synthetic_demo,synthetic lagged rainfall response,True
2018-09-27,OUTLET,0.52717,synthetic_demo,synthetic lagged rainfall response,True
2018-09-28,OUTLET,0.54934,synthetic_demo,synthetic lagged rainfall response,True
2018-09-29,OUTLET,0.5586,synthetic_demo,synthetic lagged rainfall response,True
2018-09-30,OUTLET,0.58394,synthetic_demo,synthetic lagged rainfall response,True
2018-10-01,OUTLET,0.56648,synthetic_demo,synthetic lagged rainfall response,True
2018-10-02,OUTLET,0.59771,synthetic_demo,synthetic lagged rainfall response,True
2018-10-03,OUTLET,0.59125,synthetic_demo,synthetic lagged rainfall response,True
2018-10-04,OUTLET,0.57212,synthetic_demo,synthetic lagged rainfall response,True
2018-10-05,OUTLET,0.56741,synthetic_demo,synthetic lagged rainfall response,True
2018-10-06,OUTLET,0.54775,synthetic_demo,synthetic lagged rainfall response,True
2018-10-07,OUTLET,0.62129,synthetic_demo,synthetic lagged rainfall response,True
2018-10-08,OUTLET,0.65381,synthetic_demo,synthetic lagged rainfall response,True
2018-10-09,OUTLET,0.66073,synthetic_demo,synthetic lagged rainfall response,True
2018-10-10,OUTLET,0.65394,synthetic_demo,synthetic lagged rainfall response,True
2018-10-11,OUTLET,0.6791,synthetic_demo,synthetic lagged rainfall response,True
2018-10-12,OUTLET,0.65077,synthetic_demo,synthetic lagged rainfall response,True
2018-10-13,OUTLET,0.64023,synthetic_demo,synthetic lagged rainfall response,True
2018-10-14,OUTLET,0.65976,synthetic_demo,synthetic lagged rainfall response,True
2018-10-15,OUTLET,0.63887,synthetic_demo,synthetic lagged rainfall response,True
2018-10-16,OUTLET,0.61314,synthetic_demo,synthetic lagged rainfall response,True
2018-10-17,OUTLET,0.62215,synthetic_demo,synthetic lagged rainfall response,True
2018-10-18,OUTLET,0.63962,synthetic_demo,synthetic lagged rainfall response,True
2018-10-19,OUTLET,0.65103,synthetic_demo,synthetic lagged rainfall response,True
2018-10-20,OUTLET,0.65114,synthetic_demo,synthetic lagged rainfall response,True
2018-10-21,OUTLET,0.63023,synthetic_demo,synthetic lagged rainfall response,True
2018-10-22,OUTLET,0.68369,synthetic_demo,synthetic lagged rainfall response,True
2018-10-23,OUTLET,0.69008,synthetic_demo,synthetic lagged rainfall response,True
2018-10-24,OUTLET,0.68259,synthetic_demo,synthetic lagged rainfall response,True
2018-10-25,OUTLET,0.70328,synthetic_demo,synthetic lagged rainfall response,True
2018-10-26,OUTLET,0.69896,synthetic_demo,synthetic lagged rainfall response,True
2018-10-27,OUTLET,0.68913,synthetic_demo,synthetic lagged rainfall response,True
2018-10-28,OUTLET,0.68315,synthetic_demo,synthetic lagged rainfall response,True
2018-10-29,OUTLET,0.6663,synthetic_demo,synthetic lagged rainfall response,True
2018-10-30,OUTLET,0.66244,synthetic_demo,synthetic lagged rainfall response,True
2018-10-31,OUTLET,0.67777,synthetic_demo,synthetic lagged rainfall response,True
2018-11-01,OUTLET,0.67262,synthetic_demo,synthetic lagged rainfall response,True
2018-11-02,OUTLET,0.67064,synthetic_demo,synthetic lagged rainfall response,True
2018-11-03,OUTLET,0.61659,synthetic_demo,synthetic lagged rainfall response,True
2018-11-04,OUTLET,0.6263,synthetic_demo,synthetic lagged rainfall response,True
2018-11-05,OUTLET,0.61689,synthetic_demo,synthetic lagged rainfall response,True
2018-11-06,OUTLET,0.60125,synthetic_demo,synthetic lagged rainfall response,True
2018-11-07,OUTLET,0.60748,synthetic_demo,synthetic lagged rainfall response,True
2018-11-08,OUTLET,0.58916,synthetic_demo,synthetic lagged rainfall response,True
2018-11-09,OUTLET,0.60392,synthetic_demo,synthetic lagged rainfall response,True
2018-11-10,OUTLET,0.6025,synthetic_demo,synthetic lagged rainfall response,True
2018-11-11,OUTLET,0.58676,synthetic_demo,synthetic lagged rainfall response,True
2018-11-12,OUTLET,0.5766,synthetic_demo,synthetic lagged rainfall response,True
2018-11-13,OUTLET,0.6088,synthetic_demo,synthetic lagged rainfall response,True
2018-11-14,OUTLET,0.58652,synthetic_demo,synthetic lagged rainfall response,True
2018-11-15,OUTLET,0.58317,synthetic_demo,synthetic lagged rainfall response,True
2018-11-16,OUTLET,0.55686,synthetic_demo,synthetic lagged rainfall response,True
2018-11-17,OUTLET,0.57994,synthetic_demo,synthetic lagged rainfall response,True
2018-11-18,OUTLET,0.55397,synthetic_demo,synthetic lagged rainfall response,True
2018-11-19,OUTLET,0.56744,synthetic_demo,synthetic lagged rainfall response,True
2018-11-20,OUTLET,0.57665,synthetic_demo,synthetic lagged rainfall response,True
2018-11-21,OUTLET,0.55472,synthetic_demo,synthetic lagged rainfall response,True
2018-11-22,OUTLET,0.51321,synthetic_demo,synthetic lagged rainfall response,True
2018-11-23,OUTLET,0.52183,synthetic_demo,synthetic lagged rainfall response,True
2018-11-24,OUTLET,0.52431,synthetic_demo,synthetic lagged rainfall response,True
2018-11-25,OUTLET,0.51104,synthetic_demo,synthetic lagged rainfall response,True
2018-11-26,OUTLET,0.52491,synthetic_demo,synthetic lagged rainfall response,True
2018-11-27,OUTLET,0.52274,synthetic_demo,synthetic lagged rainfall response,True
2018-11-28,OUTLET,0.51663,synthetic_demo,synthetic lagged rainfall response,True
2018-11-29,OUTLET,0.52365,synthetic_demo,synthetic lagged rainfall response,True
2018-11-30,OUTLET,0.51129,synthetic_demo,synthetic lagged rainfall response,True
2018-12-01,OUTLET,0.52736,synthetic_demo,synthetic lagged rainfall response,True
2018-12-02,OUTLET,0.49459,synthetic_demo,synthetic lagged rainfall response,True
2018-12-03,OUTLET,0.49259,synthetic_demo,synthetic lagged rainfall response,True
2018-12-04,OUTLET,0.50442,synthetic_demo,synthetic lagged rainfall response,True
2018-12-05,OUTLET,0.50892,synthetic_demo,synthetic lagged rainfall response,True
2018-12-06,OUTLET,0.49172,synthetic_demo,synthetic lagged rainfall response,True
2018-12-07,OUTLET,0.48345,synthetic_demo,synthetic lagged rainfall response,True
2018-12-08,OUTLET,0.56944,synthetic_demo,synthetic lagged rainfall response,True
2018-12-09,OUTLET,0.57385,synthetic_demo,synthetic lagged rainfall response,True
2018-12-10,OUTLET,0.55068,synthetic_demo,synthetic lagged rainfall response,True
2018-12-11,OUTLET,0.5512,synthetic_demo,synthetic lagged rainfall response,True
2018-12-12,OUTLET,0.56091,synthetic_demo,synthetic lagged rainfall response,True
2018-12-13,OUTLET,0.54578,synthetic_demo,synthetic lagged rainfall response,True
2018-12-14,OUTLET,0.5422,synthetic_demo,synthetic lagged rainfall response,True
2018-12-15,OUTLET,0.51989,synthetic_demo,synthetic lagged rainfall response,True
2018-12-16,OUTLET,0.5487,synthetic_demo,synthetic lagged rainfall response,True
2018-12-17,OUTLET,0.54532,synthetic_demo,synthetic lagged rainfall response,True
2018-12-18,OUTLET,0.51912,synthetic_demo,synthetic lagged rainfall response,True
2018-12-19,OUTLET,0.52499,synthetic_demo,synthetic lagged rainfall response,True
2018-12-20,OUTLET,0.53434,synthetic_demo,synthetic lagged rainfall response,True
2018-12-21,OUTLET,0.5181,synthetic_demo,synthetic lagged rainfall response,True
2018-12-22,OUTLET,0.5362,synthetic_demo,synthetic lagged rainfall response,True
2018-12-23,OUTLET,0.58651,synthetic_demo,synthetic lagged rainfall response,True
2018-12-24,OUTLET,0.61828,synthetic_demo,synthetic lagged rainfall response,True
2018-12-25,OUTLET,0.60514,synthetic_demo,synthetic lagged rainfall response,True
2018-12-26,OUTLET,0.60487,synthetic_demo,synthetic lagged rainfall response,True
2018-12-27,OUTLET,0.58403,synthetic_demo,synthetic lagged rainfall response,True
2018-12-28,OUTLET,0.58255,synthetic_demo,synthetic lagged rainfall response,True
2018-12-29,OUTLET,0.61393,synthetic_demo,synthetic lagged rainfall response,True
2018-12-30,OUTLET,0.61638,synthetic_demo,synthetic lagged rainfall response,True
2018-12-31,OUTLET,0.58553,synthetic_demo,synthetic lagged rainfall response,True
2019-01-01,OUTLET,0.56802,synthetic_demo,synthetic lagged rainfall response,True
2019-01-02,OUTLET,0.57774,synthetic_demo,synthetic lagged rainfall response,True
2019-01-03,OUTLET,0.58646,synthetic_demo,synthetic lagged rainfall response,True
2019-01-04,OUTLET,0.59664,synthetic_demo,synthetic lagged rainfall response,True
2019-01-05,OUTLET,0.58472,synthetic_demo,synthetic lagged rainfall response,True
2019-01-06,OUTLET,0.58159,synthetic_demo,synthetic lagged rainfall response,True
2019-01-07,OUTLET,0.60359,synthetic_demo,synthetic lagged rainfall response,True
2019-01-08,OUTLET,0.59229,synthetic_demo,synthetic lagged rainfall response,True
2019-01-09,OUTLET,0.57206,synthetic_demo,synthetic lagged rainfall response,True
2019-01-10,OUTLET,0.64215,synthetic_demo,synthetic lagged rainfall response,True
2019-01-11,OUTLET,0.62648,synthetic_demo,synthetic lagged rainfall response,True
2019-01-12,OUTLET,0.62066,synthetic_demo,synthetic lagged rainfall response,True
2019-01-13,OUTLET,0.62795,synthetic_demo,synthetic lagged rainfall response,True
2019-01-14,OUTLET,0.64094,synthetic_demo,synthetic lagged rainfall response,True
2019-01-15,OUTLET,0.6356,synthetic_demo,synthetic lagged rainfall response,True
2019-01-16,OUTLET,0.62709,synthetic_demo,synthetic lagged rainfall response,True
2019-01-17,OUTLET,0.63029,synthetic_demo,synthetic lagged rainfall response,True
2019-01-18,OUTLET,0.63535,synthetic_demo,synthetic lagged rainfall response,True
2019-01-19,OUTLET,0.61425,synthetic_demo,synthetic lagged rainfall response,True
2019-01-20,OUTLET,0.63258,synthetic_demo,synthetic lagged rainfall response,True
2019-01-21,OUTLET,0.63807,synthetic_demo,synthetic lagged rainfall response,True
2019-01-22,OUTLET,0.57889,synthetic_demo,synthetic lagged rainfall response,True
2019-01-23,OUTLET,0.56807,synthetic_demo,synthetic lagged rainfall response,True
2019-01-24,OUTLET,0.54365,synthetic_demo,synthetic lagged rainfall response,True
2019-01-25,OUTLET,0.55698,synthetic_demo,synthetic lagged rainfall response,True
2019-01-26,OUTLET,0.55345,synthetic_demo,synthetic lagged rainfall response,True
2019-01-27,OUTLET,0.56888,synthetic_demo,synthetic lagged rainfall response,True
2019-01-28,OUTLET,0.54961,synthetic_demo,synthetic lagged rainfall response,True
2019-01-29,OUTLET,0.55659,synthetic_demo,synthetic lagged rainfall response,True
2019-01-30,OUTLET,0.55539,synthetic_demo,synthetic lagged rainfall response,True
2019-01-31,OUTLET,0.55336,synthetic_demo,synthetic lagged rainfall response,True
2019-02-01,OUTLET,0.54575,synthetic_demo,synthetic lagged rainfall response,True
2019-02-02,OUTLET,0.54704,synthetic_demo,synthetic lagged rainfall response,True
2019-02-03,OUTLET,0.54627,synthetic_demo,synthetic lagged rainfall response,True
2019-02-04,OUTLET,0.54012,synthetic_demo,synthetic lagged rainfall response,True
2019-02-05,OUTLET,0.5263,synthetic_demo,synthetic lagged rainfall response,True
2019-02-06,OUTLET,0.49797,synthetic_demo,synthetic lagged rainfall response,True
2019-02-07,OUTLET,0.49244,synthetic_demo,synthetic lagged rainfall response,True
2019-02-08,OUTLET,0.49784,synthetic_demo,synthetic lagged rainfall response,True
2019-02-09,OUTLET,0.51148,synthetic_demo,synthetic lagged rainfall response,True
2019-02-10,OUTLET,0.50554,synthetic_demo,synthetic lagged rainfall response,True
2019-02-11,OUTLET,0.49017,synthetic_demo,synthetic lagged rainfall response,True
2019-02-12,OUTLET,0.48392,synthetic_demo,synthetic lagged rainfall response,True
2019-02-13,OUTLET,0.47011,synthetic_demo,synthetic lagged rainfall response,True
2019-02-14,OUTLET,0.46862,synthetic_demo,synthetic lagged rainfall response,True
2019-02-15,OUTLET,0.46029,synthetic_demo,synthetic lagged rainfall response,True
2019-02-16,OUTLET,0.44082,synthetic_demo,synthetic lagged rainfall response,True
2019-02-17,OUTLET,0.46401,synthetic_demo,synthetic lagged rainfall response,True
2019-02-18,OUTLET,0.46484,synthetic_demo,synthetic lagged rainfall response,True
2019-02-19,OUTLET,0.4482,synthetic_demo,synthetic lagged rainfall response,True
2019-02-20,OUTLET,0.45933,synthetic_demo,synthetic lagged rainfall response,True
2019-02-21,OUTLET,0.44692,synthetic_demo,synthetic lagged rainfall response,True
2019-02-22,OUTLET,0.45764,synthetic_demo,synthetic lagged rainfall response,True
2019-02-23,OUTLET,0.45121,synthetic_demo,synthetic lagged rainfall response,True
2019-02-24,OUTLET,0.42842,synthetic_demo,synthetic lagged rainfall response,True
2019-02-25,OUTLET,0.4301,synthetic_demo,synthetic lagged rainfall response,True
2019-02-26,OUTLET,0.40742,synthetic_demo,synthetic lagged rainfall response,True
2019-02-27,OUTLET,0.42537,synthetic_demo,synthetic lagged rainfall response,True
2019-02-28,OUTLET,0.40708,synthetic_demo,synthetic lagged rainfall response,True
2019-03-01,OUTLET,0.40592,synthetic_demo,synthetic lagged rainfall response,True
2019-03-02,OUTLET,0.40617,synthetic_demo,synthetic lagged rainfall response,True
2019-03-03,OUTLET,0.40587,synthetic_demo,synthetic lagged rainfall response,True
2019-03-04,OUTLET,0.41333,synthetic_demo,synthetic lagged rainfall response,True
2019-03-05,OUTLET,0.39864,synthetic_demo,synthetic lagged rainfall response,True
2019-03-06,OUTLET,0.41001,synthetic_demo,synthetic lagged rainfall response,True
2019-03-07,OUTLET,0.40117,synthetic_demo,synthetic lagged rainfall response,True
2019-03-08,OUTLET,0.41002,synthetic_demo,synthetic lagged rainfall response,True
2019-03-09,OUTLET,0.40403,synthetic_demo,synthetic lagged rainfall response,True
2019-03-10,OUTLET,0.39314,synthetic_demo,synthetic lagged rainfall response,True
2019-03-11,OUTLET,0.38398,synthetic_demo,synthetic lagged rainfall response,True
2019-03-12,OUTLET,0.37773,synthetic_demo,synthetic lagged rainfall response,True
2019-03-13,OUTLET,0.39622,synthetic_demo,synthetic lagged rainfall response,True
2019-03-14,OUTLET,0.41444,synthetic_demo,synthetic lagged rainfall response,True
2019-03-15,OUTLET,0.38948,synthetic_demo,synthetic lagged rainfall response,True
2019-03-16,OUTLET,0.40999,synthetic_demo,synthetic lagged rainfall response,True
2019-03-17,OUTLET,0.41683,synthetic_demo,synthetic lagged rainfall response,True
2019-03-18,OUTLET,0.41361,synthetic_demo,synthetic lagged rainfall response,True
2019-03-19,OUTLET,0.37275,synthetic_demo,synthetic lagged rainfall response,True
2019-03-20,OUTLET,0.39509,synthetic_demo,synthetic lagged rainfall response,True
2019-03-21,OUTLET,0.39777,synthetic_demo,synthetic lagged rainfall response,True
2019-03-22,OUTLET,0.43693,synthetic_demo,synthetic lagged rainfall response,True
2019-03-23,OUTLET,0.42237,synthetic_demo,synthetic lagged rainfall response,True
2019-03-24,OUTLET,0.40867,synthetic_demo,synthetic lagged rainfall response,True
2019-03-25,OUTLET,0.38446,synthetic_demo,synthetic lagged rainfall response,True
2019-03-26,OUTLET,0.40821,synthetic_demo,synthetic lagged rainfall response,True
2019-03-27,OUTLET,0.37967,synthetic_demo,synthetic lagged rainfall response,True
2019-03-28,OUTLET,0.37852,synthetic_demo,synthetic lagged rainfall response,True
2019-03-29,OUTLET,0.36712,synthetic_demo,synthetic lagged rainfall response,True
2019-03-30,OUTLET,0.37041,synthetic_demo,synthetic lagged rainfall response,True
2019-03-31,OUTLET,0.36277,synthetic_demo,synthetic lagged rainfall response,True
2019-04-01,OUTLET,0.3225,synthetic_demo,synthetic lagged rainfall response,True
2019-04-02,OUTLET,0.3678,synthetic_demo,synthetic lagged rainfall response,True
2019-04-03,OUTLET,0.36377,synthetic_demo,synthetic lagged rainfall response,True
2019-04-04,OUTLET,0.368,synthetic_demo,synthetic lagged rainfall response,True
2019-04-05,OUTLET,0.34168,synthetic_demo,synthetic lagged rainfall response,True
2019-04-06,OUTLET,0.33323,synthetic_demo,synthetic lagged rainfall response,True
2019-04-07,OUTLET,0.30654,synthetic_demo,synthetic lagged rainfall response,True
2019-04-08,OUTLET,0.33739,synthetic_demo,synthetic lagged rainfall response,True
2019-04-09,OUTLET,0.31874,synthetic_demo,synthetic lagged rainfall response,True
2019-04-10,OUTLET,0.31,synthetic_demo,synthetic lagged rainfall response,True
2019-04-11,OUTLET,0.32412,synthetic_demo,synthetic lagged rainfall response,True
2019-04-12,OUTLET,0.32888,synthetic_demo,synthetic lagged rainfall response,True
2019-04-13,OUTLET,0.31691,synthetic_demo,synthetic lagged rainfall response,True
2019-04-14,OUTLET,0.31283,synthetic_demo,synthetic lagged rainfall response,True
2019-04-15,OUTLET,0.31837,synthetic_demo,synthetic lagged rainfall response,True
2019-04-16,OUTLET,0.32053,synthetic_demo,synthetic lagged rainfall response,True
2019-04-17,OUTLET,0.31518,synthetic_demo,synthetic lagged rainfall response,True
2019-04-18,OUTLET,0.32346,synthetic_demo,synthetic lagged rainfall response,True
2019-04-19,OUTLET,0.3119,synthetic_demo,synthetic lagged rainfall response,True
2019-04-20,OUTLET,0.30885,synthetic_demo,synthetic lagged rainfall response,True
2019-04-21,OUTLET,0.30396,synthetic_demo,synthetic lagged rainfall response,True
2019-04-22,OUTLET,0.29576,synthetic_demo,synthetic lagged rainfall response,True
2019-04-23,OUTLET,0.29284,synthetic_demo,synthetic lagged rainfall response,True
2019-04-24,OUTLET,0.30748,synthetic_demo,synthetic lagged rainfall response,True
2019-04-25,OUTLET,0.29998,synthetic_demo,synthetic lagged rainfall response,True
2019-04-26,OUTLET,0.2796,synthetic_demo,synthetic lagged rainfall response,True
2019-04-27,OUTLET,0.28847,synthetic_demo,synthetic lagged rainfall response,True
2019-04-28,OUTLET,0.26165,synthetic_demo,synthetic lagged rainfall response,True
2019-04-29,OUTLET,0.28393,synthetic_demo,synthetic lagged rainfall response,True
2019-04-30,OUTLET,0.28363,synthetic_demo,synthetic lagged rainfall response,True
2019-05-01,OUTLET,0.27783,synthetic_demo,synthetic lagged rainfall response,True
2019-05-02,OUTLET,0.2577,synthetic_demo,synthetic lagged rainfall response,True
2019-05-03,OUTLET,0.26192,synthetic_demo,synthetic lagged rainfall response,True
2019-05-04,OUTLET,0.26346,synthetic_demo,synthetic lagged rainfall response,True
2019-05-05,OUTLET,0.27004,synthetic_demo,synthetic lagged rainfall response,True
2019-05-06,OUTLET,0.23024,synthetic_demo,synthetic lagged rainfall response,True
2019-05-07,OUTLET,0.25524,synthetic_demo,synthetic lagged rainfall response,True
2019-05-08,OUTLET,0.23653,synthetic_demo,synthetic lagged rainfall response,True
2019-05-09,OUTLET,0.23046,synthetic_demo,synthetic lagged rainfall response,True
2019-05-10,OUTLET,0.2522,synthetic_demo,synthetic lagged rainfall response,True
2019-05-11,OUTLET,0.21688,synthetic_demo,synthetic lagged rainfall response,True
2019-05-12,OUTLET,0.20676,synthetic_demo,synthetic lagged rainfall response,True
2019-05-13,OUTLET,0.23514,synthetic_demo,synthetic lagged rainfall response,True
2019-05-14,OUTLET,0.22076,synthetic_demo,synthetic lagged rainfall response,True
2019-05-15,OUTLET,0.20942,synthetic_demo,synthetic lagged rainfall response,True
2019-05-16,OUTLET,0.20151,synthetic_demo,synthetic lagged rainfall response,True
2019-05-17,OUTLET,0.20642,synthetic_demo,synthetic lagged rainfall response,True
2019-05-18,OUTLET,0.20304,synthetic_demo,synthetic lagged rainfall response,True
2019-05-19,OUTLET,0.20449,synthetic_demo,synthetic lagged rainfall response,True
2019-05-20,OUTLET,0.19315,synthetic_demo,synthetic lagged rainfall response,True
2019-05-21,OUTLET,0.19227,synthetic_demo,synthetic lagged rainfall response,True
2019-05-22,OUTLET,0.20294,synthetic_demo,synthetic lagged rainfall response,True
2019-05-23,OUTLET,0.23041,synthetic_demo,synthetic lagged rainfall response,True
2019-05-24,OUTLET,0.2319,synthetic_demo,synthetic lagged rainfall response,True
2019-05-25,OUTLET,0.22955,synthetic_demo,synthetic lagged rainfall response,True
2019-05-26,OUTLET,0.23564,synthetic_demo,synthetic lagged rainfall response,True
2019-05-27,OUTLET,0.24514,synthetic_demo,synthetic lagged rainfall response,True
2019-05-28,OUTLET,0.24858,synthetic_demo,synthetic lagged rainfall response,True
2019-05-29,OUTLET,0.2366,synthetic_demo,synthetic lagged rainfall response,True
2019-05-30,OUTLET,0.23943,synthetic_demo,synthetic lagged rainfall response,True
2019-05-31,OUTLET,0.2581,synthetic_demo,synthetic lagged rainfall response,True
2019-06-01,OUTLET,0.26593,synthetic_demo,synthetic lagged rainfall response,True
2019-06-02,OUTLET,0.25467,synthetic_demo,synthetic lagged rainfall response,True
2019-06-03,OUTLET,0.26798,synthetic_demo,synthetic lagged rainfall response,True
2019-06-04,OUTLET,0.27459,synthetic_demo,synthetic lagged rainfall response,True
2019-06-05,OUTLET,0.24956,synthetic_demo,synthetic lagged rainfall response,True
2019-06-06,OUTLET,0.22266,synthetic_demo,synthetic lagged rainfall response,True
2019-06-07,OUTLET,0.2532,synthetic_demo,synthetic lagged rainfall response,True
2019-06-08,OUTLET,0.23965,synthetic_demo,synthetic lagged rainfall response,True
2019-06-09,OUTLET,0.26798,synthetic_demo,synthetic lagged rainfall response,True
2019-06-10,OUTLET,0.24891,synthetic_demo,synthetic lagged rainfall response,True
2019-06-11,OUTLET,0.26713,synthetic_demo,synthetic lagged rainfall response,True
2019-06-12,OUTLET,0.24446,synthetic_demo,synthetic lagged rainfall response,True
2019-06-13,OUTLET,0.26612,synthetic_demo,synthetic lagged rainfall response,True
2019-06-14,OUTLET,0.27589,synthetic_demo,synthetic lagged rainfall response,True
2019-06-15,OUTLET,0.28807,synthetic_demo,synthetic lagged rainfall response,True
2019-06-16,OUTLET,0.28019,synthetic_demo,synthetic lagged rainfall response,True
2019-06-17,OUTLET,0.27182,synthetic_demo,synthetic lagged rainfall response,True
2019-06-18,OUTLET,0.28955,synthetic_demo,synthetic lagged rainfall response,True
2019-06-19,OUTLET,0.29493,synthetic_demo,synthetic lagged rainfall response,True
2019-06-20,OUTLET,0.2785,synthetic_demo,synthetic lagged rainfall response,True
2019-06-21,OUTLET,0.26235,synthetic_demo,synthetic lagged rainfall response,True
2019-06-22,OUTLET,0.24605,synthetic_demo,synthetic lagged rainfall response,True
2019-06-23,OUTLET,0.22842,synthetic_demo,synthetic lagged rainfall response,True
2019-06-24,OUTLET,0.24403,synthetic_demo,synthetic lagged rainfall response,True
2019-06-25,OUTLET,0.27238,synthetic_demo,synthetic lagged rainfall response,True
2019-06-26,OUTLET,0.24961,synthetic_demo,synthetic lagged rainfall response,True
2019-06-27,OUTLET,0.23252,synthetic_demo,synthetic lagged rainfall response,True
2019-06-28,OUTLET,0.24977,synthetic_demo,synthetic lagged rainfall response,True
2019-06-29,OUTLET,0.2443,synthetic_demo,synthetic lagged rainfall response,True
2019-06-30,OUTLET,0.24269,synthetic_demo,synthetic lagged rainfall response,True
2019-07-01,OUTLET,0.2351,synthetic_demo,synthetic lagged rainfall response,True
2019-07-02,OUTLET,0.25212,synthetic_demo,synthetic lagged rainfall response,True
2019-07-03,OUTLET,0.24812,synthetic_demo,synthetic lagged rainfall response,True
2019-07-04,OUTLET,0.26342,synthetic_demo,synthetic lagged rainfall response,True
2019-07-05,OUTLET,0.24501,synthetic_demo,synthetic lagged rainfall response,True
2019-07-06,OUTLET,0.2549,synthetic_demo,synthetic lagged rainfall response,True
2019-07-07,OUTLET,0.23249,synthetic_demo,synthetic lagged rainfall response,True
2019-07-08,OUTLET,0.19594,synthetic_demo,synthetic lagged rainfall response,True
2019-07-09,OUTLET,0.20687,synthetic_demo,synthetic lagged rainfall response,True
2019-07-10,OUTLET,0.2118,synthetic_demo,synthetic lagged rainfall response,True
2019-07-11,OUTLET,0.23257,synthetic_demo,synthetic lagged rainfall response,True
2019-07-12,OUTLET,0.2096,synthetic_demo,synthetic lagged rainfall response,True
2019-07-13,OUTLET,0.22302,synthetic_demo,synthetic lagged rainfall response,True
2019-07-14,OUTLET,0.22863,synthetic_demo,synthetic lagged rainfall response,True
2019-07-15,OUTLET,0.20557,synthetic_demo,synthetic lagged rainfall response,True
2019-07-16,OUTLET,0.21502,synthetic_demo,synthetic lagged rainfall response,True
2019-07-17,OUTLET,0.19634,synthetic_demo,synthetic lagged rainfall response,True
2019-07-18,OUTLET,0.22105,synthetic_demo,synthetic lagged rainfall response,True
2019-07-19,OUTLET,0.21433,synthetic_demo,synthetic lagged rainfall response,True
2019-07-20,OUTLET,0.26117,synthetic_demo,synthetic lagged rainfall response,True
2019-07-21,OUTLET,0.25486,synthetic_demo,synthetic lagged rainfall response,True
2019-07-22,OUTLET,0.25481,synthetic_demo,synthetic lagged rainfall response,True
2019-07-23,OUTLET,0.2484,synthetic_demo,synthetic lagged rainfall response,True
2019-07-24,OUTLET,0.24724,synthetic_demo,synthetic lagged rainfall response,True
2019-07-25,OUTLET,0.27854,synthetic_demo,synthetic lagged rainfall response,True
2019-07-26,OUTLET,0.29246,synthetic_demo,synthetic lagged rainfall response,True
2019-07-27,OUTLET,0.31246,synthetic_demo,synthetic lagged rainfall response,True
2019-07-28,OUTLET,0.31501,synthetic_demo,synthetic lagged rainfall response,True
2019-07-29,OUTLET,0.30969,synthetic_demo,synthetic lagged rainfall response,True
2019-07-30,OUTLET,0.34359,synthetic_demo,synthetic lagged rainfall response,True
2019-07-31,OUTLET,0.34694,synthetic_demo,synthetic lagged rainfall response,True
2019-08-01,OUTLET,0.35206,synthetic_demo,synthetic lagged rainfall response,True
2019-08-02,OUTLET,0.33694,synthetic_demo,synthetic lagged rainfall response,True
2019-08-03,OUTLET,0.35286,synthetic_demo,synthetic lagged rainfall response,True
2019-08-04,OUTLET,0.33568,synthetic_demo,synthetic lagged rainfall response,True
2019-08-05,OUTLET,0.34463,synthetic_demo,synthetic lagged rainfall response,True
2019-08-06,OUTLET,0.35091,synthetic_demo,synthetic lagged rainfall response,True
2019-08-07,OUTLET,0.31811,synthetic_demo,synthetic lagged rainfall response,True
2019-08-08,OUTLET,0.31931,synthetic_demo,synthetic lagged rainfall response,True
2019-08-09,OUTLET,0.36918,synthetic_demo,synthetic lagged rainfall response,True
2019-08-10,OUTLET,0.42572,synthetic_demo,synthetic lagged rainfall response,True
2019-08-11,OUTLET,0.41968,synthetic_demo,synthetic lagged rainfall response,True
2019-08-12,OUTLET,0.39181,synthetic_demo,synthetic lagged rainfall response,True
2019-08-13,OUTLET,0.40502,synthetic_demo,synthetic lagged rainfall response,True
2019-08-14,OUTLET,0.41627,synthetic_demo,synthetic lagged rainfall response,True
2019-08-15,OUTLET,0.41141,synthetic_demo,synthetic lagged rainfall response,True
2019-08-16,OUTLET,0.40341,synthetic_demo,synthetic lagged rainfall response,True
2019-08-17,OUTLET,0.4252,synthetic_demo,synthetic lagged rainfall response,True
2019-08-18,OUTLET,0.4509,synthetic_demo,synthetic lagged rainfall response,True
2019-08-19,OUTLET,0.44403,synthetic_demo,synthetic lagged rainfall response,True
2019-08-20,OUTLET,0.44446,synthetic_demo,synthetic lagged rainfall response,True
2019-08-21,OUTLET,0.44586,synthetic_demo,synthetic lagged rainfall response,True
2019-08-22,OUTLET,0.43842,synthetic_demo,synthetic lagged rainfall response,True
2019-08-23,OUTLET,0.48193,synthetic_demo,synthetic lagged rainfall response,True
2019-08-24,OUTLET,0.47325,synthetic_demo,synthetic lagged rainfall response,True
2019-08-25,OUTLET,0.5073,synthetic_demo,synthetic lagged rainfall response,True
2019-08-26,OUTLET,0.51893,synthetic_demo,synthetic lagged rainfall response,True
2019-08-27,OUTLET,0.51618,synthetic_demo,synthetic lagged rainfall response,True
2019-08-28,OUTLET,0.504,synthetic_demo,synthetic lagged rainfall response,True
2019-08-29,OUTLET,0.50772,synthetic_demo,synthetic lagged rainfall response,True
2019-08-30,OUTLET,0.52158,synthetic_demo,synthetic lagged rainfall response,True
2019-08-31,OUTLET,0.49878,synthetic_demo,synthetic lagged rainfall response,True
2019-09-01,OUTLET,0.52087,synthetic_demo,synthetic lagged rainfall response,True
2019-09-02,OUTLET,0.52196,synthetic_demo,synthetic lagged rainfall response,True
2019-09-03,OUTLET,0.5079,synthetic_demo,synthetic lagged rainfall response,True
2019-09-04,OUTLET,0.50544,synthetic_demo,synthetic lagged rainfall response,True
2019-09-05,OUTLET,0.51239,synthetic_demo,synthetic lagged rainfall response,True
2019-09-06,OUTLET,0.50303,synthetic_demo,synthetic lagged rainfall response,True
2019-09-07,OUTLET,0.5213,synthetic_demo,synthetic lagged rainfall response,True
2019-09-08,OUTLET,0.58664,synthetic_demo,synthetic lagged rainfall response,True
2019-09-09,OUTLET,0.56526,synthetic_demo,synthetic lagged rainfall response,True
2019-09-10,OUTLET,0.56038,synthetic_demo,synthetic lagged rainfall response,True
2019-09-11,OUTLET,0.55428,synthetic_demo,synthetic lagged rainfall response,True
2019-09-12,OUTLET,0.56724,synthetic_demo,synthetic lagged rainfall response,True
2019-09-13,OUTLET,0.56396,synthetic_demo,synthetic lagged rainfall response,True
2019-09-14,OUTLET,0.62249,synthetic_demo,synthetic lagged rainfall response,True
2019-09-15,OUTLET,0.61619,synthetic_demo,synthetic lagged rainfall response,True
2019-09-16,OUTLET,0.67159,synthetic_demo,synthetic lagged rainfall response,True
2019-09-17,OUTLET,0.67518,synthetic_demo,synthetic lagged rainfall response,True
2019-09-18,OUTLET,0.62506,synthetic_demo,synthetic lagged rainfall response,True
2019-09-19,OUTLET,0.64971,synthetic_demo,synthetic lagged rainfall response,True
2019-09-20,OUTLET,0.66778,synthetic_demo,synthetic lagged rainfall response,True
2019-09-21,OUTLET,0.70221,synthetic_demo,synthetic lagged rainfall response,True
2019-09-22,OUTLET,0.69048,synthetic_demo,synthetic lagged rainfall response,True
2019-09-23,OUTLET,0.67431,synthetic_demo,synthetic lagged rainfall response,True
2019-09-24,OUTLET,0.64652,synthetic_demo,synthetic lagged rainfall response,True
2019-09-25,OUTLET,0.75489,synthetic_demo,synthetic lagged rainfall response,True
2019-09-26,OUTLET,0.76836,synthetic_demo,synthetic lagged rainfall response,True
2019-09-27,OUTLET,0.75237,synthetic_demo,synthetic lagged rainfall response,True
2019-09-28,OUTLET,0.77979,synthetic_demo,synthetic lagged rainfall response,True
2019-09-29,OUTLET,0.7757,synthetic_demo,synthetic lagged rainfall response,True
2019-09-30,OUTLET,0.7951,synthetic_demo,synthetic lagged rainfall response,True
2019-10-01,OUTLET,0.79535,synthetic_demo,synthetic lagged rainfall response,True
2019-10-02,OUTLET,0.77972,synthetic_demo,synthetic lagged rainfall response,True
2019-10-03,OUTLET,0.79447,synthetic_demo,synthetic lagged rainfall response,True
2019-10-04,OUTLET,0.78456,synthetic_demo,synthetic lagged rainfall response,True
2019-10-05,OUTLET,0.78128,synthetic_demo,synthetic lagged rainfall response,True
2019-10-06,OUTLET,0.8166,synthetic_demo,synthetic lagged rainfall response,True
2019-10-07,OUTLET,0.79664,synthetic_demo,synthetic lagged rainfall response,True
2019-10-08,OUTLET,0.79388,synthetic_demo,synthetic lagged rainfall response,True
2019-10-09,OUTLET,0.76453,synthetic_demo,synthetic lagged rainfall response,True
2019-10-10,OUTLET,0.79352,synthetic_demo,synthetic lagged rainfall response,True
2019-10-11,OUTLET,0.81605,synthetic_demo,synthetic lagged rainfall response,True
2019-10-12,OUTLET,0.84185,synthetic_demo,synthetic lagged rainfall response,True
2019-10-13,OUTLET,0.83026,synthetic_demo,synthetic lagged rainfall response,True
2019-10-14,OUTLET,0.83366,synthetic_demo,synthetic lagged rainfall response,True
2019-10-15,OUTLET,0.83155,synthetic_demo,synthetic lagged rainfall response,True
2019-10-16,OUTLET,0.83283,synthetic_demo,synthetic lagged rainfall response,True
2019-10-17,OUTLET,0.83344,synthetic_demo,synthetic lagged rainfall response,True
2019-10-18,OUTLET,0.82448,synthetic_demo,synthetic lagged rainfall response,True
2019-10-19,OUTLET,0.81951,synthetic_demo,synthetic lagged rainfall response,True
2019-10-20,OUTLET,0.82165,synthetic_demo,synthetic lagged rainfall response,True
2019-10-21,OUTLET,0.8145,synthetic_demo,synthetic lagged rainfall response,True
2019-10-22,OUTLET,0.79951,synthetic_demo,synthetic lagged rainfall response,True
2019-10-23,OUTLET,0.77606,synthetic_demo,synthetic lagged rainfall response,True
2019-10-24,OUTLET,0.74528,synthetic_demo,synthetic lagged rainfall response,True
2019-10-25,OUTLET,0.72647,synthetic_demo,synthetic lagged rainfall response,True
2019-10-26,OUTLET,0.76268,synthetic_demo,synthetic lagged rainfall response,True
2019-10-27,OUTLET,0.77663,synthetic_demo,synthetic lagged rainfall response,True
2019-10-28,OUTLET,0.72795,synthetic_demo,synthetic lagged rainfall response,True
2019-10-29,OUTLET,0.72328,synthetic_demo,synthetic lagged rainfall response,True
2019-10-30,OUTLET,0.7242,synthetic_demo,synthetic lagged rainfall response,True
2019-10-31,OUTLET,0.6826,synthetic_demo,synthetic lagged rainfall response,True
2019-11-01,OUTLET,0.72066,synthetic_demo,synthetic lagged rainfall response,True
2019-11-02,OUTLET,0.71257,synthetic_demo,synthetic lagged rainfall response,True
2019-11-03,OUTLET,0.70955,synthetic_demo,synthetic lagged rainfall response,True
2019-11-04,OUTLET,0.71373,synthetic_demo,synthetic lagged rainfall response,True
2019-11-05,OUTLET,0.7429,synthetic_demo,synthetic lagged rainfall response,True
2019-11-06,OUTLET,0.76417,synthetic_demo,synthetic lagged rainfall response,True
2019-11-07,OUTLET,0.75568,synthetic_demo,synthetic lagged rainfall response,True
2019-11-08,OUTLET,0.73189,synthetic_demo,synthetic lagged rainfall response,True
2019-11-09,OUTLET,0.69494,synthetic_demo,synthetic lagged rainfall response,True
2019-11-10,OUTLET,0.68299,synthetic_demo,synthetic lagged rainfall response,True
2019-11-11,OUTLET,0.70862,synthetic_demo,synthetic lagged rainfall response,True
2019-11-12,OUTLET,0.72711,synthetic_demo,synthetic lagged rainfall response,True
2019-11-13,OUTLET,0.72677,synthetic_demo,synthetic lagged rainfall response,True
2019-11-14,OUTLET,0.69615,synthetic_demo,synthetic lagged rainfall response,True
2019-11-15,OUTLET,0.69637,synthetic_demo,synthetic lagged rainfall response,True
2019-11-16,OUTLET,0.69516,synthetic_demo,synthetic lagged rainfall response,True
2019-11-17,OUTLET,0.69843,synthetic_demo,synthetic lagged rainfall response,True
2019-11-18,OUTLET,0.68755,synthetic_demo,synthetic lagged rainfall response,True
2019-11-19,OUTLET,0.71722,synthetic_demo,synthetic lagged rainfall response,True
2019-11-20,OUTLET,0.73998,synthetic_demo,synthetic lagged rainfall response,True
2019-11-21,OUTLET,0.72449,synthetic_demo,synthetic lagged rainfall response,True
2019-11-22,OUTLET,0.71556,synthetic_demo,synthetic lagged rainfall response,True
2019-11-23,OUTLET,0.73382,synthetic_demo,synthetic lagged rainfall response,True
2019-11-24,OUTLET,0.73519,synthetic_demo,synthetic lagged rainfall response,True
2019-11-25,OUTLET,0.72397,synthetic_demo,synthetic lagged rainfall response,True
2019-11-26,OUTLET,0.69839,synthetic_demo,synthetic lagged rainfall response,True
2019-11-27,OUTLET,0.70651,synthetic_demo,synthetic lagged rainfall response,True
2019-11-28,OUTLET,0.71175,synthetic_demo,synthetic lagged rainfall response,True
2019-11-29,OUTLET,0.71512,synthetic_demo,synthetic lagged rainfall response,True
2019-11-30,OUTLET,0.68664,synthetic_demo,synthetic lagged rainfall response,True
2019-12-01,OUTLET,0.69542,synthetic_demo,synthetic lagged rainfall response,True
2019-12-02,OUTLET,0.69416,synthetic_demo,synthetic lagged rainfall response,True
2019-12-03,OUTLET,0.68196,synthetic_demo,synthetic lagged rainfall response,True
2019-12-04,OUTLET,0.6905,synthetic_demo,synthetic lagged rainfall response,True
2019-12-05,OUTLET,0.69634,synthetic_demo,synthetic lagged rainfall response,True
2019-12-06,OUTLET,0.69163,synthetic_demo,synthetic lagged rainfall response,True
2019-12-07,OUTLET,0.69674,synthetic_demo,synthetic lagged rainfall response,True
2019-12-08,OUTLET,0.69846,synthetic_demo,synthetic lagged rainfall response,True
2019-12-09,OUTLET,0.72994,synthetic_demo,synthetic lagged rainfall response,True
2019-12-10,OUTLET,0.69887,synthetic_demo,synthetic lagged rainfall response,True
2019-12-11,OUTLET,0.70417,synthetic_demo,synthetic lagged rainfall response,True
2019-12-12,OUTLET,0.72375,synthetic_demo,synthetic lagged rainfall response,True
2019-12-13,OUTLET,0.72772,synthetic_demo,synthetic lagged rainfall response,True
2019-12-14,OUTLET,0.7348,synthetic_demo,synthetic lagged rainfall response,True
2019-12-15,OUTLET,0.73532,synthetic_demo,synthetic lagged rainfall response,True
2019-12-16,OUTLET,0.74922,synthetic_demo,synthetic lagged rainfall response,True
2019-12-17,OUTLET,0.722,synthetic_demo,synthetic lagged rainfall response,True
2019-12-18,OUTLET,0.75089,synthetic_demo,synthetic lagged rainfall response,True
2019-12-19,OUTLET,0.7344,synthetic_demo,synthetic lagged rainfall response,True
2019-12-20,OUTLET,0.71464,synthetic_demo,synthetic lagged rainfall response,True
2019-12-21,OUTLET,0.6947,synthetic_demo,synthetic lagged rainfall response,True
2019-12-22,OUTLET,0.70887,synthetic_demo,synthetic lagged rainfall response,True
2019-12-23,OUTLET,0.71273,synthetic_demo,synthetic lagged rainfall response,True
2019-12-24,OUTLET,0.70645,synthetic_demo,synthetic lagged rainfall response,True
2019-12-25,OUTLET,0.71357,synthetic_demo,synthetic lagged rainfall response,True
2019-12-26,OUTLET,0.71941,synthetic_demo,synthetic lagged rainfall response,True
2019-12-27,OUTLET,0.67665,synthetic_demo,synthetic lagged rainfall response,True
2019-12-28,OUTLET,0.67885,synthetic_demo,synthetic lagged rainfall response,True
2019-12-29,OUTLET,0.64994,synthetic_demo,synthetic lagged rainfall response,True
2019-12-30,OUTLET,0.67438,synthetic_demo,synthetic lagged rainfall response,True
2019-12-31,OUTLET,0.65911,synthetic_demo,synthetic lagged rainfall response,True
